"os_id","contribution_date","name","address","country_code","country_name","lat","lng","sector","contributor (list)","number_of_workers","parent_company","processing_type_facility_type_raw","facility_type","processing_type","product_type","is_closed"
"MM20190830AP75X","2019-03-23","Myanmar Hao Yang International Garment Co Ltd","No 497 Padauk Street Shwe Lin Pan Industrial Zone Hlaing Thayar Township Yangon Region Yangon","MM","Myanmar",16.90383,96.06276,"Apparel","A Brand / Retailer|A Brand / Retailer|Myanmar Centre for Responsible Business (OAR facility list in Myanmar)|Wikirate International e.V. (2019 Apparel Suppliers on Wikirate part 1)|Myanmar Garment Manufacturers Association (MGMA) [Public List] (Myanmar Garment Manufacturers Association (Gathered March 2025))|Myanmar Trade Promotion Organization (Myantrade) [Public List] (Myantrade Directory of Exporters (as of March 2025))","","","","","","Women Wear|Men's wear|Kids Wear","False"
"MM20190831J3J81","2019-03-23","Jewoo Mfg Co Ltd","No 107108  Mya Malar Street  Thaketa Industrial Zone  Thaketa Township  Yaongon","MM","Myanmar",16.8086261,96.2011094,"Apparel","A Brand / Retailer|Myanmar Centre for Responsible Business (OAR facility list in Myanmar)|Wikirate International e.V. (2018 Apparel Suppliers on Wikirate part 7)|Wikirate International e.V. (2019 Apparel Suppliers on Wikirate part 1)","","","","","","","False"
"MM201908365SBKK","2025-03-28","Myanmar Postarion Co., Ltd","D/8 - No.3 Main Rd. Minagaldon Industrial Park, Mingalardon, Yangon","MM","Myanmar",16.9410111,96.1556426,"Apparel","A Brand / Retailer|A Brand / Retailer|Myanmar Centre for Responsible Business (OAR facility list in Myanmar)|Myanmar Centre for Responsible Business (OAR facility list in Myanmar)|A Brand / Retailer|Wikirate International e.V. (2018 Apparel Suppliers on Wikirate part 7)|Wikirate International e.V. (2019 Apparel Suppliers on Wikirate part 1)|Myanmar Garment Manufacturers Association (MGMA) [Public List] (Myanmar Garment Manufacturers Association (Gathered March 2025))|Myanmar Trade Promotion Organization (Myantrade) [Public List] (Myantrade Directory of Exporters (as of March 2025))","","","","","","Pants|Uniform","False"
"MM20190837MFMXC","2019-03-23","Shwe Zin Aye Garment & General Trading Co-Op Society Ltd","No56 U Pho Hlaing Street Shwe Pauk Kan Industrial Zone North Okkalapa Township Yangon","MM","Myanmar",16.8502222,96.0849574,"Apparel|Unspecified","A Brand / Retailer|A Brand / Retailer|A Brand / Retailer|A Brand / Retailer|A Brand / Retailer|MANGO  (Historical Factories Mango)|A Brand / Retailer|A Brand / Retailer|A Brand / Retailer|A Brand / Retailer|A Multi-Stakeholder Initiative|A Brand / Retailer|A Brand / Retailer|A Multi-Stakeholder Initiative|New Look Retailers (New Look Tier 1 Factory List May 2023)|A Civil Society Organization|A Multi-Stakeholder Initiative|Myanmar Centre for Responsible Business (OAR facility list in Myanmar)|A Brand / Retailer|A Civil Society Organization|A Brand / Retailer|Wikirate International e.V. (2019 Apparel Suppliers on Wikirate part 1)|Wikirate International e.V. (2020 Apparel Suppliers on Wikirate part 10)|Myanmar Garment Manufacturers Association (MGMA) [Public List] (Myanmar Garment Manufacturers Association (Gathered March 2025))|Myanmar Trade Promotion Organization (Myantrade) [Public List] (Myantrade Directory of Exporters (as of March 2025))","1001-5000","","Apparel","","","Jackets","False"
"MM20190837R58ZW","2022-05-25","Gainway International (Myanmar) Garment Co.,Ltd","Plot No.97-98, Pale Street, Myay Taing Block No.51, Thar Du Kan Industrial Zone, Shwepyithar Township, Yangon Region, Myanmar","MM","Myanmar",16.9877186632725,96.0896356553899,"Apparel|Multi-Category|Unspecified","Gainway Int'l (Myanmar) Garment Co., Ltd. (Claimed)|A Brand / Retailer|Undiz (UNDIZ-20250909)|A Brand / Retailer|A Multi-Stakeholder Initiative|Kappahl Group (KappAhl Manufacturing Facility List August 2020)|A Multi-Stakeholder Initiative|A Multi-Stakeholder Initiative|A Brand / Retailer|A Brand / Retailer|A Brand / Retailer|A Brand / Retailer|A Brand / Retailer|A Multi-Stakeholder Initiative|A Multi-Stakeholder Initiative|A Multi-Stakeholder Initiative|A Brand / Retailer|A Brand / Retailer|A Brand / Retailer|A Brand / Retailer|A Brand / Retailer|A Brand / Retailer|A Brand / Retailer|A Multi-Stakeholder Initiative|A Brand / Retailer|A Brand / Retailer|A Brand / Retailer|A Brand / Retailer|A Brand / Retailer|A Brand / Retailer|A Brand / Retailer|A Brand / Retailer|A Brand / Retailer|Kappahl Group (KappAhl Manufacturing Facility List March 2021)|A Multi-Stakeholder Initiative|A Brand / Retailer|A Multi-Stakeholder Initiative|A Brand / Retailer|A Brand / Retailer|A Brand / Retailer|A Brand / Retailer|A Multi-Stakeholder Initiative|A Multi-Stakeholder Initiative|A Multi-Stakeholder Initiative|A Brand / Retailer|A Brand / Retailer|A Brand / Retailer|A Brand / Retailer|A Brand / Retailer|A Brand / Retailer|A Brand / Retailer|A Multi-Stakeholder Initiative|A Brand / Retailer|A Brand / Retailer|A Multi-Stakeholder Initiative|A Brand / Retailer|A Brand / Retailer|A Multi-Stakeholder Initiative|A Multi-Stakeholder Initiative|A Brand / Retailer|A Brand / Retailer|A Multi-Stakeholder Initiative|A Multi-Stakeholder Initiative|A Brand / Retailer|A Brand / Retailer|A Brand / Retailer|A Brand / Retailer|A Brand / Retailer|A Brand / Retailer|A Brand / Retailer|A Brand / Retailer|A Brand / Retailer|A Brand / Retailer|A Brand / Retailer|A Brand / Retailer|Tesco Stores Ltd (Tesco F&F Facility List May 2022)|A Brand / Retailer|A Brand / Retailer|A Brand / Retailer|A Brand / Retailer|Myanmar Centre for Responsible Business (OAR facility list in Myanmar)|Myanmar Centre for Responsible Business (OAR facility list in Myanmar)|Myanmar Centre for Responsible Business (OAR facility list in Myanmar)|A Brand / Retailer|A Brand / Retailer|A Brand / Retailer|A Brand / Retailer|H&M Group (Processing Factories - H&M Group 2022)|A Brand / Retailer|A Brand / Retailer|A Brand / Retailer|A Brand / Retailer|A Brand / Retailer|Etam Lingerie (Etam Factory List January 2023)|A Brand / Retailer|Worldly|H&M Group (Manufacturing Factories HM 2023)|A Brand / Retailer|H&M Group (H&M Processing Factories list from Feb 2023)|A Multi-Stakeholder Initiative|H&M Group (H&M Group Facilities list October2023)|H&M Group (H&M November Factory List)|A Brand / Retailer|MADE (MADE facility list for November 2023)|Etam Lingerie (factory list for ETAM)|Etam Lingerie (ETAM-202411)|Wikirate International e.V. (2020 Apparel Suppliers on Wikirate part 11)|Wikirate International e.V. (2018 Apparel Suppliers on Wikirate part 7)|A Brand / Retailer|A Brand / Retailer|Wikirate International e.V. (2020 Apparel Suppliers on Wikirate part 8)|A Brand / Retailer|A Brand / Retailer|A Brand / Retailer|A Brand / Retailer|A Brand / Retailer|A Brand / Retailer|A Brand / Retailer|A Brand / Retailer|Myanmar Garment Manufacturers Association (MGMA) [Public List] (Myanmar Garment Manufacturers Association (Gathered March 2025))|Myanmar Trade Promotion Organization (Myantrade) [Public List] (Myantrade Directory of Exporters (as of March 2025))|Undiz (factory list for UNDIZ-Mar.2025)|Gainway Int'l (Myanmar) Garment Co., Ltd.|A Civil Society Organization|SLCP (Social & Labor Convergence Program List 2025)","1097|1097","GAINWAY INTERNATIONAL (HONGKONG) COMPANY LIMITED","Manufacturing","Final Product Assembly","Manufacturing","Lingerie|Swimwears","False"
"MM20190837T3PQ2","2022-05-25","Twinkle Light Fashion Company Limited","Plot No.182-5, Block No.25, corner of Than Chet Wun U Nyunt Street and Bamaw Atwin Wun Street, Shwe Lin Ban Industrial Zone, Hlaingtharya Township, Yangon Region, Myanmar","MM","Myanmar",16.9187958,96.064447,"Apparel|Multi-Category|Unspecified","Matalan (Matalan Facility List Jul 2025)|A Brand / Retailer|A Brand / Retailer|Matalan (Matalan Facility List January 2026)|A Brand / Retailer|A Brand / Retailer|MANGO  (Historical Factories Mango)|Worldly|A Brand / Retailer|A Brand / Retailer|MANGO  (MANGO Active Factory List December 2021)|A Brand / Retailer|A Brand / Retailer|A Brand / Retailer|A Brand / Retailer|A Multi-Stakeholder Initiative|A Multi-Stakeholder Initiative|A Multi-Stakeholder Initiative|A Multi-Stakeholder Initiative|Matalan (Matalan Facility List July 2024)|A Brand / Retailer|A Brand / Retailer|A Brand / Retailer|A Multi-Stakeholder Initiative|A Brand / Retailer|A Brand / Retailer|A Brand / Retailer|A Brand / Retailer|A Brand / Retailer|A Brand / Retailer|A Brand / Retailer|A Brand / Retailer|A Brand / Retailer|A Brand / Retailer|A Brand / Retailer|Wikirate International e.V.|Myanmar Centre for Responsible Business (OAR facility list in Myanmar)|A Brand / Retailer|A Brand / Retailer|A Multi-Stakeholder Initiative|A Brand / Retailer|Matalan (Matalan Factory List Jan 2024)|MADE (MADE facility list for November 2023)|Wikirate International e.V. (2019 Apparel Suppliers on Wikirate part 5)|Wikirate International e.V. (2020 Apparel Suppliers on Wikirate part 10)|Matalan (Matalan Facility List Jan 2025)|A Brand / Retailer|Myanmar Garment Manufacturers Association (MGMA) [Public List] (Myanmar Garment Manufacturers Association (Gathered March 2025))|Myanmar Trade Promotion Organization (Myantrade) [Public List] (Myantrade Directory of Exporters (as of March 2025))","995|995|1240|879|879|1240|995","","","","","Pants|Coat|Jackets","False"
"MM201908384ZD3C","2022-05-25","Roo Hsing Garment Manufacturing Company Limited","Plot No.2, Kyan Sittar Street, Hlaingtharya Industrial Zone (3), Hlaingtharya Township, Yangon Region, Myanmar","MM","Myanmar",16.8610069,96.0642396,"Apparel","A Brand / Retailer|A Multi-Stakeholder Initiative|A Brand / Retailer|A Multi-Stakeholder Initiative|A Multi-Stakeholder Initiative|A Multi-Stakeholder Initiative|A Brand / Retailer|A Multi-Stakeholder Initiative|A Multi-Stakeholder Initiative|A Multi-Stakeholder Initiative|A Brand / Retailer|A Multi-Stakeholder Initiative|A Multi-Stakeholder Initiative|A Brand / Retailer|A Brand / Retailer|A Brand / Retailer|A Brand / Retailer|A Brand / Retailer|A Brand / Retailer|A Multi-Stakeholder Initiative|A Multi-Stakeholder Initiative|A Brand / Retailer|A Brand / Retailer|A Brand / Retailer|Myanmar Centre for Responsible Business (OAR facility list in Myanmar)|Myanmar Centre for Responsible Business (OAR facility list in Myanmar)|Myanmar Centre for Responsible Business (OAR facility list in Myanmar)|Wikirate International e.V. (2018 Apparel Suppliers on Wikirate part 8)|Myanmar Trade Promotion Organization (Myantrade) [Public List] (Myantrade Directory of Exporters (as of March 2025))","","","","","","Pants|Jackets","False"
"MM20190839NFYTP","2019-03-23","Guotai Guohua Garment Myanmar Ltd","Plot 48 Ngwe Pinlae 2Nd Street Ngwe Pinlae Industrial Zone Hlaing Tharyar Township Yangon","MM","Myanmar",16.9293249,96.0588638,"Apparel|Unspecified","A Brand / Retailer|A Brand / Retailer|A Brand / Retailer|MANGO  (Historical Factories Mango)|A Brand / Retailer|A Brand / Retailer|A Brand / Retailer|A Brand / Retailer|A Brand / Retailer|A Brand / Retailer|A Brand / Retailer|A Brand / Retailer|A Brand / Retailer|A Brand / Retailer|A Brand / Retailer|A Brand / Retailer|A Brand / Retailer|MANGO  (MANGO Active Factory List December 2021)|MANGO  (MANGO Active Factory List December 2021)|MANGO  (MANGO Active Factory List December 2021)|A Brand / Retailer|A Brand / Retailer|A Brand / Retailer|A Brand / Retailer|A Brand / Retailer|A Brand / Retailer|A Brand / Retailer|A Brand / Retailer|A Brand / Retailer|A Brand / Retailer|Myanmar Centre for Responsible Business (OAR facility list in Myanmar)|Myanmar Centre for Responsible Business (OAR facility list in Myanmar)|Worldly|An Auditor / Certification Scheme / Service Provider|A Brand / Retailer|Wikirate International e.V. (2018 Apparel Suppliers on Wikirate part 7)|Wikirate International e.V. (2019 Apparel Suppliers on Wikirate part 1)|A Brand / Retailer|Myanmar Garment Manufacturers Association (MGMA) [Public List] (Myanmar Garment Manufacturers Association (Gathered March 2025))|Myanmar Trade Promotion Organization (Myantrade) [Public List] (Myantrade Directory of Exporters (as of March 2025))","","","","","","Pants|Jackets","False"
"MM2019083A9RJZD","2019-03-23","Smooth World International (Myanmar) Ltd","U Paing No 48  Kwin No 1186 (Tharyar Kone Kwin) Tharyar Kone Village  Bago Township Bago Region","MM","Myanmar",17.6469082,96.5621504,"Apparel|Multi-Category","A Brand / Retailer|A Multi-Stakeholder Initiative|A Brand / Retailer|A Brand / Retailer|A Multi-Stakeholder Initiative|A Brand / Retailer|A Brand / Retailer|A Brand / Retailer|A Brand / Retailer|A Brand / Retailer|A Multi-Stakeholder Initiative|A Brand / Retailer|A Multi-Stakeholder Initiative|A Multi-Stakeholder Initiative|A Brand / Retailer|A Brand / Retailer|A Brand / Retailer|A Brand / Retailer|A Brand / Retailer|A Brand / Retailer|A Brand / Retailer|A Brand / Retailer|Myanmar Centre for Responsible Business (OAR facility list in Myanmar)|Wikirate International e.V. (2018 Apparel Suppliers on Wikirate part 7)|Wikirate International e.V. (2019 Apparel Suppliers on Wikirate part 1)|A Brand / Retailer|Myanmar Garment Manufacturers Association (MGMA) [Public List] (Myanmar Garment Manufacturers Association (Gathered March 2025))|Myanmar Trade Promotion Organization (Myantrade) [Public List] (Myantrade Directory of Exporters (as of March 2025))","","","","","","Underwear","False"
"MM2019083BCDEFJ","2019-03-24","YONGAN (MYANMAR) FASHION CO., LTD","U phoe Hlaing Street, Plot No. 409, Shwe Lin Ban Industrial zone  Hlaing Tharyar Township Yangon Yangon","MM","Myanmar",16.9026963,96.0752856,"Apparel|Apparel Accessories|Unspecified","A Brand / Retailer|A Multi-Stakeholder Initiative|A Brand / Retailer|A Brand / Retailer|A Brand / Retailer|A Brand / Retailer|A Brand / Retailer|A Brand / Retailer|A Brand / Retailer|Worldly|A Brand / Retailer|A Brand / Retailer|A Multi-Stakeholder Initiative|A Multi-Stakeholder Initiative|A Multi-Stakeholder Initiative|A Brand / Retailer|A Brand / Retailer|A Brand / Retailer|A Multi-Stakeholder Initiative|A Multi-Stakeholder Initiative|A Brand / Retailer|A Brand / Retailer|Kappahl Group (KappAhl Manufacturing Facility List August 2020)|A Multi-Stakeholder Initiative|A Multi-Stakeholder Initiative|A Multi-Stakeholder Initiative|A Multi-Stakeholder Initiative|A Multi-Stakeholder Initiative|A Multi-Stakeholder Initiative|Wikirate International e.V.|Myanmar Centre for Responsible Business (OAR facility list in Myanmar)|A Multi-Stakeholder Initiative|Fair Factories Clearinghouse (FFC Factory List Oct 2022)|A Brand / Retailer|Wikirate International e.V. (2019 Apparel Suppliers on Wikirate part 1)|Wikirate International e.V. (2020 Apparel Suppliers on Wikirate part 10)|Gina Tricot [Public List] (Gina Tricot Tier 1 Facility List August 2022)|Myanmar Garment Manufacturers Association (MGMA) [Public List] (Myanmar Garment Manufacturers Association (Gathered March 2025))|Myanmar Trade Promotion Organization (Myantrade) [Public List] (Myantrade Directory of Exporters (as of March 2025))","951|260|951","","Final Assembly","Final Product Assembly","Final Product Assembly","Pants|Coat|Jackets|Shirt","False"
"MM2019083DHM6NY","2019-03-23","Star Team Manufacturing Co Ltd","Plot No 4 U Shwe Myue Street Hlaing Thar Yar Industrial Zone (1) Hlaing Thar Yar Ts Yangon Myannar","MM","Myanmar",16.8546162,96.0833617,"Apparel","A Brand / Retailer|A Brand / Retailer|A Brand / Retailer|A Brand / Retailer|A Brand / Retailer|A Brand / Retailer|A Brand / Retailer|A Brand / Retailer|Myanmar Centre for Responsible Business (OAR facility list in Myanmar)|Wikirate International e.V. (2018 Apparel Suppliers on Wikirate part 7)|Wikirate International e.V. (2019 Apparel Suppliers on Wikirate part 1)","","","","","","","False"
"MM2019083DJ8W6T","2019-03-23","Cheung Hing Myanmar Ltd","No  204205 Nga Moe Yeik Street  War Ta Yar Industry Zone  Shwepyithar Town  Yangon","MM","Myanmar",16.9843734,96.0596798,"Apparel","A Brand / Retailer|A Brand / Retailer|A Brand / Retailer|A Brand / Retailer|A Brand / Retailer|A Brand / Retailer|A Brand / Retailer|A Brand / Retailer|Myanmar Centre for Responsible Business (OAR facility list in Myanmar)|A Brand / Retailer|A Brand / Retailer|A Brand / Retailer|Next Plc (Next Plc August 2024)|A Brand / Retailer|Next Plc (Next Tier 1 and Tier 2 Factory List March 2023)|Next Plc (Next Plc List August 2023)|Wikirate International e.V. (2018 Apparel Suppliers on Wikirate part 7)|Wikirate International e.V. (2019 Apparel Suppliers on Wikirate part 1)|An Auditor / Certification Scheme / Service Provider|Myanmar Garment Manufacturers Association (MGMA) [Public List] (Myanmar Garment Manufacturers Association (Gathered March 2025))|Myanmar Trade Promotion Organization (Myantrade) [Public List] (Myantrade Directory of Exporters (as of March 2025))","","","","","","Clothing","False"
"MM2019083DS1DJQ","2019-03-23","Jiangsu Holly (Myanmar) Industry Co Ltd","No.26 Mya Street Thar Du Kan Industrial Zone Yangon","MM","Myanmar",16.9879459,96.0830875,"Apparel","A Brand / Retailer|A Brand / Retailer|A Brand / Retailer|A Brand / Retailer|A Brand / Retailer|A Brand / Retailer|A Multi-Stakeholder Initiative|A Multi-Stakeholder Initiative|A Multi-Stakeholder Initiative|Myanmar Centre for Responsible Business (OAR facility list in Myanmar)|Wikirate International e.V. (2020 Apparel Suppliers on Wikirate part 10)|Wikirate International e.V. (2019 Apparel Suppliers on Wikirate part 1)|Myanmar Trade Promotion Organization (Myantrade) [Public List] (Myantrade Directory of Exporters (as of March 2025))","","","","","","Long Jackets|Skirt|Pants","False"
"MM2019083E1QNN1","2019-03-23","Rui-Ning ( Myanmar ) Garment Co Ltd","No. 37 Middle Street  Ngwe Pin Lae Industrial Zone Hlaing Thar Town Ship Yangon","MM","Myanmar",16.9301948,96.0614403,"Apparel|Unspecified","A Brand / Retailer|A Brand / Retailer|A Brand / Retailer|MANGO  (Historical Factories Mango)|A Brand / Retailer|A Brand / Retailer|Myanmar Centre for Responsible Business (OAR facility list in Myanmar)|Wikirate International e.V. (2020 Apparel Suppliers on Wikirate part 6)|Wikirate International e.V. (2019 Apparel Suppliers on Wikirate part 5)","","","","","","","False"
"MM2019083FFBXWK","2019-03-23","Handa (Yangon) Garment CoLtd","Plot No. 288 Myay Taing Block No 25 Shwe Lin Pan Industrial Zone Hlaing Thar Yar Township Yangon","MM","Myanmar",16.9190473,96.0738296,"Apparel|Apparel Accessories|Textiles|Unspecified","A Brand / Retailer|ACTIVE BRANDS (Active Brands Facility List Feb 2026)|A Brand / Retailer|Mizuno [Public List] (Mizuno September 2019 Facility List)|A Brand / Retailer|A Brand / Retailer|A Brand / Retailer|A Brand / Retailer|A Brand / Retailer|Worker Rights Consortium|A Multi-Stakeholder Initiative|A Multi-Stakeholder Initiative|A Multi-Stakeholder Initiative|A Brand / Retailer|A Brand / Retailer|Cutter & Buck [Public List] (Cutter & Buck - May 2023 Production Locations List)|Myanmar Centre for Responsible Business (OAR facility list in Myanmar)|Myanmar Centre for Responsible Business (OAR facility list in Myanmar)|A Civil Society Organization|A Brand / Retailer|A Brand / Retailer|A Brand / Retailer|A Brand / Retailer|A Brand / Retailer|A Brand / Retailer|A Brand / Retailer|ACTIVE BRANDS (Active Brands Facility List)|A Brand / Retailer|Next Plc (Next Tier 1 and Tier 2 Factory List March 2023)|A Multi-Stakeholder Initiative|A Brand / Retailer|An Auditor / Certification Scheme / Service Provider|Wikirate International e.V. (2019 Apparel Suppliers on Wikirate part 1)|ACTIVE BRANDS (Active Brands Facility List 2023 OS hub)|ACTIVE BRANDS (Active Brands Facility List Feb 2024)|Myanmar Trade Promotion Organization (Myantrade) [Public List] (Myantrade Directory of Exporters (as of March 2025))","881|881","HANWIN INTERNATIONAL (HK) LIMITED.","Final Product Assembly","","Final Product Assembly","Pants|T Shirt|Sweater","False"
"MM2019083GKPB8X","2022-05-25","SINo.PROUD (MYANMAR) GARMENT Company Limited","Plot No.05, Oo Shwe Bin Street, Shwe Lin Ban Industrial Zone, Hlaingtharya Township, Yangon Region, Myanmar","MM","Myanmar",16.9186624,96.0546859,"Apparel|Unspecified","A Brand / Retailer|A Brand / Retailer|A Brand / Retailer|A Multi-Stakeholder Initiative|A Multi-Stakeholder Initiative|A Brand / Retailer|A Brand / Retailer|A Brand / Retailer|MANGO  (Historical Factories Mango)|A Multi-Stakeholder Initiative|A Brand / Retailer|A Multi-Stakeholder Initiative|A Multi-Stakeholder Initiative|A Multi-Stakeholder Initiative|A Brand / Retailer|A Multi-Stakeholder Initiative|A Multi-Stakeholder Initiative|A Brand / Retailer|JD Group [Public List] (JD Sports 2021 facility list)|Desigual (Desigual Tier 1 Factory List February 2022)|A Civil Society Organization|A Multi-Stakeholder Initiative|A Brand / Retailer|A Brand / Retailer|Myanmar Centre for Responsible Business (OAR facility list in Myanmar)|A Civil Society Organization|An Auditor / Certification Scheme / Service Provider|A Brand / Retailer|A Brand / Retailer|A Multi-Stakeholder Initiative|MADE (MADE facility list for November 2023)|Wikirate International e.V. (2018 Apparel Suppliers on Wikirate part 7)|Myanmar Garment Manufacturers Association (MGMA) [Public List] (Myanmar Garment Manufacturers Association (Gathered March 2025))","","","","","","","False"
"MM2019083GS56RX","2022-05-25","Glowing & Win Investment Co., Ltd.","Plot No. 272, 273, 276, 277, Zaykabar 6th street, Yangon Industrial Zone (Mingaladone Garden City), MingalardoneTownship, Yangon Region, Myanmar","MM","Myanmar",16.94434,96.18153,"Apparel|Textiles|Unspecified","A Brand / Retailer|A Brand / Retailer|A Multi-Stakeholder Initiative|A Civil Society Organization|A Multi-Stakeholder Initiative|A Civil Society Organization|A Civil Society Organization|A Brand / Retailer|Partnership for Sustainable Textiles (PST) (PST Aug 2025 - 0-9, A-G)|A Civil Society Organization|A Brand / Retailer|A Civil Society Organization|A Brand / Retailer|BESTSELLER (Tier 1 and Tier 0 October 2025)|BESTSELLER (Tier 1 and Tier 0 February 2026)|A Brand / Retailer|A Brand / Retailer|A Brand / Retailer|A Brand / Retailer|A Brand / Retailer|A Brand / Retailer|A Brand / Retailer|A Brand / Retailer|A Multi-Stakeholder Initiative|A Multi-Stakeholder Initiative|Worldly|A Brand / Retailer|A Brand / Retailer|A Brand / Retailer|A Brand / Retailer|A Brand / Retailer|A Multi-Stakeholder Initiative|A Brand / Retailer|A Brand / Retailer|A Brand / Retailer|A Multi-Stakeholder Initiative|A Multi-Stakeholder Initiative|JD Group [Public List] (JD Sports 2021 facility list)|A Brand / Retailer|A Multi-Stakeholder Initiative|A Multi-Stakeholder Initiative|A Brand / Retailer|A Multi-Stakeholder Initiative|A Brand / Retailer|A Brand / Retailer|A Brand / Retailer|Myanmar Centre for Responsible Business (OAR facility list in Myanmar)|A Brand / Retailer|A Brand / Retailer|A Brand / Retailer|A Brand / Retailer|A Brand / Retailer|A Brand / Retailer|A Multi-Stakeholder Initiative|A Brand / Retailer|A Brand / Retailer|An Auditor / Certification Scheme / Service Provider|A Brand / Retailer|A Brand / Retailer|MADE (MADE facility list for November 2023)|A Brand / Retailer|A Brand / Retailer|Wikirate International e.V. (2020 Apparel Suppliers on Wikirate part 10)|A Brand / Retailer|A Brand / Retailer|A Brand / Retailer|OVS Spa (OVS SPA SUPPLIERS LIST - TIER 1 FY2023)|A Brand / Retailer|Myanmar Garment Manufacturers Association (MGMA) [Public List] (Myanmar Garment Manufacturers Association (Gathered March 2025))|Myanmar Trade Promotion Organization (Myantrade) [Public List] (Myantrade Directory of Exporters (as of March 2025))|Worldwide Responsible Accredited Production (WRAP Facility List 04222025)|Lidl Stiftung & Co. KG (Lidl Facility List June 2025)","1001-5000|1001-5000|1995|1813|2286","S CHEER HK CO., LIMITED","Cutting, Embroidering, Filling (Downs e.g.), Finishing, Fusing, Packing, Pressing, Sewing, Spot Cleaning, Trimming|OUTERWEAR","","Trimming|Finishing|Packing|Pressing|Sewing|Spot Cleaning|Cutting|Fusing|Filling (Downs e.g.)|Embroidering","Pants|Siki Wear|Jackets","False"
"MM2019083GVXQYE","2022-05-25","Leader One (Myanmar) Co., Ltd. (Factory)","Kyaik Khauk Pagoda Road, Alwansoot Village, Payakone Village Tract, Thanlyin Industrial Zone, Thanlyin Township, Yangon Region","MM","Myanmar",16.7028388387717,96.2508150277824,"Apparel|Unspecified","A Brand / Retailer|Next Plc (Next Plc August 2025)|A Brand / Retailer|A Brand / Retailer|A Brand / Retailer|A Brand / Retailer|A Multi-Stakeholder Initiative|A Multi-Stakeholder Initiative|A Brand / Retailer|A Brand / Retailer|A Brand / Retailer|A Multi-Stakeholder Initiative|A Brand / Retailer|A Multi-Stakeholder Initiative|A Multi-Stakeholder Initiative|A Multi-Stakeholder Initiative|A Brand / Retailer|A Brand / Retailer|Myanmar Centre for Responsible Business (OAR facility list in Myanmar)|A Brand / Retailer|A Brand / Retailer|A Brand / Retailer|Next Plc (Next Plc August 2024)|A Brand / Retailer|Next Plc (Next Tier 1 and Tier 2 Factory List March 2023)|A Brand / Retailer|A Multi-Stakeholder Initiative|A Brand / Retailer|A Brand / Retailer|A Brand / Retailer|A Multi-Stakeholder Initiative|A Multi-Stakeholder Initiative|A Brand / Retailer|A Multi-Stakeholder Initiative|A Multi-Stakeholder Initiative|A Multi-Stakeholder Initiative|A Multi-Stakeholder Initiative|A Multi-Stakeholder Initiative|A Brand / Retailer|Wikirate International e.V.|Tokmanni Group [Public List] (Tokmanni Private Label May 2023 Facility List)|A Multi-Stakeholder Initiative|Next Plc (Next Plc List August 2023)|Wikirate International e.V. (2018 Apparel Suppliers on Wikirate part 7)|Wikirate International e.V. (2018 Apparel Suppliers on Wikirate part 7)|Wikirate International e.V. (2019 Apparel Suppliers on Wikirate part 1)|Next Plc (Next Plc Manufacturing Sites April 2024)|Next Plc (Next Plc March 2024)|Myanmar Garment Manufacturers Association (MGMA) [Public List] (Myanmar Garment Manufacturers Association (Gathered March 2025))|Myanmar Trade Promotion Organization (Myantrade) [Public List] (Myantrade Directory of Exporters (as of March 2025))|Next Plc (Next Plc Facility List February 2025)","1177|1177","","","","","Garments|Kid Wear|Sweater","False"
"MM2019083GX08V1","2019-03-24","Apex Rubber International Co.,Ltd","Plot No.(6), Myawaddy Economic Zone, Myawaddy Township, Myawaddy District, Kayan State, Kayin","MM","Myanmar",16.69557,98.41915,"Apparel","A Brand / Retailer|A Brand / Retailer|A Brand / Retailer|A Multi-Stakeholder Initiative|A Brand / Retailer|A Brand / Retailer|A Brand / Retailer|Worldly|A Multi-Stakeholder Initiative|A Brand / Retailer|Lacoste [Public List] (Lacoste Tier 1 Facility List January 2020)|A Brand / Retailer|A Multi-Stakeholder Initiative|Wikirate International e.V.|Myanmar Centre for Responsible Business (OAR facility list in Myanmar)|Wikirate International e.V. (2018 Apparel Suppliers on Wikirate part 8)|Wikirate International e.V. (2020 Apparel Suppliers on Wikirate part 10)","102|102","","","","","","False"
"MM2019083H1MDPT","2019-03-23","Musung Factory","No 18  Botayza Street  Yanton  Industrial Zone  Mingalardon  Yangon","MM","Myanmar",16.9416364,96.173211,"Apparel","A Brand / Retailer|Next Plc (Next Plc August 2025)|A Brand / Retailer|A Brand / Retailer|A Brand / Retailer|A Brand / Retailer|Wikirate International e.V.|A Brand / Retailer|A Brand / Retailer|Myanmar Centre for Responsible Business (OAR facility list in Myanmar)|A Brand / Retailer|A Brand / Retailer|A Brand / Retailer|A Brand / Retailer|Next Plc (Next Plc August 2024)|A Brand / Retailer|Next Plc (Next Tier 1 and Tier 2 Factory List March 2023)|Next Plc (Next Plc List August 2023)|Wikirate International e.V. (2018 Apparel Suppliers on Wikirate part 1)|Wikirate International e.V. (2019 Apparel Suppliers on Wikirate part 1)|Next Plc (Next Plc Manufacturing Sites April 2024)|Next Plc (Next Plc March 2024)|Myanmar Garment Manufacturers Association (MGMA) [Public List] (Myanmar Garment Manufacturers Association (Gathered March 2025))|Myanmar Trade Promotion Organization (Myantrade) [Public List] (Myantrade Directory of Exporters (as of March 2025))|Next Plc (Next Plc Facility List February 2025)","1426|900","","","","","Jackets|Long Coat","False"
"MM2019083HYCAPC","2022-05-25","Myanmar Allin Co Ltd","Plot No.95, 96/Ka, Myay Taing Block No.14, Mingyi Mahar Mingaung Street, Shwe Than Lwin Industrial Zone, Hlaingtharya Township, Yangon region, Myanmar","MM","Myanmar",16.86832,96.0423,"Apparel|Unspecified","A Brand / Retailer|A Brand / Retailer|A Brand / Retailer|A Brand / Retailer|A Brand / Retailer|A Brand / Retailer|A Brand / Retailer|A Brand / Retailer|A Brand / Retailer|A Brand / Retailer|A Brand / Retailer|A Brand / Retailer|A Brand / Retailer|Myanmar Centre for Responsible Business (OAR facility list in Myanmar)|A Brand / Retailer|A Brand / Retailer|A Brand / Retailer|A Brand / Retailer|A Brand / Retailer|A Brand / Retailer|A Brand / Retailer|A Brand / Retailer|A Brand / Retailer|A Brand / Retailer|A Brand / Retailer|Wikirate International e.V. (2019 Apparel Suppliers on Wikirate part 1)|A Brand / Retailer|Myanmar Garment Manufacturers Association (MGMA) [Public List] (Myanmar Garment Manufacturers Association (Gathered March 2025))|Myanmar Trade Promotion Organization (Myantrade) [Public List] (Myantrade Directory of Exporters (as of March 2025))","","","","","","Knitting wears","False"
"MM2019083JK233Y","2019-03-23","Myanmar Century Liaoyuan Knitted Wear Co Ltd","5624 Middle Rd Ngwe Pin Industrial Zone Hlaing Thar Tsp Yangon","MM","Myanmar",16.928778,96.0642684,"Apparel|Unspecified","A Brand / Retailer|A Brand / Retailer|Worldly|A Brand / Retailer|A Multi-Stakeholder Initiative|A Multi-Stakeholder Initiative|A Multi-Stakeholder Initiative|A Multi-Stakeholder Initiative|A Multi-Stakeholder Initiative|A Multi-Stakeholder Initiative|A Brand / Retailer|A Brand / Retailer|A Brand / Retailer|A Brand / Retailer|A Brand / Retailer|A Brand / Retailer|Myanmar Centre for Responsible Business (OAR facility list in Myanmar)|A Brand / Retailer|H&M Group (Processing Factories - H&M Group 2022)|H&M Group (Manufacturing Factories HM 2023)|H&M Group (H&M Processing Factories list from Feb 2023)|A Multi-Stakeholder Initiative|H&M Group (H&M Group Facilities list October2023)|Wikirate International e.V. (2020 Apparel Suppliers on Wikirate part 11)|Wikirate International e.V. (2018 Apparel Suppliers on Wikirate part 7)|Wikirate International e.V. (2019 Apparel Suppliers on Wikirate part 1)|Myanmar Garment Manufacturers Association (MGMA) [Public List] (Myanmar Garment Manufacturers Association (Gathered March 2025))|A Civil Society Organization|SLCP (Social & Labor Convergence Program List 2025)","501-1000","","Manufacturing","","Manufacturing","","False"
"MM2019083JYSSRB","2019-03-24","Chinadawn Garment Myanmar Co.,Ltd.","Plot No.39-40 Block No.65 (Satmu), Shwe Pyithar Industrial Zone (4)  Shwe Pyithar Township Yangon Yangon","MM","Myanmar",16.92409,96.08475,"Apparel","A Brand / Retailer|A Multi-Stakeholder Initiative|A Brand / Retailer|A Brand / Retailer|A Brand / Retailer|A Brand / Retailer|A Multi-Stakeholder Initiative|A Brand / Retailer|A Multi-Stakeholder Initiative|Myanmar Centre for Responsible Business (OAR facility list in Myanmar)|Wikirate International e.V. (2017 Apparel Suppliers on Wikirate part 2)|Wikirate International e.V. (2018 Apparel Suppliers on Wikirate part 5)|Myanmar Trade Promotion Organization (Myantrade) [Public List] (Myantrade Directory of Exporters (as of March 2025))","","","","","","Coat|Jackets","False"
"MM2019083KGNQDD","2019-03-24","Tianjin Fashion Origin Co., Ltd.","Site 1: No. 509, Kyan Sittar Road, Shwe Lin Ban Industrial Zone, Hlaing Tharyar","MM","Myanmar",16.9098501,96.0682126,"Apparel","A Brand / Retailer|A Brand / Retailer|A Brand / Retailer|A Brand / Retailer|A Brand / Retailer|A Brand / Retailer|A Brand / Retailer|A Brand / Retailer|A Multi-Stakeholder Initiative|A Multi-Stakeholder Initiative|A Multi-Stakeholder Initiative|A Multi-Stakeholder Initiative|Myanmar Centre for Responsible Business (OAR facility list in Myanmar)|Myanmar Trade Promotion Organization (Myantrade) [Public List] (Myantrade Directory of Exporters (as of March 2025))","","","","","","Coat|Warm Clothing (Men & Women)|Clothing|Shirt (Men)","False"
"MM2019083KT7YHM","2022-05-25","Hung Kiu  (Myanmar) Garment Manufacturing Ltd. ","Plot No.35-9, Yangon - Mandalay Highway Road, Intagaw Village, Inntakaw Industrial Zone, Bago Township, Bago Region, Myanmar","MM","Myanmar",17.1884995,96.3917473,"Apparel|Textiles|Unspecified","A Brand / Retailer|H&M Group (H&M April 2024 Facilities list)|A Brand / Retailer|A Brand / Retailer|A Multi-Stakeholder Initiative|Kappahl Group (KappAhl Manufacturing Facility List August 2020)|A Multi-Stakeholder Initiative|A Multi-Stakeholder Initiative|A Multi-Stakeholder Initiative|H&M Group (H&M June 2024 Facilities list)|A Multi-Stakeholder Initiative|A Multi-Stakeholder Initiative|H&M Group (H&M JULY 2024 Facilities list)|A Brand / Retailer|A Brand / Retailer|A Brand / Retailer|A Civil Society Organization|A Multi-Stakeholder Initiative|Myanmar Centre for Responsible Business (OAR facility list in Myanmar)|H&M Group (H&M Aug 2024 Facilities list)|A Civil Society Organization|H&M Group (H&M Sept 2024 Facility list)|A Brand / Retailer|H&M Group (H&M Oct 2024 Facility list)|H&M Group (Manufacturing Factories HM 2023)|A Multi-Stakeholder Initiative|H&M Group (H&M Group Facilities list October2023)|H&M Group (H&M November Factory List)|MADE (MADE facility list for November 2023)|H&M Group (H&M January 2024 Facilities list)|Wikirate International e.V. (2020 Apparel Suppliers on Wikirate part 11)|Wikirate International e.V. (2019 Apparel Suppliers on Wikirate part 1)|H&M Group (H&M Feb 2024 Facilities list)|H&M Group (H&M March 2024 Facilities list)|H&M Group (H&M Nov 2024 Facility list)|H&M Group (H&M Dec 2024 Facility list)|Myanmar Garment Manufacturers Association (MGMA) [Public List] (Myanmar Garment Manufacturers Association (Gathered March 2025))","2501-3000|2501-3000|2501-3000|2501-3000|2501-3000|2001-4000|2001-4000|2001-4000|2001-4000|2001-4000|2001-4000|2001-4000|2001-4000","","Manufacturing|Manufacturing unit|Manufacturing ","","Manufacturing|Manufacturing|Manufacturing|Manufacturing|Manufacturing|Manufacturing unit|Manufacturing unit|Manufacturing unit|Manufacturing unit|Manufacturing unit|Manufacturing unit|Manufacturing unit|Manufacturing unit","","False"
"MM2019083MB0CGC","2019-03-23","J-Land Myanmar Company Limited","No 8 Myay Tine Quarter No  49 Hlaw Gar Street War Ta Yar Industrial Zone Shwe Pyi Thar Township Yangon  11411","MM","Myanmar",16.9991113,96.0564672,"Apparel|Unspecified","A Brand / Retailer|A Brand / Retailer|A Brand / Retailer|MANGO  (Historical Factories Mango)|A Brand / Retailer|A Brand / Retailer|A Brand / Retailer|Better Cotton (Better Cotton Initiative May 2021)|Better Cotton (Better Cotton Initiative May 2021)|A Brand / Retailer|A Multi-Stakeholder Initiative|A Brand / Retailer|A Brand / Retailer|A Multi-Stakeholder Initiative|A Multi-Stakeholder Initiative|A Brand / Retailer|Myanmar Centre for Responsible Business (OAR facility list in Myanmar)|An Auditor / Certification Scheme / Service Provider|Wikirate International e.V. (2017 Apparel Suppliers on Wikirate part 2)|Wikirate International e.V. (2018 Apparel Suppliers on Wikirate part 7)|Wikirate International e.V. (2019 Apparel Suppliers on Wikirate part 1)|Myanmar Garment Manufacturers Association (MGMA) [Public List] (Myanmar Garment Manufacturers Association (Gathered March 2025))|Myanmar Trade Promotion Organization (Myantrade) [Public List] (Myantrade Directory of Exporters (as of March 2025))","","","","","","Jackets","False"
"MM2019083NR7C0H","2019-03-23","Kamcaine Manufacturing ( Myanmar) Co Ltd","No186 Lay Thar Yar Industrial Park 2 Yangon","MM","Myanmar",16.8439163,96.0721027,"Apparel|Apparel Accessories|Textiles|Unspecified","A Brand / Retailer|A Brand / Retailer|A Brand / Retailer|A Brand / Retailer|A Multi-Stakeholder Initiative|A Brand / Retailer|A Multi-Stakeholder Initiative|A Multi-Stakeholder Initiative|A Multi-Stakeholder Initiative|A Multi-Stakeholder Initiative|A Multi-Stakeholder Initiative|A Multi-Stakeholder Initiative|A Brand / Retailer|A Brand / Retailer|A Brand / Retailer|A Multi-Stakeholder Initiative|A Brand / Retailer|Tom Tailor GmbH (Tom Tailor Facility List January 2021)|A Multi-Stakeholder Initiative|A Multi-Stakeholder Initiative|A Multi-Stakeholder Initiative|A Brand / Retailer|Tom Tailor GmbH (Tom Tailor Facility List September 2021 Tier 1)|A Civil Society Organization|A Multi-Stakeholder Initiative|Myanmar Centre for Responsible Business (OAR facility list in Myanmar)|A Civil Society Organization|A Multi-Stakeholder Initiative|Fair Factories Clearinghouse (FFC Factory List Oct 2022)|Tom Tailor GmbH (Tom Tailor Tier 1 Facility List Mar 2023)|Wikirate International e.V. (2018 Apparel Suppliers on Wikirate part 7)|Wikirate International e.V. (2019 Apparel Suppliers on Wikirate part 1)|Gina Tricot [Public List] (Gina Tricot Tier 1 Facility List August 2022)|Myanmar Garment Manufacturers Association (MGMA) [Public List] (Myanmar Garment Manufacturers Association (Gathered March 2025))|Worldwide Responsible Accredited Production (WRAP Facility List 04222025)","1001-1500|971|501-1000|1230","Zhejiang Zhongda Newtex Co., Ltd.","Final Assembly|Final Product Assembly","Final Product Assembly|Final Product Assembly","Final Product Assembly|Final Product Assembly","Woven","False"
"MM2019083QG739B","2019-03-24","Lian Cheng Co., Ltd.","Plot No. 149 Hlaing Tharyar Industrial Zone, Hlaing Tharyar Township, Yangon","MM","Myanmar",16.8586554,96.072067,"Apparel","A Brand / Retailer|A Brand / Retailer|Myanmar Centre for Responsible Business (OAR facility list in Myanmar)|Myanmar Garment Manufacturers Association (MGMA) [Public List] (Myanmar Garment Manufacturers Association (Gathered March 2025))","","","","","","","False"
"MM2019083QTWH8Q","2019-03-23","Yoo Win Manufacturing Company Limited","No (17) Phan Chat Wun U Shwe Owe Street Industrial (2) Hlaing Thar Yar Township Yangon","MM","Myanmar",16.8557123,96.0720837,"Apparel|Unspecified","A Brand / Retailer|Fair Wear Foundation (Fair Wear Oct 2025)|A Brand / Retailer|A Brand / Retailer|A Brand / Retailer|A Brand / Retailer|A Multi-Stakeholder Initiative|A Multi-Stakeholder Initiative|Fair Wear Foundation (Fair Wear Aug 2024)|Myanmar Centre for Responsible Business (OAR facility list in Myanmar)|A Multi-Stakeholder Initiative|MADE (MADE facility list for November 2023)|Wikirate International e.V. (2019 Apparel Suppliers on Wikirate part 1)|Myanmar Garment Manufacturers Association (MGMA) [Public List] (Myanmar Garment Manufacturers Association (Gathered March 2025))|Myanmar Trade Promotion Organization (Myantrade) [Public List] (Myantrade Directory of Exporters (as of March 2025))|Fair Wear Foundation (Fair Wear Apr 2025)","501-1000|501-1000|501-1000","","Product Finishing|Packaging|Ironing|Cut & Sew|Cutting","Final Product Assembly|Final Product Assembly|Final Product Assembly|Final Product Assembly|Final Product Assembly","Product Finishing|Packaging|Ironing|Cutting|Cut & Sew|Product Finishing|Ironing|Cut & Sew|Cutting|Packaging|Ironing|Cutting|Product Finishing|Packaging|Cut & Sew","clothing|Garments|fashion apparel|Jeans Pants|Garments| fashion apparel| clothing","False"
"MM2019083R4Z14H","2022-05-25","Su Yu Ei Company Limited","No. 15, Yangon-Pyay Road, Sat Thwar Daw Ward, Hmawbi Township, Yangon, Myanmar","MM","Myanmar",16.8190607,96.1328098,"Apparel","A Brand / Retailer|Next Plc (Next Plc August 2025)|A Brand / Retailer|A Brand / Retailer|A Brand / Retailer|A Brand / Retailer|A Brand / Retailer|A Brand / Retailer|A Brand / Retailer|Myanmar Centre for Responsible Business (OAR facility list in Myanmar)|Next Plc (Next Plc August 2024)|Next Plc (Next Plc List August 2023)|Wikirate International e.V. (2018 Apparel Suppliers on Wikirate part 7)|Wikirate International e.V. (2019 Apparel Suppliers on Wikirate part 1)|Next Plc (Next Plc Manufacturing Sites April 2024)|Next Plc (Next Plc March 2024)|Myanmar Garment Manufacturers Association (MGMA) [Public List] (Myanmar Garment Manufacturers Association (Gathered March 2025))|Myanmar Trade Promotion Organization (Myantrade) [Public List] (Myantrade Directory of Exporters (as of March 2025))|Next Plc (Next Plc Facility List February 2025)","","","","","","Shirt (Men)|Pantss","False"
"MM2019083RCCK6T","2019-03-24","Myanmar Jiale 1 Fashion Company Limited","Min Aye Yar Road, 13, Shwe Than Lwin Industrial Zone  Hlaing Tharyar Township Yangon Yangon","MM","Myanmar",16.8651794,96.033996,"Apparel|Unspecified","A Brand / Retailer|A Brand / Retailer|H&M Group (H&M April 2024 Facilities list)|A Brand / Retailer|A Multi-Stakeholder Initiative|A Brand / Retailer|A Brand / Retailer|A Brand / Retailer|A Multi-Stakeholder Initiative|A Multi-Stakeholder Initiative|A Multi-Stakeholder Initiative|A Multi-Stakeholder Initiative|A Multi-Stakeholder Initiative|H&M Group (H&M June 2024 Facilities list)|A Multi-Stakeholder Initiative|A Multi-Stakeholder Initiative|H&M Group (H&M JULY 2024 Facilities list)|A Brand / Retailer|A Brand / Retailer|A Brand / Retailer|Wikirate International e.V.|A Civil Society Organization|A Multi-Stakeholder Initiative|Myanmar Centre for Responsible Business (OAR facility list in Myanmar)|Myanmar Centre for Responsible Business (OAR facility list in Myanmar)|H&M Group (H&M Aug 2024 Facilities list)|A Civil Society Organization|H&M Group (H&M Sept 2024 Facility list)|H&M Group (H&M Oct 2024 Facility list)|H&M Group (Manufacturing Factories HM 2023)|Tokmanni Group [Public List] (Tokmanni Private Label May 2023 Facility List)|A Multi-Stakeholder Initiative|A Multi-Stakeholder Initiative|H&M Group (H&M Group Facilities list October2023)|An Auditor / Certification Scheme / Service Provider|H&M Group (H&M November Factory List)|MADE (MADE facility list for November 2023)|H&M Group (H&M January 2024 Facilities list)|Wikirate International e.V. (2020 Apparel Suppliers on Wikirate part 11)|Wikirate International e.V. (2019 Apparel Suppliers on Wikirate part 1)|H&M Group (H&M Feb 2024 Facilities list)|H&M Group (H&M March 2024 Facilities list)|Myanmar Garment Manufacturers Association (MGMA) [Public List] (Myanmar Garment Manufacturers Association (Gathered March 2025))|A Civil Society Organization|SLCP (Social & Labor Convergence Program List 2025)","964|964|1001-1500|1001-1500|501-1000|501-1000|501-1000|501-1000|501-1000|501-1000|501-1000|501-1000|501-1000","","Manufacturing|Manufacturing unit|Manufacturing ","","Manufacturing|Manufacturing|Manufacturing|Manufacturing|Manufacturing|Manufacturing unit|Manufacturing unit|Manufacturing unit|Manufacturing unit|Manufacturing unit|Manufacturing unit","Garments","False"
"MM2019083TMN7JD","2022-05-25","AIT (Myanmar) Manufacturing Co., Ltd","Plot No. 46, Myay Taing Block No.112, Toe Chae (Kha), Min Ye' Kyaw Swar Road,  East Dagon Industrial Zone, East Dagon Myo Thit Township, Yangon Region, Myanmar","MM","Myanmar",16.9038808,96.2211959,"Apparel|Apparel Accessories|Unspecified","A Brand / Retailer|A Brand / Retailer|A Brand / Retailer|MANGO  (Historical Factories Mango)|A Brand / Retailer|A Brand / Retailer|A Brand / Retailer|A Brand / Retailer|A Brand / Retailer|MANGO  (MANGO Active Factory List December 2021)|A Brand / Retailer|Kappahl Group (KappAhl Manufacturing Facility List August 2020)|A Brand / Retailer|Kappahl Group (KappAhl Manufacturing Facility List March 2021)|A Brand / Retailer|A Brand / Retailer|A Brand / Retailer|A Brand / Retailer|Tom Tailor GmbH (Tom Tailor Facility List January 2021)|A Brand / Retailer|A Brand / Retailer|A Brand / Retailer|A Brand / Retailer|A Brand / Retailer|A Brand / Retailer|A Brand / Retailer|Myanmar Centre for Responsible Business (OAR facility list in Myanmar)|A Brand / Retailer|A Brand / Retailer|A Brand / Retailer|Tom Tailor GmbH (Tom Tailor Facility List September 2021 Tier 1)|A Brand / Retailer|Tom Tailor GmbH (Tom Tailor Tier 1 Facility List Mar 2023)|Next Plc (Next Tier 1 and Tier 2 Factory List March 2023)|Myanmar Centre for Responsible Business (OAR facility list in Myanmar)|Pimkie [Public List] (Pimkie May 2022 Facility List)|MADE (MADE facility list for November 2023)|Wikirate International e.V. (2019 Apparel Suppliers on Wikirate part 1)|Myanmar Garment Manufacturers Association (MGMA) [Public List] (Myanmar Garment Manufacturers Association (Gathered March 2025))|Myanmar Trade Promotion Organization (Myantrade) [Public List] (Myantrade Directory of Exporters (as of March 2025))","1001-1500|1001-1500|1430","HANGZHOU DRAGON STAND APPAREL DESIGN CO., LTD","Final Product Assembly","Final Product Assembly","Final Product Assembly","Flat Knit|Legging|Knitting wears","False"
"MM2019083XCZ700","2019-03-24","Perfect Gains Garments Manufacturin","Ngwe Pin Lal 2nd Street, 44, Ngwe Oin Lal Industrial Zone  Hlaing Tharyar Township Yangon Yangon","MM","Myanmar",16.9310002,96.0611664,"Apparel","A Brand / Retailer|A Multi-Stakeholder Initiative|Kaufland [Public List] (Kaufland Facility List)|Myanmar Centre for Responsible Business (OAR facility list in Myanmar)|Myanmar Trade Promotion Organization (Myantrade) [Public List] (Myantrade Directory of Exporters (as of March 2025))","","","","","","Underwear|Swim Suit","False"
"MM2019083XW0F6Z","2019-03-24","Great Glowing Investment Co., Ltd.","Plot No. 340-341 Yangon Industrial Zone, Mingaladon Garden Township,Yangon","MM","Myanmar",16.9589945,96.1760145,"Apparel|Textiles|Unspecified","A Brand / Retailer|A Multi-Stakeholder Initiative|A Civil Society Organization|A Multi-Stakeholder Initiative|A Civil Society Organization|A Civil Society Organization|Partnership for Sustainable Textiles (PST) (PST Aug 2025 - 0-9, A-G)|A Civil Society Organization|A Brand / Retailer|A Brand / Retailer|A Brand / Retailer|A Brand / Retailer|A Brand / Retailer|A Multi-Stakeholder Initiative|A Brand / Retailer|A Brand / Retailer|A Multi-Stakeholder Initiative|Better Cotton (Better Cotton Initiative May 2021)|A Multi-Stakeholder Initiative|A Brand / Retailer|Better Cotton (Better Cotton Initiative June 2020)|Worldly|A Multi-Stakeholder Initiative|A Multi-Stakeholder Initiative|A Multi-Stakeholder Initiative|A Multi-Stakeholder Initiative|A Multi-Stakeholder Initiative|A Brand / Retailer|A Brand / Retailer|Myanmar Centre for Responsible Business (OAR facility list in Myanmar)|Myanmar Centre for Responsible Business (OAR facility list in Myanmar)|OEKO-TEX ® (STeP by OEKO-TEX® certified facilities per 20 April 2022)|A Civil Society Organization|A Brand / Retailer|ALDI Einkauf SE & Co. ohG (Hauptproduktionsstandorte ALDI Nord Q4 2022)|A Brand / Retailer|A Multi-Stakeholder Initiative|Wikirate International e.V. (2020 Apparel Suppliers on Wikirate part 11)|Myanmar Garment Manufacturers Association (MGMA) [Public List] (Myanmar Garment Manufacturers Association (Gathered March 2025))|Lidl Stiftung & Co. KG (Lidl Facility List June 2025)","2001-5000|2279","","Cutting, Filling (Downs e.g.), Finishing, Fusing, Packing, Pressing, Sewing, Spot Cleaning, Trimming","","Trimming|Packing|Finishing|Pressing|Sewing|Spot Cleaning|Cutting|Fusing|Filling (Downs e.g.)","Fashion","False"
"MM2019083YH8AYG","2025-03-28","Landson Myanmar Garment Company Limited","Plot No (131), Myay Taing Block No (51), Thar Du Kan Industrial Zone, Shwe Pyi Thar Township, Yangon.","MM","Myanmar",16.9894573,96.0890064,"Apparel|Multi-Category|Textiles|Unspecified","A Brand / Retailer|A Multi-Stakeholder Initiative|A Civil Society Organization|Partnership for Sustainable Textiles (PST) (PST Aug 2025 - H-P)|A Civil Society Organization|A Civil Society Organization|Fair Wear Foundation (Fair Wear Oct 2025)|Next Plc (Next Plc August 2025)|A Brand / Retailer|A Brand / Retailer|A Brand / Retailer|A Brand / Retailer|A Brand / Retailer|A Brand / Retailer|A Brand / Retailer|A Brand / Retailer|A Brand / Retailer|A Multi-Stakeholder Initiative|A Multi-Stakeholder Initiative|A Multi-Stakeholder Initiative|A Multi-Stakeholder Initiative|A Multi-Stakeholder Initiative|A Multi-Stakeholder Initiative|A Multi-Stakeholder Initiative|A Brand / Retailer|A Brand / Retailer|A Multi-Stakeholder Initiative|A Brand / Retailer|A Brand / Retailer|A Brand / Retailer|A Brand / Retailer|A Brand / Retailer|A Brand / Retailer|A Brand / Retailer|A Brand / Retailer|A Brand / Retailer|A Brand / Retailer|A Brand / Retailer|A Multi-Stakeholder Initiative|A Brand / Retailer|A Brand / Retailer|A Brand / Retailer|A Multi-Stakeholder Initiative|A Multi-Stakeholder Initiative|A Multi-Stakeholder Initiative|A Brand / Retailer|A Brand / Retailer|A Brand / Retailer|A Brand / Retailer|A Brand / Retailer|A Brand / Retailer|A Multi-Stakeholder Initiative|A Brand / Retailer|Wikirate International e.V.|A Civil Society Organization|A Multi-Stakeholder Initiative|A Brand / Retailer|A Brand / Retailer|Fair Wear Foundation (Fair Wear Aug 2024)|Myanmar Centre for Responsible Business (OAR facility list in Myanmar)|Myanmar Centre for Responsible Business (OAR facility list in Myanmar)|A Brand / Retailer|A Brand / Retailer|A Civil Society Organization|An Auditor / Certification Scheme / Service Provider|A Brand / Retailer|A Brand / Retailer|A Brand / Retailer|A Multi-Stakeholder Initiative|A Brand / Retailer|A Brand / Retailer|Next Plc (Next Plc August 2024)|A Multi-Stakeholder Initiative|A Brand / Retailer|A Brand / Retailer|A Brand / Retailer|A Brand / Retailer|A Multi-Stakeholder Initiative|A Multi-Stakeholder Initiative|Next Plc (Next Plc List August 2023)|MADE (MADE facility list for November 2023)|Wikirate International e.V. (2020 Apparel Suppliers on Wikirate part 11)|Wikirate International e.V. (2019 Apparel Suppliers on Wikirate part 1)|Next Plc (Next Plc Manufacturing Sites April 2024)|Next Plc (Next Plc March 2024)|Myanmar Garment Manufacturers Association (MGMA) [Public List] (Myanmar Garment Manufacturers Association (Gathered March 2025))|Myanmar Trade Promotion Organization (Myantrade) [Public List] (Myantrade Directory of Exporters (as of March 2025))|Next Plc (Next Plc Facility List February 2025)|Fair Wear Foundation (Fair Wear Apr 2025)","51-500|856|501-1000|856|501-1000","","Packaging|Linking|Cut & Sew|Stitching|Sewing|Product Finishing|Ironing|Hand Embroidery|Washing","Final Product Assembly|Final Product Assembly|Final Product Assembly|Final Product Assembly|Final Product Assembly|Textile or Material Production|Printing, Product Dyeing and Laundering|Final Product Assembly|Final Product Assembly|Final Product Assembly|Final Product Assembly|Final Product Assembly","Stitching|Linking|Ironing|Packaging|Sewing|Embroidery|Washing|Product Finishing|Packaging|Ironing|Linking|Cut & Sew|Product Finishing|Washing|Ironing|Cut & Sew|Linking|Packaging|Hand Embroidery|Hand Embroidery|Washing|Ironing|Linking|Product Finishing|Packaging|Cut & Sew","Sweater","False"
"MM2019083YY521N","2019-03-23","Jiangsu Soho (Myanmar) Industry Co Ltd","No. 95  Yaw Atwin Wun U Phoe Hlaing Streety Shwe Lin Ban Industrial Zone Hlaing Thar Yar Township Yangon","MM","Myanmar",16.9082186,96.0553832,"Apparel|Apparel Accessories|Unspecified","Matalan (Matalan Facility List Jul 2025)|A Brand / Retailer|A Brand / Retailer|Next Plc (Next Plc August 2025)|A Brand / Retailer|A Brand / Retailer|Matalan (Matalan Facility List January 2026)|A Brand / Retailer|A Brand / Retailer|MANGO  (Historical Factories Mango)|MANGO  (MANGO Active Factory List December 2021)|A Brand / Retailer|A Brand / Retailer|A Brand / Retailer|A Brand / Retailer|A Brand / Retailer|A Brand / Retailer|A Brand / Retailer|A Brand / Retailer|A Brand / Retailer|A Brand / Retailer|A Brand / Retailer|A Brand / Retailer|A Brand / Retailer|A Brand / Retailer|A Brand / Retailer|A Brand / Retailer|Wikirate International e.V.|A Brand / Retailer|A Brand / Retailer|Myanmar Centre for Responsible Business (OAR facility list in Myanmar)|An Auditor / Certification Scheme / Service Provider|A Brand / Retailer|A Brand / Retailer|A Brand / Retailer|Next Plc (Next Plc August 2024)|A Brand / Retailer|Next Plc (Next Tier 1 and Tier 2 Factory List March 2023)|Next Plc (Next Plc List August 2023)|Wikirate International e.V. (2019 Apparel Suppliers on Wikirate part 5)|Wikirate International e.V. (2020 Apparel Suppliers on Wikirate part 11)|Matalan (Matalan Facility List Jan 2025)|Gina Tricot [Public List] (Gina Tricot Tier 1 Facility List August 2022)|Next Plc (Next Plc Manufacturing Sites April 2024)|Next Plc (Next Plc March 2024)|Myanmar Trade Promotion Organization (Myantrade) [Public List] (Myantrade Directory of Exporters (as of March 2025))|Next Plc (Next Plc Facility List February 2025)","806|806|1040|987|1040|777","","Final Assembly","Final Product Assembly","Final Product Assembly","Pants|Jackets","False"
"MM2019083Z1NPGC","2019-03-23","Kittenish Knitting Co Ltd (No 2)","No 73 Kanaung Min Thar Gyi Street Industrial Zone 3 Shwe Pyi Thar Ts Yangon","MM","Myanmar",16.91864,96.08541,"Apparel","A Brand / Retailer|A Brand / Retailer|Myanmar Centre for Responsible Business (OAR facility list in Myanmar)|Wikirate International e.V. (2018 Apparel Suppliers on Wikirate part 7)|Wikirate International e.V. (2019 Apparel Suppliers on Wikirate part 1)","","","","","","","False"
"MM2019083Z8DP72","2022-05-25","Myanmar Long Sheng Fashion Co., Ltd. ","Plot No.229, Kanaung Min Thar Gyi Street, Hlaingtharya Industrial Zone (2), Hlaingtharya Township, Yangon Region, Myanmar","MM","Myanmar",16.84965,96.07984,"Apparel","WE Europe BV (WE Europe BV Facility List May 2025)|A Brand / Retailer|A Brand / Retailer|A Civil Society Organization|A Brand / Retailer|A Brand / Retailer|A Brand / Retailer|BESTSELLER (Tier 1 and Tier 0 October 2025)|BESTSELLER (Tier 1 and Tier 0 February 2026)|A Multi-Stakeholder Initiative|A Brand / Retailer|A Brand / Retailer|A Brand / Retailer|A Brand / Retailer|Worldly|A Brand / Retailer|A Brand / Retailer|A Multi-Stakeholder Initiative|A Multi-Stakeholder Initiative|A Brand / Retailer|A Brand / Retailer|A Brand / Retailer|A Brand / Retailer|A Brand / Retailer|A Multi-Stakeholder Initiative|A Brand / Retailer|A Brand / Retailer|A Multi-Stakeholder Initiative|A Brand / Retailer|A Multi-Stakeholder Initiative|A Multi-Stakeholder Initiative|A Multi-Stakeholder Initiative|A Brand / Retailer|A Brand / Retailer|A Multi-Stakeholder Initiative|A Multi-Stakeholder Initiative|A Brand / Retailer|A Multi-Stakeholder Initiative|A Multi-Stakeholder Initiative|A Brand / Retailer|A Brand / Retailer|A Brand / Retailer|Myanmar Centre for Responsible Business (OAR facility list in Myanmar)|A Brand / Retailer|A Brand / Retailer|A Brand / Retailer|A Brand / Retailer|A Brand / Retailer|A Brand / Retailer|A Brand / Retailer|A Brand / Retailer|A Brand / Retailer|A Brand / Retailer|MADE (MADE facility list for November 2023)|A Brand / Retailer|Wikirate International e.V. (2020 Apparel Suppliers on Wikirate part 11)|Wikirate International e.V. (2018 Apparel Suppliers on Wikirate part 7)|WE Europe BV (WE Fashion production location list 2024)|A Brand / Retailer|A Brand / Retailer|A Brand / Retailer|A Brand / Retailer|A Brand / Retailer|Myanmar Garment Manufacturers Association (MGMA) [Public List] (Myanmar Garment Manufacturers Association (Gathered March 2025))|Myanmar Trade Promotion Organization (Myantrade) [Public List] (Myantrade Directory of Exporters (as of March 2025))","1001-5000|1001-5000|1000-5000|1000-4999","HongKong Rifeng FASHION CO LTD|HongKong Rifeng FASHION CO LTD","Production","Textile or Material Production|Textile or Material Production","Material Production|Material Production","Jackets","False"
"MM2019083Z9C1T0","2022-05-25","Great Forever Garment Co Ltd","Plot No.41-B, Kanaung Min Thar Gyi Street, Hlaingtharya Industrial Zone (1), Hlaingtharya Township, Yangon Region, Myanmar","MM","Myanmar",16.849833,96.079765,"Apparel|Textiles|Unspecified","A Brand / Retailer|A Multi-Stakeholder Initiative|A Civil Society Organization|A Multi-Stakeholder Initiative|A Civil Society Organization|A Civil Society Organization|Partnership for Sustainable Textiles (PST) (PST Aug 2025 - 0-9, A-G)|A Civil Society Organization|A Brand / Retailer|A Brand / Retailer|Worldly|A Brand / Retailer|A Multi-Stakeholder Initiative|A Brand / Retailer|A Multi-Stakeholder Initiative|Benetton Group (Benetton Group Facilities List 2021)|A Civil Society Organization|A Multi-Stakeholder Initiative|Myanmar Centre for Responsible Business (OAR facility list in Myanmar)|A Civil Society Organization|A Multi-Stakeholder Initiative|A Multi-Stakeholder Initiative|A Multi-Stakeholder Initiative|MADE (MADE facility list for November 2023)|Wikirate International e.V. (2018 Apparel Suppliers on Wikirate part 7)|Wikirate International e.V. (2019 Apparel Suppliers on Wikirate part 1)|Myanmar Garment Manufacturers Association (MGMA) [Public List] (Myanmar Garment Manufacturers Association (Gathered March 2025))|Myanmar Trade Promotion Organization (Myantrade) [Public List] (Myantrade Directory of Exporters (as of March 2025))","","","Ironing|Packaging|Cutting|Garment Wash|Embroidery|Textile Chemical Finishing|Sewing","Final Product Assembly|Final Product Assembly|Printing, Product Dyeing and Laundering|Textile or Material Production|Final Product Assembly|Printing, Product Dyeing and Laundering|Final Product Assembly","Cutting|Sewing|Garment Wash|Embroidery|Packaging|Textile Chemical Finishing|Ironing","woven pant (Men & Women/kids)|Jean Pants","False"
"MM2019087DJ4RTA","2019-03-28","Takashima Sports Company Ltd","No.80 Ayeyarwaddy Street, Shwe Than Lwin Industrial Zone, Hlaing Thar Yar Township, Yangon, 11401, Myanmar","MM","Myanmar",16.86462,96.0403874,"Apparel|Apparel Accessories|Unspecified","A Brand / Retailer|A Brand / Retailer|A Brand / Retailer|A Brand / Retailer|A Brand / Retailer|A Brand / Retailer|A Brand / Retailer|A Brand / Retailer|A Brand / Retailer|A Brand / Retailer|A Brand / Retailer|A Brand / Retailer|A Brand / Retailer|Arcteryx [Public List] (Arcteryx 2021 Facility List)|Arcteryx [Public List] (Arc'teryx March 2022 Supply Chain Partners Facility List)|Myanmar Centre for Responsible Business (OAR facility list in Myanmar)|Worldwide Responsible Accredited Production (WRAP Facility List December 2024)|Myanmar Garment Manufacturers Association (MGMA) [Public List] (Myanmar Garment Manufacturers Association (Gathered March 2025))|Myanmar Trade Promotion Organization (Myantrade) [Public List] (Myantrade Directory of Exporters (as of March 2025))|Worldwide Responsible Accredited Production (WRAP Facility List 04222025)","213|213","Leosports PTE Limited","","","","Apparel|Glove","False"
"MM2019087FVFW0A","2019-03-28","Eslite Garment Company Ltd","No.177 Maung Kyan Tee Street Myay Taung Quarter No.25 Shwe Lin Ban Industrial Zone Hlaing Thar Yar T/S Yangon Myanmar 11401","MM","Myanmar",16.917491,96.0629083,"Apparel|Unspecified","A Brand / Retailer|Fair Wear Foundation (Fair Wear Oct 2025)|Worldly|Worldly|A Brand / Retailer|A Multi-Stakeholder Initiative|A Multi-Stakeholder Initiative|Fair Wear Foundation (Fair Wear Aug 2024)|Myanmar Centre for Responsible Business (OAR facility list in Myanmar)|A Multi-Stakeholder Initiative|A Multi-Stakeholder Initiative|MADE (MADE facility list for November 2023)|Myanmar Garment Manufacturers Association (MGMA) [Public List] (Myanmar Garment Manufacturers Association (Gathered March 2025))|Myanmar Trade Promotion Organization (Myantrade) [Public List] (Myantrade Directory of Exporters (as of March 2025))|Worldwide Responsible Accredited Production (WRAP Facility List 04222025)|Fair Wear Foundation (Fair Wear Apr 2025)","1000|1000|1957|1000-16000","","Cut & Sew|Cutting","","Cutting|Cut & Sew|Cutting|Cut & Sew|Cut & Sew|Cutting","Pants|Jackets","False"
"MM20190910E0DR3","2022-05-25","Myanmar Huayi Co., Ltd.","Plot No.39-40, Min Theiddi Kyaw Swar Street, Shwe Lin Ban Industrial Zone, Hlaingtharya Township, Yangon Region","MM","Myanmar",16.91927,96.05716,"Apparel","A Brand / Retailer|A Brand / Retailer|A Brand / Retailer|A Brand / Retailer|A Brand / Retailer|A Brand / Retailer|A Multi-Stakeholder Initiative|A Multi-Stakeholder Initiative|A Brand / Retailer|A Brand / Retailer|A Brand / Retailer|A Multi-Stakeholder Initiative|A Multi-Stakeholder Initiative|A Brand / Retailer|A Brand / Retailer|A Multi-Stakeholder Initiative|A Multi-Stakeholder Initiative|A Multi-Stakeholder Initiative|A Multi-Stakeholder Initiative|Myanmar Centre for Responsible Business (OAR facility list in Myanmar)|MADE (MADE facility list for November 2023)|Wikirate International e.V. (2018 Apparel Suppliers on Wikirate part 7)|Myanmar Trade Promotion Organization (Myantrade) [Public List] (Myantrade Directory of Exporters (as of March 2025))","","","","","","Long Jackets|Coat","False"
"MM20190911DDDA2","2022-05-25","Sanyuan (Myanmar) Apparel Mfg Company Limited","Plot No. 87, Myay Taing Block No. 14, Shwe Thanlwin Industrial Zone, Hlaing Thar Yar Township, Yangon, Myanmar","MM","Myanmar",16.8617373571864,96.0476906402718,"Apparel|Unspecified","A Brand / Retailer|A Brand / Retailer|MANGO  (Historical Factories Mango)|A Brand / Retailer|A Brand / Retailer|A Brand / Retailer|A Brand / Retailer|A Brand / Retailer|A Brand / Retailer|A Brand / Retailer|A Brand / Retailer|A Multi-Stakeholder Initiative|A Brand / Retailer|A Multi-Stakeholder Initiative|A Multi-Stakeholder Initiative|A Brand / Retailer|A Brand / Retailer|A Brand / Retailer|A Brand / Retailer|A Brand / Retailer|A Brand / Retailer|A Multi-Stakeholder Initiative|A Multi-Stakeholder Initiative|A Multi-Stakeholder Initiative|A Multi-Stakeholder Initiative|A Multi-Stakeholder Initiative|A Multi-Stakeholder Initiative|A Brand / Retailer|A Brand / Retailer|A Brand / Retailer|A Brand / Retailer|A Brand / Retailer|A Brand / Retailer|A Brand / Retailer|A Brand / Retailer|A Brand / Retailer|A Brand / Retailer|MANGO  (MANGO Active Factory List December 2021)|MANGO  (MANGO Active Factory List December 2021)|MANGO  (MANGO Active Factory List December 2021)|MANGO  (MANGO Active Factory List December 2021)|MANGO  (MANGO Active Factory List December 2021)|MANGO  (MANGO Active Factory List December 2021)|MANGO  (MANGO Active Factory List December 2021)|MANGO  (MANGO Active Factory List December 2021)|A Brand / Retailer|A Brand / Retailer|A Brand / Retailer|A Brand / Retailer|A Brand / Retailer|A Brand / Retailer|A Brand / Retailer|A Brand / Retailer|A Brand / Retailer|A Brand / Retailer|A Brand / Retailer|A Brand / Retailer|A Brand / Retailer|A Multi-Stakeholder Initiative|A Multi-Stakeholder Initiative|A Brand / Retailer|Myanmar Centre for Responsible Business (OAR facility list in Myanmar)|An Auditor / Certification Scheme / Service Provider|Wikirate International e.V. (2020 Apparel Suppliers on Wikirate part 6)|Myanmar Garment Manufacturers Association (MGMA) [Public List] (Myanmar Garment Manufacturers Association (Gathered March 2025))|Myanmar Trade Promotion Organization (Myantrade) [Public List] (Myantrade Directory of Exporters (as of March 2025))","","","","","","Warm Coat","False"
"MM20190913EVH7M","2022-05-25","Fook Hing (Shwekhayu) Ltd.","Plot No. 45, May Kha Street, Shwe Than Lwin Industrial Zone, HlaingtharyaTownship, Yangon Region, Myanmar","MM","Myanmar",16.8685,96.0388,"Apparel|Multi-Category","A Brand / Retailer|A Multi-Stakeholder Initiative|A Brand / Retailer|A Brand / Retailer|A Brand / Retailer|A Brand / Retailer|A Multi-Stakeholder Initiative|A Multi-Stakeholder Initiative|A Multi-Stakeholder Initiative|A Multi-Stakeholder Initiative|A Multi-Stakeholder Initiative|A Multi-Stakeholder Initiative|A Multi-Stakeholder Initiative|A Brand / Retailer|A Brand / Retailer|A Brand / Retailer|A Multi-Stakeholder Initiative|A Multi-Stakeholder Initiative|A Multi-Stakeholder Initiative|A Multi-Stakeholder Initiative|A Multi-Stakeholder Initiative|A Multi-Stakeholder Initiative|A Multi-Stakeholder Initiative|A Multi-Stakeholder Initiative|A Brand / Retailer|A Brand / Retailer|Myanmar Centre for Responsible Business (OAR facility list in Myanmar)|Myanmar Centre for Responsible Business (OAR facility list in Myanmar)|A Brand / Retailer|A Brand / Retailer|A Brand / Retailer|A Multi-Stakeholder Initiative|Wikirate International e.V. (2018 Apparel Suppliers on Wikirate part 4)|MADE (MADE facility list for November 2023)|Wikirate International e.V. (2020 Apparel Suppliers on Wikirate part 2)|Myanmar Garment Manufacturers Association (MGMA) [Public List] (Myanmar Garment Manufacturers Association (Gathered March 2025))|Myanmar Trade Promotion Organization (Myantrade) [Public List] (Myantrade Directory of Exporters (as of March 2025))","1437|1677","","","","","Pants|Underwear|Kids underwear|Brief (Men)","False"
"MM20190913T4KKQ","2019-04-01","Seinus Cliq Fashion Co. Ltd","No. 21 Yangon Industrial Zone Mingalardon Township Yangon","MM","Myanmar",16.9969497,96.1420947,"Apparel","A Brand / Retailer|Myanmar Centre for Responsible Business (OAR facility list in Myanmar)","","","","","","","False"
"MM2019091BM3F23","2022-05-25","Best Hubo Co., Ltd.","Plot No. 7,8, Kin Wun Min Gyi Street, Myay Taing Block No. 65, Shwepyithar Industrial Zone (4), Shwepyithar Township, Yangon Region, Myanmar","MM","Myanmar",16.9286842764683,96.0815006873784,"Apparel|Unspecified","A Brand / Retailer|A Brand / Retailer|A Brand / Retailer|Worldly|A Brand / Retailer|Better Cotton (Better Cotton Initiative June 2020)|A Brand / Retailer|A Brand / Retailer|A Brand / Retailer|A Brand / Retailer|A Brand / Retailer|A Multi-Stakeholder Initiative|A Multi-Stakeholder Initiative|A Multi-Stakeholder Initiative|A Multi-Stakeholder Initiative|A Multi-Stakeholder Initiative|A Multi-Stakeholder Initiative|A Multi-Stakeholder Initiative|A Brand / Retailer|A Brand / Retailer|A Brand / Retailer|Better Cotton (Better Cotton Initiative May 2021)|A Multi-Stakeholder Initiative|A Brand / Retailer|A Brand / Retailer|A Brand / Retailer|A Brand / Retailer|A Brand / Retailer|A Brand / Retailer|A Brand / Retailer|A Multi-Stakeholder Initiative|A Multi-Stakeholder Initiative|A Multi-Stakeholder Initiative|A Multi-Stakeholder Initiative|A Multi-Stakeholder Initiative|A Brand / Retailer|A Brand / Retailer|A Brand / Retailer|A Brand / Retailer|A Brand / Retailer|A Brand / Retailer|A Brand / Retailer|A Brand / Retailer|A Brand / Retailer|A Brand / Retailer|Myanmar Centre for Responsible Business (OAR facility list in Myanmar)|A Brand / Retailer|A Brand / Retailer|A Brand / Retailer|A Brand / Retailer|A Brand / Retailer|Wikirate International e.V. (2020 Apparel Suppliers on Wikirate part 10)|MADE (MADE facility list for November 2023)|Myanmar Garment Manufacturers Association (MGMA) [Public List] (Myanmar Garment Manufacturers Association (Gathered March 2025))|Myanmar Trade Promotion Organization (Myantrade) [Public List] (Myantrade Directory of Exporters (as of March 2025))","","","","","","Pants|Viscose|T shirt","False"
"MM2019091KSB54G","2022-05-25","Hakers Enterprise (Myanmar) Co., Ltd.","Plot No.52,P-3, Myay Taing Block No.13, Pathein Industrial Zone, Pathein Township, Ayeyarwaddy Region, Myanmar","MM","Myanmar",16.79563,94.77111,"Apparel|Textiles|Unspecified","A Multi-Stakeholder Initiative|A Civil Society Organization|Partnership for Sustainable Textiles (PST) (PST Aug 2025 - H-P)|A Civil Society Organization|A Civil Society Organization|A Brand / Retailer|A Brand / Retailer|A Brand / Retailer|A Multi-Stakeholder Initiative|A Multi-Stakeholder Initiative|A Brand / Retailer|A Brand / Retailer|A Brand / Retailer|A Multi-Stakeholder Initiative|A Multi-Stakeholder Initiative|A Multi-Stakeholder Initiative|A Multi-Stakeholder Initiative|A Multi-Stakeholder Initiative|A Brand / Retailer|A Brand / Retailer|A Multi-Stakeholder Initiative|Myanmar Centre for Responsible Business (OAR facility list in Myanmar)|A Civil Society Organization|A Brand / Retailer|MADE (MADE facility list for November 2023)|Myanmar Garment Manufacturers Association (MGMA) [Public List] (Myanmar Garment Manufacturers Association (Gathered March 2025))|Myanmar Trade Promotion Organization (Myantrade) [Public List] (Myantrade Directory of Exporters (as of March 2025))|Lidl Stiftung & Co. KG (Lidl Facility List June 2025)","1652","","Cutting, Finishing, Packing, Sewing, Trimming","","Trimming|Finishing|Packing|Sewing|Cutting","Pants|Jackets","False"
"MM2019091WT40CP","2019-04-01","Supreme Asia Garment Factory Ltd.","Block No. 42 Plot No. 33/40 Inkyinn Myaing Street Industrial Zone 1 Shwe Pyi Tha Township Yangon","MM","Myanmar",16.947672,96.09462359999999,"Apparel|Multi-Category","A Brand / Retailer|A Brand / Retailer|A Brand / Retailer|A Multi-Stakeholder Initiative|A Multi-Stakeholder Initiative|A Brand / Retailer|A Brand / Retailer|A Brand / Retailer|A Multi-Stakeholder Initiative|A Multi-Stakeholder Initiative|A Multi-Stakeholder Initiative|A Brand / Retailer|A Brand / Retailer|An Auditor / Certification Scheme / Service Provider|Myanmar Centre for Responsible Business (OAR facility list in Myanmar)|A Brand / Retailer|A Brand / Retailer|A Brand / Retailer|Myanmar Trade Promotion Organization (Myantrade) [Public List] (Myantrade Directory of Exporters (as of March 2025))","","","","","","Underwear","False"
"MM20190971RGG2H","2022-05-25","Mila Garden Company Ltd.","Plot No.14-1, 14-2, 14-3, 14-4, 14-5, 39-6, Myay Taing Block No.1038, Hneg Tpyaw Taw Kwin, Near Hlegu-Sartalin Road, Pyi Taw Thar Ward, Hlegu Township, Yangon Region, Myanmar","MM","Myanmar",17.09616,96.23305,"Apparel|Footwear","A Brand / Retailer|A Brand / Retailer|Worldly|Myanmar Centre for Responsible Business (OAR facility list in Myanmar)|Wikirate International e.V. (2016 Apparel Suppliers on Wikirate)|A Multi-Stakeholder Initiative|Fair Factories Clearinghouse (FFC Factory List Oct 2022)|LL Bean [Public List] (LL Bean September 2020 Facility List)","","Li Sing International Ltd","","","","","False"
"MM20191071V6KY1","2019-04-17","Trinity Apparels Ltd.","Plot no-169, U Ta Yoke Gyi Street, Industrial Zone(4), HIaing Thar yar Township, 11401, Yangon, Myanmar","MM","Myanmar",16.8568376,96.06015579999999,"Apparel","A Brand / Retailer|A Multi-Stakeholder Initiative|A Brand / Retailer|A Brand / Retailer|A Brand / Retailer|Better Cotton (Better Cotton Initiative June 2020)|A Multi-Stakeholder Initiative|A Multi-Stakeholder Initiative|A Brand / Retailer|A Brand / Retailer|A Multi-Stakeholder Initiative|A Brand / Retailer|A Multi-Stakeholder Initiative|Better Cotton (Better Cotton Initiative May 2021)|A Brand / Retailer|A Multi-Stakeholder Initiative|A Multi-Stakeholder Initiative|A Multi-Stakeholder Initiative|A Brand / Retailer|A Multi-Stakeholder Initiative|A Multi-Stakeholder Initiative|A Brand / Retailer|A Multi-Stakeholder Initiative|A Multi-Stakeholder Initiative|Myanmar Centre for Responsible Business (OAR facility list in Myanmar)|Wikirate International e.V. (2018 Apparel Suppliers on Wikirate part 7)|Myanmar Trade Promotion Organization (Myantrade) [Public List] (Myantrade Directory of Exporters (as of March 2025))|Myanmar Garment Manufacturers Association (MGMA) [Public List] (Myanmar Garment Manufacturers Association (Gathered March 2025))","","","","","","T shirt|Underwears","False"
"MM2019107253DPV","2022-05-25","DONGYUAN RICHLAND FASHION (MYANMAR) CO., LTD.","Plot No.53/D, 1002, Hlegu - Phaung Gyi Road, Mi Chaung Aing Kwin, Kyaukkadin Village Tract, Hlegu Township, Yangon Region, Myanmar","MM","Myanmar",17.16608,96.22847,"Apparel","A Brand / Retailer|A Multi-Stakeholder Initiative|A Brand / Retailer|A Brand / Retailer|A Brand / Retailer|A Multi-Stakeholder Initiative|A Multi-Stakeholder Initiative|A Multi-Stakeholder Initiative|Myanmar Centre for Responsible Business (OAR facility list in Myanmar)","","","","","","","False"
"MM20191072D7HM9","2019-04-17","Keys Shine Co.,Ltd.","No. 4 Kyaukse Industrial Zone, Kyaukse Township, Mandalay Region, 05151, Kyaukse Township, Myanmar","MM","Myanmar",21.6122121,96.1515093,"Apparel|Textiles|Unspecified","A Brand / Retailer|A Multi-Stakeholder Initiative|H&M Group (H&M JULY 2024 Facilities list)|A Brand / Retailer|A Brand / Retailer|A Brand / Retailer|A Brand / Retailer|Worldly|A Brand / Retailer|A Brand / Retailer|A Brand / Retailer|A Multi-Stakeholder Initiative|A Multi-Stakeholder Initiative|A Brand / Retailer|A Brand / Retailer|A Brand / Retailer|A Brand / Retailer|A Brand / Retailer|A Brand / Retailer|A Multi-Stakeholder Initiative|A Multi-Stakeholder Initiative|A Brand / Retailer|A Brand / Retailer|A Brand / Retailer|A Brand / Retailer|A Multi-Stakeholder Initiative|A Multi-Stakeholder Initiative|A Multi-Stakeholder Initiative|A Multi-Stakeholder Initiative|A Multi-Stakeholder Initiative|H&M Group (H&M June 2024 Facilities list)|A Brand / Retailer|A Multi-Stakeholder Initiative|A Multi-Stakeholder Initiative|A Multi-Stakeholder Initiative|A Multi-Stakeholder Initiative|A Multi-Stakeholder Initiative|A Multi-Stakeholder Initiative|A Multi-Stakeholder Initiative|A Brand / Retailer|A Brand / Retailer|A Brand / Retailer|A Civil Society Organization|A Civil Society Organization|A Brand / Retailer|A Multi-Stakeholder Initiative|A Multi-Stakeholder Initiative|Myanmar Centre for Responsible Business (OAR facility list in Myanmar)|H&M Group (H&M Sept 2024 Facility list)|H&M Group (H&M Aug 2024 Facilities list)|A Civil Society Organization|A Civil Society Organization|A Brand / Retailer|H&M Group (H&M Oct 2024 Facility list)|A Multi-Stakeholder Initiative|H&M Group (Manufacturing Factories HM 2023)|An Auditor / Certification Scheme / Service Provider|A Multi-Stakeholder Initiative|H&M Group (H&M Group Facilities list October2023)|H&M Group (H&M November Factory List)|H&M Group (H&M January 2024 Facilities list)|H&M Group (H&M Feb 2024 Facilities list)|H&M Group (H&M March 2024 Facilities list)|H&M Group (H&M April 2024 Facilities list)|H&M Group (H&M Nov 2024 Facility list)|H&M Group (H&M Dec 2024 Facility list)","3001-3500|3001-3500|3001-3500|3001-3500|3001-3500|2001-4000|2001-4000|2001-4000|2001-4000|2001-4000|2001-4000|2001-4000|2001-4000","","Manufacturing|Manufacturing unit|Manufacturing ","","Manufacturing|Manufacturing|Manufacturing|Manufacturing|Manufacturing|Manufacturing unit|Manufacturing unit|Manufacturing unit|Manufacturing unit|Manufacturing unit|Manufacturing unit|Manufacturing unit|Manufacturing unit","","False"
"MM20191072N88J7","2019-04-17","Textile palace Co.,ltd","Block NO.(327-329) Myaung Takar industrial Zone,Hmaw Be Township Yangon Myanmar., 200000, Yangon, Myanmar","MM","Myanmar",16.8234877,96.1582526,"Apparel|Unspecified","A Brand / Retailer|A Brand / Retailer|A Multi-Stakeholder Initiative|A Brand / Retailer|A Multi-Stakeholder Initiative|A Brand / Retailer|A Brand / Retailer|A Brand / Retailer|A Multi-Stakeholder Initiative|A Brand / Retailer|A Brand / Retailer|H&M Group (H&M June 2024 Facilities list)|A Multi-Stakeholder Initiative|A Multi-Stakeholder Initiative|A Multi-Stakeholder Initiative|A Multi-Stakeholder Initiative|A Brand / Retailer|H&M Group (H&M JULY 2024 Facilities list)|A Brand / Retailer|A Brand / Retailer|A Brand / Retailer|A Brand / Retailer|A Brand / Retailer|Wikirate International e.V.|A Multi-Stakeholder Initiative|An Auditor / Certification Scheme / Service Provider|Myanmar Centre for Responsible Business (OAR facility list in Myanmar)|H&M Group (H&M Aug 2024 Facilities list)|A Civil Society Organization|A Brand / Retailer|H&M Group (Processing Factories - H&M Group 2022)|H&M Group (Manufacturing Factories HM 2023)|H&M Group (H&M Processing Factories list from Feb 2023)|A Multi-Stakeholder Initiative|H&M Group (H&M Group Facilities list October2023)|H&M Group (H&M November Factory List)|MADE (MADE facility list for November 2023)|Wikirate International e.V. (2020 Apparel Suppliers on Wikirate part 13)|H&M Group (H&M January 2024 Facilities list)|H&M Group (H&M Feb 2024 Facilities list)|H&M Group (H&M March 2024 Facilities list)|H&M Group (H&M April 2024 Facilities list)|Myanmar Garment Manufacturers Association (MGMA) [Public List] (Myanmar Garment Manufacturers Association (Gathered March 2025))|Myanmar Trade Promotion Organization (Myantrade) [Public List] (Myantrade Directory of Exporters (as of March 2025))","1288|1001-1500|1001-1500|1001-1500|1001-1500|1001-1500|1001-2000|1-500|1-500|1-500|1288","","Manufacturing unit |Manufacturing unit|Manufacturing|Processing unit| Processing unit|Manufacturing ","","Manufacturing|Manufacturing|Manufacturing|Manufacturing|Manufacturing|Processing unit|Manufacturing unit|Processing unit|Manufacturing unit|Processing unit|Manufacturing unit|Manufacturing unit|Processing unit","Knitting wears","False"
"MM20191073DB8WD","2019-04-17","MYANMAR TAIEASY TEXTILE (MTT)CO.,LTD","Address: No.(342,3/344),7th Street, Yangon Industrial Zone, Mingaladon Townsh, 999091, Yangon, Myanmar","MM","Myanmar",16.9969497,96.1420947,"Apparel|Textiles|Unspecified","A Multi-Stakeholder Initiative|A Civil Society Organization|Partnership for Sustainable Textiles (PST) (PST Aug 2025 - H-P)|A Civil Society Organization|A Civil Society Organization|A Brand / Retailer|A Multi-Stakeholder Initiative|A Brand / Retailer|A Brand / Retailer|A Brand / Retailer|A Multi-Stakeholder Initiative|A Multi-Stakeholder Initiative|A Brand / Retailer|A Multi-Stakeholder Initiative|A Multi-Stakeholder Initiative|A Multi-Stakeholder Initiative|A Brand / Retailer|A Multi-Stakeholder Initiative|A Multi-Stakeholder Initiative|A Multi-Stakeholder Initiative|A Multi-Stakeholder Initiative|A Multi-Stakeholder Initiative|A Multi-Stakeholder Initiative|Wikirate International e.V. (2018 Apparel Suppliers on Wikirate part 7)|Myanmar Garment Manufacturers Association (MGMA) [Public List] (Myanmar Garment Manufacturers Association (Gathered March 2025))|Myanmar Trade Promotion Organization (Myantrade) [Public List] (Myantrade Directory of Exporters (as of March 2025))|Lidl Stiftung & Co. KG (Lidl Facility List June 2025)","999","","Knitting, Printing, Cutting, Finishing, Packing, Sewing","","Printing|Finishing|Packing|Sewing|Knitting|Cutting","Clothing","False"
"MM20191074AMR9H","2019-04-17","Polly HK (Myanmar) Co.,Ltd","NO.25, Na Wa Day Mingyi Street, Shwe Lin Pan Industrial Zone, Hlaing Thar Yar, N/A, Yangon, Myanmar","MM","Myanmar",16.8616182,96.0687906,"Apparel|Unspecified","A Brand / Retailer|A Multi-Stakeholder Initiative|A Brand / Retailer|ZDHC Foundation (ZDHC Registered Facilities 21 February 2020)|A Brand / Retailer|A Brand / Retailer|A Multi-Stakeholder Initiative|A Multi-Stakeholder Initiative|A Brand / Retailer|A Brand / Retailer|A Multi-Stakeholder Initiative|A Brand / Retailer|A Multi-Stakeholder Initiative|A Brand / Retailer|A Multi-Stakeholder Initiative|A Multi-Stakeholder Initiative|A Multi-Stakeholder Initiative|H&M Group (H&M June 2024 Facilities list)|ZDHC Foundation|A Brand / Retailer|A Multi-Stakeholder Initiative|A Multi-Stakeholder Initiative|A Brand / Retailer|A Multi-Stakeholder Initiative|A Multi-Stakeholder Initiative|H&M Group (H&M JULY 2024 Facilities list)|ZDHC Foundation (ZDHC Facility Additional Fields March 2022)|A Brand / Retailer|A Brand / Retailer|ZDHC Foundation (ZDHC Facility Additional Fields March 2022)|A Civil Society Organization|A Multi-Stakeholder Initiative|Myanmar Centre for Responsible Business (OAR facility list in Myanmar)|H&M Group (H&M Sept 2024 Facility list)|H&M Group (H&M Aug 2024 Facilities list)|A Civil Society Organization|H&M Group (Processing Factories - H&M Group 2022)|Fair Factories Clearinghouse (FFC Factory List Oct 2022)|H&M Group (H&M Oct 2024 Facility list)|H&M Group (H&M Processing Factories list from Feb 2023)|A Multi-Stakeholder Initiative|H&M Group (H&M Group Facilities list October2023)|Wikirate International e.V. (2018 Apparel Suppliers on Wikirate part 8)|H&M Group (H&M November Factory List)|H&M Group (H&M January 2024 Facilities list)|H&M Group (H&M Feb 2024 Facilities list)|H&M Group (H&M March 2024 Facilities list)|Benetton Group (Benetton Facility List 2023)|H&M Group (H&M April 2024 Facilities list)|H&M Group (H&M Nov 2024 Facility list)|H&M Group (H&M Dec 2024 Facility list)|A Civil Society Organization|SLCP (Social & Labor Convergence Program List 2025)","1-100|1-100|1-100|1-100|1-100|1-500|1-500|1-500|1-500|1-500|1-500|1-500|1-500","","Processing|Processing unit|WET PROCESS|Processing ","Printing, Product Dyeing and Laundering","Processing|Processing|Processing|Processing|Processing|Wet Processing|Processing unit|Processing unit|Processing unit|Processing unit|Processing unit|Processing unit|Processing unit|Processing unit","","False"
"MM20191074NH1WN","2019-04-17","Global Apparel Textile (Myanmar) Manufacturing Co. Ltd","Kyan Sit Thar lane, Eik Si Dan Industrial Zone, Dagon Myothit (South) Township, Yangon Region, Yangon, Myanmar","MM","Myanmar",16.8845406,96.239657,"Apparel","A Brand / Retailer|A Multi-Stakeholder Initiative|A Brand / Retailer|A Brand / Retailer|A Brand / Retailer|A Multi-Stakeholder Initiative|A Multi-Stakeholder Initiative|A Brand / Retailer|A Brand / Retailer|A Multi-Stakeholder Initiative|Myanmar Centre for Responsible Business (OAR facility list in Myanmar)|Wikirate International e.V. (2017 Apparel Suppliers on Wikirate part 2)|Wikirate International e.V. (2018 Apparel Suppliers on Wikirate part 7)","","","","","","","False"
"MM20191075EYNF3","2022-05-25","Honor Apparel Limited","Plot No.113-B, Myay Taing Block No.64, Pearl Street, Industrial Zone (3), Shwepyithar Township, Yangon Region, Myanmar","MM","Myanmar",16.9355378817764,96.0869840307722,"Apparel","A Brand / Retailer|A Multi-Stakeholder Initiative|A Brand / Retailer|A Brand / Retailer|A Brand / Retailer|A Multi-Stakeholder Initiative|A Multi-Stakeholder Initiative|A Brand / Retailer|A Brand / Retailer|A Multi-Stakeholder Initiative|A Brand / Retailer|A Brand / Retailer|A Brand / Retailer|Kappahl Group (KappAhl Manufacturing Facility List August 2020)|A Brand / Retailer|Kappahl Group (KappAhl Manufacturing Facility List March 2021)|A Multi-Stakeholder Initiative|A Brand / Retailer|A Multi-Stakeholder Initiative|A Brand / Retailer|A Brand / Retailer|A Multi-Stakeholder Initiative|A Multi-Stakeholder Initiative|A Brand / Retailer|A Brand / Retailer|A Brand / Retailer|A Brand / Retailer|A Multi-Stakeholder Initiative|A Multi-Stakeholder Initiative|A Multi-Stakeholder Initiative|A Multi-Stakeholder Initiative|A Brand / Retailer|A Brand / Retailer|A Brand / Retailer|A Brand / Retailer|A Brand / Retailer|A Brand / Retailer|A Brand / Retailer|Worldly|A Brand / Retailer|Wikirate International e.V.|Myanmar Centre for Responsible Business (OAR facility list in Myanmar)|A Brand / Retailer|Wikirate International e.V. (2018 Apparel Suppliers on Wikirate part 7)|Myanmar Trade Promotion Organization (Myantrade) [Public List] (Myantrade Directory of Exporters (as of March 2025))","847","","","","","Dresses","False"
"MM20191075VKD0E","2019-04-17","Style Fashion Accessories (Myanmar) Co., Ltd","No. 182, Mgkyan Thee St. ShweLinBan Industrial Zone, 6000, Yangon, Myanmar","MM","Myanmar",16.8949478,96.0704015,"Apparel|Apparel Accessories","A Brand / Retailer|A Multi-Stakeholder Initiative|Worldly|A Brand / Retailer|A Brand / Retailer|A Brand / Retailer|A Multi-Stakeholder Initiative|A Multi-Stakeholder Initiative|A Brand / Retailer|A Brand / Retailer|A Multi-Stakeholder Initiative|A Brand / Retailer|A Brand / Retailer|Kappahl Group (KappAhl Manufacturing Facility List August 2020)|A Brand / Retailer|A Multi-Stakeholder Initiative|A Multi-Stakeholder Initiative|Benetton Group (Benetton Group Facility List 2020)|MADE (MADE facility list for November 2023)|Wikirate International e.V. (2018 Apparel Suppliers on Wikirate part 7)|Wikirate International e.V. (2020 Apparel Suppliers on Wikirate part 10)|Myanmar Trade Promotion Organization (Myantrade) [Public List] (Myantrade Directory of Exporters (as of March 2025))","","","","","","Hat|Gloves","False"
"MM20191076Z11K8","2022-05-25","Mega One Garment","Plot No.32, Shwe Myoe Daw Pagoda Road, Yangon Industrial  Zone, Mingaladon Township, Yangon Region, Myanmar","MM","Myanmar",16.94442,96.17899,"Apparel","A Brand / Retailer|A Multi-Stakeholder Initiative|Myanmar Centre for Responsible Business (OAR facility list in Myanmar)|A Brand / Retailer|Myanmar Garment Manufacturers Association (MGMA) [Public List] (Myanmar Garment Manufacturers Association (Gathered March 2025))|Myanmar Trade Promotion Organization (Myantrade) [Public List] (Myantrade Directory of Exporters (as of March 2025))","","","","","","Clothing","False"
"MM201910778H35P","2022-05-25","Myanmar Knitting Factory Ltd.","Plot No.57-A, Myay Taing Block No.13, Near Myo Pat Road, Pathein Industrial Zone, Pathein Township, Pathein District, Ayeyarwady Region, Myanmar","MM","Myanmar",16.7931155,94.7758902,"Apparel","A Brand / Retailer|A Multi-Stakeholder Initiative|A Brand / Retailer|ZDHC Foundation (ZDHC Registered Facilities 21 February 2020)|A Brand / Retailer|A Brand / Retailer|A Brand / Retailer|A Brand / Retailer|A Brand / Retailer|A Multi-Stakeholder Initiative|A Multi-Stakeholder Initiative|A Brand / Retailer|A Brand / Retailer|A Brand / Retailer|A Brand / Retailer|A Brand / Retailer|A Multi-Stakeholder Initiative|A Multi-Stakeholder Initiative|A Multi-Stakeholder Initiative|A Multi-Stakeholder Initiative|A Multi-Stakeholder Initiative|A Brand / Retailer|A Brand / Retailer|A Brand / Retailer|A Brand / Retailer|A Multi-Stakeholder Initiative|A Multi-Stakeholder Initiative|A Brand / Retailer|A Multi-Stakeholder Initiative|A Brand / Retailer|A Multi-Stakeholder Initiative|A Multi-Stakeholder Initiative|A Brand / Retailer|A Multi-Stakeholder Initiative|A Multi-Stakeholder Initiative|A Multi-Stakeholder Initiative|A Multi-Stakeholder Initiative|Worldly|A Brand / Retailer|A Multi-Stakeholder Initiative|A Multi-Stakeholder Initiative|Wikirate International e.V.|Myanmar Centre for Responsible Business (OAR facility list in Myanmar)|A Brand / Retailer|A Brand / Retailer|Wikirate International e.V. (2020 Apparel Suppliers on Wikirate part 11)|Wikirate International e.V. (2018 Apparel Suppliers on Wikirate part 7)","4969|4969","","","","","","False"
"MM20191077RCCFM","2022-05-25","MYANMODE Company Limited","Plot No. 504, Yaw Atwin Wun U Phoe Hlaing Street, Shwe Lin Ban Industrial Zone, Hlaingtharya Township, Yangon Region, Myanmar","MM","Myanmar",16.9059737,96.195132,"Apparel","A Brand / Retailer|A Multi-Stakeholder Initiative|A Brand / Retailer|Desigual (Desigual's Tier 1  - November 2020)|Myanmar Centre for Responsible Business (OAR facility list in Myanmar)|Myanmar Trade Promotion Organization (Myantrade) [Public List] (Myantrade Directory of Exporters (as of March 2025))","","","","","","Warm Coat","False"
"MM201910780NN99","2019-04-17","S.H.UNITED COMPANY LIMITED","No(72/73/104/105),Matkhayar Minthargyi Maung Pyo Road,, 0, Yangon, Myanmar","MM","Myanmar",16.8497944,96.0743979,"Apparel","A Brand / Retailer|A Multi-Stakeholder Initiative|A Brand / Retailer|A Brand / Retailer|Worldly|A Brand / Retailer|A Brand / Retailer|A Multi-Stakeholder Initiative|A Multi-Stakeholder Initiative|A Brand / Retailer|A Brand / Retailer|A Brand / Retailer|A Multi-Stakeholder Initiative|A Brand / Retailer|A Brand / Retailer|A Multi-Stakeholder Initiative|A Multi-Stakeholder Initiative|A Brand / Retailer|A Brand / Retailer|A Multi-Stakeholder Initiative|A Multi-Stakeholder Initiative|A Brand / Retailer|A Brand / Retailer|A Brand / Retailer|A Brand / Retailer|A Brand / Retailer|A Brand / Retailer|A Brand / Retailer|A Brand / Retailer|A Brand / Retailer|Myanmar Centre for Responsible Business (OAR facility list in Myanmar)|Wikirate International e.V. (2018 Apparel Suppliers on Wikirate part 7)|Wikirate International e.V. (2020 Apparel Suppliers on Wikirate part 10)|Myanmar Garment Manufacturers Association (MGMA) [Public List] (Myanmar Garment Manufacturers Association (Gathered March 2025))|Myanmar Trade Promotion Organization (Myantrade) [Public List] (Myantrade Directory of Exporters (as of March 2025))","","","","","","Pants|Jackets","False"
"MM2019107C7Z0NN","2019-04-17","Wan He Garment Co., Ltd","Plot No(56+57+58) Block No(630/Hle Ngoke Chaung),, 0, Yangon, Myanmar","MM","Myanmar",16.8660694,96.19513200000002,"Apparel|Unspecified","A Brand / Retailer|A Multi-Stakeholder Initiative|A Brand / Retailer|Worldly|A Brand / Retailer|ZDHC Foundation (ZDHC Registered Facilities 21 February 2020)|A Brand / Retailer|A Brand / Retailer|A Brand / Retailer|A Multi-Stakeholder Initiative|A Multi-Stakeholder Initiative|A Brand / Retailer|A Brand / Retailer|A Multi-Stakeholder Initiative|A Multi-Stakeholder Initiative|A Brand / Retailer|A Multi-Stakeholder Initiative|A Brand / Retailer|A Multi-Stakeholder Initiative|A Multi-Stakeholder Initiative|A Multi-Stakeholder Initiative|H&M Group (H&M June 2024 Facilities list)|A Brand / Retailer|A Multi-Stakeholder Initiative|A Multi-Stakeholder Initiative|A Multi-Stakeholder Initiative|A Multi-Stakeholder Initiative|A Multi-Stakeholder Initiative|A Multi-Stakeholder Initiative|H&M Group (H&M JULY 2024 Facilities list)|ZDHC Foundation (ZDHC Facility Additional Fields March 2022)|A Brand / Retailer|A Brand / Retailer|A Brand / Retailer|A Brand / Retailer|A Brand / Retailer|ZDHC Foundation (ZDHC Facility Additional Fields March 2022)|A Multi-Stakeholder Initiative|Myanmar Centre for Responsible Business (OAR facility list in Myanmar)|H&M Group (H&M Sept 2024 Facility list)|H&M Group (H&M Aug 2024 Facilities list)|A Brand / Retailer|H&M Group (Processing Factories - H&M Group 2022)|H&M Group (H&M Oct 2024 Facility list)|H&M Group (Manufacturing Factories HM 2023)|H&M Group (H&M Processing Factories list from Feb 2023)|A Multi-Stakeholder Initiative|H&M Group (H&M Group Facilities list October2023)|H&M Group (H&M November Factory List)|H&M Group (H&M January 2024 Facilities list)|Wikirate International e.V. (2018 Apparel Suppliers on Wikirate part 7)|H&M Group (H&M Feb 2024 Facilities list)|H&M Group (H&M March 2024 Facilities list)|H&M Group (H&M April 2024 Facilities list)|Myanmar Garment Manufacturers Association (MGMA) [Public List] (Myanmar Garment Manufacturers Association (Gathered March 2025))|Myanmar Trade Promotion Organization (Myantrade) [Public List] (Myantrade Directory of Exporters (as of March 2025))|A Civil Society Organization|SLCP (Social & Labor Convergence Program List 2025)","4001-4500|4001-4500|5001-5500|5001-5500|5001-5500|2001-4000|2001-4000|2001-4000|2001-4000|2001-4000|2001-4000","Wan He Garment Co., Ltd|Wan He Garment Co., Ltd","Manufacturing unit |Manufacturing unit|Manufacturing|Processing unit| Processing unit|Manufacturing ","","Manufacturing|Manufacturing|Manufacturing|Manufacturing|Manufacturing|Processing unit|Manufacturing unit|Processing unit|Manufacturing unit|Processing unit|Manufacturing unit|Manufacturing unit|Processing unit|Processing unit|Manufacturing unit|Manufacturing unit|Processing unit","Pants|T shirt|Sweat Pant Knit|Sweater","False"
"MM2019107F9Z67J","2022-05-25","Kingsrich Myanmar Fashion Company Limited","Plot No.1,2,3, Myay Taing Block No.39 (Sethmu), Yay Pyar Street, Shwepyitha Industrial Zone, Shwe Pyi Tha Township, Yangon Region, Myanmar","MM","Myanmar",16.9436675245285,96.0694383395892,"Apparel|Unspecified","A Brand / Retailer|H&M Group (H&M April 2024 Facilities list)|A Brand / Retailer|A Multi-Stakeholder Initiative|A Brand / Retailer|A Brand / Retailer|A Brand / Retailer|A Multi-Stakeholder Initiative|A Multi-Stakeholder Initiative|A Brand / Retailer|A Brand / Retailer|A Multi-Stakeholder Initiative|A Brand / Retailer|A Brand / Retailer|A Multi-Stakeholder Initiative|A Brand / Retailer|A Multi-Stakeholder Initiative|A Multi-Stakeholder Initiative|A Multi-Stakeholder Initiative|H&M Group (H&M June 2024 Facilities list)|A Brand / Retailer|A Multi-Stakeholder Initiative|A Multi-Stakeholder Initiative|A Multi-Stakeholder Initiative|A Multi-Stakeholder Initiative|A Multi-Stakeholder Initiative|A Multi-Stakeholder Initiative|A Multi-Stakeholder Initiative|A Multi-Stakeholder Initiative|H&M Group (H&M JULY 2024 Facilities list)|A Brand / Retailer|A Brand / Retailer|A Brand / Retailer|A Brand / Retailer|A Multi-Stakeholder Initiative|Myanmar Centre for Responsible Business (OAR facility list in Myanmar)|Myanmar Centre for Responsible Business (OAR facility list in Myanmar)|H&M Group (H&M Sept 2024 Facility list)|H&M Group (H&M Aug 2024 Facilities list)|A Brand / Retailer|H&M Group (H&M Oct 2024 Facility list)|H&M Group (Manufacturing Factories HM 2023)|A Brand / Retailer|An Auditor / Certification Scheme / Service Provider|A Multi-Stakeholder Initiative|H&M Group (H&M Group Facilities list October2023)|H&M Group (H&M November Factory List)|H&M Group (H&M January 2024 Facilities list)|H&M Group (H&M Feb 2024 Facilities list)|H&M Group (H&M March 2024 Facilities list)|H&M Group (H&M Nov 2024 Facility list)|H&M Group (H&M Dec 2024 Facility list)|Worldly|Worldly|Worldly|A Civil Society Organization|SLCP (Social & Labor Convergence Program List 2025)","2001-2500|2001-2500|1501-2000|1501-2000|1501-2000|1001-2000|1001-2000|1001-2000|1001-2000|1001-2000|1001-2000|1001-2000|1001-2000","","Manufacturing|Manufacturing unit|Manufacturing ","","Manufacturing|Manufacturing|Manufacturing|Manufacturing|Manufacturing|Manufacturing unit|Manufacturing unit|Manufacturing unit|Manufacturing unit|Manufacturing unit|Manufacturing unit|Manufacturing unit|Manufacturing unit","","False"
"MM2019107GKNQYV","2022-05-25","Myanmar Sumec Winwin Garments Company Limited","Plot no (14,15,16), Myay Taing block no (65 sethmu), kin wun min gyi street, Shwepyithar Zone (4), Yangon, Myanmar","MM","Myanmar",16.9315978651244,96.0847435029869,"Apparel|Unspecified","A Brand / Retailer|A Multi-Stakeholder Initiative|A Brand / Retailer|A Brand / Retailer|A Brand / Retailer|MANGO  (Historical Factories Mango)|A Brand / Retailer|A Brand / Retailer|A Brand / Retailer|A Multi-Stakeholder Initiative|A Multi-Stakeholder Initiative|A Brand / Retailer|A Brand / Retailer|A Multi-Stakeholder Initiative|A Multi-Stakeholder Initiative|A Brand / Retailer|A Brand / Retailer|A Multi-Stakeholder Initiative|A Brand / Retailer|A Multi-Stakeholder Initiative|A Brand / Retailer|A Multi-Stakeholder Initiative|A Multi-Stakeholder Initiative|A Brand / Retailer|A Brand / Retailer|A Multi-Stakeholder Initiative|A Multi-Stakeholder Initiative|A Multi-Stakeholder Initiative|A Multi-Stakeholder Initiative|A Multi-Stakeholder Initiative|A Multi-Stakeholder Initiative|Myanmar Centre for Responsible Business (OAR facility list in Myanmar)|A Multi-Stakeholder Initiative|Wikirate International e.V. (2019 Apparel Suppliers on Wikirate part 5)","","","","","","","False"
"MM2019107KX7P3Y","2019-04-17","Champion Winner Industry Co.,Ltd","No.255, Industry Road, Wartayar Industrial Zone, Shwepyithar Tsp, Yangon, 0, Yangon, Myanmar","MM","Myanmar",16.9763697,96.0637782,"Apparel|Unspecified","A Brand / Retailer|A Multi-Stakeholder Initiative|H&M Group (H&M JULY 2024 Facilities list)|A Brand / Retailer|ZDHC Foundation (ZDHC Registered Facilities 21 February 2020)|A Brand / Retailer|A Brand / Retailer|A Multi-Stakeholder Initiative|A Multi-Stakeholder Initiative|A Brand / Retailer|A Brand / Retailer|A Multi-Stakeholder Initiative|A Brand / Retailer|Kappahl Group (KappAhl Processing Facility List March 2021)|A Multi-Stakeholder Initiative|A Brand / Retailer|A Multi-Stakeholder Initiative|A Multi-Stakeholder Initiative|A Multi-Stakeholder Initiative|H&M Group (H&M June 2024 Facilities list)|A Brand / Retailer|A Brand / Retailer|A Multi-Stakeholder Initiative|A Multi-Stakeholder Initiative|A Brand / Retailer|A Multi-Stakeholder Initiative|A Multi-Stakeholder Initiative|ZDHC Foundation (ZDHC Facility Additional Fields March 2022)|A Brand / Retailer|A Brand / Retailer|ZDHC Foundation (ZDHC Facility Additional Fields March 2022)|A Civil Society Organization|A Multi-Stakeholder Initiative|Myanmar Centre for Responsible Business (OAR facility list in Myanmar)|Myanmar Centre for Responsible Business (OAR facility list in Myanmar)|H&M Group (H&M Aug 2024 Facilities list)|A Civil Society Organization|H&M Group (Processing Factories - H&M Group 2022)|H&M Group (H&M Oct 2024 Facility list)|H&M Group (H&M Processing Factories list from Feb 2023)|Worldly|A Multi-Stakeholder Initiative|H&M Group (H&M Group Facilities list October2023)|H&M Group (H&M November Factory List)|H&M Group (H&M January 2024 Facilities list)|H&M Group (H&M Feb 2024 Facilities list)|H&M Group (H&M Sept 2024 Facility list)|H&M Group (H&M March 2024 Facilities list)|H&M Group (H&M April 2024 Facilities list)|H&M Group (H&M Nov 2024 Facility list)|H&M Group (H&M Dec 2024 Facility list)|Kappahl Group (KappAhl Processing Facility List August 2020)|A Civil Society Organization|SLCP (Social & Labor Convergence Program List 2025)","1-100|1-100|1-100|1-100|1-100|1-500|1-500|1-500|1-500|1-500|1-500|1-500|1-500","Champion Winner Industry Co.,Ltd|Champion Winner Industry Co.,Ltd","Processing |Processing|Processing unit","","Processing|Processing|Processing|Processing|Processing|Processing unit|Processing unit|Processing unit|Processing unit|Processing unit|Processing unit|Processing unit|Processing unit","","False"
"MM2019107MJ7QM6","2022-05-25","Karisma Apparel (Myanmar) Company Limited","Plot No.18,19,20, Near Yangon-Mandalay Main Road, Nyaung Inn Village, Bago Industrial Complex (Foreign Industrial Zone), Bago Region, Myanmar","MM","Myanmar",17.2549229,96.4553415,"Apparel|Textiles|Unspecified","A Multi-Stakeholder Initiative|A Civil Society Organization|Partnership for Sustainable Textiles (PST) (PST Aug 2025 - H-P)|A Civil Society Organization|A Civil Society Organization|A Brand / Retailer|A Multi-Stakeholder Initiative|A Brand / Retailer|ZDHC Foundation (ZDHC Registered Facilities 21 February 2020)|A Brand / Retailer|A Brand / Retailer|A Brand / Retailer|A Multi-Stakeholder Initiative|A Multi-Stakeholder Initiative|A Brand / Retailer|A Brand / Retailer|A Brand / Retailer|A Multi-Stakeholder Initiative|A Multi-Stakeholder Initiative|A Multi-Stakeholder Initiative|A Multi-Stakeholder Initiative|A Multi-Stakeholder Initiative|A Multi-Stakeholder Initiative|A Brand / Retailer|A Brand / Retailer|A Brand / Retailer|A Brand / Retailer|A Brand / Retailer|A Multi-Stakeholder Initiative|A Multi-Stakeholder Initiative|A Multi-Stakeholder Initiative|A Multi-Stakeholder Initiative|A Brand / Retailer|A Brand / Retailer|A Multi-Stakeholder Initiative|A Multi-Stakeholder Initiative|A Multi-Stakeholder Initiative|A Multi-Stakeholder Initiative|A Multi-Stakeholder Initiative|A Multi-Stakeholder Initiative|A Multi-Stakeholder Initiative|A Multi-Stakeholder Initiative|OEKO-TEX ® (STeP by OEKO-TEX® certified facilities per 20 April 2022)|Myanmar Centre for Responsible Business (OAR facility list in Myanmar)|Worldly|Myanmar Centre for Responsible Business (OAR facility list in Myanmar)|A Multi-Stakeholder Initiative|MADE (MADE facility list for November 2023)|Wikirate International e.V. (2018 Apparel Suppliers on Wikirate part 7)|Myanmar Garment Manufacturers Association (MGMA) [Public List] (Myanmar Garment Manufacturers Association (Gathered March 2025))|Myanmar Trade Promotion Organization (Myantrade) [Public List] (Myantrade Directory of Exporters (as of March 2025))|Lidl Stiftung & Co. KG (Lidl Facility List June 2025)","1406","","Garment Wash, Printing, Cutting, Embroidering, Packing, Sewing","","Printing|Garment Wash|Packing|Sewing|Cutting|Embroidering","Kid Wear","False"
"MM2019107MZ33MV","2019-04-17","Tristate Myanmar Co. Ltd","Pyin Ma Bin Industrial Park, Htauk Kyant, Mingalardon Tsp., 11181, Yangon, Myanmar","MM","Myanmar",16.9926645,96.1327984,"Apparel","Myanmar Trade Promotion Organization (Myantrade) [Public List] (Myantrade Directory of Exporters (as of March 2025))|A Brand / Retailer|A Multi-Stakeholder Initiative|A Brand / Retailer|A Brand / Retailer|Worldly|A Brand / Retailer|A Brand / Retailer|A Multi-Stakeholder Initiative|A Multi-Stakeholder Initiative|A Brand / Retailer|A Brand / Retailer|A Multi-Stakeholder Initiative|A Brand / Retailer|A Multi-Stakeholder Initiative|A Multi-Stakeholder Initiative|A Multi-Stakeholder Initiative|A Multi-Stakeholder Initiative|A Brand / Retailer|A Multi-Stakeholder Initiative|A Multi-Stakeholder Initiative|A Multi-Stakeholder Initiative|A Multi-Stakeholder Initiative|Wikirate International e.V.|A Brand / Retailer|An Auditor / Certification Scheme / Service Provider|Wikirate International e.V. (2017 Apparel Suppliers on Wikirate part 2)|Wikirate International e.V. (2018 Apparel Suppliers on Wikirate part 2)|Wikirate International e.V. (2020 Apparel Suppliers on Wikirate part 11)|Myanmar Garment Manufacturers Association (MGMA) [Public List] (Myanmar Garment Manufacturers Association (Gathered March 2025))","1200|876|1200","","","","","Pants|Skirt|Jackets|Dresses","False"
"MM2019107N61Y3B","2022-05-25","Saung Oo Shwe Nay (Golden Sunshine) Company Limited","Plot No.34-35, Block No.24, Ngwe Pin Lae Middle Street, Ngwe Pin Lae Industrial Zone, Hlaingtharya Township, 11401, Yangon Region, Myanmar","MM","Myanmar",16.9268661,96.0605508,"Apparel|Unspecified","A Brand / Retailer|A Multi-Stakeholder Initiative|A Brand / Retailer|A Brand / Retailer|A Brand / Retailer|A Brand / Retailer|A Brand / Retailer|A Multi-Stakeholder Initiative|A Multi-Stakeholder Initiative|A Multi-Stakeholder Initiative|A Multi-Stakeholder Initiative|A Brand / Retailer|A Brand / Retailer|A Multi-Stakeholder Initiative|A Brand / Retailer|A Brand / Retailer|A Brand / Retailer|A Brand / Retailer|Myanmar Centre for Responsible Business (OAR facility list in Myanmar)|Myanmar Centre for Responsible Business (OAR facility list in Myanmar)|A Brand / Retailer|H&M Group (Manufacturing Factories HM 2023)|A Multi-Stakeholder Initiative|H&M Group (H&M Group Facilities list October2023)|H&M Group (H&M November Factory List)|H&M Group (H&M January 2024 Facilities list)|Wikirate International e.V. (2018 Apparel Suppliers on Wikirate part 7)|H&M Group (H&M Feb 2024 Facilities list)|H&M Group (H&M March 2024 Facilities list)|Myanmar Garment Manufacturers Association (MGMA) [Public List] (Myanmar Garment Manufacturers Association (Gathered March 2025))|Myanmar Trade Promotion Organization (Myantrade) [Public List] (Myantrade Directory of Exporters (as of March 2025))|A Civil Society Organization|SLCP (Social & Labor Convergence Program List 2025)","3001-3500|3001-3500|3001-3500|3001-3500|3001-3500","","Manufacturing|Manufacturing ","","Manufacturing|Manufacturing|Manufacturing|Manufacturing|Manufacturing","Pants|Jackets","False"
"MM2019107NBZC92","2019-04-17","ShinSung Tongsang Int'l Co.Ltd","No. 365, Daw Phwar Shin Road, Shwe Lin Pan Industrial Zone,, 11181, Yangon, Myanmar","MM","Myanmar",16.914015,96.0652719,"Apparel","A Brand / Retailer|A Multi-Stakeholder Initiative|A Brand / Retailer|A Brand / Retailer|A Brand / Retailer|A Brand / Retailer|A Multi-Stakeholder Initiative|A Multi-Stakeholder Initiative|A Multi-Stakeholder Initiative|A Multi-Stakeholder Initiative|A Brand / Retailer|A Multi-Stakeholder Initiative|A Multi-Stakeholder Initiative|A Multi-Stakeholder Initiative|A Multi-Stakeholder Initiative|Wikirate International e.V.|Myanmar Centre for Responsible Business (OAR facility list in Myanmar)|Wikirate International e.V. (2020 Apparel Suppliers on Wikirate part 6)","2483|2483","","","","","","False"
"MM2019107Q5TS41","2022-05-25","MINGALAR SUMBIRI GARMENT CO. LTD.","Plot No.27, No.3-Highway Road, Yangon Industrial Zone, Zay Gabar Compound, Mingaladon Township, Yangon Region, Myanmar","MM","Myanmar",16.94551,96.17524,"Apparel","A Brand / Retailer|A Multi-Stakeholder Initiative|A Brand / Retailer|A Brand / Retailer|A Brand / Retailer|A Brand / Retailer|A Multi-Stakeholder Initiative|A Multi-Stakeholder Initiative|A Brand / Retailer|A Brand / Retailer|A Brand / Retailer|A Multi-Stakeholder Initiative|A Multi-Stakeholder Initiative|A Multi-Stakeholder Initiative|A Brand / Retailer|A Brand / Retailer|A Multi-Stakeholder Initiative|A Multi-Stakeholder Initiative|A Brand / Retailer|A Brand / Retailer|A Multi-Stakeholder Initiative|A Multi-Stakeholder Initiative|A Multi-Stakeholder Initiative|A Multi-Stakeholder Initiative|A Brand / Retailer|A Brand / Retailer|A Multi-Stakeholder Initiative|A Multi-Stakeholder Initiative|A Multi-Stakeholder Initiative|A Multi-Stakeholder Initiative|A Multi-Stakeholder Initiative|A Multi-Stakeholder Initiative|A Brand / Retailer|A Multi-Stakeholder Initiative|A Multi-Stakeholder Initiative|A Brand / Retailer|A Brand / Retailer|A Brand / Retailer|A Brand / Retailer|Myanmar Centre for Responsible Business (OAR facility list in Myanmar)|Myanmar Centre for Responsible Business (OAR facility list in Myanmar)|A Brand / Retailer|Wikirate International e.V. (2018 Apparel Suppliers on Wikirate part 7)","","","","","","","False"
"MM2019107QMWHCJ","2019-04-17","New Green Land Garment Company Limited","No.44,No.3 Road, Pyinmabin Industrial Zone,Htauk Kyunt,Mingalardon Tsp,, N/A, Yangon, Myanmar","MM","Myanmar",17.0455689,96.1599378,"Apparel","A Brand / Retailer|A Multi-Stakeholder Initiative|Myanmar Centre for Responsible Business (OAR facility list in Myanmar)|Myanmar Garment Manufacturers Association (MGMA) [Public List] (Myanmar Garment Manufacturers Association (Gathered March 2025))|Myanmar Trade Promotion Organization (Myantrade) [Public List] (Myantrade Directory of Exporters (as of March 2025))","","","","","","Pantss|Jackets|Shirt","False"
"MM2019107RDPWCH","2019-04-17","Myanmar Wise-Pacific Apparel Bago Company Ltd","Inndagaw Industrial Complex, 08016, Inndagaw Township, Myanmar","MM","Myanmar",17.1839491,96.3704778,"Apparel","A Brand / Retailer|A Multi-Stakeholder Initiative|A Multi-Stakeholder Initiative|A Brand / Retailer|A Brand / Retailer|A Brand / Retailer|A Brand / Retailer|A Brand / Retailer|A Multi-Stakeholder Initiative|A Multi-Stakeholder Initiative|A Multi-Stakeholder Initiative|A Brand / Retailer|A Brand / Retailer|A Multi-Stakeholder Initiative|A Brand / Retailer|A Multi-Stakeholder Initiative|A Multi-Stakeholder Initiative|A Multi-Stakeholder Initiative|A Multi-Stakeholder Initiative|A Multi-Stakeholder Initiative|Myanmar Centre for Responsible Business (OAR facility list in Myanmar)|Wikirate International e.V. (2017 Apparel Suppliers on Wikirate part 2)|Wikirate International e.V. (2018 Apparel Suppliers on Wikirate part 7)|Wikirate International e.V. (2020 Apparel Suppliers on Wikirate part 10)","","","","","","","False"
"MM2019107V6E8X2","2022-05-25","DONGYI(MYANMAR) COMPANY LIMITED","Plot No. 130, Myay Taing Block No. 51, Thar Du Kan Industrial Zone, Shwe Pyi Thar Township, Yangon Region, Myanmar.","MM","Myanmar",16.99061633602,96.0893864553899,"Apparel|Multi-Category|Unspecified","A Brand / Retailer|A Multi-Stakeholder Initiative|A Brand / Retailer|A Brand / Retailer|A Brand / Retailer|A Brand / Retailer|A Multi-Stakeholder Initiative|A Multi-Stakeholder Initiative|A Brand / Retailer|A Brand / Retailer|A Multi-Stakeholder Initiative|A Brand / Retailer|A Multi-Stakeholder Initiative|A Brand / Retailer|A Multi-Stakeholder Initiative|A Brand / Retailer|A Brand / Retailer|A Brand / Retailer|A Brand / Retailer|A Multi-Stakeholder Initiative|A Brand / Retailer|A Brand / Retailer|A Brand / Retailer|A Brand / Retailer|A Brand / Retailer|A Multi-Stakeholder Initiative|A Multi-Stakeholder Initiative|A Multi-Stakeholder Initiative|A Multi-Stakeholder Initiative|A Multi-Stakeholder Initiative|A Multi-Stakeholder Initiative|A Brand / Retailer|A Brand / Retailer|A Brand / Retailer|A Brand / Retailer|A Brand / Retailer|Myanmar Centre for Responsible Business (OAR facility list in Myanmar)|Myanmar Centre for Responsible Business (OAR facility list in Myanmar)|An Auditor / Certification Scheme / Service Provider|A Brand / Retailer|A Brand / Retailer|A Brand / Retailer|A Brand / Retailer|A Brand / Retailer|A Brand / Retailer|A Multi-Stakeholder Initiative|A Brand / Retailer|MADE (MADE facility list for November 2023)|Wikirate International e.V. (2018 Apparel Suppliers on Wikirate part 7)|Wikirate International e.V. (2019 Apparel Suppliers on Wikirate part 5)|A Brand / Retailer|Myanmar Garment Manufacturers Association (MGMA) [Public List] (Myanmar Garment Manufacturers Association (Gathered March 2025))|Myanmar Trade Promotion Organization (Myantrade) [Public List] (Myantrade Directory of Exporters (as of March 2025))","","","","","","Suit|Skirt|Vest|Pants|Jackets","False"
"MM2019107X0TV11","2019-04-17","Myanmar You He(Advanced Technology)Niche Embroidery Co.,ltd","No(326/327)Ka Naung Min Thar Gyi Street,Shwe Lin Ban Industrial Zone, 11401, Yangon, Myanmar","MM","Myanmar",16.914015,96.0652719,"Apparel|Unspecified","A Brand / Retailer|H&M Group (H&M April 2024 Facilities list)|A Multi-Stakeholder Initiative|A Brand / Retailer|A Brand / Retailer|A Brand / Retailer|A Multi-Stakeholder Initiative|A Multi-Stakeholder Initiative|A Brand / Retailer|A Brand / Retailer|A Multi-Stakeholder Initiative|Kappahl Group (KappAhl Processing Facility List August 2020)|A Brand / Retailer|Kappahl Group (KappAhl Processing Facility List March 2021)|A Multi-Stakeholder Initiative|A Brand / Retailer|A Multi-Stakeholder Initiative|A Multi-Stakeholder Initiative|A Multi-Stakeholder Initiative|H&M Group (H&M June 2024 Facilities list)|A Brand / Retailer|A Multi-Stakeholder Initiative|A Multi-Stakeholder Initiative|A Multi-Stakeholder Initiative|A Multi-Stakeholder Initiative|H&M Group (H&M JULY 2024 Facilities list)|A Brand / Retailer|A Brand / Retailer|A Multi-Stakeholder Initiative|Myanmar Centre for Responsible Business (OAR facility list in Myanmar)|H&M Group (H&M Sept 2024 Facility list)|H&M Group (H&M Aug 2024 Facilities list)|A Brand / Retailer|A Brand / Retailer|H&M Group (Processing Factories - H&M Group 2022)|H&M Group (H&M Oct 2024 Facility list)|H&M Group (Fabric, Yarn & Tanneries HM February 2023)|H&M Group (H&M Processing Factories list from Feb 2023)|A Multi-Stakeholder Initiative|H&M Group (H&M Group Facilities list October2023)|Wikirate International e.V. (2018 Apparel Suppliers on Wikirate part 8)|H&M Group (H&M November Factory List)|H&M Group (H&M January 2024 Facilities list)|H&M Group (H&M Feb 2024 Facilities list)|H&M Group (H&M March 2024 Facilities list)|H&M Group (H&M Nov 2024 Facility list)|H&M Group (H&M Dec 2024 Facility list)","101-500|101-500|1-100|1-100|1-100|1-500|1-500|1-500|1-500|1-500|1-500|1-500|1-500","","Component unit|Component unit |Processing|Processing |Processing unit| Processing unit","","Processing|Processing|Processing|Processing|Processing|Processing unit|Component unit|Processing unit|Component unit|Component unit|Processing unit|Component unit|Processing unit|Component unit|Processing unit|Component unit|Processing unit|Component unit|Processing unit|Processing unit|Component unit","","False"
"MM2019107YKG8E5","2022-05-25","Myanmar Xiang Rui Fashion Company Limited","Plot No. 51 (152), Oaktha Pha Yar Road, Thardukan Industrial Zone, Shwepyithar Township, Yangon Region, Myanmar  ","MM","Myanmar",16.9882262667205,96.0840072311525,"Apparel|Unspecified","A Brand / Retailer|A Multi-Stakeholder Initiative|A Brand / Retailer|A Brand / Retailer|A Brand / Retailer|A Multi-Stakeholder Initiative|A Multi-Stakeholder Initiative|A Brand / Retailer|A Brand / Retailer|A Multi-Stakeholder Initiative|A Brand / Retailer|A Brand / Retailer|A Brand / Retailer|Kappahl Group (KappAhl Manufacturing Facility List August 2020)|A Brand / Retailer|Kappahl Group (KappAhl Manufacturing Facility List March 2021)|A Multi-Stakeholder Initiative|Worldly|A Brand / Retailer|A Multi-Stakeholder Initiative|A Brand / Retailer|A Multi-Stakeholder Initiative|A Multi-Stakeholder Initiative|A Brand / Retailer|A Brand / Retailer|A Multi-Stakeholder Initiative|A Multi-Stakeholder Initiative|A Multi-Stakeholder Initiative|A Multi-Stakeholder Initiative|A Brand / Retailer|Wikirate International e.V.|Myanmar Centre for Responsible Business (OAR facility list in Myanmar)|A Brand / Retailer|Wikirate International e.V. (2018 Apparel Suppliers on Wikirate part 7)|OVS Spa (OVS SPA SUPPLIERS LIST - TIER 1 FY2023)|Myanmar Garment Manufacturers Association (MGMA) [Public List] (Myanmar Garment Manufacturers Association (Gathered March 2025))|A Civil Society Organization|SLCP (Social & Labor Convergence Program List 2025)","670|724","BUTTRESS INTERNATIONAL TRADING CO. LTD."," DRESSES| NIGHTGOWN| DRESSING GOWN|BEACHWEAR| CUT&SEWN KNITWEAR| PYJAMAS| OUTERWEAR| TROUSERS","Final Product Assembly","Cut & Sew","","False"
"MM2019107ZXEFNW","2022-05-25","Modern Era Handbags Co Ltd","Plot No.45-Ka-Kha, Myay Taing Block No.42,Kanaung Mingthar Gyi Street, Shwepyithar Industrial Zone (1), Shwepyithar Township,  Yangon Region, Myanmar","MM","Myanmar",16.94434,96.09524,"Apparel|Multi-Category","A Brand / Retailer|A Multi-Stakeholder Initiative|A Brand / Retailer|A Brand / Retailer|A Brand / Retailer|A Multi-Stakeholder Initiative|A Multi-Stakeholder Initiative|A Multi-Stakeholder Initiative|A Multi-Stakeholder Initiative|Myanmar Centre for Responsible Business (OAR facility list in Myanmar)|A Brand / Retailer|A Multi-Stakeholder Initiative","","","","","","","False"
"MM2019108WW2B9X","2022-05-25","Yangon Pan-Pacific International Company Limited"," Plot No. 29/1 Kamarkyi Road, Thuwunna Thingangyun Township, Yangon, Myanmar, 11071","MM","Myanmar",16.8182067427385,96.2145068660708,"Apparel|Unspecified","A Brand / Retailer|A Brand / Retailer|A Brand / Retailer|A Brand / Retailer|A Brand / Retailer|A Brand / Retailer|A Brand / Retailer|A Brand / Retailer|Wikirate International e.V. (Gap Inc. Factory List March 2017)|A Brand / Retailer|A Multi-Stakeholder Initiative|A Multi-Stakeholder Initiative|A Multi-Stakeholder Initiative|Fair Wear Foundation (Fair Wear Aug 2024)|A Multi-Stakeholder Initiative|A Multi-Stakeholder Initiative|A Multi-Stakeholder Initiative|A Multi-Stakeholder Initiative|Myanmar Centre for Responsible Business (OAR facility list in Myanmar)|Myanmar Centre for Responsible Business (OAR facility list in Myanmar)|Wikirate International e.V. (2016 Apparel Suppliers on Wikirate)|A Multi-Stakeholder Initiative|A Multi-Stakeholder Initiative|Myanmar Centre for Responsible Business (OAR facility list in Myanmar)|Myanmar Trade Promotion Organization (Myantrade) [Public List] (Myantrade Directory of Exporters (as of March 2025))","1000","","Product Finishing|Packaging|Cut & Sew|Cutting","","Product Finishing|Cutting|Cut & Sew|Packaging","Outdoorwear|Pants|Jackets","False"
"MM20191434TK7FN","2022-05-25","Thong Thai Textile (Myanmar) Company Limited","Plot No.175, Pan Be Kaung Mg Khet Street, Hlaingtharya Industrial Zone (1), Hlaingtharya Township, Yangon Region, Myanmar","MM","Myanmar",16.8373805,96.0823483,"Apparel","A Brand / Retailer|A Brand / Retailer|A Multi-Stakeholder Initiative|mhibanada (2019 Adidas Supplier List Tier 1 & 2)|mhibanada (2020 Adidas Supplier List Tier 1 & 2)|mhibanada (2018 Adidas Supplier List Tier 1 & 2)|A Multi-Stakeholder Initiative|A Multi-Stakeholder Initiative|A Multi-Stakeholder Initiative|A Multi-Stakeholder Initiative|A Multi-Stakeholder Initiative|A Multi-Stakeholder Initiative|A Brand / Retailer|Myanmar Centre for Responsible Business (OAR facility list in Myanmar)|Wikirate International e.V. (2018 Apparel Suppliers on Wikirate part 2)|MADE (MADE facility list for November 2023)|Wikirate International e.V. (2020 Apparel Suppliers on Wikirate part 2)|Myanmar Garment Manufacturers Association (MGMA) [Public List] (Myanmar Garment Manufacturers Association (Gathered March 2025))","","","","","","","False"
"MM20191439MJYB6","2019-05-23","Myanmar Pou Chen Company Limited","No.112/121, No.4 High Way Road,  Thardu Kan Industrial Zone Shwe Pyi Thar Township Yangon 11411 Yangon Myanmar","MM","Myanmar",16.993594,96.0906808,"Apparel|Footwear|Textiles|Unspecified","Pou Chen Group (Claimed)|A Multi-Stakeholder Initiative|A Civil Society Organization|Partnership for Sustainable Textiles (PST) (PST Aug 2025 - H-P)|A Brand / Retailer|A Civil Society Organization|A Civil Society Organization|A Brand / Retailer|adidas (OSHub-Data-Template-adidas-Wet Process Suppliers-Oct 2025)|adidas (OSHub-Data-Template-adidas-Primary-Jan 2026)|mhibanada (2018 World Cup Adidas Supplier List)|A Brand / Retailer|A Brand / Retailer|A Multi-Stakeholder Initiative|Pou Chen Group (Pou Chen Group Facility List December 2020)|mhibanada (2019 Adidas Supplier List Tier 1 & 2)|mhibanada (2019 Adidas Supplier List Tier 1 & 2)|mhibanada (2020 UEFA European Championship Adidas Supplier List)|mhibanada (2020 Adidas Supplier List Tier 1 & 2)|mhibanada (2018 Adidas Supplier List Tier 1 & 2)|mhibanada (2018 Adidas Supplier List Tier 1 & 2)|A Multi-Stakeholder Initiative|A Multi-Stakeholder Initiative|A Multi-Stakeholder Initiative|A Multi-Stakeholder Initiative|A Brand / Retailer|A Multi-Stakeholder Initiative|A Brand / Retailer|Myanmar Centre for Responsible Business (OAR facility list in Myanmar)|Myanmar Centre for Responsible Business (OAR facility list in Myanmar)|A Civil Society Organization|An Auditor / Certification Scheme / Service Provider|A Brand / Retailer|A Brand / Retailer|An Auditor / Certification Scheme / Service Provider|Wikirate International e.V. (2020 Apparel Suppliers on Wikirate part 10)|A Brand / Retailer|A Brand / Retailer|A Brand / Retailer|A Brand / Retailer","5335","Pou Chen Group","","","","Footwear","False"
"MM2019143C1S0G4","2019-05-23","Shyang Peng Cheng Co. Ltd  (SHB)","No.(9/3,41,42,52) Kwin No.(620-Ka) West Maekhone Steet, Maekhone Village  Bago 8011 Bago Myanmar","MM","Myanmar",17.360312,96.4553371,"Apparel|Footwear","A Brand / Retailer|A Brand / Retailer|A Multi-Stakeholder Initiative|mhibanada (2019 Adidas Supplier List Tier 1 & 2)|mhibanada (2020 Adidas Supplier List Tier 1 & 2)|mhibanada (2018 Adidas Supplier List Tier 1 & 2)|A Multi-Stakeholder Initiative|A Multi-Stakeholder Initiative|A Multi-Stakeholder Initiative|A Multi-Stakeholder Initiative|Wikirate International e.V.|A Brand / Retailer|Myanmar Centre for Responsible Business (OAR facility list in Myanmar)|An Auditor / Certification Scheme / Service Provider|An Auditor / Certification Scheme / Service Provider|An Auditor / Certification Scheme / Service Provider|A Brand / Retailer|An Auditor / Certification Scheme / Service Provider|An Auditor / Certification Scheme / Service Provider|An Auditor / Certification Scheme / Service Provider|An Auditor / Certification Scheme / Service Provider|A Brand / Retailer|Wikirate International e.V. (2020 Apparel Suppliers on Wikirate part 2)","2442","","","","","","False"
"MM2019143VZ493R","2023-03-01","Bago Sports Gloves Co., Ltd","Plot-32, Bago-Tite Kyi Road,Foreign Industrial Area, Nyang Inn Village ,Bago,Bago","MM","Myanmar",17.2487629,96.4600046,"Apparel|Hard Goods|Sporting Goods|Sports Equipment|Textiles|Unspecified","A Multi-Stakeholder Initiative|A Civil Society Organization|A Multi-Stakeholder Initiative|A Civil Society Organization|A Brand / Retailer|A Civil Society Organization|Partnership for Sustainable Textiles (PST) (PST Aug 2025 - 0-9, A-G)|A Civil Society Organization|A Brand / Retailer|adidas (OSHub-Data-Template-adidas-Primary-Jan 2026)|A Brand / Retailer|A Multi-Stakeholder Initiative|mhibanada (2019 Adidas Supplier List Tier 1 & 2)|mhibanada (2020 Adidas Supplier List Tier 1 & 2)|mhibanada (2018 Adidas Supplier List Tier 1 & 2)|A Multi-Stakeholder Initiative|A Multi-Stakeholder Initiative|A Multi-Stakeholder Initiative|A Multi-Stakeholder Initiative|A Brand / Retailer|Wikirate International e.V.|A Civil Society Organization|A Multi-Stakeholder Initiative|A Brand / Retailer|Myanmar Centre for Responsible Business (OAR facility list in Myanmar)|A Civil Society Organization|Dick's Sporting Goods  (Dick's Sporting Goods )|A Multi-Stakeholder Initiative|Fair Factories Clearinghouse (FFC Factory List Oct 2022)|A Brand / Retailer|A Brand / Retailer|Wikirate International e.V. (2020 Apparel Suppliers on Wikirate part 2)|A Brand / Retailer|A Brand / Retailer","933|723|721","Naigai Co Ltd|Naigai Corporation","Final Product Assembly","","Final Product Assembly","","False"
"MM2019158D42E4S","2019-06-07","ZKG Asia Limited","No.50 Shwe Myodaw Zaydi Street Mingalardon Garden Park Yangon Industrial Zone Mingalardon Township Yangon Myanmar","MM","Myanmar",16.9293855,96.11686259999999,"Apparel|Unspecified","A Brand / Retailer|A Brand / Retailer|A Brand / Retailer|A Brand / Retailer|A Brand / Retailer|A Brand / Retailer|A Brand / Retailer|A Brand / Retailer|A Brand / Retailer|A Brand / Retailer|Worldly|A Brand / Retailer|Arcteryx [Public List] (Arcteryx 2021 Facility List)|Gorewear [Public List] (Gorewear 2021 facility list)|Arcteryx [Public List] (Arc'teryx March 2022 Supply Chain Partners Facility List)|Myanmar Centre for Responsible Business (OAR facility list in Myanmar)|Fair Factories Clearinghouse (FFC Factory List Oct 2022)|Myanmar Garment Manufacturers Association (MGMA) [Public List] (Myanmar Garment Manufacturers Association (Gathered March 2025))|Myanmar Trade Promotion Organization (Myantrade) [Public List] (Myantrade Directory of Exporters (as of March 2025))","","Janning Limited","","","","Apparel|Pants|Jackets","False"
"MM201917282ACQ7","2019-06-21","Fidelity Garment Manufactory (International) Ltd","Plot No 125/126, Myay Taing Block No 51, Thar Du Kan Industrial Zone, Shwe Pyi Thar Township Yangon Mandalay 11181","MM","Myanmar",16.9887272,96.0894256,"Apparel","A Multi-Stakeholder Initiative|A Multi-Stakeholder Initiative|A Multi-Stakeholder Initiative|A Multi-Stakeholder Initiative|A Multi-Stakeholder Initiative|Myanmar Centre for Responsible Business (OAR facility list in Myanmar)|MADE (MADE facility list for November 2023)|Myanmar Garment Manufacturers Association (MGMA) [Public List] (Myanmar Garment Manufacturers Association (Gathered March 2025))","","","","","","","False"
"MM2019172ARHNG8","2022-05-25","Myanmar Magic Link Co., Ltd.","Plot No. 11, Pakokku-Myaing Street, Textile Garment Factory, Pakokku Township, Magway Region, Myanmar","MM","Myanmar",21.3487198,95.0680029,"Apparel|Unspecified","A Multi-Stakeholder Initiative|A Multi-Stakeholder Initiative|Myanmar Centre for Responsible Business (OAR facility list in Myanmar)|Myanmar Centre for Responsible Business (OAR facility list in Myanmar)|Wikirate International e.V. (2017 Apparel Suppliers on Wikirate part 4)|Myanmar Garment Manufacturers Association (MGMA) [Public List] (Myanmar Garment Manufacturers Association (Gathered March 2025))|A Civil Society Organization|SLCP (Social & Labor Convergence Program List 2025)","","","","","","","False"
"MM2019172EFYFB5","2019-06-21","Ti Garment","Plot No. D4, Mingaladon Industrial Park, Corner Of No. 3 Highway & Khayebin Road Mingaladon Township Yangon 11021","MM","Myanmar",17.0455689,96.1599378,"Apparel|Unspecified","A Multi-Stakeholder Initiative|A Brand / Retailer|A Multi-Stakeholder Initiative|A Multi-Stakeholder Initiative|A Multi-Stakeholder Initiative|A Multi-Stakeholder Initiative|Myanmar Centre for Responsible Business (OAR facility list in Myanmar)|A Brand / Retailer|A Brand / Retailer|A Brand / Retailer|A Brand / Retailer|A Brand / Retailer|A Multi-Stakeholder Initiative|Fair Factories Clearinghouse (FFC Factory List Oct 2022)|A Brand / Retailer|A Brand / Retailer|A Brand / Retailer|A Brand / Retailer|A Brand / Retailer|A Brand / Retailer|A Brand / Retailer|A Brand / Retailer|A Brand / Retailer|A Brand / Retailer|A Brand / Retailer|Myanmar Garment Manufacturers Association (MGMA) [Public List] (Myanmar Garment Manufacturers Association (Gathered March 2025))|Myanmar Trade Promotion Organization (Myantrade) [Public List] (Myantrade Directory of Exporters (as of March 2025))|VF Corporation (VF Corporation Factory List (FY25Q4))","","","","","","Shirt","False"
"MM2019172K7EG9H","2019-06-21","Hengyu Amber Stone Company Ltd","Plot No. 48, Hlaing Htar Yar Industrial Zone (2), Hlaing Thar Yar Township, Yangon Region Yangon Mandalay 11181","MM","Myanmar",16.853398,96.07974,"Apparel","A Multi-Stakeholder Initiative|A Multi-Stakeholder Initiative|A Multi-Stakeholder Initiative|Myanmar Centre for Responsible Business (OAR facility list in Myanmar)","","","","","","","False"
"MM201917604MGJE","2022-05-25","Mec Embroidery","Plot No.8-1-14, Kone Baung 2nd Street, Hlaingtharya Industrial Zone (7),  Hlaingtharya Township, Yangon Region, Myanmar","MM","Myanmar",16.87918,96.08073,"Apparel","A Multi-Stakeholder Initiative|A Multi-Stakeholder Initiative|A Multi-Stakeholder Initiative|A Multi-Stakeholder Initiative|A Multi-Stakeholder Initiative|A Multi-Stakeholder Initiative|Myanmar Centre for Responsible Business (OAR facility list in Myanmar)","","","","","","","False"
"MM20191760ZYM38","2022-05-25","All Ace Industrial","No. 247, Saya Shan Street, Shwe Lin Ban Industrial Zone, Hlaingtharya Township, Yangon Region, Myanmar","MM","Myanmar",16.9144913,96.0689512,"Apparel","A Multi-Stakeholder Initiative|A Multi-Stakeholder Initiative|A Multi-Stakeholder Initiative|A Multi-Stakeholder Initiative|A Multi-Stakeholder Initiative|A Multi-Stakeholder Initiative|Myanmar Centre for Responsible Business (OAR facility list in Myanmar)","","","","","","","False"
"MM20191761AJ6MB","2019-06-25","Sun Apparel Myanmar Co.,Ltd. Sam 3","Plot No. 122/124, Wutmasute Won Htaut Street, Industrial Zone 3, Shwe Pyi Thar Township Yangon Yangon ","MM","Myanmar",16.9753379,96.07851040000001,"Apparel","A Multi-Stakeholder Initiative|A Multi-Stakeholder Initiative|A Multi-Stakeholder Initiative|A Brand / Retailer|A Brand / Retailer|A Multi-Stakeholder Initiative|A Brand / Retailer|A Multi-Stakeholder Initiative|A Brand / Retailer|A Brand / Retailer|A Multi-Stakeholder Initiative|A Multi-Stakeholder Initiative|A Multi-Stakeholder Initiative|Myanmar Centre for Responsible Business (OAR facility list in Myanmar)","","","","","","","False"
"MM20191763NN8CN","2022-05-25","Myanmar York Fashion Company Limited ","Plot No.168, Kyansithar Street, Hlaingtharya Industrial Zone (4), Hlaingtharya Township, Yangon Region, Myanmar","MM","Myanmar",16.8455937,96.2123489,"Apparel|Unspecified","WE Europe BV (WE Europe BV Facility List May 2025)|A Brand / Retailer|A Civil Society Organization|A Brand / Retailer|A Brand / Retailer|BESTSELLER (Tier 1 and Tier 0 October 2025)|BESTSELLER (Tier 1 and Tier 0 February 2026)|A Brand / Retailer|A Multi-Stakeholder Initiative|A Brand / Retailer|Worldly|A Brand / Retailer|A Brand / Retailer|A Brand / Retailer|A Brand / Retailer|A Multi-Stakeholder Initiative|A Brand / Retailer|A Brand / Retailer|A Multi-Stakeholder Initiative|A Brand / Retailer|A Brand / Retailer|A Brand / Retailer|A Brand / Retailer|A Multi-Stakeholder Initiative|A Multi-Stakeholder Initiative|A Brand / Retailer|A Brand / Retailer|A Brand / Retailer|A Multi-Stakeholder Initiative|A Multi-Stakeholder Initiative|A Brand / Retailer|A Brand / Retailer|A Brand / Retailer|A Brand / Retailer|H&M Group (H&M June 2024 Facilities list)|A Multi-Stakeholder Initiative|A Multi-Stakeholder Initiative|H&M Group (H&M JULY 2024 Facilities list)|A Brand / Retailer|A Brand / Retailer|A Brand / Retailer|Wikirate International e.V.|A Civil Society Organization|A Brand / Retailer|A Multi-Stakeholder Initiative|A Brand / Retailer|A Brand / Retailer|A Brand / Retailer|Myanmar Centre for Responsible Business (OAR facility list in Myanmar)|H&M Group (H&M Sept 2024 Facility list)|H&M Group (H&M Aug 2024 Facilities list)|A Civil Society Organization|A Brand / Retailer|A Brand / Retailer|Fair Factories Clearinghouse (FFC Factory List Oct 2022)|H&M Group (H&M Oct 2024 Facility list)|H&M Group (Manufacturing Factories HM 2023)|A Brand / Retailer|A Brand / Retailer|A Brand / Retailer|WE Europe BV (WE Fashion Production location list July 2023)|A Brand / Retailer|A Multi-Stakeholder Initiative|A Brand / Retailer|A Brand / Retailer|H&M Group (H&M Group Facilities list October2023)|A Brand / Retailer|A Brand / Retailer|H&M Group (H&M November Factory List)|MADE (MADE facility list for November 2023)|A Brand / Retailer|WE Europe BV (WE Fashion production location list 2024)|H&M Group (H&M January 2024 Facilities list)|Wikirate International e.V. (2020 Apparel Suppliers on Wikirate part 11)|A Brand / Retailer|H&M Group (H&M Feb 2024 Facilities list)|A Brand / Retailer|H&M Group (H&M March 2024 Facilities list)|A Brand / Retailer|A Brand / Retailer|H&M Group (H&M April 2024 Facilities list)|H&M Group (H&M Nov 2024 Facility list)|H&M Group (H&M Dec 2024 Facility list)|A Brand / Retailer|Myanmar Garment Manufacturers Association (MGMA) [Public List] (Myanmar Garment Manufacturers Association (Gathered March 2025))|Myanmar Trade Promotion Organization (Myantrade) [Public List] (Myantrade Directory of Exporters (as of March 2025))","1000-4999|1001-5000|1001-5000|2|1000-5000|2001-2500|2001-2500|2001-2500|2001-2500|2001-2500|2001-4000|2001-4000|2001-4000|2001-4000|2|1000-5000|2001-4000|2001-4000|2001-4000|2001-4000","Bright Sunshine Intern. Co.Ltd (old: Nova Palm Group)|Bright Sunshine Intern. Co.Ltd |Bright Sunshine Intern. Co.Ltd (old: Nova Palm Group)","Manufacturing|Production |Manufacturing unit|Production|Manufacturing ","Textile or Material Production|Textile or Material Production|Textile or Material Production","Material Production|Material Production|Manufacturing|Manufacturing|Manufacturing|Manufacturing|Manufacturing|Manufacturing unit|Manufacturing unit|Manufacturing unit|Manufacturing unit|Material Production|Manufacturing unit|Manufacturing unit|Manufacturing unit|Manufacturing unit","Pants|Jackets","False"
"MM2019176G6F0QG","2022-05-25","China Profit Washing Co. Ltd.","Plot No.21, Hlay Thinn Atwin Wun U Chein Street, Hlaingtharya Industrial Zone (2), Hlaingtharya Township, Yangon Region, Myanmar","MM","Myanmar",16.857686,96.075553,"Apparel","A Multi-Stakeholder Initiative|A Multi-Stakeholder Initiative|A Multi-Stakeholder Initiative|A Multi-Stakeholder Initiative|Myanmar Centre for Responsible Business (OAR facility list in Myanmar)","","","","","","","False"
"MM2019176R5WXCP","2022-05-25","Diamond Co., Ltd.","Plot No.327, Makhayarminthargyi Road, Shwe Pauk Kan Industrial Zone, North Okkalapa Township, Yangon Region, Myanmar","MM","Myanmar",16.933876,96.1728681,"Apparel","A Multi-Stakeholder Initiative|A Multi-Stakeholder Initiative|An Auditor / Certification Scheme / Service Provider|Myanmar Centre for Responsible Business (OAR facility list in Myanmar)","","","","","","","False"
"MM2019176TB368A","2019-06-25","Banner Printing Co. Ltd.","No (139), 19/1, Kanauang Minthargy(7) Street, Shwe Paukan Indusrial Zone. Yangon Yangon ","MM","Myanmar",16.9293273,96.1746386,"Apparel","A Multi-Stakeholder Initiative|A Multi-Stakeholder Initiative|A Multi-Stakeholder Initiative|A Multi-Stakeholder Initiative|A Multi-Stakeholder Initiative|A Multi-Stakeholder Initiative|Myanmar Centre for Responsible Business (OAR facility list in Myanmar)","","","","","","","False"
"MM20191817NVYBG","2019-06-30","JINXING PRINTING COMPANY LIMITED","221 MYIN WUN U AUNG THU STREET, HLAING THA YAR INDUSTRIAL ZONE-2, HLAING THARYAR TOWNSHIP - YANGON (YANGON)","MM","Myanmar",16.8544297,96.079372,"Apparel","Benetton Group (Benetton Group 2018 Facility List)|Myanmar Centre for Responsible Business (OAR facility list in Myanmar)","","","","","","","False"
"MM201918191PPDK","2019-06-30","IGINTE-WORLD COMPANY LIMITED","18/235 INWA STREET, SHWE PAUKKAN INDUSTRIAL ZONE, NORTH OKKALAPA TOWNSHIP - YANGON (YANGON)","MM","Myanmar",16.9359901,96.1712168,"Apparel","Benetton Group (Benetton Group 2018 Facility List)|Myanmar Centre for Responsible Business (OAR facility list in Myanmar)","","","","","","","False"
"MM2019181H9XYKR","2019-06-30","MYANMAR HA HAE CO. LTD","90-91 DAW PHWAR SHIN STREET, DAGON SEIKAN INDUSTRIAL ZONE PART-1, DAGON SEIKKAN TOWNSHIP - 11441 YANGON (YANGON)","MM","Myanmar",16.833062,96.278813,"Apparel|Multi-Category|Unspecified","Wikirate International e.V. (Benetton 2016)|Benetton Group (Benetton Group 2018 Facility List)|Wikirate International e.V. (Gap Inc. Factory List March 2017)|Worldly|A Brand / Retailer|A Multi-Stakeholder Initiative|A Multi-Stakeholder Initiative|A Brand / Retailer|A Brand / Retailer|Benetton Group (Benetton Group Facility List 2020)|A Multi-Stakeholder Initiative|A Multi-Stakeholder Initiative|A Multi-Stakeholder Initiative|A Multi-Stakeholder Initiative|Benetton Group (Benetton Group Facilities List 2021)|Wikirate International e.V.|A Multi-Stakeholder Initiative|Myanmar Centre for Responsible Business (OAR facility list in Myanmar)|Myanmar Centre for Responsible Business (OAR facility list in Myanmar)|Wikirate International e.V. (2016 Apparel Suppliers on Wikirate)|A Civil Society Organization|A Brand / Retailer|A Brand / Retailer|Benetton Group (2022 Benetton suppliers list)|A Brand / Retailer|Myanmar Centre for Responsible Business (OAR facility list in Myanmar)|Wikirate International e.V. (2018 Apparel Suppliers on Wikirate part 8)|Wikirate International e.V. (2020 Apparel Suppliers on Wikirate part 11)|Wikirate International e.V. (2019 Apparel Suppliers on Wikirate part 1)|A Brand / Retailer|Benetton Group (Benetton Facility List 2023)|Myanmar Garment Manufacturers Association (MGMA) [Public List] (Myanmar Garment Manufacturers Association (Gathered March 2025))|Myanmar Trade Promotion Organization (Myantrade) [Public List] (Myantrade Directory of Exporters (as of March 2025))|A Civil Society Organization|SLCP (Social & Labor Convergence Program List 2025)","2663|2663","","MANUFACTURING","Final Product Assembly|Final Product Assembly","Manufacturing|Manufacturing","Jackets|Long Coat","False"
"MM2019181KAMR5Y","2022-05-25","MIBA GON YEE PRODUCTION CO. LTD  POWER FASHION","Plot No.81-A, Lower Mingaladon Road, Sint Ngu ward, Insein Township, Yangon Region, Myanmar","MM","Myanmar",16.9054458,96.0977859,"Apparel","Benetton Group (Benetton Group 2018 Facility List)|Myanmar Centre for Responsible Business (OAR facility list in Myanmar)","","","","","","","False"
"MM2019181ZT33R7","2019-06-30","VINCE (MYANMAR) COMPANY LIMITED","1 SURVEY BLOCK NO. 2 MAIN ROAD, DAGON SEIKKAN TOWNSHIP - YANGON (YANGON)","MM","Myanmar",16.9400572,96.2774999,"Apparel","Benetton Group (Benetton Group 2018 Facility List)|Myanmar Centre for Responsible Business (OAR facility list in Myanmar)|Myanmar Centre for Responsible Business (OAR facility list in Myanmar)","","","","","","","False"
"MM20192212Q5SPR","2022-05-25","Golden KTK Co., Ltd.","Plot No.180-181, Myay Taing Block No.144, Watmasot Won Dauk Street, South Dagon Industrial Zone (2), Extension Dagon (south) Township, Yangon Region.","MM","Myanmar",16.8826170848971,96.2504918082718,"Apparel|Textiles|Unspecified","A Multi-Stakeholder Initiative|A Civil Society Organization|A Multi-Stakeholder Initiative|A Civil Society Organization|A Civil Society Organization|Partnership for Sustainable Textiles (PST) (PST Aug 2025 - 0-9, A-G)|A Civil Society Organization|A Brand / Retailer|A Brand / Retailer|A Brand / Retailer|A Brand / Retailer|A Brand / Retailer|A Brand / Retailer|A Brand / Retailer|New Look Retailers (New Look Tier 1 Factory List May 2023)|A Brand / Retailer|A Multi-Stakeholder Initiative|Myanmar Centre for Responsible Business (OAR facility list in Myanmar)|A Brand / Retailer|A Civil Society Organization|Myanmar Garment Manufacturers Association (MGMA) [Public List] (Myanmar Garment Manufacturers Association (Gathered March 2025))|Myanmar Trade Promotion Organization (Myantrade) [Public List] (Myantrade Directory of Exporters (as of March 2025))","1000","","Apparel|Manufacturing","Final Product Assembly","Manufacturing","Pants|Jackets|Blouse","False"
"MM20192217PEDWZ","2019-08-09","Shweyi ZabeGarmentMfg. Co. Ltd.","No. 25, ShwePyi TharBridgeRoad, ShwePyi TharIndudtrial Zone3, ShwePyi TharTownship, 11411, Yangon  ","MM","Myanmar",16.9298153,96.0806751,"Apparel|Multi-Category|Textiles|Unspecified","A Multi-Stakeholder Initiative|A Civil Society Organization|A Civil Society Organization|Partnership for Sustainable Textiles (PST) (PST Aug 2025 - Q-Z)|A Civil Society Organization|A Civil Society Organization|A Brand / Retailer|A Brand / Retailer|A Brand / Retailer|A Brand / Retailer|A Brand / Retailer|Worldly|A Civil Society Organization|A Multi-Stakeholder Initiative|Myanmar Centre for Responsible Business (OAR facility list in Myanmar)|A Brand / Retailer|A Civil Society Organization|A Brand / Retailer|A Multi-Stakeholder Initiative|Myanmar Garment Manufacturers Association (MGMA) [Public List] (Myanmar Garment Manufacturers Association (Gathered March 2025))|Myanmar Trade Promotion Organization (Myantrade) [Public List] (Myantrade Directory of Exporters (as of March 2025))","","","Manufacturing","Final Product Assembly","Manufacturing","Knitting wears","False"
"MM2019221GMSKC7","2019-08-09","CostecInternational Co. Ltd.","Plot No. 34 - 36 Myataung Wun Gyi U Hmo Street, Industrial Zone - 3, Shwe Pyi Thar Township, Yangon","MM","Myanmar",16.93258,96.08131,"Apparel","A Brand / Retailer|A Brand / Retailer|Myanmar Centre for Responsible Business (OAR facility list in Myanmar)|Myanmar Garment Manufacturers Association (MGMA) [Public List] (Myanmar Garment Manufacturers Association (Gathered March 2025))|Myanmar Trade Promotion Organization (Myantrade) [Public List] (Myantrade Directory of Exporters (as of March 2025))","","","","","","Jackets|Pants","False"
"MM2019221HRE0SV","2019-08-09","ShweSakarCo. Ltd.","No. 18, NearbyThanlyin-ThilawaRoad, AhlwannsuttVillage, ThanlyinTownship, Yangon","MM","Myanmar",16.7427439,96.2645385,"Apparel|Textiles|Unspecified","A Multi-Stakeholder Initiative|A Civil Society Organization|A Civil Society Organization|Partnership for Sustainable Textiles (PST) (PST Aug 2025 - Q-Z)|A Civil Society Organization|A Civil Society Organization|A Brand / Retailer|A Civil Society Organization|A Multi-Stakeholder Initiative|A Civil Society Organization","","","Packaging|Ironing|Cutting|Sewing","Final Product Assembly|Final Product Assembly|Final Product Assembly|Final Product Assembly","Ironing|Sewing|Cutting|Packaging","","False"
"MM2019221NBF6XX","2022-05-25","Myanmar Ayeyarwaddy Manufacturing Co. Ltd.","Plot No. 43-1, 538/Ka, Myay Taing Block No.2, Main Road-No.4,  Shwepyithar Township, 11411, Yangon Region, Myanmar","MM","Myanmar",16.96223,96.09701,"Apparel","A Brand / Retailer|A Brand / Retailer|A Brand / Retailer|A Brand / Retailer|A Brand / Retailer|A Brand / Retailer|A Brand / Retailer|New Look Retailers (New Look Tier 1 Factory List May 2023)|A Brand / Retailer|Myanmar Centre for Responsible Business (OAR facility list in Myanmar)|A Brand / Retailer|An Auditor / Certification Scheme / Service Provider|MADE (MADE facility list for November 2023)|Myanmar Garment Manufacturers Association (MGMA) [Public List] (Myanmar Garment Manufacturers Association (Gathered March 2025))|Myanmar Trade Promotion Organization (Myantrade) [Public List] (Myantrade Directory of Exporters (as of March 2025))","1000","","Apparel","","","Jackets|Long Coat|Pants","False"
"MM2019221XFZ1E5","2019-08-09","MapleTrading Co. Ltd.","No. 6A-6B, IngyinRoad, NyarnaQuarter, PaleMyothit, MingalardonTownship, 11021, Yangon","MM","Myanmar",16.9819578,96.14711510000001,"Apparel|Textiles|Unspecified","A Multi-Stakeholder Initiative|A Civil Society Organization|Partnership for Sustainable Textiles (PST) (PST Aug 2025 - H-P)|A Civil Society Organization|A Civil Society Organization|Fair Wear Foundation (Fair Wear Oct 2025)|A Brand / Retailer|A Multi-Stakeholder Initiative|Tom Tailor GmbH (Tom Tailor Facility List January 2021)|A Multi-Stakeholder Initiative|Tom Tailor GmbH (Tom Tailor Facility List September 2021 Tier 1)|A Civil Society Organization|MADE (MADE facility list for November 2023)|A Multi-Stakeholder Initiative|Fair Wear Foundation (Fair Wear Aug 2024)|Myanmar Centre for Responsible Business (OAR facility list in Myanmar)|A Civil Society Organization|A Multi-Stakeholder Initiative|A Multi-Stakeholder Initiative|Myanmar Garment Manufacturers Association (MGMA) [Public List] (Myanmar Garment Manufacturers Association (Gathered March 2025))|Myanmar Trade Promotion Organization (Myantrade) [Public List] (Myantrade Directory of Exporters (as of March 2025))|Fair Wear Foundation (Fair Wear Apr 2025)","501-1000|501-1000|501-1000|501-1000","Zhejiang Zhongda Newtex Co., Ltd.","Packaging|Ironing|Cut & Sew|Cutting|Sewing","Final Product Assembly|Final Product Assembly|Final Product Assembly|Final Product Assembly|Final Product Assembly|Final Product Assembly|Final Product Assembly","Sewing|Packaging|Ironing|Cutting|Cutting|Ironing|Cut & Sew|Cutting|Ironing|Cut & Sew|Ironing|Cut & Sew|Cutting","Woven|clothing|Garments|fashion apparel|Jackets|Coat|Pants| fashion apparel|Garments| clothing","False"
"MM20192419DF04P","2019-08-29","Vent Dest Myanmar co ltd","No(44) Mya Road Myay Taing Block No50 Thadukan Industrial Zone Shwe Pyi Thar Township Yangon ","MM","Myanmar",16.9932078,96.0825562,"Apparel","A Brand / Retailer|A Brand / Retailer|A Brand / Retailer|A Brand / Retailer|A Multi-Stakeholder Initiative|A Multi-Stakeholder Initiative|A Multi-Stakeholder Initiative|A Multi-Stakeholder Initiative|A Brand / Retailer|Myanmar Centre for Responsible Business (OAR facility list in Myanmar)|Myanmar Centre for Responsible Business (OAR facility list in Myanmar)|Myanmar Trade Promotion Organization (Myantrade) [Public List] (Myantrade Directory of Exporters (as of March 2025))","","","","","","Jackets|Coat","False"
"MM2019241R1377Q","2019-08-29","Myanmar Sunview Garments Co   Ltd   (No 1) ","No139 Min aye yar street Shwe than lwin industrial zone Hlaing Thar Yar Township Yangon","MM","Myanmar",16.8618175,96.0493815,"Apparel","A Brand / Retailer|Better Cotton (Better Cotton Initiative June 2020)|A Brand / Retailer|A Brand / Retailer|A Brand / Retailer|Better Cotton (Better Cotton Initiative May 2021)|A Brand / Retailer|A Brand / Retailer|Myanmar Centre for Responsible Business (OAR facility list in Myanmar)|An Auditor / Certification Scheme / Service Provider|Myanmar Garment Manufacturers Association (MGMA) [Public List] (Myanmar Garment Manufacturers Association (Gathered March 2025))","","","","","","","False"
"MM2019241XPMMX5","2022-05-25","Myanmar Liang Yi Da Co.,Ltd","Plot No.74, Corner of Than Lwin Street and Min Ayar Street, Shwe Than Lwin Industrial Zone, Hlaingtharya Township, Yangon Region, Myanmar","MM","Myanmar",16.86327,96.04296,"Apparel|Unspecified","A Brand / Retailer|A Brand / Retailer|A Brand / Retailer|A Brand / Retailer|A Brand / Retailer|A Brand / Retailer|A Multi-Stakeholder Initiative|A Brand / Retailer|A Brand / Retailer|Myanmar Centre for Responsible Business (OAR facility list in Myanmar)|A Brand / Retailer|A Brand / Retailer|A Brand / Retailer|Next Plc (Next Plc August 2024)|A Multi-Stakeholder Initiative|A Brand / Retailer|Next Plc (Next Tier 1 and Tier 2 Factory List March 2023)|Next Plc (Next Plc List August 2023)|Next Plc (Next Plc Manufacturing Sites April 2024)|Next Plc (Next Plc March 2024)|Myanmar Garment Manufacturers Association (MGMA) [Public List] (Myanmar Garment Manufacturers Association (Gathered March 2025))|Myanmar Trade Promotion Organization (Myantrade) [Public List] (Myantrade Directory of Exporters (as of March 2025))|Next Plc (Next Plc Facility List February 2025)","","","","","","Jackets|Polo Shirt","False"
"MM2019241Z4TWZ5","2022-05-25","Myanmar Best A Garment Co., Ltd. ","Plot No.403, Mya Taung Wungyi U Hmo Street, Shwe Lin Ban Industrial Zone, Hlaingtharya Township, Yangon Region, Myanmar","MM","Myanmar",16.90513,96.0749,"Apparel","A Brand / Retailer|A Brand / Retailer|A Brand / Retailer|Myanmar Centre for Responsible Business (OAR facility list in Myanmar)|Myanmar Centre for Responsible Business (OAR facility list in Myanmar)","","","","","","","False"
"MM20193101C79JS","2022-05-25","Shwe Mingalar Company Limited","Plot No. 25, 26, Yangon Industrial Zone, Mingalardon Garden City, Mingalardon Township, Yangon, Myanmar","MM","Myanmar",16.9433236,96.1768596,"Apparel","A Brand / Retailer|A Brand / Retailer|A Brand / Retailer|A Brand / Retailer|A Brand / Retailer|A Brand / Retailer|A Brand / Retailer|A Brand / Retailer|A Brand / Retailer|A Brand / Retailer|A Multi-Stakeholder Initiative|A Multi-Stakeholder Initiative|A Multi-Stakeholder Initiative|A Multi-Stakeholder Initiative|A Brand / Retailer|A Brand / Retailer|A Brand / Retailer|A Multi-Stakeholder Initiative|A Brand / Retailer|A Brand / Retailer|A Multi-Stakeholder Initiative|A Multi-Stakeholder Initiative|A Brand / Retailer|A Multi-Stakeholder Initiative|A Multi-Stakeholder Initiative|A Multi-Stakeholder Initiative|A Multi-Stakeholder Initiative|A Multi-Stakeholder Initiative|A Multi-Stakeholder Initiative|A Brand / Retailer|A Brand / Retailer|A Multi-Stakeholder Initiative|A Brand / Retailer|A Brand / Retailer|A Brand / Retailer|A Brand / Retailer|Myanmar Centre for Responsible Business (OAR facility list in Myanmar)|Myanmar Centre for Responsible Business (OAR facility list in Myanmar)|A Brand / Retailer|Myanmar Garment Manufacturers Association (MGMA) [Public List] (Myanmar Garment Manufacturers Association (Gathered March 2025))|Myanmar Trade Promotion Organization (Myantrade) [Public List] (Myantrade Directory of Exporters (as of March 2025))","","","","","","Jackets|Rain Coat|Sport Wear|Pants","False"
"MM201932296VG18","2022-05-25","Myanmar Synergy Garment Company Limited","Plot No.18,19, De Pe Yin Wun Htauk U Mye Street, Hlaingtharya Industrial Zone (2), Hlaingtharya Township, Yangon Region, Myanmar","MM","Myanmar",16.8819286,96.0573302,"Apparel|Unspecified","Worker Rights Consortium|A Brand / Retailer|A Brand / Retailer|MANGO  (MANGO Active Factory List December 2021)|MANGO  (Historical Factories Mango)|A Multi-Stakeholder Initiative|A Brand / Retailer|A Multi-Stakeholder Initiative|A Brand / Retailer|A Brand / Retailer|A Multi-Stakeholder Initiative|A Multi-Stakeholder Initiative|A Brand / Retailer|A Brand / Retailer|A Multi-Stakeholder Initiative|A Multi-Stakeholder Initiative|A Brand / Retailer|A Brand / Retailer|A Brand / Retailer|A Brand / Retailer|A Brand / Retailer|Cutter & Buck [Public List] (Cutter & Buck - May 2023 Production Locations List)|Myanmar Centre for Responsible Business (OAR facility list in Myanmar)|Worker Rights Consortium|An Auditor / Certification Scheme / Service Provider|Myanmar Garment Manufacturers Association (MGMA) [Public List] (Myanmar Garment Manufacturers Association (Gathered March 2025))|Myanmar Trade Promotion Organization (Myantrade) [Public List] (Myantrade Directory of Exporters (as of March 2025))","","","","","","Jackets|Skirt|T shirt","False"
"MM20193229QTEK8","2022-05-25","Myanmar Hong Tai Fashion Co., Ltd.","Plot No.20, Anawrahta Road, Ah Pyin Padan Village, Anawrahta Industrial Zone, Hlaingtharya Township, Yangon Region, Myanmar","MM","Myanmar",16.8584244,96.0245538,"Apparel","A Brand / Retailer|Worldly|A Brand / Retailer|A Multi-Stakeholder Initiative|A Multi-Stakeholder Initiative|Myanmar Centre for Responsible Business (OAR facility list in Myanmar)","","","","","","","False"
"MM2019322T4BATT","2022-05-25","Sawbwa VT Limited","No. 131, Yangon Industry Zone, Mingaladon Garden City, Mingalardon Township, Yangon, Myanmar","MM","Myanmar",16.9432887,96.1877928,"Apparel|Unspecified","A Brand / Retailer|A Brand / Retailer|A Multi-Stakeholder Initiative|A Multi-Stakeholder Initiative|A Brand / Retailer|A Multi-Stakeholder Initiative|A Multi-Stakeholder Initiative|A Multi-Stakeholder Initiative|A Multi-Stakeholder Initiative|A Brand / Retailer|A Multi-Stakeholder Initiative|A Brand / Retailer|Fair Wear Foundation (Fair Wear Aug 2024)|Myanmar Centre for Responsible Business (OAR facility list in Myanmar)|A Multi-Stakeholder Initiative|A Multi-Stakeholder Initiative|A Brand / Retailer|MADE (MADE facility list for November 2023)|Myanmar Garment Manufacturers Association (MGMA) [Public List] (Myanmar Garment Manufacturers Association (Gathered March 2025))|Myanmar Trade Promotion Organization (Myantrade) [Public List] (Myantrade Directory of Exporters (as of March 2025))","501-1000","","Cut & Sew|Screen Printing|Embroidery","","Screen Printing|Embroidery|Cut & Sew","Warm Coat|Sport Wear","False"
"MM201934522C215","2019-12-11","GFT Enterprise Co., Factory 2","No. 26, 4th Street, Yangon Industrial Park, North Okkalapa Township","MM","Myanmar",16.944483,96.17616,"Apparel","A Brand / Retailer|A Brand / Retailer|A Brand / Retailer|A Brand / Retailer|A Brand / Retailer|A Brand / Retailer|A Brand / Retailer|A Brand / Retailer|A Brand / Retailer|A Brand / Retailer|A Brand / Retailer|Myanmar Centre for Responsible Business (OAR facility list in Myanmar)","","","","","","","False"
"MM2019345VQ127E","2019-12-11","Greatmen (Myanmar)","Plot No. 14-17, Bago Industrial Zone","MM","Myanmar",17.2525171,96.4616473,"Apparel|Unspecified","A Brand / Retailer|A Brand / Retailer|A Brand / Retailer|A Brand / Retailer|A Brand / Retailer|A Brand / Retailer|A Brand / Retailer|A Brand / Retailer|A Brand / Retailer|A Brand / Retailer|A Brand / Retailer|A Multi-Stakeholder Initiative|Myanmar Centre for Responsible Business (OAR facility list in Myanmar)|A Multi-Stakeholder Initiative|Myanmar Garment Manufacturers Association (MGMA) [Public List] (Myanmar Garment Manufacturers Association (Gathered March 2025))","","","","","","","False"
"MM201934660KA6W","2019-12-12","Thy Garment Co.,Ltd.【THY】","No.313 Zaygaber 8th Street, Yangon Industrial Zone, Mingalardon, T/S, Yangon Myanmar","MM","Myanmar",16.9325834,96.1548328,"Apparel","Mizuno [Public List] (Mizuno September 2019 Facility List)|Myanmar Centre for Responsible Business (OAR facility list in Myanmar)|Wikirate International e.V. (2020 Apparel Suppliers on Wikirate part 14)|Wikirate International e.V. (2018 Apparel Suppliers on Wikirate part 5)|Myanmar Garment Manufacturers Association (MGMA) [Public List] (Myanmar Garment Manufacturers Association (Gathered March 2025))|Myanmar Trade Promotion Organization (Myantrade) [Public List] (Myantrade Directory of Exporters (as of March 2025))","","","","","","Jackets|Shirt|Sport Wear|Pants","False"
"MM2019346NFH0QZ","2022-05-25","V.I.P. Sports Company Limited","No. 148, PYINSI MIN THAR GYI STREET, Shwepyithar INDUSTRIAL ZONE 3, YANGON, MYANMAR ","MM","Myanmar",16.9791946594443,96.0649796318965,"Apparel|Sports Equipment|Unspecified","Mizuno [Public List] (Mizuno September 2019 Facility List)|A Brand / Retailer|Myanmar Centre for Responsible Business (OAR facility list in Myanmar)|A Brand / Retailer|A Brand / Retailer|A Brand / Retailer|MADE (MADE facility list for November 2023)|Wikirate International e.V. (2018 Apparel Suppliers on Wikirate part 5)|A Brand / Retailer","","","","","","","False"
"MM2020009EA05CG","2020-01-09","Spring air Ace Company Ltd ","No 97/98 8th Street Yangon Industrial Zone North Okkalapa Township Yangon Myanmar ","MM","Myanmar",16.9458825,96.1851933,"Apparel","A Brand / Retailer|A Brand / Retailer|A Brand / Retailer|A Brand / Retailer|A Brand / Retailer|A Brand / Retailer|A Brand / Retailer|A Brand / Retailer|A Brand / Retailer|A Brand / Retailer|A Brand / Retailer|Tom Tailor GmbH (Tom Tailor Facility List January 2021)|Tom Tailor GmbH (Tom Tailor Facility List January 2021)|Tom Tailor GmbH (Tom Tailor Facility List September 2021 Tier 1)|Myanmar Centre for Responsible Business (OAR facility list in Myanmar)|Myanmar Centre for Responsible Business (OAR facility list in Myanmar)|Tom Tailor GmbH (Tom Tailor Tier 1 Facility List Mar 2023)|Myanmar Garment Manufacturers Association (MGMA) [Public List] (Myanmar Garment Manufacturers Association (Gathered March 2025))|Worldwide Responsible Accredited Production (WRAP Facility List 04222025)","501-1000|501-1000|589","ZHEJIANG SPRINGAIR IMPORT & EXPORT CO., LTD","Final Product Assembly","Final Product Assembly","Final Product Assembly","Flat Knit","False"
"MM2020009HP2J68","2022-05-25","Unitedtex Overseas Company Limited ","Plot No.177, Pabe Khaung Maung Khet Street, Hlaingtharya Zone (1), Hlaingtharya Township, Yangon Region, Myanmar ","MM","Myanmar",16.8819286,96.0573302,"Apparel","A Brand / Retailer|A Brand / Retailer|Myanmar Centre for Responsible Business (OAR facility list in Myanmar)|Myanmar Trade Promotion Organization (Myantrade) [Public List] (Myantrade Directory of Exporters (as of March 2025))","","","","","","Dresses|Coat|Skirt","False"
"MM2020034PBS0ZY","2022-05-25","Hung kiu (Myanmar) Garment Manufacturing Limited (Factory-2)","Plot No. 4-4, 7-2, 17-2, 8, Myay Taing Block No.639, Bago-Khayan-Thongwa Road, Kamarnat Village Tract, Bago Township, Bago Region, Myanmar","MM","Myanmar",17.332183,96.521024,"Apparel|Unspecified","H&M Group (H&M April 2024 Facilities list)|A Brand / Retailer|A Brand / Retailer|A Brand / Retailer|A Brand / Retailer|A Brand / Retailer|A Multi-Stakeholder Initiative|A Multi-Stakeholder Initiative|A Brand / Retailer|A Brand / Retailer|A Multi-Stakeholder Initiative|A Multi-Stakeholder Initiative|A Brand / Retailer|A Multi-Stakeholder Initiative|A Brand / Retailer|A Multi-Stakeholder Initiative|A Multi-Stakeholder Initiative|A Multi-Stakeholder Initiative|Myanmar Centre for Responsible Business (OAR facility list in Myanmar)|H&M Group (H&M June 2024 Facilities list)|A Brand / Retailer|A Multi-Stakeholder Initiative|A Multi-Stakeholder Initiative|A Multi-Stakeholder Initiative|A Multi-Stakeholder Initiative|A Multi-Stakeholder Initiative|A Multi-Stakeholder Initiative|H&M Group (H&M JULY 2024 Facilities list)|A Brand / Retailer|A Brand / Retailer|A Brand / Retailer|A Multi-Stakeholder Initiative|H&M Group (H&M Aug 2024 Facilities list)|A Brand / Retailer|H&M Group (Manufacturing Factories HM 2023)|A Multi-Stakeholder Initiative|H&M Group (H&M Group Facilities list October2023)|H&M Group (H&M November Factory List)|MADE (MADE facility list for November 2023)|H&M Group (H&M January 2024 Facilities list)|Wikirate International e.V. (2020 Apparel Suppliers on Wikirate part 11)|Wikirate International e.V. (2018 Apparel Suppliers on Wikirate part 7)|H&M Group (H&M Feb 2024 Facilities list)|H&M Group (H&M March 2024 Facilities list)|A Civil Society Organization|SLCP (Social & Labor Convergence Program List 2025)","1001-1500|1001-1500|101-500|101-500|101-500|1-500|1-500|1-500|1-500","","Manufacturing |Manufacturing unit|Manufacturing","","Manufacturing|Manufacturing|Manufacturing|Manufacturing|Manufacturing|Manufacturing unit|Manufacturing unit|Manufacturing unit|Manufacturing unit","","False"
"MM2020037BMADYW","2020-02-06","Futeli Garment (Myanmar)","N°116, Min Ayar Street, Shwe Than Lwin Industrial Zone, Hlaingtharya Township Yangon","MM","Myanmar",16.86379,96.0471,"Apparel","Pimkie [Public List] (Pimkie Facility List June 2019)|A Brand / Retailer|Wikirate International e.V.|Myanmar Centre for Responsible Business (OAR facility list in Myanmar)|Wikirate International e.V. (2020 Apparel Suppliers on Wikirate part 6)|Wikirate International e.V. (2019 Apparel Suppliers on Wikirate part 5)|Myanmar Trade Promotion Organization (Myantrade) [Public List] (Myantrade Directory of Exporters (as of March 2025))","993|993","","","","","Jackets","False"
"MM2020037EBCQEJ","2020-02-06","Weijie (Myanmar) Clothing Branch Plot 317","Plot No.317,Wet Ma Sut Wun Htauk Street, Shew Linn Ban Industrial Zone,Hlaing Tharyar Township,Yangon","MM","Myanmar",16.914015,96.0652719,"Apparel","Pimkie [Public List] (Pimkie Facility List June 2019)|A Brand / Retailer|Kappahl Group (KappAhl Manufacturing Facility List August 2020)|Myanmar Centre for Responsible Business (OAR facility list in Myanmar)|A Multi-Stakeholder Initiative|A Multi-Stakeholder Initiative|A Multi-Stakeholder Initiative|A Multi-Stakeholder Initiative|A Multi-Stakeholder Initiative|A Multi-Stakeholder Initiative","","","","","","","False"
"MM2020037VQZ2ZT","2022-05-25","Zong Hong (Myanmar) Garment Company Limited","Land No. A3, Land Survey No. 21, Mya Khatar Road, Mya Sein Yaung Industrial Zone, Hlaingtharya Township, Yangon, Myanmar","MM","Myanmar",16.8731116,95.9995255,"Apparel|Apparel Accessories|Multi-Category|Unspecified","A Brand / Retailer|A Civil Society Organization|A Brand / Retailer|A Brand / Retailer|BESTSELLER (Tier 1 and Tier 0 October 2025)|BESTSELLER (Tier 1 and Tier 0 February 2026)|A Brand / Retailer|A Brand / Retailer|A Brand / Retailer|MANGO  (Historical Factories Mango)|Pimkie [Public List] (Pimkie Facility List June 2019)|A Brand / Retailer|A Brand / Retailer|Worldly|A Brand / Retailer|A Brand / Retailer|A Brand / Retailer|A Brand / Retailer|A Brand / Retailer|A Brand / Retailer|A Brand / Retailer|A Brand / Retailer|Wikirate International e.V.|A Brand / Retailer|A Brand / Retailer|A Brand / Retailer|A Brand / Retailer|A Brand / Retailer|A Brand / Retailer|A Brand / Retailer|A Brand / Retailer|A Brand / Retailer|A Brand / Retailer|MANGO  (MANGO Active Factory List December 2021)|MANGO  (MANGO Active Factory List December 2021)|MANGO  (MANGO Active Factory List December 2021)|MANGO  (MANGO Active Factory List December 2021)|MANGO  (MANGO Active Factory List December 2021)|MANGO  (MANGO Active Factory List December 2021)|MANGO  (MANGO Active Factory List December 2021)|MANGO  (MANGO Active Factory List December 2021)|A Brand / Retailer|A Brand / Retailer|A Brand / Retailer|A Brand / Retailer|A Brand / Retailer|A Brand / Retailer|A Brand / Retailer|A Brand / Retailer|A Brand / Retailer|A Brand / Retailer|A Brand / Retailer|A Brand / Retailer|Myanmar Centre for Responsible Business (OAR facility list in Myanmar)|An Auditor / Certification Scheme / Service Provider|A Brand / Retailer|A Brand / Retailer|A Brand / Retailer|A Brand / Retailer|A Brand / Retailer|A Brand / Retailer|A Brand / Retailer|A Multi-Stakeholder Initiative|Pimkie [Public List] (Pimkie May 2022 Facility List)|A Brand / Retailer|A Brand / Retailer|A Brand / Retailer|A Brand / Retailer|An Auditor / Certification Scheme / Service Provider|MADE (MADE facility list for November 2023)|A Brand / Retailer|A Brand / Retailer|Wikirate International e.V. (2020 Apparel Suppliers on Wikirate part 6)|A Brand / Retailer|A Brand / Retailer|A Brand / Retailer|A Brand / Retailer|Myanmar Garment Manufacturers Association (MGMA) [Public List] (Myanmar Garment Manufacturers Association (Gathered March 2025))|Myanmar Trade Promotion Organization (Myantrade) [Public List] (Myantrade Directory of Exporters (as of March 2025))","1001-5000|1001-5000|1580|1590|1580","","","","","Blouse|Jackets|Coat|Shirt|Blazers|Suits|T Shirt","False"
"MM20200430EGZBD","2020-02-12","Myanmar Handsome Garments Co., Ltd.","No.167 Pantinwun U Shwe Bin Street, East Dagon Industrial Zone, Dagon Myo Thit (East) Township, 11451, Yangon, Yangon, Myanmar","MM","Myanmar",16.9057748,96.2457891,"Apparel","A Brand / Retailer|A Brand / Retailer|Myanmar Centre for Responsible Business (OAR facility list in Myanmar)|Myanmar Garment Manufacturers Association (MGMA) [Public List] (Myanmar Garment Manufacturers Association (Gathered March 2025))","","","","","","","False"
"MM202004391JYXW","2020-02-12","Leader One (Myanmar) Limited","No.96, Hnin Si Gone Street, Saw Yan Paing East Ward, 11291, Ahlon Township, Yangon, Myanmar","MM","Myanmar",16.7834677,96.1339125,"Apparel","A Brand / Retailer|A Brand / Retailer|Myanmar Centre for Responsible Business (OAR facility list in Myanmar)","","","","","","","False"
"MM2020043AVRFSA","2022-05-25","Dong Yu Garment Co., Ltd.","Plot No.459, Myay Taing Block No.25, Shwe Lin Ban Industrial Zone, Hlaingtharya Township, Yangon Region, Myanmar","MM","Myanmar",16.90796,96.06499,"Apparel|Unspecified","A Brand / Retailer|A Brand / Retailer|A Brand / Retailer|A Brand / Retailer|A Brand / Retailer|A Brand / Retailer|Worldly|A Civil Society Organization|A Multi-Stakeholder Initiative|A Brand / Retailer|A Brand / Retailer|Myanmar Centre for Responsible Business (OAR facility list in Myanmar)|Myanmar Centre for Responsible Business (OAR facility list in Myanmar)|A Civil Society Organization|A Brand / Retailer|A Brand / Retailer|A Brand / Retailer|A Brand / Retailer|A Multi-Stakeholder Initiative|MADE (MADE facility list for November 2023)|Myanmar Garment Manufacturers Association (MGMA) [Public List] (Myanmar Garment Manufacturers Association (Gathered March 2025))","","","","","","","False"
"MM2020043C2S2HZ","2020-02-12","Great One Myanmar Co., Ltd.","No 70 Corner Of U Mohl St.And U Tun Nyo Street Industril Zone 2, 11401, Hlaing Tharyar Township, Yangon, Myanmar","MM","Myanmar",16.8508362,96.0697724,"Apparel","A Brand / Retailer|Worldly|A Brand / Retailer|A Brand / Retailer|A Brand / Retailer|A Brand / Retailer|Myanmar Centre for Responsible Business (OAR facility list in Myanmar)|Wikirate International e.V. (2020 Apparel Suppliers on Wikirate part 14)|Myanmar Garment Manufacturers Association (MGMA) [Public List] (Myanmar Garment Manufacturers Association (Gathered March 2025))","","","","","","","False"
"MM2020043GNXCSC","2022-05-25","GTIG Hubo Co., Ltd.","Plot No.147, 154, Myay Taing Block No.49, War Ta Yar Industrial Zone, 11411, Shwe Pyi Thar Township, Yangon, Myanmar","MM","Myanmar",16.978237279753,96.0516227635487,"Apparel|Apparel Accessories|Unspecified","A Brand / Retailer|A Civil Society Organization|A Brand / Retailer|A Brand / Retailer|BESTSELLER (Tier 1 and Tier 0 October 2025)|A Brand / Retailer|MANGO  (Historical Factories Mango)|A Brand / Retailer|A Multi-Stakeholder Initiative|A Brand / Retailer|A Multi-Stakeholder Initiative|A Multi-Stakeholder Initiative|A Brand / Retailer|A Brand / Retailer|A Brand / Retailer|A Brand / Retailer|A Brand / Retailer|A Brand / Retailer|A Brand / Retailer|A Multi-Stakeholder Initiative|A Multi-Stakeholder Initiative|A Multi-Stakeholder Initiative|A Multi-Stakeholder Initiative|A Brand / Retailer|A Multi-Stakeholder Initiative|A Brand / Retailer|A Multi-Stakeholder Initiative|A Multi-Stakeholder Initiative|A Brand / Retailer|A Brand / Retailer|A Brand / Retailer|A Brand / Retailer|A Brand / Retailer|A Brand / Retailer|A Brand / Retailer|A Brand / Retailer|Myanmar Centre for Responsible Business (OAR facility list in Myanmar)|Myanmar Centre for Responsible Business (OAR facility list in Myanmar)|A Brand / Retailer|A Brand / Retailer|A Brand / Retailer|A Brand / Retailer|A Brand / Retailer|A Brand / Retailer|Pimkie [Public List] (Pimkie May 2022 Facility List)|A Brand / Retailer|A Brand / Retailer|A Brand / Retailer|A Brand / Retailer|MADE (MADE facility list for November 2023)|A Brand / Retailer|A Brand / Retailer|Wikirate International e.V. (2020 Apparel Suppliers on Wikirate part 1)|A Brand / Retailer|A Brand / Retailer|A Brand / Retailer|A Brand / Retailer|Myanmar Garment Manufacturers Association (MGMA) [Public List] (Myanmar Garment Manufacturers Association (Gathered March 2025))|Myanmar Trade Promotion Organization (Myantrade) [Public List] (Myantrade Directory of Exporters (as of March 2025))","1-1000|688","","","","","Jackets|Long Coat","False"
"MM2020043K4B76M","2022-05-25","Guohua Glory Co., Ltd.","Plot No.138,139,140, Myay Taing Block No.49, War Ta Yar Industrial Zone, Shwepyithar Township, Yangon Region, Myanmar","MM","Myanmar",16.9763838376384,96.0505133707314,"Apparel|Unspecified","A Brand / Retailer|A Civil Society Organization|A Brand / Retailer|A Brand / Retailer|BESTSELLER (Tier 1 and Tier 0 October 2025)|BESTSELLER (Tier 1 and Tier 0 February 2026)|A Brand / Retailer|A Brand / Retailer|MANGO  (Historical Factories Mango)|Worldly|A Brand / Retailer|MANGO  (MANGO Active Factory List December 2021)|A Brand / Retailer|A Multi-Stakeholder Initiative|A Brand / Retailer|A Multi-Stakeholder Initiative|A Multi-Stakeholder Initiative|A Brand / Retailer|A Brand / Retailer|A Brand / Retailer|A Brand / Retailer|A Multi-Stakeholder Initiative|A Brand / Retailer|A Multi-Stakeholder Initiative|A Brand / Retailer|A Brand / Retailer|A Multi-Stakeholder Initiative|A Multi-Stakeholder Initiative|A Brand / Retailer|A Brand / Retailer|A Brand / Retailer|A Brand / Retailer|A Brand / Retailer|A Brand / Retailer|A Brand / Retailer|A Brand / Retailer|Myanmar Centre for Responsible Business (OAR facility list in Myanmar)|Myanmar Centre for Responsible Business (OAR facility list in Myanmar)|An Auditor / Certification Scheme / Service Provider|A Brand / Retailer|A Brand / Retailer|A Brand / Retailer|A Brand / Retailer|A Brand / Retailer|A Brand / Retailer|A Brand / Retailer|A Brand / Retailer|A Brand / Retailer|A Brand / Retailer|MADE (MADE facility list for November 2023)|A Brand / Retailer|Wikirate International e.V. (2019 Apparel Suppliers on Wikirate part 5)|A Brand / Retailer|Wikirate International e.V. (2020 Apparel Suppliers on Wikirate part 6)|A Brand / Retailer|A Brand / Retailer|A Brand / Retailer|Benetton Group (Benetton Facility List 2023)|A Brand / Retailer|Benetton Group (2024 Benetton suppliers list)|Myanmar Garment Manufacturers Association (MGMA) [Public List] (Myanmar Garment Manufacturers Association (Gathered March 2025))|Myanmar Trade Promotion Organization (Myantrade) [Public List] (Myantrade Directory of Exporters (as of March 2025))|A Civil Society Organization|SLCP (Social & Labor Convergence Program List 2025)","1001-5000|1001-5000","","MANUFACTURING","Final Product Assembly|Final Product Assembly","Manufacturing|Manufacturing","Pants|Coat (Women)","False"
"MM2020043PN4QMZ","2022-05-25","G&U (Myanmar) Fashion Co., Ltd.","Plot No.292, Sat Mu 7th Street, Mingalardon Industrial Zone, 11021, Mingalardon Township, Yangon, Myanmar","MM","Myanmar",16.9515563,96.1802761,"Apparel","A Brand / Retailer|A Civil Society Organization|A Brand / Retailer|A Brand / Retailer|BESTSELLER (Tier 1 and Tier 0 October 2025)|BESTSELLER (Tier 1 and Tier 0 February 2026)|A Brand / Retailer|A Brand / Retailer|A Brand / Retailer|A Brand / Retailer|A Brand / Retailer|A Brand / Retailer|A Brand / Retailer|A Brand / Retailer|A Brand / Retailer|A Brand / Retailer|Myanmar Centre for Responsible Business (OAR facility list in Myanmar)|A Brand / Retailer|A Brand / Retailer|A Brand / Retailer|A Brand / Retailer|A Brand / Retailer|A Brand / Retailer|A Brand / Retailer|A Brand / Retailer|A Brand / Retailer|MADE (MADE facility list for November 2023)|A Brand / Retailer|A Brand / Retailer|A Brand / Retailer|A Brand / Retailer|A Brand / Retailer|A Brand / Retailer|Myanmar Garment Manufacturers Association (MGMA) [Public List] (Myanmar Garment Manufacturers Association (Gathered March 2025))|Myanmar Trade Promotion Organization (Myantrade) [Public List] (Myantrade Directory of Exporters (as of March 2025))","1-1000|1-1000","","","","","Blouse","False"
"MM2020043S63NWR","2020-02-12","Myanmar Sincerece Co., Ltd.","No.70 Seik Kan Thay Rd., Shwe Than Linn Industrial Zone, 11401, Yangon, Yangon, Myanmar","MM","Myanmar",16.8362973,96.22681449999999,"Apparel","A Brand / Retailer|A Brand / Retailer|A Multi-Stakeholder Initiative|A Multi-Stakeholder Initiative|Myanmar Centre for Responsible Business (OAR facility list in Myanmar)","","","","","","","False"
"MM2020043YEW3ZF","2020-02-12","K.H.M. Company Limited","No. 57 (Dayingauk)/146, 57(Dayingauk) 147, May Taing Quarter, No. 563, 11021, Mingalardon Township, Yangon, Myanmar","MM","Myanmar",17.0372241,96.1281414,"Apparel|Unspecified","A Brand / Retailer|A Civil Society Organization|A Brand / Retailer|A Brand / Retailer|BESTSELLER (Tier 1 and Tier 0 October 2025)|BESTSELLER (Tier 1 and Tier 0 February 2026)|A Brand / Retailer|A Brand / Retailer|A Brand / Retailer|A Brand / Retailer|A Brand / Retailer|A Brand / Retailer|A Brand / Retailer|A Brand / Retailer|Myanmar Centre for Responsible Business (OAR facility list in Myanmar)|A Brand / Retailer|A Brand / Retailer|A Brand / Retailer|Worldly|A Brand / Retailer|A Brand / Retailer|A Brand / Retailer|A Brand / Retailer|A Brand / Retailer|A Brand / Retailer|A Brand / Retailer|A Brand / Retailer|Wikirate International e.V. (2020 Apparel Suppliers on Wikirate part 14)|A Brand / Retailer|A Brand / Retailer|A Brand / Retailer|A Brand / Retailer|A Brand / Retailer|A Brand / Retailer","1001-5000|1001-5000","","","","","","False"
"MM202005761NETE","2020-02-26","Global Fashion Co., Ltd","No.401 Ka Naung Min Thar Kyi Street & Yaw Ah Twin Wun U Phoe Hlaing Street,0,Yangon","MM","Myanmar",16.9039008,96.0727659,"Apparel","A Brand / Retailer|A Brand / Retailer|A Multi-Stakeholder Initiative|A Multi-Stakeholder Initiative|A Brand / Retailer|A Brand / Retailer|A Brand / Retailer|A Multi-Stakeholder Initiative|A Multi-Stakeholder Initiative|A Multi-Stakeholder Initiative|A Brand / Retailer|A Multi-Stakeholder Initiative|A Multi-Stakeholder Initiative|A Multi-Stakeholder Initiative|A Multi-Stakeholder Initiative|Myanmar Centre for Responsible Business (OAR facility list in Myanmar)|Wikirate International e.V. (2018 Apparel Suppliers on Wikirate part 7)|Myanmar Trade Promotion Organization (Myantrade) [Public List] (Myantrade Directory of Exporters (as of March 2025))","","","","","","Down Jackets","False"
"MM2020057D1KAXJ","2020-02-26","Hong Tex Co., Ltd","NO.457 & 460, YAW AH TWIN WON U POE HLAING ROAD, SHWE LIN PAN INDUSTRIAL ZONE,,100000,Yangon","MM","Myanmar",16.90622,96.06555,"Apparel|Multi-Category|Unspecified","A Brand / Retailer|A Brand / Retailer|MANGO  (Historical Factories Mango)|A Brand / Retailer|Worldly|Worldly|A Brand / Retailer|A Brand / Retailer|A Brand / Retailer|A Brand / Retailer|A Brand / Retailer|MANGO  (MANGO Active Factory List December 2021)|A Multi-Stakeholder Initiative|A Multi-Stakeholder Initiative|A Brand / Retailer|A Brand / Retailer|A Brand / Retailer|A Multi-Stakeholder Initiative|A Brand / Retailer|A Brand / Retailer|A Brand / Retailer|A Brand / Retailer|A Brand / Retailer|A Multi-Stakeholder Initiative|A Brand / Retailer|A Multi-Stakeholder Initiative|A Multi-Stakeholder Initiative|A Brand / Retailer|A Multi-Stakeholder Initiative|A Brand / Retailer|A Brand / Retailer|A Brand / Retailer|A Brand / Retailer|A Brand / Retailer|New Look Retailers (New Look Tier 1 Factory List May 2023)|A Brand / Retailer|A Brand / Retailer|A Brand / Retailer|A Brand / Retailer|A Brand / Retailer|Wikirate International e.V.|A Multi-Stakeholder Initiative|A Brand / Retailer|Myanmar Centre for Responsible Business (OAR facility list in Myanmar)|Myanmar Centre for Responsible Business (OAR facility list in Myanmar)|A Brand / Retailer|A Brand / Retailer|A Multi-Stakeholder Initiative|Wikirate International e.V. (2018 Apparel Suppliers on Wikirate part 4)|Wikirate International e.V. (2020 Apparel Suppliers on Wikirate part 11)|Myanmar Garment Manufacturers Association (MGMA) [Public List] (Myanmar Garment Manufacturers Association (Gathered March 2025))|Myanmar Trade Promotion Organization (Myantrade) [Public List] (Myantrade Directory of Exporters (as of March 2025))","1239|1000|1239","","Apparel","","","Knitting Wear|T shirt","False"
"MM2020057NTR4C1","2020-02-26","Myanmar Elegant Supreme Leather Goods Co., Ltd","6 KanaungMin Thar Gyi Road , East Dagon Industry Zone, Yangon,11451,Yangon","MM","Myanmar",16.9030124,96.2304089,"Apparel","A Brand / Retailer|A Brand / Retailer|A Multi-Stakeholder Initiative|A Multi-Stakeholder Initiative|A Brand / Retailer|A Brand / Retailer|A Multi-Stakeholder Initiative|A Brand / Retailer|A Multi-Stakeholder Initiative|A Brand / Retailer|A Multi-Stakeholder Initiative|A Multi-Stakeholder Initiative|A Multi-Stakeholder Initiative|A Brand / Retailer|A Multi-Stakeholder Initiative|A Multi-Stakeholder Initiative|A Multi-Stakeholder Initiative|A Multi-Stakeholder Initiative|Myanmar Centre for Responsible Business (OAR facility list in Myanmar)|Wikirate International e.V. (2018 Apparel Suppliers on Wikirate part 7)","","","","","","","False"
"MM2020057X3A7XR","2020-02-26","SAM CLOTHING (MYANMAR) CO., LTD","East Dagon Myo Thit Industrial Zone,0,Yangon","MM","Myanmar",16.9031004,96.2207433,"Apparel|Multi-Category","A Brand / Retailer|A Brand / Retailer|A Brand / Retailer|A Brand / Retailer|A Brand / Retailer|A Multi-Stakeholder Initiative|A Multi-Stakeholder Initiative|A Brand / Retailer|A Brand / Retailer|A Multi-Stakeholder Initiative|A Brand / Retailer|A Brand / Retailer|A Multi-Stakeholder Initiative|A Brand / Retailer|A Multi-Stakeholder Initiative|A Multi-Stakeholder Initiative|A Multi-Stakeholder Initiative|A Brand / Retailer|A Multi-Stakeholder Initiative|New Look Retailers (New Look Tier 1 Factory List May 2023)|A Multi-Stakeholder Initiative|A Multi-Stakeholder Initiative|A Multi-Stakeholder Initiative|Myanmar Centre for Responsible Business (OAR facility list in Myanmar)|A Brand / Retailer|An Auditor / Certification Scheme / Service Provider|A Brand / Retailer|A Brand / Retailer|A Multi-Stakeholder Initiative|Wikirate International e.V. (2020 Apparel Suppliers on Wikirate part 7)|Wikirate International e.V. (2018 Apparel Suppliers on Wikirate part 7)|Myanmar Garment Manufacturers Association (MGMA) [Public List] (Myanmar Garment Manufacturers Association (Gathered March 2025))","1001-5000","","Apparel","","","","False"
"MM20200761MECD7","2020-03-16","Sark Knitwear Ltd.","Oo Paing No. 38 Land Block No. (620/A), West Mae Khone, Mae Khone Village, Bago Township","MM","Myanmar",17.3624416,96.4478766,"Apparel","A Brand / Retailer|A Multi-Stakeholder Initiative|A Multi-Stakeholder Initiative|Myanmar Centre for Responsible Business (OAR facility list in Myanmar)","","","","","","","False"
"MM20200761ZXK50","2020-03-16","Myantex Industrial Co., Ltd.","Plot No. 98 Myay Taing Block No. 64 (Sethmu), Shwe Pyi Thar Township","MM","Myanmar",16.9374431,96.0865671,"Apparel|Unspecified","A Brand / Retailer|A Brand / Retailer|A Multi-Stakeholder Initiative|A Brand / Retailer|A Brand / Retailer|A Brand / Retailer|A Brand / Retailer|A Multi-Stakeholder Initiative|A Multi-Stakeholder Initiative|A Brand / Retailer|A Brand / Retailer|A Brand / Retailer|A Brand / Retailer|A Brand / Retailer|A Multi-Stakeholder Initiative|A Brand / Retailer|A Brand / Retailer|A Brand / Retailer|A Brand / Retailer|A Brand / Retailer|A Multi-Stakeholder Initiative|A Multi-Stakeholder Initiative|A Multi-Stakeholder Initiative|A Multi-Stakeholder Initiative|A Multi-Stakeholder Initiative|A Brand / Retailer|A Brand / Retailer|Myanmar Centre for Responsible Business (OAR facility list in Myanmar)|A Brand / Retailer|A Multi-Stakeholder Initiative|Wikirate International e.V. (2020 Apparel Suppliers on Wikirate part 10)|Myanmar Garment Manufacturers Association (MGMA) [Public List] (Myanmar Garment Manufacturers Association (Gathered March 2025))|A Civil Society Organization|SLCP (Social & Labor Convergence Program List 2025)","","","","","","","False"
"MM20200764DT9PN","2020-03-16","Amity (Myanmar) Lingerie Co., Ltd.","Plot No. 53 Kwin No. 1190 (Kha), East of Gonminn Inn, Industry Group 1, Inndagaw Industrial Complex, Inndagaw Village Tract, Bago Township","MM","Myanmar",17.1978587,96.3847291,"Apparel","A Brand / Retailer|A Brand / Retailer|A Brand / Retailer|A Brand / Retailer|A Brand / Retailer|A Multi-Stakeholder Initiative|A Brand / Retailer|A Brand / Retailer|A Brand / Retailer|A Multi-Stakeholder Initiative|A Brand / Retailer|A Multi-Stakeholder Initiative|A Multi-Stakeholder Initiative|A Multi-Stakeholder Initiative|A Multi-Stakeholder Initiative|Myanmar Garment Manufacturers Association (MGMA) [Public List] (Myanmar Garment Manufacturers Association (Gathered March 2025))","","","","","","","False"
"MM2020076P2TNP8","2020-03-16","Young Clothing Ltd. (Factory-2)","Plot No. 125 Myay Taing Block No. 51, Thar Du Kan Industrial Zone, Shwe Pyi Thar Township, Yangon","MM","Myanmar",16.971822,96.08397599999999,"Apparel|Unspecified","A Brand / Retailer|A Brand / Retailer|A Brand / Retailer|A Brand / Retailer|A Brand / Retailer|A Brand / Retailer|A Multi-Stakeholder Initiative|A Multi-Stakeholder Initiative|A Multi-Stakeholder Initiative|A Multi-Stakeholder Initiative|A Brand / Retailer|A Brand / Retailer|A Brand / Retailer|A Multi-Stakeholder Initiative|A Brand / Retailer|A Multi-Stakeholder Initiative|Tom Tailor GmbH (Tom Tailor Facility List January 2021)|A Multi-Stakeholder Initiative|A Multi-Stakeholder Initiative|A Multi-Stakeholder Initiative|A Multi-Stakeholder Initiative|A Multi-Stakeholder Initiative|A Multi-Stakeholder Initiative|Tom Tailor GmbH (Tom Tailor Facility List September 2021 Tier 1)|Myanmar Centre for Responsible Business (OAR facility list in Myanmar)|A Multi-Stakeholder Initiative|A Multi-Stakeholder Initiative|Wikirate International e.V. (2020 Apparel Suppliers on Wikirate part 10)","1001-1500","Jiangsu Changjiang Textile Trading Co.,Ltd","","","","Woven","False"
"MM2020076QKTY9P","2020-03-16","Fu Yuen Garment Co., Ltd.","Plot No. (198/1), Kanaung Min Thar Gyi Road, Industrial Zone (1), Dagon Seik Kan Township","MM","Myanmar",16.8460053,96.2794385,"Apparel|Multi-Category|Textiles|Unspecified","A Multi-Stakeholder Initiative|A Civil Society Organization|A Multi-Stakeholder Initiative|A Civil Society Organization|A Civil Society Organization|Partnership for Sustainable Textiles (PST) (PST Aug 2025 - 0-9, A-G)|A Civil Society Organization|A Brand / Retailer|A Brand / Retailer|A Brand / Retailer|A Brand / Retailer|A Brand / Retailer|A Brand / Retailer|A Multi-Stakeholder Initiative|A Multi-Stakeholder Initiative|A Brand / Retailer|A Brand / Retailer|A Brand / Retailer|A Multi-Stakeholder Initiative|A Brand / Retailer|A Brand / Retailer|A Brand / Retailer|A Brand / Retailer|A Brand / Retailer|A Brand / Retailer|A Brand / Retailer|A Brand / Retailer|A Multi-Stakeholder Initiative|A Multi-Stakeholder Initiative|A Multi-Stakeholder Initiative|A Multi-Stakeholder Initiative|A Civil Society Organization|A Brand / Retailer|A Brand / Retailer|A Brand / Retailer|A Brand / Retailer|A Brand / Retailer|A Brand / Retailer|A Civil Society Organization|A Brand / Retailer|A Multi-Stakeholder Initiative|A Multi-Stakeholder Initiative|Myanmar Centre for Responsible Business (OAR facility list in Myanmar)|A Brand / Retailer|A Brand / Retailer|A Civil Society Organization|A Civil Society Organization|A Brand / Retailer|A Brand / Retailer|A Brand / Retailer|A Brand / Retailer|A Brand / Retailer|A Multi-Stakeholder Initiative|A Brand / Retailer|Wikirate International e.V. (2020 Apparel Suppliers on Wikirate part 10)|A Brand / Retailer|Myanmar Garment Manufacturers Association (MGMA) [Public List] (Myanmar Garment Manufacturers Association (Gathered March 2025))|Myanmar Trade Promotion Organization (Myantrade) [Public List] (Myantrade Directory of Exporters (as of March 2025))|Lidl Stiftung & Co. KG (Lidl Facility List June 2025)","900","","Cutting, Packing, Sewing","","Cutting|Packing|Sewing","Jackets|Jogging|Top|T shirt","False"
"MM202007857XQBR","2022-05-25","Myanmar Li Bao Handbag Company Limited","Plot No.80, Myay Taing Block No.2, Pade Wun U Shwe Binn Street, Hlaingtharya Industrial Zone (1), Hlaingtharya Township, Yangon Region, Myanmar","MM","Myanmar",16.841751,96.082668,"Apparel","A Brand / Retailer|A Brand / Retailer|Myanmar Centre for Responsible Business (OAR facility list in Myanmar)|Wikirate International e.V. (2020 Apparel Suppliers on Wikirate part 6)","","","","","","","False"
"MM2020079J8HHCP","2020-03-19","Bogart Lingerie (Yangon) Ltd. (Facility 2)","114 Min Ayer Street, Shew Than Lwin Industrial Zone Hlaing Thar Yar Township, Yangon, Myanmar","MM","Myanmar",16.86329,96.04847,"Apparel|Unspecified","Delta Galil Industries Ltd (Claimed)|Worldly|A Brand / Retailer|Myanmar Centre for Responsible Business (OAR facility list in Myanmar)|Worldwide Responsible Accredited Production (WRAP Facility List December 2024)|Myanmar Trade Promotion Organization (Myantrade) [Public List] (Myantrade Directory of Exporters (as of March 2025))|Worldwide Responsible Accredited Production (WRAP Facility List 04222025)","2134","Delta Galil Industries Ltd","finishing|sewing","Printing, Product Dyeing and Laundering|Final Product Assembly","Finishing|Sewing","Swimwear|Bras|Briefs","False"
"MM2020079XACJWF","2020-03-19","Bogart Lingerie (Yangon) Ltd. (Facility 1)","149-150 U Ta Yoke Gyi Street Industrial Zone (4), Yangon, Myanmar","MM","Myanmar",16.8609785,96.0608231,"Apparel|Unspecified","Delta Galil Industries Ltd (Claimed)|A Brand / Retailer|Myanmar Centre for Responsible Business (OAR facility list in Myanmar)|A Multi-Stakeholder Initiative|Fair Factories Clearinghouse (FFC Factory List Oct 2022)|Worldwide Responsible Accredited Production (WRAP Facility List December 2024)|Myanmar Garment Manufacturers Association (MGMA) [Public List] (Myanmar Garment Manufacturers Association (Gathered March 2025))|A Civil Society Organization|SLCP (Social & Labor Convergence Program List 2025)|Worldwide Responsible Accredited Production (WRAP Facility List 04222025)","227","Vanessa","cutting|molding","Final Product Assembly|Final Product Assembly","Cutting|Molding","Swimwear|Bras|Briefs","False"
"MM20200840TZKG6","2020-03-24","HARVEY HANDBAGS COMPANY LIMITED","LOT NO 20, PLOT NO. K1(A) AND K1(B), ANAWYAHTAR INDUSTRIAL ZONE, HLAING THAR YAR TOWNSHIP, 11181, YANGON REGION","MM","Myanmar",16.8656889,96.0211891,"Apparel","A Brand / Retailer|Lacoste [Public List] (Lacoste Tier 1 Facility List January 2020)|A Multi-Stakeholder Initiative|A Multi-Stakeholder Initiative|A Multi-Stakeholder Initiative|A Multi-Stakeholder Initiative|A Multi-Stakeholder Initiative|A Multi-Stakeholder Initiative|Myanmar Centre for Responsible Business (OAR facility list in Myanmar)","","","","","","","False"
"MM2020084373A45","2022-05-25","HENGDA(MYANMAR) APPAREL CO., LTD.","Plot No.15/1, 16/1, Myay Taing Block No.577, No.4-Main Road, (Lower Mingaladon Road), Inn Lyat Kyauk Pone, Inn Lyat village Tract, Hmawbi Township, Yangon Region","MM","Myanmar",17.0858999,96.0572973,"Apparel|Unspecified","A Brand / Retailer|A Multi-Stakeholder Initiative|A Multi-Stakeholder Initiative|A Multi-Stakeholder Initiative|A Multi-Stakeholder Initiative|H&M Group (H&M June 2024 Facilities list)|A Multi-Stakeholder Initiative|A Multi-Stakeholder Initiative|A Multi-Stakeholder Initiative|A Multi-Stakeholder Initiative|H&M Group (H&M JULY 2024 Facilities list)|A Brand / Retailer|A Brand / Retailer|A Brand / Retailer|A Brand / Retailer|A Multi-Stakeholder Initiative|Myanmar Centre for Responsible Business (OAR facility list in Myanmar)|H&M Group (H&M Aug 2024 Facilities list)|A Brand / Retailer|H&M Group (H&M Oct 2024 Facility list)|H&M Group (Manufacturing Factories HM 2023)|A Multi-Stakeholder Initiative|H&M Group (H&M Group Facilities list October2023)|H&M Group (H&M November Factory List)|H&M Group (H&M January 2024 Facilities list)|H&M Group (H&M Feb 2024 Facilities list)|H&M Group (H&M Sept 2024 Facility list)|H&M Group (H&M March 2024 Facilities list)|H&M Group (H&M April 2024 Facilities list)|An Auditor / Certification Scheme / Service Provider|H&M Group (H&M Nov 2024 Facility list)|H&M Group (H&M Dec 2024 Facility list)|Myanmar Garment Manufacturers Association (MGMA) [Public List] (Myanmar Garment Manufacturers Association (Gathered March 2025))|A Civil Society Organization|SLCP (Social & Labor Convergence Program List 2025)","501-1000|501-1000|501-1000|501-1000|501-1000|501-1000|501-1000|501-1000|501-1000|501-1000|501-1000|501-1000|501-1000","","Manufacturing |Manufacturing unit|Manufacturing","","Manufacturing|Manufacturing|Manufacturing|Manufacturing|Manufacturing|Manufacturing unit|Manufacturing unit|Manufacturing unit|Manufacturing unit|Manufacturing unit|Manufacturing unit|Manufacturing unit|Manufacturing unit","","False"
"MM2020084A5CAGZ","2022-05-25","Suzhou Silk (Myanmar) Fashion Company Limited","No 501, Padauk Street, Ward 23, Hlaingtharya Township, Yangon, Myanmar","MM","Myanmar",16.863451,96.1053835,"Apparel|Unspecified","Worldly|Worldly|A Brand / Retailer|H&M Group (H&M June 2024 Facilities list)|A Brand / Retailer|A Multi-Stakeholder Initiative|A Multi-Stakeholder Initiative|A Brand / Retailer|A Multi-Stakeholder Initiative|A Multi-Stakeholder Initiative|A Multi-Stakeholder Initiative|A Multi-Stakeholder Initiative|H&M Group (H&M JULY 2024 Facilities list)|A Brand / Retailer|A Brand / Retailer|A Brand / Retailer|A Civil Society Organization|A Multi-Stakeholder Initiative|Myanmar Centre for Responsible Business (OAR facility list in Myanmar)|Myanmar Centre for Responsible Business (OAR facility list in Myanmar)|H&M Group (H&M Sept 2024 Facility list)|H&M Group (H&M Aug 2024 Facilities list)|A Civil Society Organization|A Brand / Retailer|H&M Group (H&M Oct 2024 Facility list)|H&M Group (Manufacturing Factories HM 2023)|An Auditor / Certification Scheme / Service Provider|A Multi-Stakeholder Initiative|H&M Group (H&M Group Facilities list October2023)|H&M Group (H&M November Factory List)|MADE (MADE facility list for November 2023)|H&M Group (H&M January 2024 Facilities list)|H&M Group (H&M Feb 2024 Facilities list)|H&M Group (H&M March 2024 Facilities list)|H&M Group (H&M April 2024 Facilities list)|H&M Group (H&M Nov 2024 Facility list)|H&M Group (H&M Dec 2024 Facility list)|Myanmar Trade Promotion Organization (Myantrade) [Public List] (Myantrade Directory of Exporters (as of March 2025))|An Auditor / Certification Scheme / Service Provider|Myanmar Garment Manufacturers Association (MGMA) [Public List] (Myanmar Garment Manufacturers Association (Gathered March 2025))|A Civil Society Organization|SLCP (Social & Labor Convergence Program List 2025)","501-1000|501-1000|501-1000|501-1000|501-1000|501-1000|501-1000|501-1000|501-1000|501-1000|501-1000|501-1000|501-1000","","Manufacturing |Manufacturing unit|Manufacturing","","Manufacturing|Manufacturing|Manufacturing|Manufacturing|Manufacturing|Manufacturing unit|Manufacturing unit|Manufacturing unit|Manufacturing unit|Manufacturing unit|Manufacturing unit|Manufacturing unit|Manufacturing unit","Dresses","False"
"MM2020084BAS20T","2022-05-25","MYANMAR LIN ZHAN SHOE CO.,LTD.","Plot No. 96, Myay Taing Block No.117, Holding No.91-1, Taung Yin Village Tract, Sintgaing Township, Kyaukse District, Mandalay Region, Myanmar","MM","Myanmar",21.729092,96.1166975,"Apparel","A Brand / Retailer|A Multi-Stakeholder Initiative|A Multi-Stakeholder Initiative|A Multi-Stakeholder Initiative|A Multi-Stakeholder Initiative|A Multi-Stakeholder Initiative|A Multi-Stakeholder Initiative|Myanmar Centre for Responsible Business (OAR facility list in Myanmar)","","","","","","","False"
"MM2020084BGVDCS","2020-03-24","MYANMAR SILVER SPRING ENTERPRISES LIMITED","141,114&115 PANTEWUN U SHWE BIN, EAST DAGON INDUSTRIAL ZONE, DAGON, MYO THIT (EASTERN) TOWNSHIP, YANGON 11451, YANGON","MM","Myanmar",16.9024821,96.242619,"Apparel","A Brand / Retailer|A Multi-Stakeholder Initiative|A Brand / Retailer|A Multi-Stakeholder Initiative|A Multi-Stakeholder Initiative|A Multi-Stakeholder Initiative|A Multi-Stakeholder Initiative|A Multi-Stakeholder Initiative|A Brand / Retailer|A Brand / Retailer|A Brand / Retailer|A Brand / Retailer|Myanmar Garment Manufacturers Association (MGMA) [Public List] (Myanmar Garment Manufacturers Association (Gathered March 2025))|Myanmar Trade Promotion Organization (Myantrade) [Public List] (Myantrade Directory of Exporters (as of March 2025))","","","","","","Underwear","False"
"MM2020084C7XJJY","2022-05-25","K-Won & MICC Company Limited","Insein Blanket Factory No.20 (Branch), Insein-Mingalardon Road, Aung San Myo, Insein Township, Yangon Region","MM","Myanmar",16.9179894,96.095565,"Apparel|Textiles|Unspecified","H&M Group (H&M April 2024 Facilities list)|A Brand / Retailer|A Brand / Retailer|A Multi-Stakeholder Initiative|A Multi-Stakeholder Initiative|A Multi-Stakeholder Initiative|A Multi-Stakeholder Initiative|A Multi-Stakeholder Initiative|A Multi-Stakeholder Initiative|H&M Group (H&M June 2024 Facilities list)|A Brand / Retailer|A Multi-Stakeholder Initiative|A Multi-Stakeholder Initiative|A Multi-Stakeholder Initiative|A Multi-Stakeholder Initiative|H&M Group (H&M JULY 2024 Facilities list)|A Brand / Retailer|A Brand / Retailer|A Brand / Retailer|A Civil Society Organization|A Multi-Stakeholder Initiative|Myanmar Centre for Responsible Business (OAR facility list in Myanmar)|Myanmar Centre for Responsible Business (OAR facility list in Myanmar)|H&M Group (H&M Sept 2024 Facility list)|H&M Group (H&M Aug 2024 Facilities list)|A Brand / Retailer|H&M Group (H&M Oct 2024 Facility list)|H&M Group (Manufacturing Factories HM 2023)|A Multi-Stakeholder Initiative|H&M Group (H&M Group Facilities list October2023)|H&M Group (H&M November Factory List)|H&M Group (H&M January 2024 Facilities list)|H&M Group (H&M Feb 2024 Facilities list)|H&M Group (H&M March 2024 Facilities list)|H&M Group (H&M Nov 2024 Facility list)|H&M Group (H&M Dec 2024 Facility list)|Myanmar Garment Manufacturers Association (MGMA) [Public List] (Myanmar Garment Manufacturers Association (Gathered March 2025))|Myanmar Trade Promotion Organization (Myantrade) [Public List] (Myantrade Directory of Exporters (as of March 2025))|A Civil Society Organization|SLCP (Social & Labor Convergence Program List 2025)","1501-2000|1501-2000|1501-2000|1501-2000|1501-2000|1001-2000|1001-2000|1001-2000|1001-2000|1001-2000|1001-2000|1001-2000|1001-2000","","Manufacturing |Manufacturing unit|Manufacturing","","Manufacturing|Manufacturing|Manufacturing|Manufacturing|Manufacturing|Manufacturing unit|Manufacturing unit|Manufacturing unit|Manufacturing unit|Manufacturing unit|Manufacturing unit|Manufacturing unit|Manufacturing unit","Coat","False"
"MM2020084D065MP","2022-05-25","Jiu Sheng (Myanmar) Knitted Wear Co., Ltd","Plot No.72, Myay Taing Block No. 24, Ngwe Pin lae Industrial Zone, Hlaing Thar Yar Township, Yangon, Myanmar","MM","Myanmar",16.9242,96.06808,"Apparel|Unspecified","A Brand / Retailer|A Brand / Retailer|ZDHC Foundation (ZDHC Registered Facilities 21 February 2020)|A Brand / Retailer|A Brand / Retailer|A Brand / Retailer|A Brand / Retailer|A Multi-Stakeholder Initiative|A Multi-Stakeholder Initiative|A Brand / Retailer|A Brand / Retailer|A Multi-Stakeholder Initiative|A Multi-Stakeholder Initiative|Worldly|A Brand / Retailer|A Multi-Stakeholder Initiative|A Multi-Stakeholder Initiative|A Multi-Stakeholder Initiative|A Multi-Stakeholder Initiative|A Brand / Retailer|A Multi-Stakeholder Initiative|A Multi-Stakeholder Initiative|A Multi-Stakeholder Initiative|A Multi-Stakeholder Initiative|A Multi-Stakeholder Initiative|A Multi-Stakeholder Initiative|A Multi-Stakeholder Initiative|A Multi-Stakeholder Initiative|A Brand / Retailer|A Brand / Retailer|A Brand / Retailer|A Brand / Retailer|A Brand / Retailer|A Multi-Stakeholder Initiative|A Multi-Stakeholder Initiative|A Multi-Stakeholder Initiative|Hudson's Bay Company (HBC) [Public List] (HBC 2021 facility list)|Myanmar Centre for Responsible Business (OAR facility list in Myanmar)|Myanmar Centre for Responsible Business (OAR facility list in Myanmar)|A Brand / Retailer|H&M Group (Processing Factories - H&M Group 2022)|H&M Group (Manufacturing Factories HM 2023)|H&M Group (H&M Processing Factories list from Feb 2023)|A Multi-Stakeholder Initiative|H&M Group (H&M Group Facilities list October2023)|H&M Group (H&M November Factory List)|Wikirate International e.V. (2018 Apparel Suppliers on Wikirate part 7)|Myanmar Trade Promotion Organization (Myantrade) [Public List] (Myantrade Directory of Exporters (as of March 2025))|Myanmar Garment Manufacturers Association (MGMA) [Public List] (Myanmar Garment Manufacturers Association (Gathered March 2025))|A Civil Society Organization|SLCP (Social & Labor Convergence Program List 2025)","2501-3000|2501-3000","","Manufacturing","","Manufacturing|Manufacturing","Sweater","False"
"MM2020084K3HQJT","2020-03-24","REVA CO., LTD","BLOCK NO.(218-KA), KALAR KYAUNG VIL, KYAUKSE TOWNSHIP, KYAUKSE DISTRICT.MANDALAY, MYANMAR 11171, MANDALAY CITY","MM","Myanmar",21.6098301,96.13414309999999,"Apparel|Footwear|Unspecified","H&M Group (H&M April 2024 Facilities list)|A Brand / Retailer|A Brand / Retailer|A Multi-Stakeholder Initiative|A Multi-Stakeholder Initiative|H&M Group (H&M June 2024 Facilities list)|A Multi-Stakeholder Initiative|A Multi-Stakeholder Initiative|A Multi-Stakeholder Initiative|A Multi-Stakeholder Initiative|H&M Group (H&M JULY 2024 Facilities list)|A Brand / Retailer|A Brand / Retailer|A Brand / Retailer|A Civil Society Organization|A Multi-Stakeholder Initiative|H&M Group (H&M Sept 2024 Facility list)|H&M Group (H&M Aug 2024 Facilities list)|A Civil Society Organization|A Brand / Retailer|H&M Group (H&M Oct 2024 Facility list)|H&M Group (Manufacturing Factories HM 2023)|Worldly|A Multi-Stakeholder Initiative|H&M Group (H&M Group Facilities list October2023)|An Auditor / Certification Scheme / Service Provider|Worldly|Worldly|Worldly|H&M Group (H&M November Factory List)|MADE (MADE facility list for November 2023)|Wikirate International e.V. (2020 Apparel Suppliers on Wikirate part 13)|H&M Group (H&M January 2024 Facilities list)|H&M Group (H&M Feb 2024 Facilities list)|H&M Group (H&M March 2024 Facilities list)|H&M Group (H&M Nov 2024 Facility list)|H&M Group (H&M Dec 2024 Facility list)|A Civil Society Organization|SLCP (Social & Labor Convergence Program List 2025)","501-1000|501-1000|501-1000|501-1000|501-1000|1-500|1-500|1-500|1-500|1-500|501-1000|1-500|501-1000","","Manufacturing |Manufacturing unit|Manufacturing","","Manufacturing|Manufacturing|Manufacturing|Manufacturing|Manufacturing|Manufacturing unit|Manufacturing unit|Manufacturing unit|Manufacturing unit|Manufacturing unit|Manufacturing unit|Manufacturing unit|Manufacturing unit","","False"
"MM2020084KBF8CB","2020-03-24","MYANMAR SUNWAY SHOES LTD","LOT NO.143/1,BLOCK(11), KYAN SITTHAR INDUSTRIAL ZONE, DAGON MYOTHIT (SOUTH) TOWNSHIP, YANGON, MYANMAR 11181, YANGON","MM","Myanmar",16.8725493,96.252448,"Apparel|Unspecified","A Brand / Retailer|A Multi-Stakeholder Initiative|A Multi-Stakeholder Initiative|A Brand / Retailer|A Multi-Stakeholder Initiative|A Multi-Stakeholder Initiative|A Multi-Stakeholder Initiative|A Multi-Stakeholder Initiative|A Brand / Retailer|A Brand / Retailer|A Brand / Retailer|A Brand / Retailer|H&M Group (Manufacturing Factories HM 2023)|A Multi-Stakeholder Initiative|H&M Group (H&M Group Facilities list October2023)|H&M Group (H&M November Factory List)|A Civil Society Organization|SLCP (Social & Labor Convergence Program List 2025)","101-500|101-500","","Manufacturing","","Manufacturing|Manufacturing","","False"
"MM2020084NZD1V7","2020-03-24","LAT WAR COMPANY LIMITED","70A/71A CORNER OF MINGYI MAHAR MIN, GAUNG STREET AND PHAN CHET WUN U, SHWE OH STREET HLAING THARYAR INDUS 2635, YANGON","MM","Myanmar",16.859434,96.07293279999999,"Apparel|Textiles|Unspecified","WE Europe BV (WE Europe BV Facility List May 2025)|A Multi-Stakeholder Initiative|A Multi-Stakeholder Initiative|A Civil Society Organization|A Civil Society Organization|Partnership for Sustainable Textiles (PST) (PST Aug 2025 - H-P)|Partnership for Sustainable Textiles (PST) (PST Aug 2025 - H-P)|A Civil Society Organization|A Civil Society Organization|A Civil Society Organization|A Civil Society Organization|O'Neill Europe BV (O'Neill Europe Facility list September 2025)|A Brand / Retailer|A Brand / Retailer|Worldly|A Multi-Stakeholder Initiative|A Multi-Stakeholder Initiative|Tom Tailor GmbH (Tom Tailor Facility List January 2021)|A Multi-Stakeholder Initiative|A Multi-Stakeholder Initiative|A Multi-Stakeholder Initiative|A Multi-Stakeholder Initiative|Tom Tailor GmbH (Tom Tailor Facility List September 2021 Tier 1)|A Brand / Retailer|A Brand / Retailer|A Brand / Retailer|A Multi-Stakeholder Initiative|Myanmar Centre for Responsible Business (OAR facility list in Myanmar)|An Auditor / Certification Scheme / Service Provider|A Multi-Stakeholder Initiative|WE Europe BV (WE Fashion production location list 2024)|Myanmar Trade Promotion Organization (Myantrade) [Public List] (Myantrade Directory of Exporters (as of March 2025))|Lidl Stiftung & Co. KG (Lidl Facility List June 2025)","1001-1500|1113|1000-5000|1000-4999","Sumec Textile & Light Industry Co., Ltd|Singapore Winstar PTE. LTD (Sumec)|Singapore Winstar PTE. LTD (Sumec)","Production|Manufacturing|Cutting, Packing, Sewing","Textile or Material Production|Final Product Assembly|Textile or Material Production","Manufacturing|Material Production|Cutting|Packing|Sewing|Material Production","Woven|Jackets|Shirt|Sport Wear|T shirt","False"
"MM2020084QG23NB","2022-05-25","PAK CHUN INDUSTRIAL LIMITED","Plot No.92, Block No.14, Shwe Than Lwin Industrial Zone, Hlaingtharya Township, Yangon Region, Myanmar","MM","Myanmar",16.8659378,96.0430316,"Apparel|Unspecified","WE Europe BV (WE Europe BV Facility List May 2025)|O'Neill Europe BV (O'Neill Europe Facility list September 2025)|H&M Group (H&M April 2024 Facilities list)|A Brand / Retailer|A Brand / Retailer|A Multi-Stakeholder Initiative|Kappahl Group (KappAhl Manufacturing Facility List August 2020)|Kappahl Group (KappAhl Processing Facility List August 2020)|A Brand / Retailer|Kappahl Group (KappAhl Manufacturing Facility List March 2021)|Kappahl Group (KappAhl Processing Facility List March 2021)|A Multi-Stakeholder Initiative|H&M Group (H&M June 2024 Facilities list)|A Brand / Retailer|A Brand / Retailer|A Multi-Stakeholder Initiative|A Multi-Stakeholder Initiative|A Brand / Retailer|A Multi-Stakeholder Initiative|A Multi-Stakeholder Initiative|A Multi-Stakeholder Initiative|A Multi-Stakeholder Initiative|A Brand / Retailer|H&M Group (H&M JULY 2024 Facilities list)|A Brand / Retailer|A Brand / Retailer|A Brand / Retailer|A Civil Society Organization|A Multi-Stakeholder Initiative|A Brand / Retailer|A Brand / Retailer|A Brand / Retailer|A Brand / Retailer|A Brand / Retailer|A Brand / Retailer|A Brand / Retailer|A Brand / Retailer|Myanmar Centre for Responsible Business (OAR facility list in Myanmar)|Myanmar Centre for Responsible Business (OAR facility list in Myanmar)|H&M Group (H&M Sept 2024 Facility list)|H&M Group (H&M Aug 2024 Facilities list)|A Civil Society Organization|A Brand / Retailer|H&M Group (H&M Oct 2024 Facility list)|H&M Group (Manufacturing Factories HM 2023)|A Multi-Stakeholder Initiative|H&M Group (H&M Group Facilities list October2023)|H&M Group (H&M November Factory List)|MADE (MADE facility list for November 2023)|H&M Group (H&M January 2024 Facilities list)|H&M Group (H&M Feb 2024 Facilities list)|H&M Group (H&M March 2024 Facilities list)|H&M Group (H&M Nov 2024 Facility list)|H&M Group (H&M Dec 2024 Facility list)|Myanmar Garment Manufacturers Association (MGMA) [Public List] (Myanmar Garment Manufacturers Association (Gathered March 2025))","501-1000|501-1000|501-1000|501-1000|501-1000|1001-2000|1001-2000|1001-2000|1001-2000|1001-2000|501-1000|1001-2000|501-1000|1-999","Active Pleasure Ltd. (Dakota)","Manufacturing unit|Manufacturing|Manufacturing |Production","Textile or Material Production","Material Production|Manufacturing|Manufacturing|Manufacturing|Manufacturing|Manufacturing|Manufacturing unit|Manufacturing unit|Manufacturing unit|Manufacturing unit|Manufacturing unit|Manufacturing unit|Manufacturing unit|Manufacturing unit","","False"
"MM2020084R0XZYW","2022-05-25","SAUNG OO SHWE NAY(GOLDEN SUNSHINE) Company Limited","Plot No.168, Kyan Sittar Road, Hlaingtharya Industrial Zone (4), Hlaingtharya Township, Yangon Region, Myanmar","MM","Myanmar",16.8555444,96.0602978,"Apparel","A Brand / Retailer|A Brand / Retailer|A Multi-Stakeholder Initiative|A Multi-Stakeholder Initiative|A Multi-Stakeholder Initiative|A Multi-Stakeholder Initiative|A Multi-Stakeholder Initiative|A Multi-Stakeholder Initiative|A Multi-Stakeholder Initiative|A Multi-Stakeholder Initiative|A Multi-Stakeholder Initiative|A Multi-Stakeholder Initiative|Myanmar Centre for Responsible Business (OAR facility list in Myanmar)|Myanmar Centre for Responsible Business (OAR facility list in Myanmar)","","","","","","","False"
"MM2020084T9V16F","2022-05-25","Myanmar Jiale Fashion Company Limited (2)","Plot No. 13,14,15, Myay Taing Block No.25, Bamaw Ah Twin Wun Street, Shwe Lin Ban Industrial Zone, Hlaingtharya Township, Yangon Region","MM","Myanmar",16.92062,96.05916,"Apparel","A Brand / Retailer|A Brand / Retailer|A Multi-Stakeholder Initiative|A Multi-Stakeholder Initiative|A Multi-Stakeholder Initiative|A Multi-Stakeholder Initiative|A Multi-Stakeholder Initiative|A Multi-Stakeholder Initiative|A Multi-Stakeholder Initiative|A Multi-Stakeholder Initiative|A Brand / Retailer|A Brand / Retailer|A Brand / Retailer|A Brand / Retailer|Myanmar Centre for Responsible Business (OAR facility list in Myanmar)|Myanmar Centre for Responsible Business (OAR facility list in Myanmar)|A Brand / Retailer|An Auditor / Certification Scheme / Service Provider|An Auditor / Certification Scheme / Service Provider","","","","","","","False"
"MM2020084TTN37X","2020-03-24","SHENGJIE(MYANMAR)CLOTHING CO,.LTD","PLOT NO.296/297 SAYAR SHAN STREET, SHWE LINNPAN INDUSTRIAL ZONE, HLAINGTHARYAR TOWNSHIP, YANGON 11401, YANGON","MM","Myanmar",16.8362973,96.22681449999999,"Apparel|Unspecified","A Brand / Retailer|A Brand / Retailer|A Brand / Retailer|MANGO  (Historical Factories Mango)|A Brand / Retailer|A Brand / Retailer|MANGO  (MANGO Active Factory List December 2021)|A Brand / Retailer|A Multi-Stakeholder Initiative|A Brand / Retailer|A Brand / Retailer|A Brand / Retailer|A Multi-Stakeholder Initiative|A Brand / Retailer|A Brand / Retailer|A Brand / Retailer|H&M Group (H&M June 2024 Facilities list)|A Brand / Retailer|A Multi-Stakeholder Initiative|A Brand / Retailer|A Multi-Stakeholder Initiative|A Multi-Stakeholder Initiative|A Multi-Stakeholder Initiative|A Brand / Retailer|A Brand / Retailer|A Multi-Stakeholder Initiative|A Multi-Stakeholder Initiative|A Brand / Retailer|A Brand / Retailer|A Brand / Retailer|A Brand / Retailer|A Brand / Retailer|A Brand / Retailer|H&M Group (H&M JULY 2024 Facilities list)|A Brand / Retailer|A Brand / Retailer|A Brand / Retailer|A Brand / Retailer|A Brand / Retailer|A Brand / Retailer|A Multi-Stakeholder Initiative|Myanmar Centre for Responsible Business (OAR facility list in Myanmar)|H&M Group (H&M Aug 2024 Facilities list)|A Brand / Retailer|H&M Group (H&M Oct 2024 Facility list)|H&M Group (Manufacturing Factories HM 2023)|Benetton Group (2022 Benetton suppliers list)|A Multi-Stakeholder Initiative|H&M Group (H&M Group Facilities list October2023)|H&M Group (H&M November Factory List)|An Auditor / Certification Scheme / Service Provider|H&M Group (H&M January 2024 Facilities list)|An Auditor / Certification Scheme / Service Provider|H&M Group (H&M Feb 2024 Facilities list)|H&M Group (H&M Sept 2024 Facility list)|H&M Group (H&M March 2024 Facilities list)|Benetton Group (Benetton Facility List 2023)|H&M Group (H&M April 2024 Facilities list)|H&M Group (H&M Nov 2024 Facility list)|H&M Group (H&M Dec 2024 Facility list)|Benetton Group (2024 Benetton suppliers list)|Myanmar Garment Manufacturers Association (MGMA) [Public List] (Myanmar Garment Manufacturers Association (Gathered March 2025))|Myanmar Trade Promotion Organization (Myantrade) [Public List] (Myantrade Directory of Exporters (as of March 2025))","1001-1500|1001-1500|1001-1500|1001-1500|1001-1500|1001-2000|1001-2000|1001-2000|1001-2000|1001-2000|1001-2000|1001-2000|1001-2000","","Manufacturing unit|MANUFACTURING|Manufacturing|Manufacturing ","Final Product Assembly|Final Product Assembly|Final Product Assembly","Manufacturing|Manufacturing|Manufacturing|Manufacturing|Manufacturing|Manufacturing|Manufacturing|Manufacturing unit|Manufacturing unit|Manufacturing unit|Manufacturing|Manufacturing unit|Manufacturing unit|Manufacturing unit|Manufacturing unit|Manufacturing unit","Clothing","False"
"MM2020084W4RMWJ","2020-03-24","MYANMAR WEDGE GARMENT CO.,LTD","NO.(11) INSEIN FACTORY, LOWER MINGALARDONE RD, SINGU WARDI, INSEIN TOWNSHIP 125556, YANGON","MM","Myanmar",16.9041792,96.0996978,"Apparel","A Brand / Retailer|A Multi-Stakeholder Initiative|A Multi-Stakeholder Initiative|A Multi-Stakeholder Initiative|A Multi-Stakeholder Initiative|A Multi-Stakeholder Initiative|A Multi-Stakeholder Initiative|A Brand / Retailer|A Brand / Retailer|Wikirate International e.V. (2018 Apparel Suppliers on Wikirate part 7)|Wikirate International e.V. (2019 Apparel Suppliers on Wikirate part 1)","","","","","","","False"
"MM2020084WCKYCF","2020-03-24","ZHEJIANG TONGLI CLOTHING (MYANMAR) CO.,LTD","NO.25 NA WA DAY MINGYI STREET, SHWA LIN PAN INDUSTRIAL ZONE, HLAING THAR YAR TOWNSHIP 95478, YANGON","MM","Myanmar",16.9008479,96.10433019999999,"Apparel|Unspecified","A Brand / Retailer|Worldly|A Brand / Retailer|A Multi-Stakeholder Initiative|A Multi-Stakeholder Initiative|H&M Group (H&M June 2024 Facilities list)|A Multi-Stakeholder Initiative|A Multi-Stakeholder Initiative|A Multi-Stakeholder Initiative|A Multi-Stakeholder Initiative|H&M Group (H&M JULY 2024 Facilities list)|A Brand / Retailer|A Brand / Retailer|A Brand / Retailer|A Civil Society Organization|A Multi-Stakeholder Initiative|H&M Group (H&M Sept 2024 Facility list)|H&M Group (H&M Aug 2024 Facilities list)|A Civil Society Organization|A Brand / Retailer|H&M Group (H&M Oct 2024 Facility list)|H&M Group (Manufacturing Factories HM 2023)|A Multi-Stakeholder Initiative|H&M Group (H&M Group Facilities list October2023)|H&M Group (H&M November Factory List)|MADE (MADE facility list for November 2023)|H&M Group (H&M January 2024 Facilities list)|H&M Group (H&M Feb 2024 Facilities list)|H&M Group (H&M March 2024 Facilities list)|H&M Group (H&M April 2024 Facilities list)|H&M Group (H&M Nov 2024 Facility list)|H&M Group (H&M Dec 2024 Facility list)|Myanmar Garment Manufacturers Association (MGMA) [Public List] (Myanmar Garment Manufacturers Association (Gathered March 2025))|A Civil Society Organization|SLCP (Social & Labor Convergence Program List 2025)","1501-2000|1501-2000|1501-2000|1501-2000|1501-2000|1001-2000|1001-2000|1001-2000|1001-2000|1001-2000|1001-2000|1001-2000|1001-2000","","Manufacturing |Manufacturing unit|Manufacturing","","Manufacturing|Manufacturing|Manufacturing|Manufacturing|Manufacturing|Manufacturing unit|Manufacturing unit|Manufacturing unit|Manufacturing unit|Manufacturing unit|Manufacturing unit|Manufacturing unit|Manufacturing unit","","False"
"MM202010610Y81D","2022-05-25","PETER BLACK FOOTWEAR & ACC Limited","Plot No.91, Ayeyarwady Street, Shwe Than Lwin Industrial Zone, Hlaingtharya Township, Yangon Region, Myanmar","MM","Myanmar",16.8667400721936,96.0435084334193,"Apparel","A Brand / Retailer|Myanmar Centre for Responsible Business (OAR facility list in Myanmar)","","","","","","","False"
"MM20201064A503V","2020-04-15","ERDOS  EUROPE  SRL","486487 YAW ATWIN WUN U PHOE HLAING YANGON 0","MM","Myanmar",16.9022525,96.0790302,"Apparel","A Brand / Retailer|Myanmar Centre for Responsible Business (OAR facility list in Myanmar)","","","","","","","False"
"MM20201065KN8RJ","2020-04-15","PROSPERITY CLOTHING  CO  LTD","NO. 65 KANAUNG MIN THAR GYI STREET, THANLYIN TOWNSHIP,YANGON KYAUK TAN TOWNSHIP YANGON 0","MM","Myanmar",16.9015352,96.0728256,"Apparel","A Brand / Retailer|A Brand / Retailer|A Brand / Retailer|A Brand / Retailer|A Brand / Retailer|Kappahl Group (KappAhl Manufacturing Facility List August 2020)|Kappahl Group (KappAhl Manufacturing Facility List March 2021)|A Brand / Retailer|A Brand / Retailer|A Brand / Retailer|A Brand / Retailer|A Brand / Retailer|A Brand / Retailer|A Brand / Retailer|A Brand / Retailer|A Brand / Retailer|A Brand / Retailer|Better Cotton (Better Cotton Initiative May 2021)|Kappahl Group (KappAhl Manufacturing Facility List March 2021)|Kappahl Group (KappAhl Manufacturing Facility List August 2020)|Better Cotton (Better Cotton Initiative June 2020)|A Brand / Retailer|A Brand / Retailer|Next Plc (Next Plc Manufacturing Sites April 2024)|Next Plc (Next Plc March 2024)","","","","","","","False"
"MM2020106BQZ3FR","2020-04-15","PROMINENT (EUROPE)  LIMITED","8 KYANSITTTHARROAD YANGON 11401","MM","Myanmar",16.840939,96.173526,"Apparel","A Brand / Retailer","","","","","","","False"
"MM2020106E5MH96","2020-04-15","NTS  HOLDING  LTD","19 AND 20 MYAY TAING BLOCK NO 112 EAST DAGON TOWNSHIP YANGON 11421","MM","Myanmar",16.9333352,96.30134319999999,"Apparel","A Brand / Retailer|Myanmar Centre for Responsible Business (OAR facility list in Myanmar)","","","","","","","False"
"MM2020106FW0NNT","2020-04-15","CHERRYFIELD TRADING  LTD","NO. 18 BO TAY ZA STREET,YANGON INDUSTRIAL ZONE, MINGALARDON TOWNSHIP YANGON CITY, MYANMAR 0","MM","Myanmar",16.9413995,96.1730995,"Apparel","A Brand / Retailer|A Brand / Retailer|Myanmar Centre for Responsible Business (OAR facility list in Myanmar)|Myanmar Centre for Responsible Business (OAR facility list in Myanmar)","","","","","","","False"
"MM2020106KG1QMM","2020-04-15","S  CHEER  HK CO,.LIMITED","PLOT 406, MYMAY TAING QTR NO-25 YANGON 0","MM","Myanmar",16.840939,96.173526,"Apparel","A Brand / Retailer|Myanmar Centre for Responsible Business (OAR facility list in Myanmar)","","","","","","","False"
"MM2020106W7QPK8","2022-05-25","HK XIANG SHENG INTERNATIONAL Co., Ltd.","Plot No.134, Myay Taing Block No.24, Seikkanthar Road, Hlaingtharya Industrial Zone (1), Yangon Region, Myanmar","MM","Myanmar",16.8374906,96.0795434,"Apparel","A Brand / Retailer|Myanmar Centre for Responsible Business (OAR facility list in Myanmar)","","","","","","","False"
"MM20201346XN5AD","2020-05-13","Tianjin Fashion Origin International Co., Ltd.","Seik Kann Thar Street No. 390, Shwe Lin Ban Industrial Zone, Hlaing Tharyar Township, Yangon","MM","Myanmar",16.905897,96.077691,"Apparel","A Brand / Retailer|A Brand / Retailer|A Brand / Retailer|A Brand / Retailer|A Brand / Retailer|A Brand / Retailer|A Brand / Retailer|Myanmar Centre for Responsible Business (OAR facility list in Myanmar)|Myanmar Trade Promotion Organization (Myantrade) [Public List] (Myantrade Directory of Exporters (as of March 2025))","","","","","","Jackets","False"
"MM202013541XWZ4","2022-05-25","Suntime JCK (Myanmar) Company Limited"," No. 88, 90,  Than Chet Wun U Nyunt STREET Shwepyithar TOWNSHIP INDUSTRIAL ZONE(2), Shwepyithar Township, Yangon, Myanmar","MM","Myanmar",16.93654096886,96.0765579450839,"Apparel|Unspecified","Fair Wear Foundation (Fair Wear Oct 2025)|A Brand / Retailer|A Multi-Stakeholder Initiative|A Multi-Stakeholder Initiative|A Multi-Stakeholder Initiative|A Multi-Stakeholder Initiative|A Multi-Stakeholder Initiative|A Multi-Stakeholder Initiative|A Multi-Stakeholder Initiative|A Multi-Stakeholder Initiative|A Multi-Stakeholder Initiative|A Multi-Stakeholder Initiative|Fair Wear Foundation (Fair Wear Aug 2024)|Myanmar Centre for Responsible Business (OAR facility list in Myanmar)|A Multi-Stakeholder Initiative|JD Group [Public List] (JD Sports 2021 facility list)|A Multi-Stakeholder Initiative|MADE (MADE facility list for November 2023)|Myanmar Garment Manufacturers Association (MGMA) [Public List] (Myanmar Garment Manufacturers Association (Gathered March 2025))|Myanmar Trade Promotion Organization (Myantrade) [Public List] (Myantrade Directory of Exporters (as of March 2025))|Fair Wear Foundation (Fair Wear Apr 2025)","1000|1000|1000-16000","","Packaging|Ironing|Cutting|Sewing","","Ironing|Cutting|Sewing|Packaging|Cutting|Ironing|Sewing|Packaging|Packaging|Ironing|Cutting|Sewing","Jackets|Shirt|Pants","False"
"MM2020135ZRB5EW","2022-05-25","Tai Hong Garment Company Limited","Plot No.254, Myay Taing Block No.49, Wartayar Industrial Zone, Shwepyithar Township, Yangon, Myanmar  ","MM","Myanmar",16.9775157075095,96.0632401947326,"Apparel","A Brand / Retailer|A Brand / Retailer|A Multi-Stakeholder Initiative|A Brand / Retailer|A Brand / Retailer|A Multi-Stakeholder Initiative|A Multi-Stakeholder Initiative|A Brand / Retailer|A Brand / Retailer|Myanmar Centre for Responsible Business (OAR facility list in Myanmar)|A Multi-Stakeholder Initiative|A Multi-Stakeholder Initiative|MADE (MADE facility list for November 2023)|Myanmar Garment Manufacturers Association (MGMA) [Public List] (Myanmar Garment Manufacturers Association (Gathered March 2025))|Myanmar Trade Promotion Organization (Myantrade) [Public List] (Myantrade Directory of Exporters (as of March 2025))","","","","","","Jackets|Polo Shirts|Long Pants","False"
"MM2020135ZTW0VQ","2020-05-14","New Talent Garment (Myanmar) Co. Ltd.","PLOT NO-1034,U PAING NO.91,OHN NEW GOE STREET, OHN NEW GOE VILLAGE GROUP HLEGU TOWNSHIP, Yagon","MM","Myanmar",17.0948072,96.21105209999999,"Apparel|Unspecified","A Brand / Retailer|A Brand / Retailer|A Multi-Stakeholder Initiative|A Multi-Stakeholder Initiative|A Brand / Retailer|A Multi-Stakeholder Initiative|A Multi-Stakeholder Initiative|A Brand / Retailer|A Multi-Stakeholder Initiative|A Multi-Stakeholder Initiative|A Brand / Retailer|A Multi-Stakeholder Initiative|A Multi-Stakeholder Initiative|Worldly|A Brand / Retailer|A Brand / Retailer|A Multi-Stakeholder Initiative|A Civil Society Organization|A Brand / Retailer|WE Europe BV (WE Fashion Production location list July 2023)|A Brand / Retailer|A Multi-Stakeholder Initiative|Worldwide Responsible Accredited Production (WRAP Facility List December 2024)|Worldwide Responsible Accredited Production (WRAP Facility List 04222025)","1000|860|860","Talent Global Co. Ltd.","Production ","Textile or Material Production","Material Production","","False"
"MM20201482NC4K5","2020-05-27","Timbermar Myanmar Apparel Co Ltd","No 274/275 Mingyi Mahar Min Khaung Street, Shwe Lin Ban Industrial Zone Yangon","MM","Myanmar",16.8665382,96.1275067,"Apparel","Worldly|A Brand / Retailer|A Brand / Retailer|A Multi-Stakeholder Initiative|A Multi-Stakeholder Initiative|A Multi-Stakeholder Initiative|A Multi-Stakeholder Initiative|Wikirate International e.V.|Myanmar Centre for Responsible Business (OAR facility list in Myanmar)|Wikirate International e.V. (2018 Apparel Suppliers on Wikirate part 4)|Wikirate International e.V. (2020 Apparel Suppliers on Wikirate part 2)|Myanmar Trade Promotion Organization (Myantrade) [Public List] (Myantrade Directory of Exporters (as of March 2025))","1017|1076|1017","","","","","Pants|Coat|Long Pants","False"
"MM20201485FPBDD","2020-05-27","GTC Factory of Grand Enterprise Co Ltd","No.26 Atwin Wun U Tun Nyo Road East Dagon Industrial Zone Yangon Region","MM","Myanmar",16.9048789,96.2349138,"Apparel","A Brand / Retailer|A Multi-Stakeholder Initiative|A Multi-Stakeholder Initiative|A Multi-Stakeholder Initiative|A Multi-Stakeholder Initiative|Wikirate International e.V.|Myanmar Centre for Responsible Business (OAR facility list in Myanmar)|Wikirate International e.V. (2018 Apparel Suppliers on Wikirate part 4)|Wikirate International e.V. (2020 Apparel Suppliers on Wikirate part 2)","990|804|990","","","","","","False"
"MM2020148AXHRWQ","2022-05-25","GTIG Huasheng Myanmar Co Ltd","Plot No.138, 139, 140, Myay Taing Block No.49, War Ta Yar Industrial Zone, Shwepyithar Township, Yangon Region, Myanmar","MM","Myanmar",16.9759746654655,96.0508449229344,"Apparel|Multi-Category|Unspecified","A Brand / Retailer|MANGO  (Historical Factories Mango)|A Brand / Retailer|Worldly|A Brand / Retailer|MANGO  (MANGO Active Factory List December 2021)|A Brand / Retailer|A Multi-Stakeholder Initiative|A Multi-Stakeholder Initiative|A Multi-Stakeholder Initiative|A Brand / Retailer|A Multi-Stakeholder Initiative|A Brand / Retailer|A Brand / Retailer|Benetton Group (Benetton Group Facility List 2020)|A Brand / Retailer|A Brand / Retailer|A Brand / Retailer|A Brand / Retailer|A Brand / Retailer|A Brand / Retailer|Wikirate International e.V.|A Brand / Retailer|Myanmar Centre for Responsible Business (OAR facility list in Myanmar)|A Multi-Stakeholder Initiative|MADE (MADE facility list for November 2023)|Wikirate International e.V. (2020 Apparel Suppliers on Wikirate part 2)|A Brand / Retailer","1555|1555","","","","","","False"
"MM2020148RY90HV","2024-01-22","Kaixi Myanmar","Plot No.42,43,44, Myay Taing No.65 (SET HMU) Industrial Zone-4","MM","Myanmar",16.92316,96.08385,"Apparel|Multi-Category","A Brand / Retailer|A Multi-Stakeholder Initiative|A Multi-Stakeholder Initiative|A Multi-Stakeholder Initiative|A Multi-Stakeholder Initiative|Myanmar Centre for Responsible Business (OAR facility list in Myanmar)|A Brand / Retailer|An Auditor / Certification Scheme / Service Provider|A Multi-Stakeholder Initiative|Wikirate International e.V. (2020 Apparel Suppliers on Wikirate part 6)|MADE (MADE facility list for November 2023)|Myanmar Garment Manufacturers Association (MGMA) [Public List] (Myanmar Garment Manufacturers Association (Gathered March 2025))","","","","","","","False"
"MM2020148YQWHN2","2022-05-25","Huabo Times Textile and Clothing","Plot No.52,P-5, Myay Taing Block No.13, Pathein Industrial Zone, (Economic Zone), Pathein Township, Pathein District, Ayeyarwaddy Region, Myanmar","MM","Myanmar",16.7950161,94.7700993,"Apparel","A Brand / Retailer|A Brand / Retailer|A Civil Society Organization|A Brand / Retailer|A Brand / Retailer|BESTSELLER (Tier 1 and Tier 0 October 2025)|BESTSELLER (Tier 1 and Tier 0 February 2026)|A Brand / Retailer|A Multi-Stakeholder Initiative|A Multi-Stakeholder Initiative|A Brand / Retailer|A Multi-Stakeholder Initiative|A Multi-Stakeholder Initiative|A Brand / Retailer|A Brand / Retailer|Myanmar Centre for Responsible Business (OAR facility list in Myanmar)|An Auditor / Certification Scheme / Service Provider|A Brand / Retailer|A Brand / Retailer|A Brand / Retailer|A Brand / Retailer|A Brand / Retailer|A Brand / Retailer|A Brand / Retailer|A Brand / Retailer|A Brand / Retailer|A Brand / Retailer|MADE (MADE facility list for November 2023)|A Brand / Retailer|A Brand / Retailer|A Brand / Retailer|A Brand / Retailer|A Brand / Retailer|A Brand / Retailer|Myanmar Garment Manufacturers Association (MGMA) [Public List] (Myanmar Garment Manufacturers Association (Gathered March 2025))|Myanmar Trade Promotion Organization (Myantrade) [Public List] (Myantrade Directory of Exporters (as of March 2025))","1001-5000|1001-5000","","","","","Jackets","False"
"MM20201904KX3VT","2020-07-08","Skyway (Myanmar) Apparel limited","Plot 59, Special Zone 2 , Oak Thar 9 ward, Bago Township, Bago Region , MyanmarBago08041","MM","Myanmar",17.2674296,96.4528479,"Apparel","A Brand / Retailer|A Multi-Stakeholder Initiative|A Multi-Stakeholder Initiative|A Brand / Retailer|A Multi-Stakeholder Initiative|A Multi-Stakeholder Initiative|A Brand / Retailer|Kappahl Group (KappAhl Manufacturing Facility List August 2020)|A Multi-Stakeholder Initiative|A Multi-Stakeholder Initiative|A Brand / Retailer|A Multi-Stakeholder Initiative|A Multi-Stakeholder Initiative|A Multi-Stakeholder Initiative|A Multi-Stakeholder Initiative|A Multi-Stakeholder Initiative|A Multi-Stakeholder Initiative|A Multi-Stakeholder Initiative|Myanmar Centre for Responsible Business (OAR facility list in Myanmar)","","","","","","","False"
"MM2020190EAPXK6","2022-05-25","Golden -5 Garment Manufacturing Company Limited","Plot No.12-14, Kan Kaw Street, Shwe Pauk Kan Industrial Zone, North Okkalapa Township, Yangon Region, Myanmar","MM","Myanmar",16.9379075,96.1740447,"Apparel|Textiles|Unspecified","A Multi-Stakeholder Initiative|A Civil Society Organization|A Multi-Stakeholder Initiative|A Civil Society Organization|A Civil Society Organization|Partnership for Sustainable Textiles (PST) (PST Aug 2025 - 0-9, A-G)|A Civil Society Organization|A Brand / Retailer|A Multi-Stakeholder Initiative|A Multi-Stakeholder Initiative|A Brand / Retailer|A Brand / Retailer|A Multi-Stakeholder Initiative|A Brand / Retailer|A Multi-Stakeholder Initiative|A Brand / Retailer|A Multi-Stakeholder Initiative|A Multi-Stakeholder Initiative|A Multi-Stakeholder Initiative|A Brand / Retailer|A Multi-Stakeholder Initiative|A Multi-Stakeholder Initiative|A Multi-Stakeholder Initiative|A Multi-Stakeholder Initiative|A Multi-Stakeholder Initiative|Myanmar Centre for Responsible Business (OAR facility list in Myanmar)|A Civil Society Organization|MADE (MADE facility list for November 2023)|Myanmar Garment Manufacturers Association (MGMA) [Public List] (Myanmar Garment Manufacturers Association (Gathered March 2025))|Myanmar Trade Promotion Organization (Myantrade) [Public List] (Myantrade Directory of Exporters (as of March 2025))","","","Manufacturing","Final Product Assembly","Manufacturing","Rain Jackets|Down Jackets|Pants (Men & Women)","False"
"MM202019114FDQ1","2020-07-09","Sunan Hung Tak Apparel Limited","No. (37), Min Theikdi Kyaw Swar Street, Shwe Lin Ban Industrial Zone, Huling Thar Yar Township,, Yangon","MM","Myanmar",16.914015,96.0652719,"Apparel","Better Cotton (Better Cotton Initiative June 2020)|Better Cotton (Better Cotton Initiative May 2021)|Myanmar Centre for Responsible Business (OAR facility list in Myanmar)|Myanmar Garment Manufacturers Association (MGMA) [Public List] (Myanmar Garment Manufacturers Association (Gathered March 2025))|Myanmar Trade Promotion Organization (Myantrade) [Public List] (Myantrade Directory of Exporters (as of March 2025))","","","","","","Jackets|Shirt (Men)","False"
"MM2020191YWPCV0","2020-07-09","DJY KNITTING (MYANMAR) CO.,LTD","NO.(8) , KYANSITTHAR STREET HLAING THAR YAR INDUSTRIAL ZONE(3) HLAING THAR YAR TOWNSHIP YANGON,MYANM, YANGON","MM","Myanmar",16.8577164,96.0645602,"Apparel|Textiles|Unspecified","A Multi-Stakeholder Initiative|A Civil Society Organization|A Multi-Stakeholder Initiative|A Civil Society Organization|A Civil Society Organization|Partnership for Sustainable Textiles (PST) (PST Aug 2025 - 0-9, A-G)|A Civil Society Organization|Better Cotton (Better Cotton Initiative June 2020)|A Brand / Retailer|A Brand / Retailer|Better Cotton (Better Cotton Initiative May 2021)|A Multi-Stakeholder Initiative|A Brand / Retailer|A Brand / Retailer|A Multi-Stakeholder Initiative|A Brand / Retailer|A Multi-Stakeholder Initiative|A Multi-Stakeholder Initiative|A Multi-Stakeholder Initiative|A Multi-Stakeholder Initiative|A Civil Society Organization|A Multi-Stakeholder Initiative|Myanmar Centre for Responsible Business (OAR facility list in Myanmar)|Myanmar Centre for Responsible Business (OAR facility list in Myanmar)|A Civil Society Organization|A Multi-Stakeholder Initiative|Wikirate International e.V. (2020 Apparel Suppliers on Wikirate part 10)|Wikirate International e.V. (2018 Apparel Suppliers on Wikirate part 1)|Myanmar Garment Manufacturers Association (MGMA) [Public List] (Myanmar Garment Manufacturers Association (Gathered March 2025))|Lidl Stiftung & Co. KG (Lidl Facility List June 2025)","177|225|152","","Knitting, Cutting, Embroidering, Packing","","Packing|Knitting|Cutting|Embroidering","","False"
"MM2020217RHSTQV","2020-08-04","Classita Myanmar Co. Ltd.","No. 35/A Bamaw Ahtwin Wun Str., Industrial Zone 2, Dagon Seikkan 11441, SeikkanTownship, Yangon,","MM","Myanmar",16.8497536,96.2836455,"Apparel|Textiles|Unspecified","A Multi-Stakeholder Initiative|A Civil Society Organization|A Multi-Stakeholder Initiative|A Civil Society Organization|A Civil Society Organization|Partnership for Sustainable Textiles (PST) (PST Aug 2025 - 0-9, A-G)|A Civil Society Organization|A Multi-Stakeholder Initiative|A Multi-Stakeholder Initiative|A Multi-Stakeholder Initiative|A Multi-Stakeholder Initiative|Worldly|A Civil Society Organization|A Multi-Stakeholder Initiative|Myanmar Centre for Responsible Business (OAR facility list in Myanmar)|A Civil Society Organization|Worldly|A Multi-Stakeholder Initiative|Wikirate International e.V. (2020 Apparel Suppliers on Wikirate part 7)","","","Final Product Assembly","Final Product Assembly","Final Product Assembly","","False"
"MM2020218M228KW","2020-09-24","HANG KEI MYANMAR GARMENT FACTORY LIMITED","Plot No.56 and 57, Myay Taing Block No.25, Shwe LinBan Industrial Zone, Hlaing TharYar Township, Yongon, Myanmar","MM","Myanmar",16.91681,96.0591,"Apparel|Unspecified","A Multi-Stakeholder Initiative|A Brand / Retailer|A Brand / Retailer|A Brand / Retailer|A Multi-Stakeholder Initiative|A Multi-Stakeholder Initiative|A Multi-Stakeholder Initiative|A Brand / Retailer|Myanmar Centre for Responsible Business (OAR facility list in Myanmar)|Myanmar Centre for Responsible Business (OAR facility list in Myanmar)|A Brand / Retailer|A Brand / Retailer|An Auditor / Certification Scheme / Service Provider|Wikirate International e.V. (2017 Apparel Suppliers on Wikirate part 3)|MADE (MADE facility list for November 2023)|Etam Lingerie (factory list for ETAM)|Etam Lingerie (ETAM-202411)|Myanmar Garment Manufacturers Association (MGMA) [Public List] (Myanmar Garment Manufacturers Association (Gathered March 2025))|Myanmar Trade Promotion Organization (Myantrade) [Public List] (Myantrade Directory of Exporters (as of March 2025))|A Civil Society Organization|SLCP (Social & Labor Convergence Program List 2025)","915|915","HANG KEI LINGERIE FACTORY LIMITED|HANG KEI LINGERIE FACTORY LIMITED","","","","Lingerie|Swim Suit","False"
"MM2020218TSYEBK","2022-05-25","Myanmar Efforts Co., Ltd.","Plot No.43-2-Ka, Kha, Myay Taing Block No.318, Pann Taing Chon East Kwin, Pann Taing Chon Village, Pakokku Township, Magway Region","MM","Myanmar",21.42237,95.13292,"Apparel","A Multi-Stakeholder Initiative|A Multi-Stakeholder Initiative|A Multi-Stakeholder Initiative|A Multi-Stakeholder Initiative|Myanmar Centre for Responsible Business (OAR facility list in Myanmar)|MADE (MADE facility list for November 2023)|Myanmar Garment Manufacturers Association (MGMA) [Public List] (Myanmar Garment Manufacturers Association (Gathered March 2025))","","","","","","","False"
"MM20202199HSRD2","2022-05-25","Myanmar YuanEn Company Limited","Plot No.50, Min Theikdi Kyaw Zwar street, Shwe Lin Ban Industrial Zone, Hlaingtharya Township, Yangon Region, Myanmar","MM","Myanmar",16.914015,96.0652719,"Apparel","A Multi-Stakeholder Initiative|A Multi-Stakeholder Initiative|Myanmar Centre for Responsible Business (OAR facility list in Myanmar)","","","","","","","False"
"MM2020219K6SDNY","2020-08-06","Creative Sewing Garment Ltd","159, Min Gyi Mahar Min Guang str, myay taing bl # 25, Hlaing Thar Yar T/S, Yangon, ","MM","Myanmar",16.9158166,96.0630477,"Apparel","A Multi-Stakeholder Initiative|A Multi-Stakeholder Initiative|A Brand / Retailer|Myanmar Centre for Responsible Business (OAR facility list in Myanmar)|A Brand / Retailer|Myanmar Garment Manufacturers Association (MGMA) [Public List] (Myanmar Garment Manufacturers Association (Gathered March 2025))","","","","","","","False"
"MM2020219MZ0J4K","2020-08-06","Huajiang Cartonbox Co., Ltd.","No.343,Kanaung Min Thar Kyi Street,Shwe Lin Pan Industrial zone, Hlaing Thar Yar T/S, Yangon, ","MM","Myanmar",16.9054586,96.0716734,"Apparel","A Multi-Stakeholder Initiative|A Multi-Stakeholder Initiative|Myanmar Centre for Responsible Business (OAR facility list in Myanmar)","","","","","","","False"
"MM20202203ARZ28","2020-08-07","Myanmar Yes Co.,Ltd.","PLOT(19), NO(3) TRUNK RD.,, , Yangon, ","MM","Myanmar",16.857718,96.0720008,"Apparel","A Multi-Stakeholder Initiative|A Multi-Stakeholder Initiative","","","","","","","False"
"MM2020220GPZZ7D","2020-08-07","China Palette Garment Myanmar Co. Ltd.","Plot No.142,Myay Taing Block No.49,Wartayar Industrial Zone,Shwe PYI Thar Township, 11181, Yangon, ","MM","Myanmar",16.9765,96.0486,"Apparel|Unspecified","MANGO  (Historical Factories Mango)|A Multi-Stakeholder Initiative|A Brand / Retailer|A Brand / Retailer|A Multi-Stakeholder Initiative|Myanmar Centre for Responsible Business (OAR facility list in Myanmar)|Wikirate International e.V. (2020 Apparel Suppliers on Wikirate part 6)|Myanmar Trade Promotion Organization (Myantrade) [Public List] (Myantrade Directory of Exporters (as of March 2025))","","","","","","Coat","False"
"MM20202300039N4","2022-05-25","Sunme (Myanmar) Industrial Limited","Plot No.106, Mingyi Mahar Min Gaung Street, Shwe Than Lwin Industrial Zone  Yangon Region, Myanmar            ","MM","Myanmar",16.8645828,96.0506923,"Apparel","Next Plc (Next Plc August 2025)|A Brand / Retailer|A Brand / Retailer|A Brand / Retailer|A Brand / Retailer|A Brand / Retailer|Myanmar Centre for Responsible Business (OAR facility list in Myanmar)|A Brand / Retailer|A Brand / Retailer|A Brand / Retailer|Next Plc (Next Plc August 2024)|A Multi-Stakeholder Initiative|Next Plc (Next Plc List August 2023)|An Auditor / Certification Scheme / Service Provider|Next Plc (Next Plc Manufacturing Sites April 2024)|Next Plc (Next Plc March 2024)|Myanmar Garment Manufacturers Association (MGMA) [Public List] (Myanmar Garment Manufacturers Association (Gathered March 2025))|Myanmar Trade Promotion Organization (Myantrade) [Public List] (Myantrade Directory of Exporters (as of March 2025))|Next Plc (Next Plc Facility List February 2025)","","","","","","Pants|Duck Feather|Seam Sealing Product|Wallon","False"
"MM20202302XNNHX","2020-08-17","Ford Glory (Myanmar) Limited","No 42/132 Sathmu 7Th Street Shwe Pyi Thar Zone (1) Shwe Pyi Thar Township Yangon ","MM","Myanmar",16.9519142,96.093737,"Apparel","A Brand / Retailer|A Brand / Retailer|A Brand / Retailer|A Brand / Retailer|Myanmar Centre for Responsible Business (OAR facility list in Myanmar)|Myanmar Garment Manufacturers Association (MGMA) [Public List] (Myanmar Garment Manufacturers Association (Gathered March 2025))|Myanmar Trade Promotion Organization (Myantrade) [Public List] (Myantrade Directory of Exporters (as of March 2025))","","","","","","Jackets|T shirt (Knit)|Sport Wear|Pants","False"
"MM202023052NF2G","2020-08-17","DONGLONG (MYANMAR) GARMENT COLTD","No L7L8L9 Anawyathar Road Anawyathar Industrial Zone  Yangon","MM","Myanmar",16.8583846,96.0270379,"Apparel","A Brand / Retailer|A Multi-Stakeholder Initiative|A Multi-Stakeholder Initiative|A Brand / Retailer|A Brand / Retailer|A Multi-Stakeholder Initiative|A Brand / Retailer|Myanmar Centre for Responsible Business (OAR facility list in Myanmar)|Myanmar Garment Manufacturers Association (MGMA) [Public List] (Myanmar Garment Manufacturers Association (Gathered March 2025))|Myanmar Trade Promotion Organization (Myantrade) [Public List] (Myantrade Directory of Exporters (as of March 2025))","","","","","","Down Jackets|Sport Wear","False"
"MM2020230B73N0D","2022-05-25","Hua Meng Myanmar Garment Factory ","Plot No.17-2, 18-1, Myay Taing Block No.184-kha, near Yangon-Pathein High-way Road, Kan Gyi Daung (East), Kan Gyi Daung Township, Ayeyawady Region, Myanmar","MM","Myanmar",16.9234678,94.9040734,"Apparel","A Brand / Retailer|A Brand / Retailer|A Brand / Retailer|Myanmar Centre for Responsible Business (OAR facility list in Myanmar)|Myanmar Garment Manufacturers Association (MGMA) [Public List] (Myanmar Garment Manufacturers Association (Gathered March 2025))","","","","","","","False"
"MM2020230GGM191","2022-05-25","KOJIMA IRYO MYANMAR COMPANY LTD ","Plot No.1, Myay Taing Block No.89, Yangon-Pyay Main Road, Aye Mya Thar Yar Village Tract, Oakpho Township, Bago Region, Myanmar","MM","Myanmar",18.0760172,95.7215686,"Apparel","A Brand / Retailer|A Brand / Retailer|Myanmar Centre for Responsible Business (OAR facility list in Myanmar)","","","","","","","False"
"MM2020230K97ZRX","2022-05-25","Myanka Garment Limited","Plot No.23, Corner of Daw Pwar Shin and U Aung Zay Ya Street, East Dagon Industirai Zone, East Dagon Township, Yangon Region, Myanmar","MM","Myanmar",16.894473,96.2219995,"Apparel|Unspecified","WE Europe BV (WE Europe BV Facility List May 2025)|A Brand / Retailer|A Brand / Retailer|A Multi-Stakeholder Initiative|A Brand / Retailer|A Brand / Retailer|Kappahl Group (KappAhl Manufacturing Facility List March 2021)|A Brand / Retailer|A Multi-Stakeholder Initiative|A Multi-Stakeholder Initiative|A Multi-Stakeholder Initiative|Worldly|Desigual (Desigual Tier 1 Factory List February 2022)|Myanmar Centre for Responsible Business (OAR facility list in Myanmar)|A Brand / Retailer|A Brand / Retailer|Wikirate International e.V. (2018 Apparel Suppliers on Wikirate part 8)|MADE (MADE facility list for November 2023)|WE Europe BV (WE Fashion production location list 2024)|Myanmar Garment Manufacturers Association (MGMA) [Public List] (Myanmar Garment Manufacturers Association (Gathered March 2025))","1000|1000-4999","Kashion Industry Co., Ltd|Kashion Industry Co., Ltd","Production","Textile or Material Production|Textile or Material Production","Material Production|Material Production","","False"
"MM20202461DF6R5","2022-05-25","Zyz Apparel Company Limited","Plot No. 11, Myay Taing Block No. 49, Wartayar Industrial Zone, Shwepyithar Township, Yangon, Myanmar     ","MM","Myanmar",16.9970855238021,96.0550835827118,"Apparel","A Brand / Retailer|Next Plc (Next Plc August 2025)|A Brand / Retailer|A Brand / Retailer|A Brand / Retailer|A Brand / Retailer|Myanmar Centre for Responsible Business (OAR facility list in Myanmar)|A Brand / Retailer|A Brand / Retailer|A Brand / Retailer|Next Plc (Next Plc August 2024)|A Brand / Retailer|Next Plc (Next Tier 1 and Tier 2 Factory List March 2023)|Next Plc (Next Plc List August 2023)|MADE (MADE facility list for November 2023)|Next Plc (Next Plc Manufacturing Sites April 2024)|Next Plc (Next Plc March 2024)|Myanmar Garment Manufacturers Association (MGMA) [Public List] (Myanmar Garment Manufacturers Association (Gathered March 2025))|Next Plc (Next Plc Facility List February 2025)","","","","","","","False"
"MM20202812TYKTG","2020-10-07","Jia Mei Garment Co., Ltd. Factory 2","Plot No. 859, Myay Taing Block No. 36, Shew Pyi Thar Industrial Zone, Shew Pyi Thar, Yangon","MM","Myanmar",16.9406,96.08869,"Apparel|Unspecified","An Auditor / Certification Scheme / Service Provider|A Brand / Retailer|A Multi-Stakeholder Initiative|A Multi-Stakeholder Initiative|Myanmar Centre for Responsible Business (OAR facility list in Myanmar)|A Brand / Retailer|An Auditor / Certification Scheme / Service Provider|Myanmar Garment Manufacturers Association (MGMA) [Public List] (Myanmar Garment Manufacturers Association (Gathered March 2025))","","","","","","","False"
"MM2020281B070NG","2020-10-07","Textile Handiworks Co., Ltd.","No. (122), Corner Of Min Ayeyar Street & Than Lwin Street, Shwe Than Lwin Industrial Zone, Hlaing Thar Yar Township,","MM","Myanmar",16.850826,96.11559319999999,"Apparel","A Brand / Retailer|A Multi-Stakeholder Initiative|A Multi-Stakeholder Initiative|Myanmar Centre for Responsible Business (OAR facility list in Myanmar)","","","","","","","False"
"MM2020281B5FJ1V","2022-05-25","Dishang Kenny (Myanmar) Garment Co., Ltd","Plot No.95-96 (Ka), Myay Taing Block No (14), Min Gyi Mahar Min Gaung Street, Shwe Than Lwin Industrial Zone, Hlaingtharya Township, Yangon Region","MM","Myanmar",16.86808,96.04274,"Apparel|Unspecified","A Brand / Retailer|A Multi-Stakeholder Initiative|A Brand / Retailer|A Multi-Stakeholder Initiative|Worldly|A Brand / Retailer|A Multi-Stakeholder Initiative|A Brand / Retailer|A Brand / Retailer|A Brand / Retailer|A Brand / Retailer|A Brand / Retailer|A Brand / Retailer|A Brand / Retailer|A Brand / Retailer|A Brand / Retailer|A Brand / Retailer|A Brand / Retailer|A Brand / Retailer|A Brand / Retailer|A Brand / Retailer|A Multi-Stakeholder Initiative|A Brand / Retailer|A Multi-Stakeholder Initiative|A Brand / Retailer|A Brand / Retailer|Pimkie [Public List] (Pimkie Facility List June 2019)|A Brand / Retailer|A Brand / Retailer|A Brand / Retailer|A Brand / Retailer|A Multi-Stakeholder Initiative|A Brand / Retailer|Worldly|A Brand / Retailer|Pimkie [Public List] (Pimkie Facility List June 2019)|Myanmar Centre for Responsible Business (OAR facility list in Myanmar)|Myanmar Centre for Responsible Business (OAR facility list in Myanmar)|A Brand / Retailer|A Brand / Retailer|A Brand / Retailer|A Brand / Retailer|A Brand / Retailer|A Brand / Retailer|An Auditor / Certification Scheme / Service Provider|A Brand / Retailer|A Brand / Retailer|A Brand / Retailer|A Brand / Retailer|Myanmar Garment Manufacturers Association (MGMA) [Public List] (Myanmar Garment Manufacturers Association (Gathered March 2025))|Myanmar Trade Promotion Organization (Myantrade) [Public List] (Myantrade Directory of Exporters (as of March 2025))","","","","","","Blouse","False"
"MM2020281CRHGBS","2022-05-25","AMG Factory Ltd.","Plot No. 51 & 52, Myay Taing Block No. 25, Twin Thin Tike WunU Tun Nyo Street, Shwe Lin Ban Industrial Zone, Hlaingtharya Township, Yangon Region, Myanmar","MM","Myanmar",16.91765,96.05967,"Apparel|Textiles|Unspecified","A Multi-Stakeholder Initiative|A Civil Society Organization|A Multi-Stakeholder Initiative|A Civil Society Organization|A Civil Society Organization|Partnership for Sustainable Textiles (PST) (PST Aug 2025 - 0-9, A-G)|A Civil Society Organization|Fair Wear Foundation (Fair Wear Oct 2025)|A Brand / Retailer|A Multi-Stakeholder Initiative|A Multi-Stakeholder Initiative|A Brand / Retailer|A Multi-Stakeholder Initiative|A Multi-Stakeholder Initiative|A Multi-Stakeholder Initiative|A Multi-Stakeholder Initiative|A Civil Society Organization|A Multi-Stakeholder Initiative|Myanmar Centre for Responsible Business (OAR facility list in Myanmar)|A Civil Society Organization|A Multi-Stakeholder Initiative|Myanmar Garment Manufacturers Association (MGMA) [Public List] (Myanmar Garment Manufacturers Association (Gathered March 2025))|Myanmar Trade Promotion Organization (Myantrade) [Public List] (Myantrade Directory of Exporters (as of March 2025))|Lidl Stiftung & Co. KG (Lidl Facility List June 2025)","1000|1045","","Cutting, Finishing, Packing","","Finishing|Cutting|Packing","Dresses|Clothing|Polo Shirt","False"
"MM2020281EKXT12","2022-05-25","Unique Htt Company Limited","Plot No.291, Block No.25, Sat Sayar U Tun Road, Shwe Lin Ban Industrial Zone, Hlaingtharya Township, Yangon Region, Myanmar","MM","Myanmar",16.914015,96.0652719,"Apparel|Unspecified","A Brand / Retailer|A Brand / Retailer|A Brand / Retailer|A Brand / Retailer|A Multi-Stakeholder Initiative|A Brand / Retailer|A Multi-Stakeholder Initiative|A Brand / Retailer|A Multi-Stakeholder Initiative|A Multi-Stakeholder Initiative|A Multi-Stakeholder Initiative|A Multi-Stakeholder Initiative|Myanmar Centre for Responsible Business (OAR facility list in Myanmar)|MADE (MADE facility list for November 2023)|Worldwide Responsible Accredited Production (WRAP Facility List December 2024)|Myanmar Garment Manufacturers Association (MGMA) [Public List] (Myanmar Garment Manufacturers Association (Gathered March 2025))|Myanmar Trade Promotion Organization (Myantrade) [Public List] (Myantrade Directory of Exporters (as of March 2025))|Worldwide Responsible Accredited Production (WRAP Facility List 04222025)","723|723","","","","","Kids Wear|Polo Shirts|Sport Wear","False"
"MM2020281GFD3A2","2022-05-25","Cheng Zhang Garment Industrial Co., Ltd.","Plot No.K-4-1, 4-2, 4-7, 4-8 & K-4-3, 4-4, 4-5 4-6, Myay Taing Block No.22-Ba, Meiktila Industrial Zone, Meiktila Township, Mandalay Region, Myanmar","MM","Myanmar",20.9644855,95.9483647,"Apparel|Textiles|Unspecified","A Multi-Stakeholder Initiative|A Civil Society Organization|A Multi-Stakeholder Initiative|A Civil Society Organization|A Civil Society Organization|Partnership for Sustainable Textiles (PST) (PST Aug 2025 - 0-9, A-G)|A Civil Society Organization|A Brand / Retailer|A Brand / Retailer|A Multi-Stakeholder Initiative|A Brand / Retailer|A Multi-Stakeholder Initiative|A Brand / Retailer|A Brand / Retailer|Wikirate International e.V.|A Brand / Retailer|A Multi-Stakeholder Initiative|A Brand / Retailer|Myanmar Centre for Responsible Business (OAR facility list in Myanmar)|A Brand / Retailer|A Brand / Retailer|An Auditor / Certification Scheme / Service Provider|A Brand / Retailer|A Brand / Retailer|A Multi-Stakeholder Initiative|A Brand / Retailer|A Brand / Retailer|Wikirate International e.V. (2018 Apparel Suppliers on Wikirate part 4)|MADE (MADE facility list for November 2023)|Myanmar Garment Manufacturers Association (MGMA) [Public List] (Myanmar Garment Manufacturers Association (Gathered March 2025))|Lidl Stiftung & Co. KG (Lidl Facility List June 2025)","628|531|628","","Cutting, Filling (Downs e.g.), Packing, Pressing, Sewing","","Packing|Pressing|Sewing|Cutting|Filling (Downs e.g.)","","False"
"MM2020281J6VQN8","2022-05-25","Proton Myanmar Textile Company Limited","Plot No.161,162, Block No.05, Hlaingtharya Industrial Zone (5 - Extend), Hlaingtharya Township, Yangon Region, Myanmar","MM","Myanmar",16.850826,96.1155932,"Apparel","A Brand / Retailer|A Multi-Stakeholder Initiative|A Multi-Stakeholder Initiative|A Brand / Retailer|A Multi-Stakeholder Initiative|A Multi-Stakeholder Initiative|A Multi-Stakeholder Initiative|A Multi-Stakeholder Initiative|Myanmar Centre for Responsible Business (OAR facility list in Myanmar)|Myanmar Garment Manufacturers Association (MGMA) [Public List] (Myanmar Garment Manufacturers Association (Gathered March 2025))","","","","","","","False"
"MM2020281M3QANP","2020-10-07","GMT Garment Factory Co., Ltd.","Plot No. 11, Myay Taing Block No. 64, Industrial Zone-3, Shwe Pyi Thar Township, Yangon","MM","Myanmar",16.9317,96.07951,"Apparel","A Brand / Retailer|A Multi-Stakeholder Initiative|A Multi-Stakeholder Initiative|Myanmar Centre for Responsible Business (OAR facility list in Myanmar)|Myanmar Trade Promotion Organization (Myantrade) [Public List] (Myantrade Directory of Exporters (as of March 2025))","","","","","","Down Jackets","False"
"MM2020281MGY18M","2020-10-07","Popular International Garment Manufacturing Co., Ltd.","No. 25/56.Phan Chet Wun U Shew Oh Street, Hlaing Thar Yar Industrial Zone(2), Hlaing Thar Tar Township, Yangon","MM","Myanmar",16.8371283,96.1198316,"Apparel|Unspecified","A Brand / Retailer|A Multi-Stakeholder Initiative|A Brand / Retailer|A Multi-Stakeholder Initiative|A Brand / Retailer|A Multi-Stakeholder Initiative|A Multi-Stakeholder Initiative|A Multi-Stakeholder Initiative|JD Group [Public List] (JD Sports 2021 facility list)|A Multi-Stakeholder Initiative|A Multi-Stakeholder Initiative|A Brand / Retailer|A Multi-Stakeholder Initiative|Myanmar Centre for Responsible Business (OAR facility list in Myanmar)|A Multi-Stakeholder Initiative|A Multi-Stakeholder Initiative|Myanmar Garment Manufacturers Association (MGMA) [Public List] (Myanmar Garment Manufacturers Association (Gathered March 2025))","","","","","","","False"
"MM2020281NS31VP","2022-05-25","Fashion Shun Hua Garment Industrial Co., Ltd.","Plot No.4; J - 12/1+8, Myay Taing Block No.22-Pa,  (3) Street, Meiktila Industrial Zone, Meiktila Township, Mandalay Region, Myanmar","MM","Myanmar",20.9608434,95.9538563,"Apparel|Textiles|Unspecified","A Multi-Stakeholder Initiative|A Multi-Stakeholder Initiative|A Civil Society Organization|A Civil Society Organization|A Multi-Stakeholder Initiative|A Multi-Stakeholder Initiative|A Civil Society Organization|A Civil Society Organization|A Civil Society Organization|A Civil Society Organization|Partnership for Sustainable Textiles (PST) (PST Aug 2025 - 0-9, A-G)|Partnership for Sustainable Textiles (PST) (PST Aug 2025 - 0-9, A-G)|A Civil Society Organization|A Civil Society Organization|A Brand / Retailer|A Multi-Stakeholder Initiative|A Multi-Stakeholder Initiative|A Civil Society Organization|A Civil Society Organization|A Multi-Stakeholder Initiative|A Multi-Stakeholder Initiative|OEKO-TEX ® (STeP by OEKO-TEX® certified facilities per 20 April 2022)|Myanmar Centre for Responsible Business (OAR facility list in Myanmar)|An Auditor / Certification Scheme / Service Provider|A Multi-Stakeholder Initiative|An Auditor / Certification Scheme / Service Provider|Lidl Stiftung & Co. KG (Lidl Facility List June 2025)","672","","Final Product Assembly|Cutting, Finishing, Sewing","Final Product Assembly","Final Product Assembly|Finishing|Cutting|Sewing","","False"
"MM2020281PWV9JH","2022-05-25","Dong Long (Pathein) Garment Co., Ltd.","Plot No.17,18,19,20, Myay Taing Block No.13, Myint Zuu Street, Kinmalin Kyun quarter, Pathein Industrial Zone, Pathein Township, Ayeyarwaddy Region, Myanmar","MM","Myanmar",16.791533,94.771879,"Apparel|Textiles|Unspecified","A Multi-Stakeholder Initiative|A Civil Society Organization|A Multi-Stakeholder Initiative|A Civil Society Organization|A Civil Society Organization|Partnership for Sustainable Textiles (PST) (PST Aug 2025 - 0-9, A-G)|A Civil Society Organization|A Brand / Retailer|A Multi-Stakeholder Initiative|A Multi-Stakeholder Initiative|A Multi-Stakeholder Initiative|A Multi-Stakeholder Initiative|A Multi-Stakeholder Initiative|A Multi-Stakeholder Initiative|A Multi-Stakeholder Initiative|A Multi-Stakeholder Initiative|A Multi-Stakeholder Initiative|A Brand / Retailer|A Brand / Retailer|A Multi-Stakeholder Initiative|A Multi-Stakeholder Initiative|A Multi-Stakeholder Initiative|A Multi-Stakeholder Initiative|A Multi-Stakeholder Initiative|A Multi-Stakeholder Initiative|Worldly|Myanmar Centre for Responsible Business (OAR facility list in Myanmar)|Myanmar Centre for Responsible Business (OAR facility list in Myanmar)|An Auditor / Certification Scheme / Service Provider|Myanmar Centre for Responsible Business (OAR facility list in Myanmar)|Worldwide Responsible Accredited Production (WRAP Facility List December 2024)|Myanmar Garment Manufacturers Association (MGMA) [Public List] (Myanmar Garment Manufacturers Association (Gathered March 2025))|Lidl Stiftung & Co. KG (Lidl Facility List June 2025)","2601|2480","","Stiching, Cutting, Filling (Downs e.g.), Finishing, Fusing, Packing, Pressing, Sewing, Trimming","","Trimming|Finishing|Packing|Pressing|Sewing|Cutting|Fusing|Stiching|Filling (Downs e.g.)","","False"
"MM2020281RQCP60","2022-05-25","Above & Beyond Co., Ltd.","Plot No. 116-A, 116-B, Settmu (10) Street, Myay Taing Block No. 42, Shwepyithar Industrial Zone (1), Shwepyithar Township, Yangon Region, Myanmar","MM","Myanmar",16.9555573993699,96.09302889434,"Apparel","A Brand / Retailer|A Multi-Stakeholder Initiative|A Brand / Retailer|A Multi-Stakeholder Initiative|A Brand / Retailer|Wikirate International e.V.|Myanmar Centre for Responsible Business (OAR facility list in Myanmar)|Wikirate International e.V. (2020 Apparel Suppliers on Wikirate part 13)|Myanmar Trade Promotion Organization (Myantrade) [Public List] (Myantrade Directory of Exporters (as of March 2025))","1050|1050","","","","","Jackets|Pants|Men & Ladies Top","False"
"MM2020281SC8PDS","2022-05-25","Peach Garden Garments Company Limited","No. 131, Min Gyi Mahar Min Gaung Street, Shwepyithar Industrial Zone (3), Shwepyithar Township, Yangon, Myanmar","MM","Myanmar",16.9362163112892,96.090026637173,"Apparel","A Brand / Retailer|A Multi-Stakeholder Initiative|Kappahl Group (KappAhl Manufacturing Facility List August 2020)|A Multi-Stakeholder Initiative|A Brand / Retailer|A Brand / Retailer|A Multi-Stakeholder Initiative|A Multi-Stakeholder Initiative|A Multi-Stakeholder Initiative|A Multi-Stakeholder Initiative|Myanmar Centre for Responsible Business (OAR facility list in Myanmar)|Myanmar Centre for Responsible Business (OAR facility list in Myanmar)|OVS Spa (OVS SPA SUPPLIERS LIST - TIER 1 FY2023)|Myanmar Garment Manufacturers Association (MGMA) [Public List] (Myanmar Garment Manufacturers Association (Gathered March 2025))|Myanmar Trade Promotion Organization (Myantrade) [Public List] (Myantrade Directory of Exporters (as of March 2025))","879","ACE DELIGHT INVESTMENTS LTD.","OUTERWEAR","","","Rain Coat|Jackets","False"
"MM2020281XDEHSB","2020-10-07","Arao Co., Ltd.","Plot No. B-2, Myay Taing Block No. 175, Kyi Su Industrial Zone, Dagon Myo Thit (Selkkan) Township, Yangon","MM","Myanmar",16.8732598,96.2756738,"Apparel|Multi-Category|Textiles|Unspecified","A Multi-Stakeholder Initiative|A Civil Society Organization|A Multi-Stakeholder Initiative|A Civil Society Organization|A Civil Society Organization|Partnership for Sustainable Textiles (PST) (PST Aug 2025 - 0-9, A-G)|A Civil Society Organization|MANGO  (Historical Factories Mango)|Benetton Group (2022 Benetton suppliers list)|A Brand / Retailer|A Multi-Stakeholder Initiative|Benetton Group (Benetton Group 2018 Facility List)|A Brand / Retailer|A Multi-Stakeholder Initiative|A Brand / Retailer|A Brand / Retailer|Benetton Group (Benetton Group Facility List 2020)|A Multi-Stakeholder Initiative|A Multi-Stakeholder Initiative|A Multi-Stakeholder Initiative|A Multi-Stakeholder Initiative|A Civil Society Organization|A Multi-Stakeholder Initiative|Benetton Group (Benetton Group Facilities List 2021)|Myanmar Centre for Responsible Business (OAR facility list in Myanmar)|Myanmar Centre for Responsible Business (OAR facility list in Myanmar)|A Civil Society Organization|A Brand / Retailer|A Multi-Stakeholder Initiative|A Brand / Retailer|Benetton Group (Benetton Facility List 2023)|Benetton Group (2024 Benetton suppliers list)|Myanmar Garment Manufacturers Association (MGMA) [Public List] (Myanmar Garment Manufacturers Association (Gathered March 2025))|Myanmar Trade Promotion Organization (Myantrade) [Public List] (Myantrade Directory of Exporters (as of March 2025))|Lidl Stiftung & Co. KG (Lidl Facility List June 2025)","3694","","Cutting, Fusing, Packing, Sewing, Trimming|MANUFACTURING","Final Product Assembly|Final Product Assembly|Final Product Assembly","Manufacturing|Manufacturing|Manufacturing|Trimming|Packing|Sewing|Cutting|Fusing","Shirt|Jackets|Sport Wear","False"
"MM20202830HXGMX","2020-10-09","Soleil Ribbon Limited","1393, Baw Nat Kyee Village Tract, S-11 i-Land Industrial Estate, Naung Kwan Kwin, Kwin, Bago, Myanmar.","MM","Myanmar",17.4943465,96.4365524,"Apparel","A Brand / Retailer|A Brand / Retailer|A Brand / Retailer|Etam Lingerie (Etam (Jan. 2022 Active Supplier List))|Etam Lingerie (Etam Group (Jan. 2022 Active Supplier List))|A Brand / Retailer|A Brand / Retailer|A Brand / Retailer|Myanmar Centre for Responsible Business (OAR facility list in Myanmar)|Myanmar Garment Manufacturers Association (MGMA) [Public List] (Myanmar Garment Manufacturers Association (Gathered March 2025))","","","","","","","False"
"MM2020315JWBG0G","2020-11-10","Heng Mao (Myanmar) Garment Co.,Ltd","NO.93 Myay Taing Block No.14,Shwe ThanLwin Industrial Zong,Hlaing Thar Yar Towns, 11201, Rangoon","MM","Myanmar",16.86652,96.04388,"Apparel","A Brand / Retailer|A Multi-Stakeholder Initiative|A Brand / Retailer|A Brand / Retailer|A Brand / Retailer|A Multi-Stakeholder Initiative|A Multi-Stakeholder Initiative|A Multi-Stakeholder Initiative|A Brand / Retailer|A Multi-Stakeholder Initiative|A Multi-Stakeholder Initiative|A Multi-Stakeholder Initiative|A Multi-Stakeholder Initiative|A Brand / Retailer|Wikirate International e.V.|Myanmar Centre for Responsible Business (OAR facility list in Myanmar)|Wikirate International e.V. (2018 Apparel Suppliers on Wikirate part 8)|Wikirate International e.V. (2020 Apparel Suppliers on Wikirate part 13)","1071|1071","","","","","","False"
"MM2020315RVSY4N","2022-05-25","Myanmar Parfun Co., Ltd.","Plot No.272,273, Myay Taing Block No.25, Min Gyi Mahar Min Khaung Street, Shwe Lin Ban Industrial Zone, Hlaingtharya Township, 11181, Yangon Region, Myanmar","MM","Myanmar",16.9183191168843,96.0613610189777,"Apparel","A Brand / Retailer|A Multi-Stakeholder Initiative|A Multi-Stakeholder Initiative|Myanmar Centre for Responsible Business (OAR facility list in Myanmar)|Myanmar Trade Promotion Organization (Myantrade) [Public List] (Myantrade Directory of Exporters (as of March 2025))","","","","","","Underwear","False"
"MM2020317Q78MCF","2020-11-12","TATO ENTERPRISE LIMITED","LOT NO. 23/1, FIELD/BLOCK NO. 653, AH WONG VILLAGE,BAGO TOWNSHIP, BAGO REGION, MYANMAR.","MM","Myanmar",17.3873316,96.4888333,"Apparel","A Multi-Stakeholder Initiative|Hudson's Bay Company (HBC) [Public List] (HBC 2021 facility list)|Myanmar Centre for Responsible Business (OAR facility list in Myanmar)|Myanmar Trade Promotion Organization (Myantrade) [Public List] (Myantrade Directory of Exporters (as of March 2025))","","","","","","Knitting wears","False"
"MM2020325HNRCCY","2020-11-20","Rainbowtex (Myanmar) Garments Co., Ltd.","Plot No-75, Myay Taing Block No-49, War Ta Yar Industrial Zone, Shwe Pyi Thar Township, Yangon, , ","MM","Myanmar",16.9884539,96.0510584,"Apparel|Unspecified","A Multi-Stakeholder Initiative|A Multi-Stakeholder Initiative|A Multi-Stakeholder Initiative|A Multi-Stakeholder Initiative|Worldly|A Multi-Stakeholder Initiative|Myanmar Centre for Responsible Business (OAR facility list in Myanmar)|MADE (MADE facility list for November 2023)|Worldwide Responsible Accredited Production (WRAP Facility List December 2024)|Myanmar Garment Manufacturers Association (MGMA) [Public List] (Myanmar Garment Manufacturers Association (Gathered March 2025))|Worldwide Responsible Accredited Production (WRAP Facility List 04222025)","971|971","","","","","","False"
"MM2020328F04ZNJ","2022-05-25","Ceres Enterprise Ltd.","Plot No. D-10, Mingaladon Industrial Park, Corner of No.3 Highway Road and Khayebin Road, Mingaladon Township, Yangon Region, Myanmar ","MM","Myanmar",16.9392134,96.1546066,"Apparel|Textiles|Unspecified","A Multi-Stakeholder Initiative|A Civil Society Organization|A Multi-Stakeholder Initiative|A Civil Society Organization|A Civil Society Organization|Partnership for Sustainable Textiles (PST) (PST Aug 2025 - 0-9, A-G)|A Civil Society Organization|A Multi-Stakeholder Initiative|A Multi-Stakeholder Initiative|A Multi-Stakeholder Initiative|A Multi-Stakeholder Initiative|A Multi-Stakeholder Initiative|Vaude [Public List] (Vaude 2020 facility list)|A Multi-Stakeholder Initiative|A Multi-Stakeholder Initiative|JD Group [Public List] (JD Sports 2021 facility list)|A Multi-Stakeholder Initiative|A Multi-Stakeholder Initiative|A Multi-Stakeholder Initiative|A Multi-Stakeholder Initiative|A Multi-Stakeholder Initiative|A Multi-Stakeholder Initiative|A Multi-Stakeholder Initiative|A Multi-Stakeholder Initiative|A Multi-Stakeholder Initiative|A Multi-Stakeholder Initiative|A Multi-Stakeholder Initiative|A Multi-Stakeholder Initiative|A Multi-Stakeholder Initiative|A Multi-Stakeholder Initiative|A Multi-Stakeholder Initiative|A Civil Society Organization|A Multi-Stakeholder Initiative|Fair Wear Foundation (Fair Wear Aug 2024)|Myanmar Centre for Responsible Business (OAR facility list in Myanmar)|Myanmar Centre for Responsible Business (OAR facility list in Myanmar)|Myanmar Centre for Responsible Business (OAR facility list in Myanmar)|A Civil Society Organization|A Multi-Stakeholder Initiative|A Multi-Stakeholder Initiative|A Multi-Stakeholder Initiative|MADE (MADE facility list for November 2023)|Myanmar Garment Manufacturers Association (MGMA) [Public List] (Myanmar Garment Manufacturers Association (Gathered March 2025))|Myanmar Trade Promotion Organization (Myantrade) [Public List] (Myantrade Directory of Exporters (as of March 2025))","963|501-1000","","Cut & Sew|Washing|Ironing|Packaging|Cutting","Final Product Assembly","Cut & Sew|Washing|Ironing|Cut & Sew|Cutting|Packaging","Knitter Wear|Rain Coats|Down Jackets|Jackets|Sport Wear","False"
"MM2020330NFMJHZ","2020-11-25","Young Clothing Limited ","Plot No.(182/2) & (182/11), Shwe Lin Pan Industrial Zone, Hlaing Thar Yar Township  Yangon11121","MM","Myanmar",16.850826,96.11559319999999,"Apparel","A Multi-Stakeholder Initiative|A Multi-Stakeholder Initiative|A Brand / Retailer|A Multi-Stakeholder Initiative|A Brand / Retailer|A Brand / Retailer|A Brand / Retailer|A Multi-Stakeholder Initiative|A Brand / Retailer|A Multi-Stakeholder Initiative|A Multi-Stakeholder Initiative|A Multi-Stakeholder Initiative|A Multi-Stakeholder Initiative|Myanmar Centre for Responsible Business (OAR facility list in Myanmar)|Wikirate International e.V. (2019 Apparel Suppliers on Wikirate part 1)|Myanmar Trade Promotion Organization (Myantrade) [Public List] (Myantrade Directory of Exporters (as of March 2025))","","","","","","Shirt|Jackets|Pants","False"
"MM2020330SC1W4A","2022-05-25","Myanmar Hua Yue Garment Limited ","Plot No.1-2, Myay Taing Block No.632, Zin Pyone Kone Kwin, Yangon-Pyay Main Road, Kalar Gone Village, Hmawbi Township, 11181, Yangon Region, Myanmar","MM","Myanmar",17.1630728,95.9947678,"Apparel|Unspecified","A Multi-Stakeholder Initiative|A Multi-Stakeholder Initiative|A Multi-Stakeholder Initiative|Worldly|A Brand / Retailer|A Brand / Retailer|A Brand / Retailer|A Brand / Retailer|A Brand / Retailer|Myanmar Centre for Responsible Business (OAR facility list in Myanmar)|An Auditor / Certification Scheme / Service Provider|A Brand / Retailer|A Brand / Retailer|Next Plc (Next Plc August 2024)|A Brand / Retailer|H&M Group (Manufacturing Factories HM 2023)|A Brand / Retailer|A Brand / Retailer|MADE (MADE facility list for November 2023)|Myanmar Garment Manufacturers Association (MGMA) [Public List] (Myanmar Garment Manufacturers Association (Gathered March 2025))|Myanmar Trade Promotion Organization (Myantrade) [Public List] (Myantrade Directory of Exporters (as of March 2025))","","","","","","Jackets","False"
"MM2020330V6A8YN","2020-11-25","Yifan Garment (Myanmar) Company Limited","No. 122, Myay Taing Block No. 14, Conner of Min Ayeyar Street & Than Lwin Street, Shwe Than Lwin Industrial Zone  Yangon0","MM","Myanmar",16.7597279,96.1488753,"Apparel","A Multi-Stakeholder Initiative|A Multi-Stakeholder Initiative|A Multi-Stakeholder Initiative|Myanmar Centre for Responsible Business (OAR facility list in Myanmar)","","","","","","","False"
"MM20203640BGYKQ","2022-05-25","Jiashihao Myanmar Company Limited","Plot No.77-A, Kha Yay Street, Ward (42), Shwepyithar Industrial Zone (1), Shwepyithar Township, Yangon Region, Myanmar","MM","Myanmar",16.94595,96.09807,"Apparel|Apparel Accessories|Unspecified","Worldly|A Brand / Retailer|A Brand / Retailer|A Multi-Stakeholder Initiative|A Multi-Stakeholder Initiative|A Brand / Retailer|Wikirate International e.V.|A Multi-Stakeholder Initiative|Myanmar Centre for Responsible Business (OAR facility list in Myanmar)|Myanmar Centre for Responsible Business (OAR facility list in Myanmar)|A Civil Society Organization|An Auditor / Certification Scheme / Service Provider|An Auditor / Certification Scheme / Service Provider|A Multi-Stakeholder Initiative|A Multi-Stakeholder Initiative|A Multi-Stakeholder Initiative|Gina Tricot [Public List] (Gina Tricot Tier 1 Facility List August 2022)|Myanmar Garment Manufacturers Association (MGMA) [Public List] (Myanmar Garment Manufacturers Association (Gathered March 2025))|Worldwide Responsible Accredited Production (WRAP Facility List 04222025)","1659|998|1775","","Final Assembly","Final Product Assembly","Final Product Assembly","","False"
"MM202100441NSWJ","2021-01-04","AMG printing & Embroidery Factory Limited","No. 214 Pyin Si Min Thar Gyi street, Myay Taing Quarter  No.25, Shwe Lin Ben Industrial Zone, Hlaing That Yar Township, Yangon Myanmar","MM","Myanmar",16.91139,96.06365,"Apparel","A Brand / Retailer|A Brand / Retailer|Myanmar Centre for Responsible Business (OAR facility list in Myanmar)","","","","","","","False"
"MM2021012BEXBNR","2021-01-04","Rainwear House (Myanmar) Manufactory Limited","No. 120, Dagon Seikkan, Industrial Zone, Dagon Seikkan Township, Yangon, Myanmar","MM","Myanmar",16.8517315,96.2923207,"Apparel","A Brand / Retailer|Kappahl Group (KappAhl Manufacturing Facility List August 2020)|Kappahl Group (KappAhl Manufacturing Facility List March 2021)|Myanmar Centre for Responsible Business (OAR facility list in Myanmar)|Myanmar Centre for Responsible Business (OAR facility list in Myanmar)|A Brand / Retailer|A Brand / Retailer|Myanmar Garment Manufacturers Association (MGMA) [Public List] (Myanmar Garment Manufacturers Association (Gathered March 2025))","","","","","","","False"
"MM2021012DENQX6","2022-05-25","Nexstar Garment Manufacturing Company Limited","No.127, Than Chat Wun U Nyunt Road, Hlaingtharya Industrial Zone (1), Hlaingtharya Township, Yangon Region, Myanmar","MM","Myanmar",16.850826,96.1155932,"Apparel","A Brand / Retailer|Worldly|Myanmar Centre for Responsible Business (OAR facility list in Myanmar)|A Brand / Retailer|A Brand / Retailer|A Multi-Stakeholder Initiative|MADE (MADE facility list for November 2023)|Myanmar Garment Manufacturers Association (MGMA) [Public List] (Myanmar Garment Manufacturers Association (Gathered March 2025))|Myanmar Trade Promotion Organization (Myantrade) [Public List] (Myantrade Directory of Exporters (as of March 2025))","","","","","","Pants|Coat|Jackets","False"
"MM20210153CZFBD","2022-05-25","Long River Label Factory Limited","Plot No.155, Mya Taung Wun Gyi U Mho Road, Hlaingtharya Industrial Zone (2), Hlaingtharya Township, Yangon Region, Myanmar","MM","Myanmar",16.84922103,96.0750941,"Apparel","A Brand / Retailer|Myanmar Centre for Responsible Business (OAR facility list in Myanmar)","","","","","","","False"
"MM2021015F5HTPT","2021-01-15","TAIHONG EMBROIDERY FACTORY","NO.6 SHWE BIN STREET SHWELINBAN INDUSTRIAL ZONE","MM","Myanmar",16.914015,96.0652719,"Apparel","A Brand / Retailer|Wikirate International e.V.|Myanmar Centre for Responsible Business (OAR facility list in Myanmar)|Wikirate International e.V. (2020 Apparel Suppliers on Wikirate part 14)","60|60","","","","","","False"
"MM20210260CJRKG","2021-01-26","MYANMAR BESTEX GARMENT CO. LTD","POLT NO.117,MYAY TAING BLOCK NO.14,SHWE THANLWIN INSDUSTRIAL ZONE,HLAING THAR YAR TOWNSHIP,YANGON, 122730166, ANGON, ","MM","Myanmar",16.86344,96.04984,"Apparel|Unspecified","A Brand / Retailer|A Brand / Retailer|A Brand / Retailer|A Brand / Retailer|A Brand / Retailer|A Brand / Retailer|Myanmar Centre for Responsible Business (OAR facility list in Myanmar)|A Brand / Retailer|OVS Spa (OVS SPA SUPPLIERS LIST - TIER 1 FY2023)|Myanmar Garment Manufacturers Association (MGMA) [Public List] (Myanmar Garment Manufacturers Association (Gathered March 2025))","468","JIANGSU GUOTAI HUASHENG INDUST RIAL CO. LTD."," TRICOT KNITWEAR| CUT&SEWN KNITWEAR| DRESSES| OUTERWEAR| BLAZERS| MISCELLANEOUS| TROUSERS| NEWBORN MISCELLANEOUS| SKIRTS|SET","Final Product Assembly","Cut & Sew","","False"
"MM20210260ZEX5P","2021-01-26","HENGMEI CO. LTD","NO. 174/175 , CORNER OF U SHWE HO STREET & MAUNG KYAN THEE STREET, SHWE LIN BAN INDUSTRIAL ZONE , HL, YANGON, ","MM","Myanmar",16.914015,96.0652719,"Apparel|Unspecified","A Brand / Retailer|A Brand / Retailer|A Brand / Retailer|A Brand / Retailer|A Brand / Retailer|A Brand / Retailer|Worldly|A Brand / Retailer|A Brand / Retailer|A Brand / Retailer|Wikirate International e.V.|A Brand / Retailer|MANGO  (MANGO Active Factory List December 2021)|MANGO  (MANGO Active Factory List December 2021)|MANGO  (MANGO Active Factory List December 2021)|MANGO  (MANGO Active Factory List December 2021)|A Brand / Retailer|A Brand / Retailer|A Brand / Retailer|A Brand / Retailer|A Brand / Retailer|A Brand / Retailer|A Brand / Retailer|A Brand / Retailer|A Brand / Retailer|Myanmar Centre for Responsible Business (OAR facility list in Myanmar)|Myanmar Centre for Responsible Business (OAR facility list in Myanmar)|A Brand / Retailer|O'Neill Europe BV (O'Neill Europe facility list August 2023)|Wikirate International e.V. (2020 Apparel Suppliers on Wikirate part 13)|OVS Spa (OVS SPA SUPPLIERS LIST - TIER 1 FY2023)|Myanmar Garment Manufacturers Association (MGMA) [Public List] (Myanmar Garment Manufacturers Association (Gathered March 2025))","580|464|580","HUNTER TEXTILE SINGAPORE PTE L TD"," SCHOOL UNIFORMS|OUTERWEAR| TROUSERS","","","","False"
"MM20210267N9RNS","2022-05-25","MYANMAR LUCKY PHOENIX INTERNATIONAL CO., LTD.","Plot No.144,145, Myay Taing Block No.64, Pyin Si Minthar Gyi Street, Shwepyithar Industrial Zone (3), Shwepyithar Township, Yangon Region, Myanmar","MM","Myanmar",16.937840868905,96.0933585467945,"Apparel","A Brand / Retailer|A Brand / Retailer|Wikirate International e.V.|Myanmar Centre for Responsible Business (OAR facility list in Myanmar)|Wikirate International e.V. (2020 Apparel Suppliers on Wikirate part 13)|Myanmar Garment Manufacturers Association (MGMA) [Public List] (Myanmar Garment Manufacturers Association (Gathered March 2025))|Myanmar Trade Promotion Organization (Myantrade) [Public List] (Myantrade Directory of Exporters (as of March 2025))","560|560","","","","","Shirt|Jackets|Blouse|Pants","False"
"MM2021026AYMWXW","2021-01-26","MYANMAR SUMEC WIN WIN GARMENTS CO. LTD     ","70A/71A CONRNER OF MINGYI MAHAR MIN KHAUNG STREET AND PAN CHET WUN U SHWE OHE STREET,HLAING THARYAR,  YANGON, ","MM","Myanmar",16.9455678,96.0961267,"Apparel","A Brand / Retailer|A Brand / Retailer|A Brand / Retailer|A Brand / Retailer|A Brand / Retailer|A Brand / Retailer|Wikirate International e.V.|Myanmar Centre for Responsible Business (OAR facility list in Myanmar)|Myanmar Centre for Responsible Business (OAR facility list in Myanmar)|A Brand / Retailer|A Brand / Retailer|Wikirate International e.V. (2018 Apparel Suppliers on Wikirate part 4)","969|969","","","","","","False"
"MM2021026DCTH1C","2021-01-26","MYANMAR WIN WIN GARMENT CO.LTD. YAENI","PAPER MILLYENI , YEDASHE TOWNSHIP ,TAUNGOO DISTRICT , BAGO REGION,  YANGON, ","MM","Myanmar",19.4738691,96.2681381,"Apparel","A Brand / Retailer|A Brand / Retailer|A Brand / Retailer|A Brand / Retailer|A Brand / Retailer|A Brand / Retailer|Myanmar Centre for Responsible Business (OAR facility list in Myanmar)","","","","","","","False"
"MM2021026JM5RKX","2021-01-26","VANGUARD APPAREL CO. LTD","NO. B14 CLASS A AREA THILAWA SPECIAL ECONOMIC ZONE THANLYIN TOWNSHIP, YANGON, ","MM","Myanmar",16.6753149,96.2702492,"Apparel","A Brand / Retailer|A Brand / Retailer|A Brand / Retailer|A Brand / Retailer|A Brand / Retailer|A Brand / Retailer|Myanmar Centre for Responsible Business (OAR facility list in Myanmar)|OVS Spa (OVS SPA SUPPLIERS LIST - TIER 1 FY2023)|Myanmar Garment Manufacturers Association (MGMA) [Public List] (Myanmar Garment Manufacturers Association (Gathered March 2025))","1273","VANGUARD APPAREL CO. LTD","SHIRTS","","","","False"
"MM2021026MCN512","2021-01-26","NEWTOP LOTUS CO. LTD","NO.109, MAKHAYAR MINTHARGYI MAUNG PYOE STREET, INDUSTRIAL ZONE 2,HLAING THARYAR TOWNSHIP, YANGON, MY, YONGON, ","MM","Myanmar",16.8423514,96.0733858,"Apparel","A Brand / Retailer|A Brand / Retailer|A Brand / Retailer|A Brand / Retailer|A Brand / Retailer|A Brand / Retailer|A Brand / Retailer|A Brand / Retailer|A Brand / Retailer|A Brand / Retailer|Wikirate International e.V.|A Brand / Retailer|A Brand / Retailer|A Brand / Retailer|A Brand / Retailer|A Brand / Retailer|A Brand / Retailer|A Brand / Retailer|Next Plc (Next Tier 1 and Tier 2 Factory List March 2023)|A Brand / Retailer|A Brand / Retailer|A Brand / Retailer|Next Plc (Next Plc List August 2023)|Wikirate International e.V. (2020 Apparel Suppliers on Wikirate part 6)|MADE (MADE facility list for November 2023)|Myanmar Garment Manufacturers Association (MGMA) [Public List] (Myanmar Garment Manufacturers Association (Gathered March 2025))","600|600","","","","","","False"
"MM2021026NK5EXZ","2021-01-26","SMK GARMENT CO.LTD","NO.104, MIN GYI MAHAR MIN KHAUNG ST, SHWE THAN LWIN ZONE, HLAING THAR YAR., 11401, YANGON, ","MM","Myanmar",16.9345042,96.0849045,"Apparel","A Brand / Retailer|A Brand / Retailer|A Brand / Retailer|A Brand / Retailer|A Brand / Retailer|A Brand / Retailer|Myanmar Centre for Responsible Business (OAR facility list in Myanmar)|Myanmar Trade Promotion Organization (Myantrade) [Public List] (Myantrade Directory of Exporters (as of March 2025))","","","","","","Shirt","False"
"MM2021026S802MY","2021-01-26","HOSHENG MYANMAR GARMENT CO. LTD","PLOT  NO.52,MYAY TAING BLOCK NO.51,THAR DU KAN INDUSTRIAL ZONE,SHWE PYI THAR TOWNSHIP,YANGON REGION, 11181, YANGON, ","MM","Myanmar",16.9871335,96.0838019,"Apparel","A Brand / Retailer|A Brand / Retailer|A Brand / Retailer|A Brand / Retailer|A Brand / Retailer|A Brand / Retailer|Wikirate International e.V.|Myanmar Centre for Responsible Business (OAR facility list in Myanmar)|An Auditor / Certification Scheme / Service Provider|Wikirate International e.V. (2020 Apparel Suppliers on Wikirate part 13)|Myanmar Garment Manufacturers Association (MGMA) [Public List] (Myanmar Garment Manufacturers Association (Gathered March 2025))","428|428","","","","","","False"
"MM2021026W9HCZ8","2022-05-25","G&B MANUFACTURING MYANMAR CO.LTD     ","Plot No.57-A, Thar Du Kan Street, Thar Du Kan Industrial Zone, Shwepyithar Township, Yangon Region, Myanmar","MM","Myanmar",16.9841116902986,96.0867109129408,"Apparel|Apparel Accessories|Unspecified","A Brand / Retailer|A Brand / Retailer|A Brand / Retailer|A Multi-Stakeholder Initiative|A Brand / Retailer|A Brand / Retailer|A Multi-Stakeholder Initiative|A Multi-Stakeholder Initiative|A Brand / Retailer|Wikirate International e.V.|Myanmar Centre for Responsible Business (OAR facility list in Myanmar)|A Brand / Retailer|Pimkie [Public List] (Pimkie May 2022 Facility List)|Worldly|MADE (MADE facility list for November 2023)|Wikirate International e.V. (2020 Apparel Suppliers on Wikirate part 13)|OVS Spa (OVS SPA SUPPLIERS LIST - TIER 1 FY2023)|Myanmar Garment Manufacturers Association (MGMA) [Public List] (Myanmar Garment Manufacturers Association (Gathered March 2025))|A Civil Society Organization|SLCP (Social & Labor Convergence Program List 2025)","466|627|836|466","ZHEJIANG G&B FOREIGN TRADING C O., LTD.","DENIM TROUSERS| DRESSES| TROUSERS| OUTERWEAR| SKIRTS","","","","False"
"MM2021026ZPSVN5","2022-05-25","HUNTER MYANMAR APPAREL CO. LTD.","Plot No.28,29, Mya Wady Min Gyi Street, Hlaingtharya Industrial Zone (4), Hlaingtharya Township, Yangon Region, Myanmar","MM","Myanmar",16.86244,96.05506,"Apparel|Apparel Accessories","A Brand / Retailer|A Brand / Retailer|A Brand / Retailer|A Brand / Retailer|A Brand / Retailer|A Brand / Retailer|Myanmar Centre for Responsible Business (OAR facility list in Myanmar)|OVS Spa (OVS SPA SUPPLIERS LIST - TIER 1 FY2023)|Myanmar Trade Promotion Organization (Myantrade) [Public List] (Myantrade Directory of Exporters (as of March 2025))","581","HUNTER TEXTILE SINGAPORE PTE L TD"," SCHOOL UNIFORMS|OUTERWEAR| TROUSERS","","","Hat|Bag|Jackets","False"
"MM2021050YSHKRQ","2022-05-25","Nay Shwe Lin Company Limited","Plot No. 3, Myay Taing Block No. 49, Watayar Industrial Zone, Shwe Pyithar Township, Yangon Region, Myanmar","MM","Myanmar",17.0005791195127,96.0562423033677,"Apparel|Textiles|Unspecified","A Brand / Retailer|A Civil Society Organization|A Brand / Retailer|A Brand / Retailer|BESTSELLER (Tier 1 and Tier 0 October 2025)|BESTSELLER (Tier 1 and Tier 0 February 2026)|H&M Group (H&M April 2024 Facilities list)|A Brand / Retailer|A Brand / Retailer|Worldly|A Brand / Retailer|A Brand / Retailer|A Brand / Retailer|H&M Group (H&M June 2024 Facilities list)|H&M Group (H&M JULY 2024 Facilities list)|A Brand / Retailer|A Brand / Retailer|A Civil Society Organization|A Multi-Stakeholder Initiative|A Brand / Retailer|A Brand / Retailer|A Brand / Retailer|Myanmar Centre for Responsible Business (OAR facility list in Myanmar)|H&M Group (H&M Aug 2024 Facilities list)|A Civil Society Organization|A Brand / Retailer|A Brand / Retailer|H&M Group (H&M Oct 2024 Facility list)|H&M Group (Manufacturing Factories HM 2023)|A Brand / Retailer|A Brand / Retailer|A Brand / Retailer|A Brand / Retailer|A Multi-Stakeholder Initiative|A Brand / Retailer|A Brand / Retailer|H&M Group (H&M Group Facilities list October2023)|A Brand / Retailer|A Brand / Retailer|H&M Group (H&M November Factory List)|MADE (MADE facility list for November 2023)|A Brand / Retailer|H&M Group (H&M January 2024 Facilities list)|A Brand / Retailer|H&M Group (H&M Feb 2024 Facilities list)|H&M Group (H&M Sept 2024 Facility list)|A Brand / Retailer|H&M Group (H&M March 2024 Facilities list)|A Brand / Retailer|A Brand / Retailer|H&M Group (H&M Nov 2024 Facility list)|H&M Group (H&M Dec 2024 Facility list)|A Brand / Retailer|Myanmar Garment Manufacturers Association (MGMA) [Public List] (Myanmar Garment Manufacturers Association (Gathered March 2025))|Myanmar Garment Manufacturers Association (MGMA) [Public List] (Myanmar Garment Manufacturers Association (Gathered March 2025))|Myanmar Trade Promotion Organization (Myantrade) [Public List] (Myantrade Directory of Exporters (as of March 2025))|A Civil Society Organization|SLCP (Social & Labor Convergence Program List 2025)","1001-5000|1001-5000|501-1000|501-1000|501-1000|501-1000|501-1000|501-1000|501-1000|501-1000|501-1000|501-1000|501-1000|501-1000|501-1000","","Manufacturing|Manufacturing |Manufacturing unit","","Manufacturing|Manufacturing|Manufacturing|Manufacturing|Manufacturing|Manufacturing unit|Manufacturing unit|Manufacturing unit|Manufacturing unit|Manufacturing unit|Manufacturing unit|Manufacturing unit|Manufacturing unit","Jackets|Pants","False"
"MM202106068T8WH","2021-03-01","Huasheng Garment & Garment Wash Company Limited ","No 439 Seik Kan Rd Shwelinban Industrial Zone Hlaingthryar Tsp Yanggon","MM","Myanmar",16.908821,96.07877,"Apparel|Textiles|Unspecified","H&M Group (H&M April 2024 Facilities list)|H&M Group (H&M JULY 2024 Facilities list)|A Brand / Retailer|H&M Group (H&M June 2024 Facilities list)|A Brand / Retailer|A Brand / Retailer|A Brand / Retailer|A Civil Society Organization|A Multi-Stakeholder Initiative|Myanmar Centre for Responsible Business (OAR facility list in Myanmar)|H&M Group (H&M Aug 2024 Facilities list)|A Civil Society Organization|A Brand / Retailer|A Brand / Retailer|A Brand / Retailer|Next Plc (Next Plc August 2024)|H&M Group (H&M Oct 2024 Facility list)|A Multi-Stakeholder Initiative|H&M Group (H&M Group Facilities list October2023)|H&M Group (H&M November Factory List)|H&M Group (H&M January 2024 Facilities list)|H&M Group (H&M Feb 2024 Facilities list)|H&M Group (H&M Sept 2024 Facility list)|H&M Group (H&M March 2024 Facilities list)|H&M Group (H&M Nov 2024 Facility list)|H&M Group (H&M Dec 2024 Facility list)","101-500|101-500|101-500|101-500|101-500|1-500|1-500|1-500|1-500|1-500|1-500|1-500|1-500","","Processing |Processing|Processing unit","","Processing|Processing|Processing|Processing|Processing|Processing unit|Processing unit|Processing unit|Processing unit|Processing unit|Processing unit|Processing unit|Processing unit","Component","False"
"MM2021060DT14CX","2021-03-01","Shwe Myinn Washing Factory","No 305 Nawaddy Mingyi Road Shw Lin Ban Industrial Zone Hlaing Tharyar Tsp Yangon","MM","Myanmar",16.914015,96.0652719,"Apparel|Unspecified","Fair Wear Foundation (Fair Wear Oct 2025)|A Brand / Retailer|A Brand / Retailer|Myanmar Centre for Responsible Business (OAR facility list in Myanmar)|A Brand / Retailer|A Brand / Retailer|A Brand / Retailer|Next Plc (Next Plc August 2024)|Next Plc (Next Plc Facility List February 2025)","51-500","","","","","Component|Component","False"
"MM2021060QER59G","2022-05-25","Myanmar Autumn & Champagne Garment & Textile Co., Ltd. ","Plot No.367, 368, 369, Myaung Takar Industrial Zone, Hmawbi Township, Yangon Region, Myanmar","MM","Myanmar",17.1751833,95.9858343,"Apparel","A Brand / Retailer|An Auditor / Certification Scheme / Service Provider|Myanmar Centre for Responsible Business (OAR facility list in Myanmar)|Myanmar Garment Manufacturers Association (MGMA) [Public List] (Myanmar Garment Manufacturers Association (Gathered March 2025))","","","","","","","False"
"MM2021060R83FD4","2022-05-25","Jinxiang (Myanmar) Textile Co Ltd.","Plot No.185,186, Myay Taing Block No.25, Shwe Lin Ban Industrial Zone, Hlaingtharya Township, Yangon Region, Myanmar","MM","Myanmar",16.9193,96.06349,"Apparel","A Brand / Retailer|Myanmar Centre for Responsible Business (OAR facility list in Myanmar)|A Brand / Retailer|A Brand / Retailer|A Brand / Retailer|Myanmar Garment Manufacturers Association (MGMA) [Public List] (Myanmar Garment Manufacturers Association (Gathered March 2025))","","","","","","","False"
"MM2021060V2EBA5","2021-03-01","Myanmar I-Tex Garment Co Ltd","No (62 67) Block No (21) Mya Tharaphe St Mya Sein Yaung Industrial Zone Hlaing Thar Yar Township ","MM","Myanmar",16.87233,96.01243,"Apparel","A Brand / Retailer|A Brand / Retailer|A Multi-Stakeholder Initiative|A Multi-Stakeholder Initiative|A Multi-Stakeholder Initiative|A Multi-Stakeholder Initiative|OEKO-TEX ® (STeP by OEKO-TEX® certified facilities per 20 April 2022)|Myanmar Centre for Responsible Business (OAR facility list in Myanmar)|Myanmar Garment Manufacturers Association (MGMA) [Public List] (Myanmar Garment Manufacturers Association (Gathered March 2025))|Myanmar Trade Promotion Organization (Myantrade) [Public List] (Myantrade Directory of Exporters (as of March 2025))|Worldwide Responsible Accredited Production (WRAP Facility List 04222025)","1200","","","","","Shirt|Jackets","False"
"MM2021077TZKJW7","2022-05-25","Idea (MCO) Ltd","Plot No.112,121, Block No.4, High Way Road, Thar Du Kan Industrial Zone, Shwepyithar Township, Yangon Region, Myanmar","MM","Myanmar",16.9937902562919,96.090761899567,"Apparel","mhibanada (2016 European Championship Adidas Supplier List)|Myanmar Centre for Responsible Business (OAR facility list in Myanmar)","","","","","","","False"
"MM2021081ESQ26E","2021-03-22","TIANJIN GOLDEN MOUNTAIN TRADE  (MYANMAR) CO.,LTD","HOLDING NO(88),BLOCK NO(1185),SAR THU NGE KWIN,THAR YAR GONE VILLAGE TRACT,BAGO TOWNSHIP.","MM","Myanmar",17.2063612,96.3210203,"Apparel","Worldly|A Brand / Retailer|A Brand / Retailer|A Brand / Retailer|A Brand / Retailer|Myanmar Centre for Responsible Business (OAR facility list in Myanmar)|A Brand / Retailer|An Auditor / Certification Scheme / Service Provider|A Brand / Retailer|Myanmar Garment Manufacturers Association (MGMA) [Public List] (Myanmar Garment Manufacturers Association (Gathered March 2025))","","","","","","","False"
"MM2021085JBCBNN","2021-03-26","Wan Gee Development Co.,Ltd","Block No (327-329)Myang Takar Ind. Zone Hmaw be Township Myanmar, Yangon","MM","Myanmar",16.8317653,96.2294737,"Apparel","Kappahl Group (KappAhl Processing Facility List August 2020)|Kappahl Group (KappAhl Processing Facility List March 2021)|Myanmar Centre for Responsible Business (OAR facility list in Myanmar)","","","","","","","False"
"MM2021085MZNJ06","2022-05-25","Baofeng Printing (Myanmar) Co., Ltd","Corner of Sittaung Road and Ayeyawady Road, Hlaingtharya Industrial Zone (5), Hlaingtharya Township, Yangon Region, Myanmar","MM","Myanmar",16.887053,96.0425327,"Apparel","Kappahl Group (KappAhl Processing Facility List August 2020)|Myanmar Centre for Responsible Business (OAR facility list in Myanmar)","","","","","","","False"
"MM20211059PK685","2021-04-15","MAIYIBEI (YANGON) GARMENT MANUFACTURING CO.,LTD","No# 491 492 493 Padauk Street,,11181,Yangon","MM","Myanmar",16.90435,96.06104,"Apparel","A Brand / Retailer|A Brand / Retailer|A Multi-Stakeholder Initiative|A Multi-Stakeholder Initiative|Myanmar Centre for Responsible Business (OAR facility list in Myanmar)","","","","","","","False"
"MM2021105GRM5HQ","2022-05-25","EO BAGO COMPANY LIMITED","Plot No.53, Myay Taing Block No.1190-Kha, Gone Min Inn Kwin (East), Inntakaw Township, Bago Region, Myanmar","MM","Myanmar",17.2019635,96.3818739,"Apparel","A Brand / Retailer|A Multi-Stakeholder Initiative|A Multi-Stakeholder Initiative|A Brand / Retailer|Myanmar Centre for Responsible Business (OAR facility list in Myanmar)|A Brand / Retailer|Myanmar Garment Manufacturers Association (MGMA) [Public List] (Myanmar Garment Manufacturers Association (Gathered March 2025))","","","","","","","False"
"MM2021105MEFXAX","2024-01-22","Create Beauty (Myanmar) Knitted Wear","Plot No. 332-336, Block No. , Myaung Dagar Industrial Zone, Hmawbi Township, Yangon","MM","Myanmar",17.1571058,95.9712695,"Apparel","A Brand / Retailer|A Brand / Retailer|A Multi-Stakeholder Initiative|A Multi-Stakeholder Initiative|A Brand / Retailer|A Multi-Stakeholder Initiative|A Multi-Stakeholder Initiative|A Multi-Stakeholder Initiative|A Multi-Stakeholder Initiative|Myanmar Centre for Responsible Business (OAR facility list in Myanmar)|MADE (MADE facility list for November 2023)|Myanmar Garment Manufacturers Association (MGMA) [Public List] (Myanmar Garment Manufacturers Association (Gathered March 2025))","","","","","","","False"
"MM2021116HSG85E","2021-04-23","Best Win (Myanmar) Garment Co., Ltd.","Kwin No. 71, Block No. 50, Thar Du Kan Industrial Zone, Shwe Pyi Thar Township, Yangon","MM","Myanmar",16.9949669,96.0848611,"Apparel|Textiles|Unspecified","A Multi-Stakeholder Initiative|A Civil Society Organization|A Multi-Stakeholder Initiative|A Civil Society Organization|A Civil Society Organization|Partnership for Sustainable Textiles (PST) (PST Aug 2025 - 0-9, A-G)|A Civil Society Organization|A Brand / Retailer|A Brand / Retailer|Worldly|A Civil Society Organization|A Civil Society Organization|A Brand / Retailer|A Multi-Stakeholder Initiative|A Multi-Stakeholder Initiative|Myanmar Centre for Responsible Business (OAR facility list in Myanmar)|A Civil Society Organization|A Civil Society Organization|A Multi-Stakeholder Initiative|Myanmar Garment Manufacturers Association (MGMA) [Public List] (Myanmar Garment Manufacturers Association (Gathered March 2025))|A Civil Society Organization|SLCP (Social & Labor Convergence Program List 2025)|Lidl Stiftung & Co. KG (Lidl Facility List June 2025)","483","","Manufacturing|Cutting, Packing, Trimming","Final Product Assembly","Manufacturing|Trimming|Cutting|Packing","","False"
"MM20211206QHTQ1","2021-04-30","GASAN APPAREL CO. LTD.","No-504 Yaw Atwin Wun U Phoe Hlaing Street,Shwe Lin Pan Industry Zone,Hliang Thar Yar Town Ship,Hlaing Thar Yar Yangon","MM","Myanmar",16.9025783,96.0769571,"Apparel|Unspecified","MANGO  (Historical Factories Mango)|A Brand / Retailer|A Brand / Retailer|A Brand / Retailer|Myanmar Centre for Responsible Business (OAR facility list in Myanmar)|A Brand / Retailer|Desigual (Desigual Tier 1 Factory List February 2022)|Myanmar Garment Manufacturers Association (MGMA) [Public List] (Myanmar Garment Manufacturers Association (Gathered March 2025))","","","","","","","False"
"MM20211207KZEY7","2021-04-30","MYANMAR WIDE GARMENT CO. LTD.","No. (99), Yangon-Pyay Road, Koe Lone Kwin, Hmawbi T/S, Yangon Yangon","MM","Myanmar",17.0950785,96.0938962,"Apparel|Unspecified","MANGO  (Historical Factories Mango)|A Brand / Retailer|A Brand / Retailer|A Brand / Retailer|Myanmar Centre for Responsible Business (OAR facility list in Myanmar)|Myanmar Trade Promotion Organization (Myantrade) [Public List] (Myantrade Directory of Exporters (as of March 2025))","","","","","","Babies Wear|Down Jackets|Ladies' Blouse|Pants|Men's wear","False"
"MM2021120B04MNT","2021-04-30","UNIVERSAL APPAREL CO LTD","No.24, Plot No(6) Thaung Gyi(North), Ngwe Pin Lae Marine Industrial Zone, Hlaing Thar Yar Township Yangon","MM","Myanmar",16.922716,96.06837,"Apparel|Unspecified","A Brand / Retailer|MANGO  (MANGO Active Factory List December 2021)|A Brand / Retailer|A Brand / Retailer|A Brand / Retailer|A Brand / Retailer|A Brand / Retailer|A Brand / Retailer|A Brand / Retailer|A Brand / Retailer|A Brand / Retailer|A Brand / Retailer|Myanmar Centre for Responsible Business (OAR facility list in Myanmar)|Worldly|Worldwide Responsible Accredited Production (WRAP Facility List December 2024)|Myanmar Garment Manufacturers Association (MGMA) [Public List] (Myanmar Garment Manufacturers Association (Gathered March 2025))|Myanmar Trade Promotion Organization (Myantrade) [Public List] (Myantrade Directory of Exporters (as of March 2025))|Worldwide Responsible Accredited Production (WRAP Facility List 04222025)","1100|1300","","","","","Shirt (Men & Women)","False"
"MM2021120CFQGFK","2021-04-30","GOLDEN SHINE CO. LTD.","No.73/74 Mingalardone Garden City , Yangon Industrial zone , ZayKaBar Yangon","MM","Myanmar",16.9432133,96.1832069,"Apparel|Unspecified","MANGO  (Historical Factories Mango)|A Brand / Retailer|A Brand / Retailer|A Brand / Retailer|Myanmar Centre for Responsible Business (OAR facility list in Myanmar)|Wikirate International e.V. (2020 Apparel Suppliers on Wikirate part 14)|Myanmar Trade Promotion Organization (Myantrade) [Public List] (Myantrade Directory of Exporters (as of March 2025))","","","","","","Pants (Men & Women)|T shirt|Jackets","False"
"MM2021120HA4607","2021-04-30","MANUFACTURER GFT ENTERPRISE COLTD","No.26, 4 Street, Yangon Industrial Park, North Okkalapa Tsp Yangon","MM","Myanmar",16.9447538,96.1751215,"Apparel|Unspecified","A Brand / Retailer|MANGO  (MANGO Active Factory List December 2021)|MANGO  (Historical Factories Mango)|A Brand / Retailer|A Brand / Retailer|A Brand / Retailer|A Brand / Retailer|A Brand / Retailer|A Brand / Retailer|A Brand / Retailer|A Brand / Retailer|A Brand / Retailer|A Brand / Retailer|Myanmar Centre for Responsible Business (OAR facility list in Myanmar)|Myanmar Trade Promotion Organization (Myantrade) [Public List] (Myantrade Directory of Exporters (as of March 2025))","","","","","","Clothing","False"
"MM2021120MWVDME","2021-04-30","J & J (MYANMAR) GARMENT FACTORY LIMITED","Plot No. 143, Myay Taing Block No. 4, Hlaing Thar Yar Industrial Zone, Hlaing Thar Yar Township, Yangon Yangon","MM","Myanmar",16.85842,96.06096,"Apparel","A Brand / Retailer|Myanmar Centre for Responsible Business (OAR facility list in Myanmar)|Myanmar Garment Manufacturers Association (MGMA) [Public List] (Myanmar Garment Manufacturers Association (Gathered March 2025))|Myanmar Trade Promotion Organization (Myantrade) [Public List] (Myantrade Directory of Exporters (as of March 2025))","","","","","","Pants|Coat|Casual Wear|Jackets","False"
"MM2021120TSZQY9","2022-05-25","Lu Thai (Myanmar) Company Limited","Plot No.B-14, Thilawa Special Economic Zone, Class (A) Area, Thanlyin Township, Yangon Region","MM","Myanmar",16.6749132816856,96.2706670020129,"Apparel","A Brand / Retailer|MANGO  (MANGO Active Factory List December 2021)|A Brand / Retailer|A Brand / Retailer|A Brand / Retailer|A Brand / Retailer|A Brand / Retailer|A Brand / Retailer|A Brand / Retailer|A Brand / Retailer|A Brand / Retailer|A Brand / Retailer|A Brand / Retailer|Myanmar Centre for Responsible Business (OAR facility list in Myanmar)|Myanmar Centre for Responsible Business (OAR facility list in Myanmar)|Wikirate International e.V. (2020 Apparel Suppliers on Wikirate part 13)","","","","","","","False"
"MM2021120VYAFZK","2022-05-25","EXCEL GARMENT MANUFACTURING CO. LTD","Plot No.28-A, Myay Taing Block No.538-A, No 4-High Way Road, Gate Haung Bus-stop, Bon Shae Gone Village, Shwepyithar Township, Yangon Region","MM","Myanmar",16.9651522894382,96.0970873221896,"Apparel|Unspecified","A Brand / Retailer|MANGO  (MANGO Active Factory List December 2021)|MANGO  (Historical Factories Mango)|A Brand / Retailer|A Brand / Retailer|A Brand / Retailer|A Brand / Retailer|A Brand / Retailer|A Brand / Retailer|A Brand / Retailer|A Brand / Retailer|A Brand / Retailer|A Brand / Retailer|Myanmar Centre for Responsible Business (OAR facility list in Myanmar)|Myanmar Garment Manufacturers Association (MGMA) [Public List] (Myanmar Garment Manufacturers Association (Gathered March 2025))","","","","","","","False"
"MM2021120XYNR3D","2022-05-25","Toya Myanmar Company Limited","Plot No. 151/A - 152, Block No. 1063, Inn Taing Kwinn, Indaing Village, No. 2 Main Road, Hlegu, Yangon","MM","Myanmar",17.1137274,96.3219128,"Apparel","A Brand / Retailer|A Brand / Retailer|Wikirate International e.V.|Myanmar Centre for Responsible Business (OAR facility list in Myanmar)|Myanmar Centre for Responsible Business (OAR facility list in Myanmar)","1701","","","","","","False"
"MM2021120ZTWGFP","2022-05-25","SANYUAN OVERSEA (MYANMAR) APPAREL MANUFACTURING CO.LTD","Land No. (15, 16), land Survey No. 109, Industrial Zone, Dagon Myothit (East) Township, Yangon Region","MM","Myanmar",16.8609938130201,96.281578188922,"Apparel|Unspecified","A Brand / Retailer|MANGO  (MANGO Active Factory List December 2021)|MANGO  (Historical Factories Mango)|A Brand / Retailer|A Brand / Retailer|A Brand / Retailer|A Brand / Retailer|A Brand / Retailer|A Brand / Retailer|A Brand / Retailer|A Brand / Retailer|A Brand / Retailer|A Brand / Retailer|Myanmar Centre for Responsible Business (OAR facility list in Myanmar)|Myanmar Garment Manufacturers Association (MGMA) [Public List] (Myanmar Garment Manufacturers Association (Gathered March 2025))|A Civil Society Organization|SLCP (Social & Labor Convergence Program List 2025)","","","","","","","False"
"MM2021124AQ291K","2022-05-25","Sen Ma Te (Myanmar) Apparel Company Limited","Plot No.272,273, Block No.25, Saya Shan Street, Shwe Lin Ban Industrial Zone, Hlaingtharya Township, Yangon Region, Myanmar","MM","Myanmar",16.914015,96.0652719,"Apparel|Textiles|Unspecified","A Multi-Stakeholder Initiative|A Civil Society Organization|A Civil Society Organization|Partnership for Sustainable Textiles (PST) (PST Aug 2025 - Q-Z)|A Civil Society Organization|A Civil Society Organization|Fair Wear Foundation (Fair Wear Oct 2025)|A Brand / Retailer|A Brand / Retailer|A Multi-Stakeholder Initiative|A Multi-Stakeholder Initiative|A Multi-Stakeholder Initiative|Fair Wear Foundation (Fair Wear Aug 2024)|Myanmar Centre for Responsible Business (OAR facility list in Myanmar)|A Multi-Stakeholder Initiative|A Multi-Stakeholder Initiative|MADE (MADE facility list for November 2023)|Myanmar Garment Manufacturers Association (MGMA) [Public List] (Myanmar Garment Manufacturers Association (Gathered March 2025))|Fair Wear Foundation (Fair Wear Apr 2025)","1000|1000|1000-16000","","Cut & Sew|Stitching|Ironing|Packaging|Product Finishing|Cutting","Final Product Assembly|Final Product Assembly|Final Product Assembly","Cutting|Packaging|Stitching|Product Finishing|Packaging|Ironing|Cutting|Cut & Sew|Product Finishing|Ironing|Cut & Sew|Cutting|Packaging|Ironing|Cutting|Product Finishing|Packaging|Cut & Sew","","False"
"MM2021130ZSNGAA","2020-10-07","Myanmar Fortune Fashion Co., Ltd.","No. 81, Min Ayeyar Road, Shwe Than Lwin Industrial Zone, Hlaing Tharyar Township, Yangon","MM","Myanmar",16.86419,96.0403,"Apparel","A Brand / Retailer|A Brand / Retailer|A Brand / Retailer|A Multi-Stakeholder Initiative|A Multi-Stakeholder Initiative|A Multi-Stakeholder Initiative|A Multi-Stakeholder Initiative|Wikirate International e.V.|Worldly|Myanmar Centre for Responsible Business (OAR facility list in Myanmar)|Wikirate International e.V. (2020 Apparel Suppliers on Wikirate part 8)|Myanmar Garment Manufacturers Association (MGMA) [Public List] (Myanmar Garment Manufacturers Association (Gathered March 2025))|Myanmar Trade Promotion Organization (Myantrade) [Public List] (Myantrade Directory of Exporters (as of March 2025))","883|883","","","","","Jackets","False"
"MM20211543SZZY1","2022-05-25","HUAFA GARMENT COMPANY","Plot No.1, Myawaddy Min Gyi Road, Kyansitthar Yeik Mon Industrial Zone, South Dagon Township Yangon Region","MM","Myanmar",16.8801970878446,96.2491640854488,"Apparel|Unspecified","Worker Rights Consortium|Worker Rights Consortium|Worker Rights Consortium|Worker Rights Consortium|Cutter & Buck [Public List] (Cutter & Buck - May 2023 Production Locations List)|Myanmar Centre for Responsible Business (OAR facility list in Myanmar)|Worker Rights Consortium","","","","","","","False"
"MM20211545VR7AJ","2021-06-03","Vanguard Apparel Co. Ltd.","Level 4,Sedona Business Suites, No.1,Ka Ba Aye Pagoda Road,Yankin Township Yangon","MM","Myanmar",16.8293151,96.155012,"Apparel","Worker Rights Consortium|Worker Rights Consortium|Myanmar Centre for Responsible Business (OAR facility list in Myanmar)","","","","","","","False"
"MM20211548EHNBG","2021-06-03","Tianjin Fashion Milestone Co., Ltd.","No. 392 (A),Seik Kan Thar Stree, Shwe Lin Ban Industrial Zone, Hlaing Thar Yar Township","MM","Myanmar",16.8830095,96.0828097,"Apparel","A Brand / Retailer|A Civil Society Organization|A Brand / Retailer|A Brand / Retailer|BESTSELLER (Tier 1 and Tier 0 October 2025)|BESTSELLER (Tier 1 and Tier 0 February 2026)|A Brand / Retailer|A Brand / Retailer|A Brand / Retailer|A Brand / Retailer|A Brand / Retailer|A Brand / Retailer|A Brand / Retailer|A Brand / Retailer|Myanmar Centre for Responsible Business (OAR facility list in Myanmar)|A Brand / Retailer|A Brand / Retailer|An Auditor / Certification Scheme / Service Provider|A Brand / Retailer|A Brand / Retailer|A Brand / Retailer|A Brand / Retailer|A Brand / Retailer|A Brand / Retailer|An Auditor / Certification Scheme / Service Provider|A Brand / Retailer|A Brand / Retailer|MADE (MADE facility list for November 2023)|A Brand / Retailer|A Brand / Retailer|An Auditor / Certification Scheme / Service Provider|An Auditor / Certification Scheme / Service Provider|An Auditor / Certification Scheme / Service Provider|A Brand / Retailer|A Brand / Retailer|A Brand / Retailer|A Brand / Retailer|Myanmar Garment Manufacturers Association (MGMA) [Public List] (Myanmar Garment Manufacturers Association (Gathered March 2025))|An Auditor / Certification Scheme / Service Provider","1001-5000|1001-5000","","","","","","False"
"MM2021154S982K8","2021-06-03","San Xin Myanmar Garment Company Limited","No. 36, Myawady Min Gyi Street, Zone 4, Hlaing Tharyar","MM","Myanmar",16.9008479,96.1043302,"Apparel","A Brand / Retailer|A Brand / Retailer|A Brand / Retailer|A Brand / Retailer|Myanmar Centre for Responsible Business (OAR facility list in Myanmar)|Wikirate International e.V. (2020 Apparel Suppliers on Wikirate part 6)","","","","","","","False"
"MM20211591R3Q34","2022-05-25","MEIJIE(MYANMAR) CLOTHING & ACCESSORIES COMPANY LIMITED","Plot No.405, Myay Taing Block No.25, U Phoe Hlaing Street, Shwe Lin Ban Industrial Zone, Hlaingtharya Township, Yangon Region, Myanmar","MM","Myanmar",16.903031,96.07316,"Apparel|Unspecified","A Brand / Retailer|A Civil Society Organization|A Brand / Retailer|A Brand / Retailer|BESTSELLER (Tier 1 and Tier 0 October 2025)|BESTSELLER (Tier 1 and Tier 0 February 2026)|H&M Group (H&M April 2024 Facilities list)|A Brand / Retailer|Better Cotton (Better Cotton Initiative May 2021)|H&M Group (H&M June 2024 Facilities list)|A Brand / Retailer|Worldly|A Brand / Retailer|H&M Group (H&M JULY 2024 Facilities list)|A Brand / Retailer|A Brand / Retailer|A Civil Society Organization|A Multi-Stakeholder Initiative|A Brand / Retailer|Myanmar Centre for Responsible Business (OAR facility list in Myanmar)|H&M Group (H&M Aug 2024 Facilities list)|A Civil Society Organization|A Brand / Retailer|H&M Group (H&M Oct 2024 Facility list)|H&M Group (Manufacturing Factories HM 2023)|A Brand / Retailer|A Brand / Retailer|A Multi-Stakeholder Initiative|A Multi-Stakeholder Initiative|A Brand / Retailer|A Brand / Retailer|H&M Group (H&M Group Facilities list October2023)|H&M Group (H&M Group Facilities list October2023)|A Brand / Retailer|H&M Group (H&M November Factory List)|H&M Group (H&M November Factory List)|MADE (MADE facility list for November 2023)|A Brand / Retailer|H&M Group (H&M January 2024 Facilities list)|H&M Group (H&M January 2024 Facilities list)|A Brand / Retailer|H&M Group (H&M Feb 2024 Facilities list)|H&M Group (H&M Sept 2024 Facility list)|A Brand / Retailer|H&M Group (H&M March 2024 Facilities list)|A Brand / Retailer|H&M Group (H&M Nov 2024 Facility list)|H&M Group (H&M Dec 2024 Facility list)|A Brand / Retailer|Myanmar Garment Manufacturers Association (MGMA) [Public List] (Myanmar Garment Manufacturers Association (Gathered March 2025))|A Civil Society Organization|SLCP (Social & Labor Convergence Program List 2025)","1001-5000|1001-5000|1-100|1001-1500|1001-1500|1-100|1501-2000|1-100|1501-2000|1501-2000|1001-2000|1001-2000|1001-2000|1001-2000|1001-2000|1001-2000|1001-2000|1001-2000","","Manufacturing|Manufacturing |Manufacturing unit","","Manufacturing|Manufacturing|Manufacturing|Manufacturing|Manufacturing|Manufacturing|Manufacturing|Manufacturing|Manufacturing unit|Manufacturing unit|Manufacturing unit|Manufacturing unit|Manufacturing unit|Manufacturing unit|Manufacturing unit|Manufacturing unit","","False"
"MM2021159KW8HSF","2021-06-07","Myanmar Sunview Garments Co Ltd. (Second Factory)","No 11, 12, 13, Daw Phaw Shin Street, Shwe Pyi Thar Industry Zone(2), Shwe Pyi Thar Township, Yangon,, Yangon","MM","Myanmar",16.8620068,96.0492385,"Apparel","A Brand / Retailer|A Brand / Retailer|A Brand / Retailer|Worldly|Better Cotton (Better Cotton Initiative June 2020)|A Brand / Retailer|A Brand / Retailer|Better Cotton (Better Cotton Initiative May 2021)|A Brand / Retailer|A Brand / Retailer|A Brand / Retailer|A Brand / Retailer|A Brand / Retailer|Wikirate International e.V. (2019 Apparel Suppliers on Wikirate part 1)|Wikirate International e.V. (2020 Apparel Suppliers on Wikirate part 1)","","","","","","","False"
"MM2021159XH6YHH","2021-06-07","Zuyuan Edenweiss Sanwa Industry Company Limited","NO.83 Depeyin Wunhtauk U Mye Street, Hlaing Tharyar Industrial Zone(2). Hlaing Tharyar Township, Yangon","MM","Myanmar",16.85505,96.07488,"Apparel","Better Cotton (Better Cotton Initiative May 2021)|Myanmar Centre for Responsible Business (OAR facility list in Myanmar)|Myanmar Garment Manufacturers Association (MGMA) [Public List] (Myanmar Garment Manufacturers Association (Gathered March 2025))|Myanmar Trade Promotion Organization (Myantrade) [Public List] (Myantrade Directory of Exporters (as of March 2025))","","","","","","Knitting wears","False"
"MM2021161MMBHAN","2022-05-25","SDI Manufacturing Company Limited","Plot No.40, Block No.24, Ngwe Pin Lae Industrial Zone, Hlaingtharya Township, Yangon Region, Myanmar","MM","Myanmar",16.9243891,96.0663099,"Apparel","A Brand / Retailer|A Brand / Retailer|Myanmar Centre for Responsible Business (OAR facility list in Myanmar)|An Auditor / Certification Scheme / Service Provider|Myanmar Garment Manufacturers Association (MGMA) [Public List] (Myanmar Garment Manufacturers Association (Gathered March 2025))","","","","","","","False"
"MM20211685XXVDN","2022-05-25","MYANMAR GUOTAI HUASHENG GLORY FASHION CO., LTD.","Plot No.171, Twin Thin Talk Wun U Tun Nyo Road, Hlaingtharya Industrial Zone (2), Hlaingtharya Township, Yangon Region","MM","Myanmar",16.84559,96.07507,"Apparel|Apparel Accessories|Multi-Category","A Brand / Retailer|A Brand / Retailer|A Multi-Stakeholder Initiative|A Multi-Stakeholder Initiative|A Multi-Stakeholder Initiative|A Multi-Stakeholder Initiative|Worldly|Myanmar Centre for Responsible Business (OAR facility list in Myanmar)|A Brand / Retailer|A Multi-Stakeholder Initiative|Pimkie [Public List] (Pimkie May 2022 Facility List)|MADE (MADE facility list for November 2023)|A Brand / Retailer|Myanmar Garment Manufacturers Association (MGMA) [Public List] (Myanmar Garment Manufacturers Association (Gathered March 2025))","1900","","","","","","False"
"MM20211687R49YR","2022-05-25","DAGON TALENT GARMENT LIMITED","Plot No.17, Myay Taing Block No.143-1, Yadanar Bon Road, Kyansitthar Yeik Mon Industrial Zone, South Dagon Township, Yangon Region, Myanmar","MM","Myanmar",16.8801971,96.2491641,"Apparel|Multi-Category","A Brand / Retailer|Myanmar Centre for Responsible Business (OAR facility list in Myanmar)|A Multi-Stakeholder Initiative|MADE (MADE facility list for November 2023)|A Brand / Retailer|Myanmar Garment Manufacturers Association (MGMA) [Public List] (Myanmar Garment Manufacturers Association (Gathered March 2025))|Myanmar Trade Promotion Organization (Myantrade) [Public List] (Myantrade Directory of Exporters (as of March 2025))","","","","","","Shirt (Men)","False"
"MM2021168S0CPHT","2021-06-17","JIA XI (YANGON) GARMENT COMPANY  LIMITED","HAKHA STREET, NO. 511/A INDUSTRIAL ZONE (1), DAGON MYOTHIT(SOUTHERN), 11431, YANGON, MYANMAR","MM","Myanmar",16.838359,96.2195207,"Apparel|Multi-Category","A Brand / Retailer|A Multi-Stakeholder Initiative|A Multi-Stakeholder Initiative|A Brand / Retailer|A Brand / Retailer|A Brand / Retailer|Myanmar Centre for Responsible Business (OAR facility list in Myanmar)|Myanmar Centre for Responsible Business (OAR facility list in Myanmar)|Myanmar Centre for Responsible Business (OAR facility list in Myanmar)|A Brand / Retailer","","","","","","","False"
"MM2021175848KE1","2024-01-22","Myanmar Dongtai Garments Co., Ltd","Plot No (18), Myay Taing Quarter No (143/1), Lan Thit Road, Kyan Sit Thar Yeik Mon, Dagon Myothit Industrial Zone (1)","MM","Myanmar",16.8800582,96.2479874,"Apparel|Unspecified","A Brand / Retailer|A Brand / Retailer|A Civil Society Organization|A Brand / Retailer|A Brand / Retailer|A Brand / Retailer|BESTSELLER (Tier 1 and Tier 0 October 2025)|BESTSELLER (Tier 1 and Tier 0 February 2026)|A Brand / Retailer|A Brand / Retailer|A Brand / Retailer|A Multi-Stakeholder Initiative|A Multi-Stakeholder Initiative|A Multi-Stakeholder Initiative|A Multi-Stakeholder Initiative|Wikirate International e.V.|A Brand / Retailer|A Brand / Retailer|A Brand / Retailer|Myanmar Centre for Responsible Business (OAR facility list in Myanmar)|A Brand / Retailer|A Brand / Retailer|A Brand / Retailer|A Brand / Retailer|Tokmanni Group [Public List] (Tokmanni Private Label May 2023 Facility List)|A Brand / Retailer|A Brand / Retailer|A Brand / Retailer|A Brand / Retailer|A Brand / Retailer|A Brand / Retailer|MADE (MADE facility list for November 2023)|A Brand / Retailer|A Brand / Retailer|A Brand / Retailer|A Brand / Retailer|A Brand / Retailer|A Brand / Retailer|Myanmar Garment Manufacturers Association (MGMA) [Public List] (Myanmar Garment Manufacturers Association (Gathered March 2025))|Myanmar Trade Promotion Organization (Myantrade) [Public List] (Myantrade Directory of Exporters (as of March 2025))","1-1000|1-1000|540|540","","","","","Garments|Jackets|Staff Wear (Uniform)","False"
"MM2021175A9GMY1","2021-06-24","Min Thar Lay Co., Ltd.","Mya Tharipi Street, Land Plot D7, Mya Sein Yuang Industrialzone, Hlaing Thar Yar Township, Yangon","MM","Myanmar",16.8763792,96.0076032,"Apparel","A Brand / Retailer|A Multi-Stakeholder Initiative|A Multi-Stakeholder Initiative|JD Group [Public List] (JD Sports 2021 facility list)|A Multi-Stakeholder Initiative|A Multi-Stakeholder Initiative|Myanmar Centre for Responsible Business (OAR facility list in Myanmar)","","","","","","","False"
"MM2021175CYZRHY","2021-06-24","Harmony Myanmar Co., Ltd.","No. 182/3, 182/4, Bamaw Ahtwin Wun Street, Shwe Linban Industrial Zone, Hlaing Thar Yar Township, Yangon","MM","Myanmar",16.9194676,96.063691,"Apparel","A Brand / Retailer|A Multi-Stakeholder Initiative|A Multi-Stakeholder Initiative|A Multi-Stakeholder Initiative|A Multi-Stakeholder Initiative|Myanmar Centre for Responsible Business (OAR facility list in Myanmar)|Myanmar Garment Manufacturers Association (MGMA) [Public List] (Myanmar Garment Manufacturers Association (Gathered March 2025))|Myanmar Trade Promotion Organization (Myantrade) [Public List] (Myantrade Directory of Exporters (as of March 2025))","","","","","","Baby Wear|Jackets","False"
"MM2021175EWJHF8","2022-05-25","Sheng Mei Garment Company Limited","Plot No. 12, Myay Taing Block No. 49, Wartayar Industrial Zone, Shwepyithar Township, Yangon Region        ","MM","Myanmar",16.9964026118216,96.0557413145919,"Apparel|Textiles|Unspecified","A Brand / Retailer|A Multi-Stakeholder Initiative|A Civil Society Organization|A Civil Society Organization|Partnership for Sustainable Textiles (PST) (PST Aug 2025 - Q-Z)|A Civil Society Organization|A Civil Society Organization|A Brand / Retailer|A Civil Society Organization|A Brand / Retailer|BESTSELLER (Tier 1 and Tier 0 October 2025)|BESTSELLER (Tier 1 and Tier 0 February 2026)|A Brand / Retailer|A Brand / Retailer|A Brand / Retailer|A Brand / Retailer|A Brand / Retailer|A Multi-Stakeholder Initiative|A Multi-Stakeholder Initiative|A Brand / Retailer|A Multi-Stakeholder Initiative|A Multi-Stakeholder Initiative|Worldly|A Brand / Retailer|A Multi-Stakeholder Initiative|A Brand / Retailer|A Brand / Retailer|Myanmar Centre for Responsible Business (OAR facility list in Myanmar)|Myanmar Centre for Responsible Business (OAR facility list in Myanmar)|A Civil Society Organization|A Brand / Retailer|A Brand / Retailer|A Brand / Retailer|A Brand / Retailer|A Brand / Retailer|A Brand / Retailer|A Brand / Retailer|A Brand / Retailer|A Brand / Retailer|MADE (MADE facility list for November 2023)|A Brand / Retailer|A Brand / Retailer|A Brand / Retailer|A Brand / Retailer|A Brand / Retailer|OVS Spa (OVS SPA SUPPLIERS LIST - TIER 1 FY2023)|A Brand / Retailer|Myanmar Garment Manufacturers Association (MGMA) [Public List] (Myanmar Garment Manufacturers Association (Gathered March 2025))|A Civil Society Organization|SLCP (Social & Labor Convergence Program List 2025)","1-1000|1-1000|890","SKYRUN (HK) CO. LTD"," UNDER KNITWEAR|CUT&SEWN KNITWEAR|Manufacturing","Final Product Assembly|Final Product Assembly","Manufacturing|Cut & Sew","","False"
"MM2021180MQDM7V","2021-06-29","GENERAL TEXTILE (MYANMAR) APPAREL COMPANY LIMITED","No.133/134,Thardukan Industrial Zone, Shwe Pyi Thar Township, YANGON","MM","Myanmar",16.9892369,96.0905572,"Apparel","A Brand / Retailer|Myanmar Centre for Responsible Business (OAR facility list in Myanmar)","","","","","","","False"
"MM2021180MSBGXD","2021-06-29","Fully Happiness Garment Company Limited","Plot No.135, Padamyar street, Myay Taing Quarter No.51, Thardukan Industrial Zone, Shwe Pyithar,Township, YANGON","MM","Myanmar",16.9885476,96.089903,"Apparel|Apparel Accessories|Unspecified","A Multi-Stakeholder Initiative|A Multi-Stakeholder Initiative|A Multi-Stakeholder Initiative|A Brand / Retailer|A Brand / Retailer|A Brand / Retailer|A Brand / Retailer|A Brand / Retailer|A Multi-Stakeholder Initiative|A Multi-Stakeholder Initiative|A Brand / Retailer|A Brand / Retailer|A Brand / Retailer|A Brand / Retailer|A Brand / Retailer|A Brand / Retailer|A Brand / Retailer|A Brand / Retailer|A Multi-Stakeholder Initiative|A Multi-Stakeholder Initiative|Myanmar Centre for Responsible Business (OAR facility list in Myanmar)|Myanmar Centre for Responsible Business (OAR facility list in Myanmar)|A Brand / Retailer|A Brand / Retailer|A Brand / Retailer|A Brand / Retailer|A Brand / Retailer|A Brand / Retailer|An Auditor / Certification Scheme / Service Provider|A Brand / Retailer|Pimkie [Public List] (Pimkie May 2022 Facility List)|A Brand / Retailer|A Brand / Retailer|A Brand / Retailer|A Brand / Retailer|OVS Spa (OVS SPA SUPPLIERS LIST - TIER 1 FY2023)|Myanmar Trade Promotion Organization (Myantrade) [Public List] (Myantrade Directory of Exporters (as of March 2025))|Myanmar Garment Manufacturers Association (MGMA) [Public List] (Myanmar Garment Manufacturers Association (Gathered March 2025))|A Civil Society Organization|SLCP (Social & Labor Convergence Program List 2025)","640|369","ESTER INTERNATIONAL ENTERPRISE S LTD."," SKIRTS|CUT&SEWN KNITWEAR","Final Product Assembly","Cut & Sew","Pants (Men)|Shirt|Blouse|Sport Wear","False"
"MM2021180PH0DB7","2022-05-25","MIL-MAY TEKSTIL SANAYI VE DIS TICARET ANONIM SIRKETI","Plot No.133,134, Myay Taing Block No. 51, Thar Du Kan Industrial Zone, Shwepyithar Township, Yangon Region, Myanmar","MM","Myanmar",16.9892682163536,96.0900116370581,"Apparel","A Brand / Retailer|Myanmar Centre for Responsible Business (OAR facility list in Myanmar)","","","","","","","False"
"MM2021180ZVBT29","2022-09-06","General Textile (Myanmar) Apparel Co., Ltd.","Block No. 15/1 & 16/1 Lot No. 577, No. (4) Main Road,, Kyaut Pone Kwin Ward, lnnluk Village Tract,,","MM","Myanmar",17.0877677,96.0570034,"Apparel|Unspecified","A Brand / Retailer|A Multi-Stakeholder Initiative|A Brand / Retailer|H&M Group (H&M June 2024 Facilities list)|A Brand / Retailer|A Brand / Retailer|A Brand / Retailer|A Brand / Retailer|A Brand / Retailer|A Multi-Stakeholder Initiative|A Multi-Stakeholder Initiative|A Multi-Stakeholder Initiative|A Multi-Stakeholder Initiative|A Multi-Stakeholder Initiative|A Brand / Retailer|A Brand / Retailer|A Brand / Retailer|A Brand / Retailer|A Brand / Retailer|A Brand / Retailer|H&M Group (H&M JULY 2024 Facilities list)|A Brand / Retailer|A Brand / Retailer|A Brand / Retailer|A Brand / Retailer|A Brand / Retailer|A Multi-Stakeholder Initiative|Myanmar Centre for Responsible Business (OAR facility list in Myanmar)|A Brand / Retailer|H&M Group (H&M Aug 2024 Facilities list)|A Brand / Retailer|A Brand / Retailer|A Brand / Retailer|A Brand / Retailer|A Brand / Retailer|H&M Group (H&M Oct 2024 Facility list)|A Brand / Retailer|H&M Group (Manufacturing Factories HM 2023)|A Brand / Retailer|Myanmar Centre for Responsible Business (OAR facility list in Myanmar)|An Auditor / Certification Scheme / Service Provider|A Multi-Stakeholder Initiative|H&M Group (H&M Group Facilities list October2023)|H&M Group (H&M November Factory List)|A Brand / Retailer|H&M Group (H&M January 2024 Facilities list)|A Brand / Retailer|A Brand / Retailer|A Brand / Retailer|A Brand / Retailer|A Brand / Retailer|H&M Group (H&M Feb 2024 Facilities list)|H&M Group (H&M Sept 2024 Facility list)|A Brand / Retailer|H&M Group (H&M March 2024 Facilities list)|H&M Group (H&M April 2024 Facilities list)|H&M Group (H&M Nov 2024 Facility list)|H&M Group (H&M Dec 2024 Facility list)|Myanmar Garment Manufacturers Association (MGMA) [Public List] (Myanmar Garment Manufacturers Association (Gathered March 2025))|A Civil Society Organization|SLCP (Social & Labor Convergence Program List 2025)","501-1000|501-1000|501-1000|501-1000|501-1000|501-1000|501-1000|501-1000|501-1000|501-1000|501-1000|501-1000|501-1000","","Manufacturing|Manufacturing |Manufacturing unit","","Manufacturing|Manufacturing|Manufacturing|Manufacturing|Manufacturing|Manufacturing unit|Manufacturing unit|Manufacturing unit|Manufacturing unit|Manufacturing unit|Manufacturing unit|Manufacturing unit|Manufacturing unit","","False"
"MM2021183DJA38Z","2021-07-01","LOADSTAR(MYANMAR) APPAREL COMPANY LIMITED","Kyansitthar Yeikmon Industry Zone, No.21,22,South Dagon Myothit Township","MM","Myanmar",16.8608183,96.1096507,"Apparel|Unspecified","A Brand / Retailer|MANGO  (MANGO Active Factory List December 2021)|MANGO  (Historical Factories Mango)|A Brand / Retailer|A Brand / Retailer|A Brand / Retailer|A Brand / Retailer|A Brand / Retailer|A Brand / Retailer|A Brand / Retailer|A Brand / Retailer|A Brand / Retailer|A Brand / Retailer|A Brand / Retailer|A Brand / Retailer|A Brand / Retailer|A Brand / Retailer|Myanmar Centre for Responsible Business (OAR facility list in Myanmar)|Myanmar Centre for Responsible Business (OAR facility list in Myanmar)","","","","","","","False"
"MM2021183HREYQQ","2022-05-25","MEIER GLOBAL MYANMAR CO","Plot No.126, Myay Taing Block No.65, Shwepyithar Industrial Zone (4), Shwepyithar Township, Yangon Region, Myanmar","MM","Myanmar",16.9295606386409,96.0869487865933,"Apparel|Unspecified","A Brand / Retailer|A Civil Society Organization|A Brand / Retailer|A Brand / Retailer|A Brand / Retailer|A Brand / Retailer|BESTSELLER (Tier 1 and Tier 0 October 2025)|BESTSELLER (Tier 1 and Tier 0 February 2026)|MANGO  (MANGO Active Factory List December 2021)|A Brand / Retailer|A Brand / Retailer|A Brand / Retailer|A Brand / Retailer|A Brand / Retailer|A Brand / Retailer|A Brand / Retailer|A Brand / Retailer|A Brand / Retailer|A Brand / Retailer|A Brand / Retailer|A Brand / Retailer|A Brand / Retailer|A Brand / Retailer|A Brand / Retailer|Worldly|Myanmar Centre for Responsible Business (OAR facility list in Myanmar)|A Brand / Retailer|A Brand / Retailer|A Brand / Retailer|A Brand / Retailer|A Brand / Retailer|A Brand / Retailer|A Brand / Retailer|A Brand / Retailer|A Brand / Retailer|A Brand / Retailer|MADE (MADE facility list for November 2023)|A Brand / Retailer|A Brand / Retailer|A Brand / Retailer|A Brand / Retailer|A Brand / Retailer|A Brand / Retailer|Myanmar Garment Manufacturers Association (MGMA) [Public List] (Myanmar Garment Manufacturers Association (Gathered March 2025))|Myanmar Trade Promotion Organization (Myantrade) [Public List] (Myantrade Directory of Exporters (as of March 2025))","1-1000|1-1000","","","","","Accessories|Accessories|Jackets","False"
"MM20211886TYJAA","2021-07-07","JIANGSU  SOHO  (MYANMAR) GARMENT  COMPANY  LIMITED","No.88, Pa Tin Wun U Shwe Bin Street, Shwe Pyi Thar Industrial Zone(3),Shwe Pyi Thar Township (Yangon)","MM","Myanmar",16.93428,96.08423,"Apparel","Benetton Group (Benetton Group Facility List 2020)|Worldly|A Brand / Retailer|Benetton Group (Benetton Group Facilities List 2021)|A Brand / Retailer|A Brand / Retailer|Myanmar Centre for Responsible Business (OAR facility list in Myanmar)|A Brand / Retailer|A Brand / Retailer|A Brand / Retailer|Next Plc (Next Plc August 2024)|A Brand / Retailer|Next Plc (Next Tier 1 and Tier 2 Factory List March 2023)|Next Plc (Next Plc List August 2023)|Next Plc (Next Plc Manufacturing Sites April 2024)|Next Plc (Next Plc March 2024)|OVS Spa (OVS SPA SUPPLIERS LIST - TIER 1 FY2023)|Myanmar Garment Manufacturers Association (MGMA) [Public List] (Myanmar Garment Manufacturers Association (Gathered March 2025))|MADE (MADE facility list for November 2023)|Next Plc (Next Plc Facility List February 2025)","947","JIANGSU SOHO SILK CO., LTD","OUTERWEAR","","","","False"
"MM20211887JMMK4","2022-05-25","METAL FILM PRINTING CO., LTD","Plot No.30-70, Thakhin Ba Hein Road, North Dagon Township, Yangon Region, Myanmar","MM","Myanmar",16.8707911,96.1992925,"Apparel","Benetton Group (Benetton Group Facility List 2020)|Benetton Group (Benetton Group Facilities List 2021)|Myanmar Centre for Responsible Business (OAR facility list in Myanmar)|Benetton Group (2022 Benetton suppliers list)|Benetton Group (2024 Benetton suppliers list)","","","PRINTING|OTHER PROCESSING","Raw Material Processing or Production|Printing, Product Dyeing and Laundering","Raw Material Processing or Production|Printing","","False"
"MM2021188GWW33Y","2022-05-25","PWR Fashion Company Ltd","No. 287 C/D, No. Main Road, 4 Ward, Thardukan Industrial Zone, Shwepyithar Township, Yangon, Myanmar. 11411 ","MM","Myanmar",16.9765929987169,96.0937298687039,"Apparel|Unspecified","A Brand / Retailer|A Brand / Retailer|A Multi-Stakeholder Initiative|A Multi-Stakeholder Initiative|Benetton Group (Benetton Group Facility List 2020)|A Multi-Stakeholder Initiative|A Multi-Stakeholder Initiative|A Multi-Stakeholder Initiative|A Multi-Stakeholder Initiative|A Brand / Retailer|A Multi-Stakeholder Initiative|A Multi-Stakeholder Initiative|A Brand / Retailer|A Multi-Stakeholder Initiative|A Brand / Retailer|A Multi-Stakeholder Initiative|A Multi-Stakeholder Initiative|A Brand / Retailer|A Brand / Retailer|A Brand / Retailer|A Brand / Retailer|A Multi-Stakeholder Initiative|Myanmar Centre for Responsible Business (OAR facility list in Myanmar)|Myanmar Centre for Responsible Business (OAR facility list in Myanmar)|Benetton Group (2022 Benetton suppliers list)|Wikirate International e.V. (2017 Apparel Suppliers on Wikirate part 3)|An Auditor / Certification Scheme / Service Provider|Wikirate International e.V. (2018 Apparel Suppliers on Wikirate part 7)|Benetton Group (Benetton Facility List 2023)|Benetton Group (2024 Benetton suppliers list)|Myanmar Garment Manufacturers Association (MGMA) [Public List] (Myanmar Garment Manufacturers Association (Gathered March 2025))|A Civil Society Organization|SLCP (Social & Labor Convergence Program List 2025)","","","MANUFACTURING","Final Product Assembly|Final Product Assembly|Final Product Assembly","Manufacturing|Manufacturing|Manufacturing","","False"
"MM2021218VPRPR1","2021-08-06","Ester Textile Palace Co.,Ltd","Block No.(327-329)Myaung Takar Industrial Zone,Hmaw Be Township Yangon,Myanmar    ","MM","Myanmar",17.1555721,95.9674734,"Apparel|Unspecified","A Brand / Retailer|A Brand / Retailer|A Brand / Retailer|A Brand / Retailer|A Brand / Retailer|A Brand / Retailer|A Brand / Retailer|A Brand / Retailer|A Brand / Retailer|A Brand / Retailer|A Brand / Retailer|A Brand / Retailer|A Brand / Retailer|A Brand / Retailer|An Auditor / Certification Scheme / Service Provider|A Brand / Retailer|Myanmar Centre for Responsible Business (OAR facility list in Myanmar)|Myanmar Centre for Responsible Business (OAR facility list in Myanmar)|A Brand / Retailer|A Brand / Retailer|A Brand / Retailer|A Brand / Retailer|A Brand / Retailer|A Brand / Retailer|A Brand / Retailer","","","","","","","False"
"MM20212520NH3P7","2021-09-09","Donglong (Pathein) Garment Co Ltd","No 52/C Bg & Maharzaydi Road Pathein Industrial Zone Ayeyarwad","MM","Myanmar",16.791533,94.771879,"Apparel","A Brand / Retailer","","","","","","","False"
"MM2021252AA568F","2021-09-09","Jia Mei Poly Bag Company Limited","No 51 Sat Mu Street Shwe Pyi Thar Zone(2) Yangon","MM","Myanmar",16.9403108,96.0734679,"Apparel","A Brand / Retailer|Myanmar Centre for Responsible Business (OAR facility list in Myanmar)","","","","","","","False"
"MM2021252MFHNF0","2021-09-09","Asia Century Trading Co Ltd","No79 Pyin Si Min Thar Gi Street Shwe Lin Pann Industrial Zone Yangon","MM","Myanmar",16.9135654,96.0559572,"Apparel","A Brand / Retailer|Myanmar Centre for Responsible Business (OAR facility list in Myanmar)","","","","","","","False"
"MM2021252SG3S2F","2022-05-25","Able Better Garment Co., Ltd.","Plot No.111, Myay Taing Block No. Myaungtakar Industrial Zone, Hmawbi Township, Yangon Region, Myanmar","MM","Myanmar",17.1665507,95.9861125,"Apparel|Unspecified","A Brand / Retailer|Myanmar Centre for Responsible Business (OAR facility list in Myanmar)|OVS Spa (OVS SPA SUPPLIERS LIST - TIER 1 FY2023)|Myanmar Garment Manufacturers Association (MGMA) [Public List] (Myanmar Garment Manufacturers Association (Gathered March 2025))|A Civil Society Organization|SLCP (Social & Labor Convergence Program List 2025)","955","JIANGSU GUOTAI LITIAN ENTERPRI SES CO., LTD."," TRICOT KNITWEAR| CUT&SEWN KNITWEAR| DRESSES| OUTERWEAR| BLAZERS| MISCELLANEOUS| TROUSERS| NEWBORN MISCELLANEOUS| SKIRTS|SET","Final Product Assembly","Cut & Sew","","False"
"MM2021252X2CPJV","2022-05-25","Jessie Myanmar Apparel Manufacturing CoLtd","Plot No.130, Sayar San Road, Hlaingtharya Industrial Zone (2), Hlaingtharya Township, Yangon Region, Myanmar","MM","Myanmar",16.851097,96.0755022,"Apparel|Unspecified","Next Plc (Next Plc August 2025)|A Brand / Retailer|A Brand / Retailer|A Brand / Retailer|Myanmar Centre for Responsible Business (OAR facility list in Myanmar)|A Brand / Retailer|A Brand / Retailer|A Brand / Retailer|Next Plc (Next Plc August 2024)|A Brand / Retailer|Next Plc (Next Tier 1 and Tier 2 Factory List March 2023)|Next Plc (Next Plc List August 2023)|MADE (MADE facility list for November 2023)|Next Plc (Next Plc Manufacturing Sites April 2024)|Next Plc (Next Plc March 2024)|ZDHC Foundation|ZDHC Foundation|ZDHC Foundation|ZDHC Foundation|ZDHC Foundation|ZDHC Foundation|Myanmar Garment Manufacturers Association (MGMA) [Public List] (Myanmar Garment Manufacturers Association (Gathered March 2025))|Next Plc (Next Plc Facility List February 2025)","","","","","","","False"
"MM2021266NBZ2BS","2021-09-23","JABP JIAWEI MYANMAR GARMENTS LIMITED","Plot No. 92&93, Matkhayar Mintharkyi Maung Pyoe Street, Industrial Zone 2, Hlaing Tharyar Township","MM","Myanmar",16.850774,96.074573,"Apparel","A Brand / Retailer|Tom Tailor GmbH (Tom Tailor Facility List January 2021)|Myanmar Centre for Responsible Business (OAR facility list in Myanmar)|Wikirate International e.V. (2020 Apparel Suppliers on Wikirate part 6)|Myanmar Trade Promotion Organization (Myantrade) [Public List] (Myantrade Directory of Exporters (as of March 2025))","","","","","","Warm Coat","False"
"MM20212780WE9WZ","2021-10-05","Thong Thai Textile (Myanmar) TM2","No. 151 and 152,Twinthin Teik won U Tun Nyo,Yangon","MM","Myanmar",16.8437193,96.0842454,"Apparel|Textiles|Unspecified","A Multi-Stakeholder Initiative|A Civil Society Organization|A Civil Society Organization|Partnership for Sustainable Textiles (PST) (PST Aug 2025 - Q-Z)|A Brand / Retailer|A Civil Society Organization|A Civil Society Organization|adidas (OSHub-Data-Template-adidas-Primary-Jan 2026)|A Brand / Retailer|mhibanada (2020 Adidas Supplier List Tier 1 & 2)|A Multi-Stakeholder Initiative|A Brand / Retailer|A Brand / Retailer|A Brand / Retailer|A Multi-Stakeholder Initiative|A Brand / Retailer|A Multi-Stakeholder Initiative|A Multi-Stakeholder Initiative|A Multi-Stakeholder Initiative|A Multi-Stakeholder Initiative|A Multi-Stakeholder Initiative|A Multi-Stakeholder Initiative|A Brand / Retailer|Myanmar Centre for Responsible Business (OAR facility list in Myanmar)|A Brand / Retailer|A Brand / Retailer|A Brand / Retailer|A Multi-Stakeholder Initiative|Wikirate International e.V. (2020 Apparel Suppliers on Wikirate part 2)|A Brand / Retailer|A Brand / Retailer","1347","Thong Thai Textile Co., Ltd.","Final Product Assembly","Final Product Assembly","Final Product Assembly","","False"
"MM2021299RGF5T9","2021-10-26","Kfine International Garment (Myanmar) Company Limited","East A Wine Village Group, Oo Paing No (1/1. Ka). Kwin/ Akwat And Name. 652 Ga, Bago Town-, Bago, Bago, ","MM","Myanmar",17.3858397,96.4967723,"Apparel","A Brand / Retailer|A Civil Society Organization|A Brand / Retailer|A Brand / Retailer|BESTSELLER (Tier 1 and Tier 0 October 2025)|BESTSELLER (Tier 1 and Tier 0 February 2026)|A Brand / Retailer|A Brand / Retailer|A Brand / Retailer|A Brand / Retailer|A Brand / Retailer|A Brand / Retailer|A Brand / Retailer|A Brand / Retailer|A Brand / Retailer|A Brand / Retailer|A Brand / Retailer|A Brand / Retailer|A Brand / Retailer|A Brand / Retailer|A Brand / Retailer|A Brand / Retailer|A Brand / Retailer|A Brand / Retailer|A Brand / Retailer|A Brand / Retailer|A Brand / Retailer|A Brand / Retailer|A Brand / Retailer","1001-5000|1001-5000","","","","","Accessories|Accessories","False"
"MM2021309RCCMQ6","2021-11-05","Keys Shine Co., Ltd.","Ministry of Industry Sewing Machine Factory, Kyaukse Industrial Zone, Mandalay","MM","Myanmar",21.6098301,96.13414309999999,"Apparel|Unspecified","A Brand / Retailer|JD Group [Public List] (JD Sports 2021 facility list)|An Auditor / Certification Scheme / Service Provider|Wikirate International e.V. (2018 Apparel Suppliers on Wikirate part 7)|Wikirate International e.V. (2020 Apparel Suppliers on Wikirate part 10)|A Civil Society Organization|SLCP (Social & Labor Convergence Program List 2025)","","","","","","","False"
"MM2021335RQH2HX","2021-11-30","ZKG Myanmar Limited","No 271 U Tayoke Street, Hiaing Thayar Township, Yangon","MM","Myanmar",16.850826,96.11559319999999,"Apparel","Gorewear [Public List] (Gorewear 2021 facility list)","","","","","","","False"
"MM2021340A85JYD","2021-12-06","Sky Legend Garment Co Ltd","Plot No 105 Myay Taing Quarter No 65 Settmu Pabe Kaung Maung Khet Street Shwe Pyi Thar Industrial Zone 4 Shwe Pyi Thar Township, Yangon","MM","Myanmar",16.8449251,96.224778,"Apparel","JD Group [Public List] (JD Sports 2021 facility list)|Myanmar Garment Manufacturers Association (MGMA) [Public List] (Myanmar Garment Manufacturers Association (Gathered March 2025))|Myanmar Trade Promotion Organization (Myantrade) [Public List] (Myantrade Directory of Exporters (as of March 2025))","","","","","","Short Pants|Long Pants|Shirt","False"
"MM2021340SS6ER4","2021-12-06","Yun Long Printing Factory","No 87 Corner of Pyin SiminThar Gyi Road and King Won Min Gyi Road Zone 4 Industry Hlaing Thar Yar Township, Yangon","MM","Myanmar",16.9008479,96.10433019999999,"Apparel","JD Group [Public List] (JD Sports 2021 facility list)","","","","","","","False"
"MM2021342SN1494","2021-12-08","PUNGKOOK MYANMAR LIMITED","No.620/Ka, West Plot of Mekhone, Hold No. Plot No. (47+23+14/2+48) Bago Division,Union of Myanmar","MM","Myanmar",17.357808,96.4530028,"Apparel","Pungkook Myanmar Limited (Claimed)|Tapestry, Inc. (Tapestry Tier 1 Supplier List June 2025)|Tapestry, Inc. (Tapestry Tier 1 Supplier List December 2025)|Tapestry, Inc. (Tapestry Tier 1 Supplier List June 2024)|A Facility / Factory / Manufacturing Group / Supplier / Vendor|A Brand / Retailer|LL Bean [Public List] (LL Bean September 2020 Facility List)|Tapestry, Inc. (Tapestry Tier 1 Supplier List June 2023)|Tapestry, Inc. (Tapestry Tier 1 Supplier List December 2023)|Tapestry, Inc. (Tapestry Tier 1 Supplier List December 2024)","","Pungkook Myanmar Limited","","","","","False"
"MM2022007NKMZZ1","2022-01-07","MAYFAIR (MYANMAR) INDUSTRY CO., LTD","Plot No.119, Myay Taing Block Industrial Zone 2, Dagon Myo Thit Seikkan Township, Yangon Region, Myanmar","MM","Myanmar",16.8391021,96.22633200000001,"Apparel","A Brand / Retailer|MANGO  (MANGO Active Factory List December 2021)|A Brand / Retailer|A Brand / Retailer|A Brand / Retailer|A Brand / Retailer|A Brand / Retailer|A Brand / Retailer|A Brand / Retailer|An Auditor / Certification Scheme / Service Provider|Myanmar Garment Manufacturers Association (MGMA) [Public List] (Myanmar Garment Manufacturers Association (Gathered March 2025))","","","","","","","False"
"MM20220289RX94N","2022-01-28","Pioneer Special Poly Bag Industrial Co., Ltd","No.50A, Bamaw Ahtwin Wun Street, Industrial Zone (3), Hlaing Tharyar Township, Yangon, Myanmar.","MM","Myanmar",16.8812132,96.0503373,"Apparel|Apparel Accessories|Unspecified","Vicky Bowman|A Brand / Retailer|A Brand / Retailer|Wikirate International e.V.|An Auditor / Certification Scheme / Service Provider|A Brand / Retailer|A Brand / Retailer|Wikirate International e.V. (2020 Apparel Suppliers on Wikirate part 14)","240|240","","","","","","False"
"MM2022028WATABZ","2022-01-28","Simon Lables (SML) Myanmar Manufacturing Co.Ltd","185, Hlay Thin Atwin Wun U Chain Street, Hlaing Thar Yar Industrial Zone (2), Hlaing Thar Yar Township, Yangon, Republic of Myanmar","MM","Myanmar",16.8570117,96.0645904,"Apparel|Unspecified","A Brand / Retailer|A Brand / Retailer|Wikirate International e.V.|A Brand / Retailer|A Brand / Retailer|Wikirate International e.V. (2020 Apparel Suppliers on Wikirate part 14)|OVS Spa (OVS SPA SUPPLIERS LIST - TIER 3 FY2023)","89|49|89","SML"," Packaging|Labelling | Ticketing ","","Packaging|Labelling|Ticketing","Apparels","False"
"MM2022063VSRPKY","2022-03-04","MYANMAR SUNRUN GARMENTS CO., LTD.","Oo Paing No(52/3). Plot No.617.Dawei Inn Kwin, Upper Zaing -Ga-Nine Gyi Village, Bago Township, Myanmar","MM","Myanmar",17.3684329,96.51097560000001,"Apparel","A Brand / Retailer|Myanmar Garment Manufacturers Association (MGMA) [Public List] (Myanmar Garment Manufacturers Association (Gathered March 2025))","","","","","","","False"
"MM202207472M6R6","2022-03-15","PINNACLE SPORTING GOODS (MYANMAR)COMPANY LIMITED,","Pinnacle Sporting Goods Co., Ltd. Plot No. 35, Block No.144, Industrial Zone, South Dagon Township, Yangon Region, Myanmar","MM","Myanmar",16.8317653,96.2294737,"Apparel|Sporting Goods|Unspecified","A Brand / Retailer|A Brand / Retailer|A Brand / Retailer|A Brand / Retailer|A Brand / Retailer|A Brand / Retailer|A Brand / Retailer|MADE (MADE facility list for November 2023)|A Brand / Retailer|A Brand / Retailer|A Brand / Retailer|A Brand / Retailer","","","","","","","False"
"MM2022074E9W255","2022-03-15","Wide Vision Enterprise Co., Ltd, ","Wide Vision Enterprise Co., Ltd,  No.147, Bo Aung Kyaw Road, Shwe Thanlwin Industry Zone, Hlaing Tharyar Township, Yangon, Myanmar","MM","Myanmar",16.8592617,96.050901,"Apparel|Sporting Goods|Unspecified","A Brand / Retailer|A Brand / Retailer|A Brand / Retailer|A Brand / Retailer|A Brand / Retailer|MADE (MADE facility list for November 2023)|A Brand / Retailer","","","","","","","False"
"MM2022075493Y60","2022-03-16","YACHENG FOOTWEAR COMPANY LIMITED","ZAYKABAR 7 STREET NO.87, MINGALARDON GARDEN CITY, MINGALARDON TOWNSHIP,YANGON,MYANMAR 11111, YANGON","MM","Myanmar",16.9486353,96.1826192,"Apparel|Unspecified","Worldly|A Brand / Retailer|A Brand / Retailer|A Brand / Retailer|A Brand / Retailer|Myanmar Centre for Responsible Business (OAR facility list in Myanmar)|A Brand / Retailer|H&M Group (Manufacturing Factories HM 2023)|A Civil Society Organization|SLCP (Social & Labor Convergence Program List 2025)","","","","","","","False"
"MM20220757ZNS22","2022-03-16","RUIFA ENTERPRISE LIMITED","NO. 498 PADAUK STREET, SHWE LIN PAN INDUSTRIAL ZONE, HLAING THARYAR TOWNSHIP, YANGON, MYANMAR 11401, YANGON","MM","Myanmar",16.8870441,96.0781353,"Apparel|Textiles|Unspecified","H&M Group (H&M April 2024 Facilities list)|H&M Group (H&M June 2024 Facilities list)|H&M Group (H&M JULY 2024 Facilities list)|A Brand / Retailer|A Brand / Retailer|A Brand / Retailer|A Brand / Retailer|A Civil Society Organization|A Multi-Stakeholder Initiative|H&M Group (H&M Aug 2024 Facilities list)|A Civil Society Organization|A Brand / Retailer|H&M Group (H&M Oct 2024 Facility list)|H&M Group (Manufacturing Factories HM 2023)|A Multi-Stakeholder Initiative|H&M Group (H&M Group Facilities list October2023)|H&M Group (H&M November Factory List)|H&M Group (H&M January 2024 Facilities list)|An Auditor / Certification Scheme / Service Provider|H&M Group (H&M Feb 2024 Facilities list)|H&M Group (H&M Sept 2024 Facility list)|H&M Group (H&M March 2024 Facilities list)|H&M Group (H&M Nov 2024 Facility list)|H&M Group (H&M Dec 2024 Facility list)|A Civil Society Organization|SLCP (Social & Labor Convergence Program List 2025)","501-1000|501-1000|501-1000|501-1000|501-1000|1-500|1-500|1-500|1-500|1-500|1-500|1-500|1-500","","Manufacturing |Manufacturing|Manufacturing unit","","Manufacturing|Manufacturing|Manufacturing|Manufacturing|Manufacturing|Manufacturing unit|Manufacturing unit|Manufacturing unit|Manufacturing unit|Manufacturing unit|Manufacturing unit|Manufacturing unit|Manufacturing unit","","False"
"MM2022075KJDTYP","2022-03-16","Borkeen Embroidery Co., Ltd","No.124, Aung Mingalar 2Nd Street, Quarter 3, Mayangone Township, Yangon - (Yangon)","MM","Myanmar",16.8007654,96.1803898,"Apparel","Benetton Group (Benetton Group Facilities List 2021)","","","","","","","False"
"MM2022075MM0PFS","2022-03-16","XINSHENG(MYANMAR) INDUSTRIAL CO., LIMITED","NO 710 ,KALAWAE NORTH VILLAGE, ,THANLYNN TOWNSHIP, YANGON, MYANMAR 11401, YANGON","MM","Myanmar",16.7587537,96.2482149,"Apparel|Unspecified","H&M Group (H&M April 2024 Facilities list)|H&M Group (H&M June 2024 Facilities list)|H&M Group (H&M JULY 2024 Facilities list)|A Brand / Retailer|A Brand / Retailer|A Brand / Retailer|A Brand / Retailer|A Civil Society Organization|A Multi-Stakeholder Initiative|H&M Group (H&M Aug 2024 Facilities list)|A Civil Society Organization|A Brand / Retailer|H&M Group (H&M Oct 2024 Facility list)|ZDHC Foundation|H&M Group (Manufacturing Factories HM 2023)|A Multi-Stakeholder Initiative|H&M Group (H&M Group Facilities list October2023)|H&M Group (H&M November Factory List)|H&M Group (H&M January 2024 Facilities list)|H&M Group (H&M Feb 2024 Facilities list)|H&M Group (H&M Sept 2024 Facility list)|H&M Group (H&M March 2024 Facilities list)|H&M Group (H&M Nov 2024 Facility list)|H&M Group (H&M Dec 2024 Facility list)|A Civil Society Organization|SLCP (Social & Labor Convergence Program List 2025)","101-500|101-500|501-1000|501-1000|501-1000|1-500|1-500|1-500|1-500|1-500|1-500|1-500|1-500","","Manufacturing |Manufacturing|Manufacturing unit","","Manufacturing|Manufacturing|Manufacturing|Manufacturing|Manufacturing|Manufacturing unit|Manufacturing unit|Manufacturing unit|Manufacturing unit|Manufacturing unit|Manufacturing unit|Manufacturing unit|Manufacturing unit","","False"
"MM20220767D5TZZ","2022-03-16","MYANMAR  WIDE  GARMENT  CO.,LTD","NO.36&81/A,MYAY TAING BLOCK, NO.52/A,KOE LONE KWIN, THANDAYBIN VILLAGE, MINGALARDON TOWNSHIP, YANGON 11361, YANGON","MM","Myanmar",17.0729361,96.109725,"Apparel","A Brand / Retailer|A Brand / Retailer|Myanmar Garment Manufacturers Association (MGMA) [Public List] (Myanmar Garment Manufacturers Association (Gathered March 2025))|Myanmar Trade Promotion Organization (Myantrade) [Public List] (Myantrade Directory of Exporters (as of March 2025))","","","","","","Men's wear|Workign Wears|Down Jackets|Pants|Bed Sheet|Whtie Uniform","False"
"MM2022076QYS1QK","2022-03-16","TIAN CHENG SHOES CO., LTD","NO. 489, CORNER OF PADAUK STREET, AND SAYE YONE(5) STREET, SHWE LIN PAN INDUSTRIAL ZONE 999077, YANGON","MM","Myanmar",16.7743763,96.1639741,"Apparel|Unspecified","A Brand / Retailer|A Brand / Retailer|H&M Group (Processing Factories - H&M Group 2022)|H&M Group (H&M Processing Factories list from Feb 2023)|A Multi-Stakeholder Initiative","","","","","","","False"
"MM2022080FBG1H4","2022-03-21","MYANMAR KINGTONG BAGS CO., LTD.","PLOT NO. 43, MYAY TAING BLOCK SECTION 4, HLAING THAR YAR TOWNSHIP, YANGON","MM","Myanmar",16.7979515,96.125205,"Apparel","SanMar [Public List] (SanMar March 2021 Facility List)","1-1000","ASTEP INTERNATIONAL PTE. LTD.","","","","Accessories","False"
"MM2022081YJEWWZ","2022-03-21","MYANMAR MYANBAG INDUSTRIAL COMPANY LIMITED","PLOT NO.17, MYAY TAING BLOCK NO. ZONE (1), INDUSTRIAL ZONE, HLAING THAR YAR TOWNSHIP, YANGON","MM","Myanmar",16.8819286,96.0573302,"Apparel","SanMar [Public List] (SanMar March 2021 Facility List)","1-1000","HENGXUAN DEVELOPMENT PTE. LTD.","","","","Accessories","False"
"MM2022083TGT6H6","2022-03-24","MOUNTAIN TOP GLOBAL LIMITED","WARTAYAR，PLOT NO.176,BLOCK NO.49，SHWE PYI THAR TOWNSHIP, YANGON REGION, MYANMAR","MM","Myanmar",16.9753379,96.07851040000001,"Apparel","Worldly","","","","","","","False"
"MM20220952TAY7S","2022-04-05","DA WAI CO.,LTD","PLOT.88,MYAY TAING BLOCK NO.51,THARDUNKAN INDUSTRIAL ZONE,SHWE PYITHAR TOWN SHIP, YANGON REGION","MM","Myanmar",16.983772,96.09342199999999,"Apparel|Unspecified","A Brand / Retailer|A Brand / Retailer|A Brand / Retailer|A Brand / Retailer|A Brand / Retailer|A Brand / Retailer|A Brand / Retailer|A Brand / Retailer|A Brand / Retailer|A Brand / Retailer|A Brand / Retailer|A Brand / Retailer|A Brand / Retailer|A Brand / Retailer|A Brand / Retailer|A Brand / Retailer|A Civil Society Organization|SLCP (Social & Labor Convergence Program List 2025)","","","","","","","False"
"MM2022095PE98SW","2022-04-05","Golden Shine Co.,  Ltd.","U Paing No. 21+R+West 7, West S+L/2, Kwin no. 6/2, Pyitawthar Village Group, Hlegu Township","MM","Myanmar",17.0948072,96.21105209999999,"Apparel","A Brand / Retailer|A Brand / Retailer","","","","","","","False"
"MM2022103F2FFVE","2022-04-13","Wang Tat Poly-bags Mfg Co"," No 125 Htun Nyo Road Shwepyithar Industrial Area Zone (3) Shwepyithar Township Yangon","MM","Myanmar",16.969617,96.0732146,"Apparel|Components|Unspecified","A Brand / Retailer|A Brand / Retailer|A Brand / Retailer|A Brand / Retailer|Next Plc (Next Plc August 2024)|Next Plc (Next Plc August 2024)|A Brand / Retailer|Next Plc (Next Tier 1 and Tier 2 Factory List March 2023)|An Auditor / Certification Scheme / Service Provider","","","","","","Component|Component","False"
"MM20221453EGDRG","2022-05-25","Weijie (Myanmar) Clothing Company Limited 2nd","No. 406, Block No. 25, Yaw Ah Twin U Phoe Hlaing Street, Shwe Lin Ban Industrial Zone, Hlaingtharya Township, Yangon, Myanmar","MM","Myanmar",16.9026706,96.0742573,"Apparel","A Brand / Retailer|A Brand / Retailer|A Brand / Retailer|A Brand / Retailer|A Multi-Stakeholder Initiative|A Multi-Stakeholder Initiative|A Multi-Stakeholder Initiative|A Multi-Stakeholder Initiative|A Multi-Stakeholder Initiative|A Multi-Stakeholder Initiative|A Brand / Retailer|A Multi-Stakeholder Initiative|A Multi-Stakeholder Initiative|Wikirate International e.V.|Myanmar Centre for Responsible Business (OAR facility list in Myanmar)|A Brand / Retailer|A Multi-Stakeholder Initiative|Pimkie [Public List] (Pimkie Facility List June 2019)|A Brand / Retailer|A Brand / Retailer|A Brand / Retailer|A Brand / Retailer|A Brand / Retailer|Tom Tailor GmbH (Tom Tailor Tier 1 Facility List March 2020)|A Brand / Retailer|Kappahl Group (KappAhl Manufacturing Facility List August 2020)|A Brand / Retailer|A Brand / Retailer|A Brand / Retailer|Tom Tailor GmbH (Tom Tailor Facility List January 2021)|A Multi-Stakeholder Initiative|A Multi-Stakeholder Initiative|A Brand / Retailer|A Multi-Stakeholder Initiative|Fair Factories Clearinghouse (FFC Factory List Oct 2022)|A Brand / Retailer|Wikirate International e.V. (2020 Apparel Suppliers on Wikirate part 11)|Wikirate International e.V. (2019 Apparel Suppliers on Wikirate part 5)|Myanmar Trade Promotion Organization (Myantrade) [Public List] (Myantrade Directory of Exporters (as of March 2025))","1399|1407","","","","","Rain Coats|Jackets|Pants","False"
"MM2022145491J3D","2022-05-25","WOORIE MJ SHIRTS COMPANY LIMITED","No 56/59, Sein Lei Kan Thar Street, East Dagon Extended Industrial Zone (2), South Dagon, Yangon, Myanmar.","MM","Myanmar",16.8867410210955,96.2432372800532,"Apparel","A Brand / Retailer|A Brand / Retailer|Worldly|Myanmar Centre for Responsible Business (OAR facility list in Myanmar)|A Brand / Retailer|A Brand / Retailer|A Brand / Retailer|A Brand / Retailer|A Brand / Retailer|Myanmar Garment Manufacturers Association (MGMA) [Public List] (Myanmar Garment Manufacturers Association (Gathered March 2025))","","","","","","","False"
"MM20221454BXEY2","2022-05-25","Panko MyanmarCompany Limited","Plot No. 75/B, 76/B, Myay Taing Block No.561, Hlawgar Road, Shwepyithar Township, Yangon, Myanmar","MM","Myanmar",17.0075898619008,96.0862518891581,"Apparel","A Brand / Retailer|Myanmar Centre for Responsible Business (OAR facility list in Myanmar)","","","","","","","False"
"MM20221457BPZWD","2025-04-28","PADA MYANMAR LAUNDRY","Plot No.155, Mya Taung Wun Gyi U Hmo Street Industrial Zone (2), Hlaingtharya Township, Yangon Region, Myanmar","MM","Myanmar",16.8337041,96.2817994,"Apparel|Unspecified","PADA MYANMAR LAUNDRY CO.,LTD (Claimed)|A Brand / Retailer|A Civil Society Organization|A Brand / Retailer|A Brand / Retailer|BESTSELLER (Tier 1 and Tier 0 October 2025)|BESTSELLER (Tier 1 and Tier 0 February 2026)|A Brand / Retailer|A Brand / Retailer|ZDHC Foundation (ZDHC Facility Additional Fields March 2022)|A Brand / Retailer|Myanmar Centre for Responsible Business (OAR facility list in Myanmar)|Myanmar Centre for Responsible Business (OAR facility list in Myanmar)|A Brand / Retailer|A Brand / Retailer|ZDHC Foundation (ZDHC Registered Facilities 21 February 2020)|A Brand / Retailer|A Brand / Retailer|A Brand / Retailer|A Brand / Retailer|A Brand / Retailer|A Multi-Stakeholder Initiative|A Brand / Retailer|ZDHC Foundation (ZDHC Facility Additional Fields March 2022)|A Brand / Retailer|A Brand / Retailer|Myanmar Centre for Responsible Business (OAR facility list in Myanmar)|A Brand / Retailer|A Brand / Retailer|A Brand / Retailer|A Brand / Retailer|A Brand / Retailer|A Brand / Retailer|MADE (MADE facility list for November 2023)|Wikirate International e.V. (2020 Apparel Suppliers on Wikirate part 14)|A Brand / Retailer|A Brand / Retailer|A Brand / Retailer|A Brand / Retailer|A Brand / Retailer|A Brand / Retailer|PADA MYANMAR LAUNDRY CO.,LTD","100-150","","","","","","False"
"MM2022145AVMG3P","2022-05-25","Stand Carton Box Packing Factory","No 3, Loot Latt Yae St., (Ga-Gyi) Ward,Thingangyun,Yangon, Myanmar","MM","Myanmar",16.8290108,96.2036904,"Apparel|Unspecified","A Brand / Retailer|Myanmar Centre for Responsible Business (OAR facility list in Myanmar)|Next Plc (Next Plc August 2024)|Next Plc (Next Plc List August 2023)","","","","","","Component|Component","False"
"MM2022145AZ037X","2022-05-25","Wise-Pacific Company Limited","Yangon-Pyay Road, Pyinmabin Industrial Zone 1, Mingalardon Township, Yangon, Myanmar","MM","Myanmar",17.0196697100991,96.1344477326288,"Apparel","Myanmar Centre for Responsible Business (OAR facility list in Myanmar)|Myanmar Centre for Responsible Business (OAR facility list in Myanmar)|A Brand / Retailer|A Multi-Stakeholder Initiative","","","","","","","False"
"MM2022145BKXBBV","2022-05-25","V H T Garment Company Limited","U Paing No 38, Field No and Name (620 Mae West), Mae Khone Village, Bago Township, Bago Region, Myanmar","MM","Myanmar",17.3648386257842,96.446177430992,"Apparel|Multi-Category|Unspecified","A Brand / Retailer|A Brand / Retailer|A Brand / Retailer|A Brand / Retailer|A Brand / Retailer|A Brand / Retailer|A Multi-Stakeholder Initiative|A Multi-Stakeholder Initiative|Myanmar Centre for Responsible Business (OAR facility list in Myanmar)|A Brand / Retailer|A Brand / Retailer|A Brand / Retailer|ALDI Einkauf SE & Co. ohG (Hauptproduktionsstätte_ALDI_Nord_Q1_2023)|A Brand / Retailer|A Brand / Retailer|A Multi-Stakeholder Initiative|A Multi-Stakeholder Initiative|A Multi-Stakeholder Initiative|Myanmar Garment Manufacturers Association (MGMA) [Public List] (Myanmar Garment Manufacturers Association (Gathered March 2025))|Myanmar Trade Promotion Organization (Myantrade) [Public List] (Myantrade Directory of Exporters (as of March 2025))|H&M Group (Manufacturing Factories HM 2023)","0","","","","","Fashion|Warm Coat","False"
"MM2022145BRTJPF","2022-05-25","Spring River Knitting(Myanmar)Company Limited","Plot No.148,149, Matkayar Min Thar Gyi Road, Shwe Lin Ban Industrial Zone,  Hlaingtharya Township, Yangon Region, Myanmar","MM","Myanmar",16.8878879,96.048562,"Apparel","Myanmar Centre for Responsible Business (OAR facility list in Myanmar)|Better Cotton (Better Cotton Initiative May 2021)|Myanmar Garment Manufacturers Association (MGMA) [Public List] (Myanmar Garment Manufacturers Association (Gathered March 2025))|An Auditor / Certification Scheme / Service Provider","","","","","","","False"
"MM2022145C8S0VJ","2022-05-25","Tsang Yih Company Limited","Plot No.X3-X6, Block No.20, Sabei Street, Anawrahta Industrial Zone, Hlaingtharya Township, Yangon Region, Myanmar","MM","Myanmar",16.8535247,96.0264981,"Apparel|Footwear|Textiles|Unspecified","A Multi-Stakeholder Initiative|A Civil Society Organization|A Civil Society Organization|Partnership for Sustainable Textiles (PST) (PST Aug 2025 - Q-Z)|A Brand / Retailer|A Brand / Retailer|A Civil Society Organization|A Civil Society Organization|A Brand / Retailer|adidas (OSHub-Data-Template-adidas-Wet Process Suppliers-Oct 2025)|adidas (OSHub-Data-Template-adidas-Primary-Jan 2026)|mhibanada (2018 Adidas Supplier List Tier 1 & 2)|A Brand / Retailer|A Brand / Retailer|Wikirate International e.V.|A Multi-Stakeholder Initiative|Myanmar Centre for Responsible Business (OAR facility list in Myanmar)|A Civil Society Organization|A Brand / Retailer|A Multi-Stakeholder Initiative|mhibanada (2019 Adidas Supplier List Tier 1 & 2)|mhibanada (2020 Adidas Supplier List Tier 1 & 2)|A Multi-Stakeholder Initiative|A Multi-Stakeholder Initiative|A Multi-Stakeholder Initiative|A Multi-Stakeholder Initiative|A Brand / Retailer|A Brand / Retailer|An Auditor / Certification Scheme / Service Provider|A Brand / Retailer|MADE (MADE facility list for November 2023)|Wikirate International e.V. (2020 Apparel Suppliers on Wikirate part 2)|A Brand / Retailer|A Brand / Retailer|A Brand / Retailer|A Brand / Retailer","6570|6416|8144","Right Source Investments Limited|Right Source Investments Limited","Final Product Assembly","","Final Product Assembly|Final Product Assembly","","False"
"MM2022145E1VVS8","2022-05-25","Sun Apparel Myanmar Company Limited Sam 1","Plot No.87, Block No.17, Malikha Street, Hlaingtharya Industrial Zone (5), Hlaingtharya Township, Yangon Region, Myanmar ","MM","Myanmar",16.8402696,96.1984484,"Apparel","A Multi-Stakeholder Initiative|A Multi-Stakeholder Initiative|Myanmar Centre for Responsible Business (OAR facility list in Myanmar)|A Multi-Stakeholder Initiative|A Multi-Stakeholder Initiative|A Multi-Stakeholder Initiative|Myanmar Garment Manufacturers Association (MGMA) [Public List] (Myanmar Garment Manufacturers Association (Gathered March 2025))|Myanmar Trade Promotion Organization (Myantrade) [Public List] (Myantrade Directory of Exporters (as of March 2025))","","","","","","Jackets|Pants","False"
"MM2022145E98XRY","2022-05-25","Prosperity Knitwear Ltd","No. 40, 41, 42, Kanaung Min Thar Gyi Street, Thilawar Industrial Zone, Kyauktan Township  Yangon, Myanmar","MM","Myanmar",16.6780465,96.2724864,"Apparel","Myanmar Centre for Responsible Business (OAR facility list in Myanmar)|A Brand / Retailer|A Brand / Retailer|A Brand / Retailer|A Brand / Retailer|Next Plc (Next Plc August 2024)|Next Plc (Next Plc List August 2023)|Wikirate International e.V. (2017 Apparel Suppliers on Wikirate part 4)|Wikirate International e.V. (2018 Apparel Suppliers on Wikirate part 1)|Wikirate International e.V. (2019 Apparel Suppliers on Wikirate part 1)|Myanmar Garment Manufacturers Association (MGMA) [Public List] (Myanmar Garment Manufacturers Association (Gathered March 2025))|Myanmar Trade Promotion Organization (Myantrade) [Public List] (Myantrade Directory of Exporters (as of March 2025))|Next Plc (Next Plc Facility List February 2025)","","","","","","Knitting wears|Sweater","False"
"MM2022145GCK2QJ","2022-05-25","North Shore Global Company Limited (Pathein)","Plot No. 52, Block No. P3, No. 21 - 23, 29 - 31, Industrial Zone, Ward 13, Pathein township, Ayerwaddy Region, Myanmar","MM","Myanmar",16.7952098,94.7706177,"Apparel|Unspecified","A Multi-Stakeholder Initiative|A Multi-Stakeholder Initiative|A Multi-Stakeholder Initiative|JD Group [Public List] (JD Sports 2021 facility list)|A Multi-Stakeholder Initiative|A Multi-Stakeholder Initiative|Myanmar Centre for Responsible Business (OAR facility list in Myanmar)|A Multi-Stakeholder Initiative|A Multi-Stakeholder Initiative|Vaude [Public List] (Vaude 2020 facility list)|A Multi-Stakeholder Initiative|A Multi-Stakeholder Initiative|A Multi-Stakeholder Initiative|A Multi-Stakeholder Initiative|A Multi-Stakeholder Initiative|A Multi-Stakeholder Initiative|A Multi-Stakeholder Initiative|A Multi-Stakeholder Initiative|A Multi-Stakeholder Initiative|A Multi-Stakeholder Initiative|A Multi-Stakeholder Initiative|A Multi-Stakeholder Initiative|MADE (MADE facility list for November 2023)","","","","","","","False"
"MM2022145GQ5FKR","2022-05-25","Jinli Knitting & Spinning (Myanmar) Co., Ltd.","Plot No.263,264,265, Myay Taing Block No.25, Corner of Min Gyi Maha Min Gaung Street and Wun Saung Mhu Street, Shwe Lin Ban Industrial Zone, Hlaingtharya Township, Yangon Region, Myanmar","MM","Myanmar",16.917101575702,96.0680792679243,"Apparel|Apparel Accessories|Unspecified","Worldly|A Brand / Retailer|A Brand / Retailer|H&M Group (H&M June 2024 Facilities list)|A Brand / Retailer|A Brand / Retailer|A Brand / Retailer|H&M Group (H&M JULY 2024 Facilities list)|A Multi-Stakeholder Initiative|Myanmar Centre for Responsible Business (OAR facility list in Myanmar)|H&M Group (H&M Sept 2024 Facility list)|H&M Group (H&M Aug 2024 Facilities list)|A Brand / Retailer|A Brand / Retailer|A Brand / Retailer|A Brand / Retailer|A Brand / Retailer|H&M Group (Processing Factories - H&M Group 2022)|H&M Group (H&M Oct 2024 Facility list)|H&M Group (Fabric, Yarn & Tanneries HM February 2023)|H&M Group (Manufacturing Factories HM 2023)|H&M Group (H&M Processing Factories list from Feb 2023)|ZDHC Foundation (ZDHC Registered Facilities 21 February 2020)|A Brand / Retailer|A Brand / Retailer|A Brand / Retailer|A Brand / Retailer|A Brand / Retailer|A Brand / Retailer|A Brand / Retailer|A Brand / Retailer|A Brand / Retailer|A Brand / Retailer|A Brand / Retailer|A Brand / Retailer|A Brand / Retailer|A Brand / Retailer|A Brand / Retailer|A Brand / Retailer|A Brand / Retailer|A Brand / Retailer|A Brand / Retailer|A Brand / Retailer|A Brand / Retailer|A Brand / Retailer|A Brand / Retailer|A Brand / Retailer|A Brand / Retailer|A Brand / Retailer|A Brand / Retailer|H&M Group (Fabric, Yarn & Tanneries HM February 2023)|An Auditor / Certification Scheme / Service Provider|A Multi-Stakeholder Initiative|A Multi-Stakeholder Initiative|H&M Group (H&M Group Facilities list October2023)|H&M Group (H&M Group Facilities list October2023)|An Auditor / Certification Scheme / Service Provider|H&M Group (H&M November Factory List)|MADE (MADE facility list for November 2023)|H&M Group (H&M January 2024 Facilities list)|Wikirate International e.V. (2019 Apparel Suppliers on Wikirate part 1)|H&M Group (H&M Feb 2024 Facilities list)|H&M Group (H&M March 2024 Facilities list)|H&M Group (H&M April 2024 Facilities list)|Myanmar Garment Manufacturers Association (MGMA) [Public List] (Myanmar Garment Manufacturers Association (Gathered March 2025))|Myanmar Trade Promotion Organization (Myantrade) [Public List] (Myantrade Directory of Exporters (as of March 2025))|A Civil Society Organization|SLCP (Social & Labor Convergence Program List 2025)","101-500|101-500|101-500|101-500|101-500|101-500|1-500|1-500|1-500|1-500|1-500|1-500",""," Manufacturing unit|Manufacturing|Manufacturing |Processing|Component unit|Manufacturing unit|Component unit ","","Processing|Manufacturing|Manufacturing|Manufacturing|Manufacturing|Manufacturing|Manufacturing unit|Component unit|Manufacturing unit|Component unit|Manufacturing unit|Component unit|Component unit|Manufacturing unit|Manufacturing unit|Component unit|Component unit|Manufacturing unit","Gloves|Headband|Bikini|Skirt|Tube","False"
"MM2022145H07AR4","2022-05-25","Myanmar Soe San Win Manufacturing Company Limited","Plot No.2,3, No.4 Road, Ngwe Pin Lae Industrial Zone, Hlaingtharya Township, Yangon Region, Myanmar","MM","Myanmar",16.8819286,96.0573302,"Apparel","A Brand / Retailer|Brand Collective [Public List] (Brand Collective December 2018 Facility List)|Myanmar Centre for Responsible Business (OAR facility list in Myanmar)|A Brand / Retailer|Worldly|Worldly|Wikirate International e.V. (2018 Apparel Suppliers on Wikirate part 8)|Wikirate International e.V. (2017 Apparel Suppliers on Wikirate part 4)","","","","","","","False"
"MM2022145HESBGX","2022-05-25","Myanmar Dihuali Garment Company Limited","Plot No.E2,E3,E6,E7,E8,E9,E10, Myay Taing Block No.20, Unit A10, Anawrahta Industrial Zone, Hlaingtharya Township, Yangon","MM","Myanmar",16.8699957,96.0174525,"Apparel|Unspecified","MANGO  (Historical Factories Mango)|A Brand / Retailer|A Brand / Retailer|A Brand / Retailer|A Multi-Stakeholder Initiative|A Brand / Retailer|A Brand / Retailer|A Brand / Retailer|A Brand / Retailer|A Brand / Retailer|A Brand / Retailer|SanMar [Public List] (SanMar March 2021 Facility List)|Myanmar Centre for Responsible Business (OAR facility list in Myanmar)|A Brand / Retailer|A Brand / Retailer|A Brand / Retailer|A Brand / Retailer|A Brand / Retailer|A Brand / Retailer|Tom Tailor GmbH (Tom Tailor Tier 1 Facility List Mar 2023)|A Brand / Retailer|A Brand / Retailer|A Multi-Stakeholder Initiative|A Multi-Stakeholder Initiative|A Brand / Retailer|A Brand / Retailer|A Multi-Stakeholder Initiative|A Multi-Stakeholder Initiative|A Multi-Stakeholder Initiative|A Multi-Stakeholder Initiative|A Brand / Retailer|A Brand / Retailer|A Brand / Retailer|SanMar [Public List] (SanMar Strategic Supply Chain List 2021)|SanMar [Public List] (SanMar Strategic Supply Chain List 2021)|Tom Tailor GmbH (Tom Tailor Facility List September 2021 Tier 1)|Tom Tailor GmbH (Tom Tailor Facility List September 2021 Tier 1)|A Multi-Stakeholder Initiative|A Brand / Retailer|Myanmar Garment Manufacturers Association (MGMA) [Public List] (Myanmar Garment Manufacturers Association (Gathered March 2025))","500|1001-5000|501-1000","WEIHAI TEXTILE GROUP IMPORT&EXPORT CO.LTD|MYANMAR DIHUALI GARMENT CO.,LTD","Final Product Assembly","Final Product Assembly","Final Product Assembly","Woven|Apparel","False"
"MM2022145JW9DCT","2022-05-25","KPH MFG CO LTD","Plot No,7-8, Innwa Street, Myay Taing Block No.18, Shwe Pauk Kan Industrial Zone, North Okkalapa Township, Yangon Region, Myanmar","MM","Myanmar",16.935936,96.174068,"Apparel|Unspecified","A Brand / Retailer|A Brand / Retailer|A Civil Society Organization|A Brand / Retailer|A Brand / Retailer|A Brand / Retailer|BESTSELLER (Tier 1 and Tier 0 October 2025)|A Brand / Retailer|A Brand / Retailer|BESTSELLER (Tier 1 and Tier 0 February 2026)|A Multi-Stakeholder Initiative|MANGO  (MANGO Active Factory List December 2021)|MANGO  (MANGO Active Factory List December 2021)|MANGO  (MANGO Active Factory List December 2021)|A Brand / Retailer|A Brand / Retailer|A Brand / Retailer|A Multi-Stakeholder Initiative|A Multi-Stakeholder Initiative|A Brand / Retailer|A Multi-Stakeholder Initiative|A Brand / Retailer|Myanmar Centre for Responsible Business (OAR facility list in Myanmar)|Myanmar Centre for Responsible Business (OAR facility list in Myanmar)|A Brand / Retailer|A Brand / Retailer|A Brand / Retailer|A Brand / Retailer|A Brand / Retailer|A Brand / Retailer|A Brand / Retailer|MANGO  (MANGO Active Factory List December 2021)|MANGO  (MANGO Active Factory List December 2021)|MANGO  (MANGO Active Factory List December 2021)|A Brand / Retailer|A Brand / Retailer|A Brand / Retailer|A Multi-Stakeholder Initiative|A Multi-Stakeholder Initiative|A Brand / Retailer|A Multi-Stakeholder Initiative|A Brand / Retailer|A Brand / Retailer|A Brand / Retailer|A Multi-Stakeholder Initiative|A Brand / Retailer|A Brand / Retailer|A Multi-Stakeholder Initiative|A Brand / Retailer|A Brand / Retailer|New Look Retailers (New Look Tier 1 Factory List May 2023)|A Brand / Retailer|A Multi-Stakeholder Initiative|A Brand / Retailer|A Brand / Retailer|A Brand / Retailer|A Multi-Stakeholder Initiative|A Brand / Retailer|A Multi-Stakeholder Initiative|A Multi-Stakeholder Initiative|A Brand / Retailer|A Brand / Retailer|A Brand / Retailer|MANGO  (MANGO Active Factory List December 2021)|MANGO  (MANGO Active Factory List December 2021)|A Brand / Retailer|A Brand / Retailer|A Brand / Retailer|A Brand / Retailer|A Brand / Retailer|A Brand / Retailer|A Brand / Retailer|A Brand / Retailer|A Brand / Retailer|A Brand / Retailer|A Brand / Retailer|A Brand / Retailer|A Brand / Retailer|A Brand / Retailer|A Brand / Retailer|A Brand / Retailer|A Brand / Retailer|A Brand / Retailer|A Brand / Retailer|A Brand / Retailer|A Brand / Retailer|A Brand / Retailer|Myanmar Centre for Responsible Business (OAR facility list in Myanmar)|A Brand / Retailer|A Brand / Retailer|A Brand / Retailer|A Brand / Retailer|A Brand / Retailer|A Brand / Retailer|A Brand / Retailer|A Brand / Retailer|A Brand / Retailer|MADE (MADE facility list for November 2023)|A Brand / Retailer|A Brand / Retailer|A Brand / Retailer|A Brand / Retailer|A Brand / Retailer|A Brand / Retailer|Myanmar Garment Manufacturers Association (MGMA) [Public List] (Myanmar Garment Manufacturers Association (Gathered March 2025))|Myanmar Trade Promotion Organization (Myantrade) [Public List] (Myantrade Directory of Exporters (as of March 2025))|An Auditor / Certification Scheme / Service Provider","1001-5000|1001-5000|1001-5000","","Apparel","","","Blouse|Jackets|Shirt|Pants","False"
"MM2022145PWBQSQ","2022-05-25","Shyang Jhuo Yue Company Limited","Plot No.K9, Sabei Street, Anawrahta Industrial Zone, Hlaingtharya Township, Yangon Region, Myanmar","MM","Myanmar",16.941585,96.2064213,"Apparel","mhibanada (2018 Adidas Supplier List Tier 1 & 2)|Myanmar Centre for Responsible Business (OAR facility list in Myanmar)|A Brand / Retailer","","","","","","","False"
"MM2022145RAR7Y9","2022-05-25","Zhongrun (Myanmar) Garment Company Limited","Plot 73A, Kanaung Min Thar Gyi St., Industrial Zone (4), Shwe Pyi Thar Township,Yangon, Myanmar","MM","Myanmar",16.9200295999681,96.0878158446338,"Apparel","A Multi-Stakeholder Initiative|A Multi-Stakeholder Initiative|A Multi-Stakeholder Initiative|A Multi-Stakeholder Initiative|Myanmar Centre for Responsible Business (OAR facility list in Myanmar)|A Brand / Retailer|A Brand / Retailer|A Brand / Retailer|A Multi-Stakeholder Initiative|A Brand / Retailer|A Brand / Retailer|A Multi-Stakeholder Initiative|A Multi-Stakeholder Initiative|A Brand / Retailer|A Multi-Stakeholder Initiative|A Multi-Stakeholder Initiative|A Multi-Stakeholder Initiative|Myanmar Trade Promotion Organization (Myantrade) [Public List] (Myantrade Directory of Exporters (as of March 2025))","","","","","","Jackets|Pants","False"
"MM2022145RMV1K5","2022-05-25","Myanmar Solamoda Garments Company Limited","Plot No.139, Min Ayeyar Road, Shwe Than Lwin Industrial Zone, Hlaingtharya Township, Yangon Region, Myanmar","MM","Myanmar",16.8618175,96.0493815,"Apparel","A Brand / Retailer|Myanmar Centre for Responsible Business (OAR facility list in Myanmar)|Myanmar Trade Promotion Organization (Myantrade) [Public List] (Myantrade Directory of Exporters (as of March 2025))","","","","","","Blouse|Warm Coat|Style Pan","False"
"MM2022145RYC7TD","2022-05-25","Tongying HK (Myanmar) Company Limited","Plot No. 359/360, Myaungmya Steel Industrial Zone, Hmawbi Township, Yangon, Myanmar","MM","Myanmar",17.1643813154182,95.9710282931801,"Apparel|Unspecified","H&M Group (H&M JULY 2024 Facilities list)|A Multi-Stakeholder Initiative|A Multi-Stakeholder Initiative|A Brand / Retailer|A Brand / Retailer|Myanmar Centre for Responsible Business (OAR facility list in Myanmar)|H&M Group (H&M Aug 2024 Facilities list)|A Civil Society Organization|Worldly|A Brand / Retailer|A Multi-Stakeholder Initiative|A Multi-Stakeholder Initiative|A Multi-Stakeholder Initiative|A Multi-Stakeholder Initiative|A Brand / Retailer|A Brand / Retailer|A Brand / Retailer|H&M Group (Manufacturing Factories HM 2023)|A Multi-Stakeholder Initiative|An Auditor / Certification Scheme / Service Provider|H&M Group (H&M Group Facilities list October2023)|H&M Group (H&M January 2024 Facilities list)|H&M Group (H&M Sept 2024 Facility list)|H&M Group (H&M March 2024 Facilities list)|Myanmar Garment Manufacturers Association (MGMA) [Public List] (Myanmar Garment Manufacturers Association (Gathered March 2025))|H&M Group (H&M June 2024 Facilities list)|A Multi-Stakeholder Initiative|H&M Group (H&M Oct 2024 Facility list)|H&M Group (H&M November Factory List)|MADE (MADE facility list for November 2023)|H&M Group (H&M Feb 2024 Facilities list)|H&M Group (H&M April 2024 Facilities list)|H&M Group (H&M Nov 2024 Facility list)|H&M Group (H&M Dec 2024 Facility list)|A Civil Society Organization|SLCP (Social & Labor Convergence Program List 2025)","501-1000|501-1000|501-1000|501-1000|501-1000|501-1000|501-1000|501-1000|501-1000|501-1000|501-1000|501-1000|501-1000","","Manufacturing |Manufacturing|Manufacturing unit","","Manufacturing|Manufacturing|Manufacturing|Manufacturing|Manufacturing|Manufacturing unit|Manufacturing unit|Manufacturing unit|Manufacturing unit|Manufacturing unit|Manufacturing unit|Manufacturing unit|Manufacturing unit","","False"
"MM2022145SAG3PP","2022-05-25","Dae Sung Garment & Process Global Co Ltd ","Plot No.42-106, Cherry Street, Shwepyithar Industrial Zone (1), Shwepyithar Township, Yangon Region, Myanmar","MM","Myanmar",16.9512507792514,96.0955258348413,"Apparel","A Brand / Retailer|An Auditor / Certification Scheme / Service Provider|Myanmar Centre for Responsible Business (OAR facility list in Myanmar)","","","","","","","False"
"MM2022145SE005P","2022-05-25","Myanmar Unique Garment MFG Company Limited","No. 129/A/B, Wet Ma Soot Wun Htauk Street, Industrial Zone 4, Hlaingtharya Township, Yangon, Myanmar","MM","Myanmar",16.8660694,96.195132,"Apparel","A Brand / Retailer|A Multi-Stakeholder Initiative|A Brand / Retailer|A Multi-Stakeholder Initiative|A Multi-Stakeholder Initiative|A Brand / Retailer|A Brand / Retailer|A Multi-Stakeholder Initiative|A Multi-Stakeholder Initiative|Myanmar Centre for Responsible Business (OAR facility list in Myanmar)|A Brand / Retailer|A Brand / Retailer|A Multi-Stakeholder Initiative|A Brand / Retailer|A Multi-Stakeholder Initiative|A Multi-Stakeholder Initiative|A Brand / Retailer|A Multi-Stakeholder Initiative|A Multi-Stakeholder Initiative|A Multi-Stakeholder Initiative|A Multi-Stakeholder Initiative|Wikirate International e.V. (2018 Apparel Suppliers on Wikirate part 7)|Myanmar Trade Promotion Organization (Myantrade) [Public List] (Myantrade Directory of Exporters (as of March 2025))|Wikirate International e.V. (2017 Apparel Suppliers on Wikirate part 2)","","","","","","Shirt (Men)","False"
"MM2022145SP7EM2","2022-05-25","Keme Garment (Myanmar) Company Limited","Plot No.25-2+32-2, Myay Taing Block No.577, No.4-Main Road, (Lower Mingaladon Road), Kyauk Pone, Innlayat Village Tract, Hmawbi Township, Yangon Region, Myanmar","MM","Myanmar",17.08379,96.05827,"Apparel|Multi-Category","A Brand / Retailer|A Brand / Retailer|A Brand / Retailer|Myanmar Centre for Responsible Business (OAR facility list in Myanmar)|A Brand / Retailer|A Brand / Retailer","","","","","","","False"
"MM2022145T37ZEV","2022-05-25","Yangon Pan-Pacific Absolon Company Limited","Plot No. 19, Bayint Naung Road, Shwepyithar Industrial Zone (3), Shwepyithar Township, Yangon, Myanmar","MM","Myanmar",16.9329811912503,96.0780449794412,"Apparel","Myanmar Trade Promotion Organization (Myantrade) [Public List] (Myantrade Directory of Exporters (as of March 2025))|A Multi-Stakeholder Initiative|A Multi-Stakeholder Initiative|A Multi-Stakeholder Initiative|Myanmar Centre for Responsible Business (OAR facility list in Myanmar)|A Multi-Stakeholder Initiative|Myanmar Garment Manufacturers Association (MGMA) [Public List] (Myanmar Garment Manufacturers Association (Gathered March 2025))","","","","","","Silicon for warm coat","False"
"MM2022145TPX4C7","2022-05-25","Myanmar Solamoda Garments No. 2 Company Limited","Plot No. 11, 12, 13, Myay Taing Block No. 39 (Sethmu),  Shwepyithar Township, Yangon, Myanmar","MM","Myanmar",16.8620068288506,96.0492384975377,"Apparel","Myanmar Centre for Responsible Business (OAR facility list in Myanmar)|Myanmar Centre for Responsible Business (OAR facility list in Myanmar)","","","","","","","False"
"MM2022145TR5G2K","2022-05-25","Myue & Sue Garment Manufacturing Company Limited","Plot No.64,65, Pyinsin Minthargyi Road, Hlaingtharya Industrial Zone (4), Hlaingtharya Township, Yangon Region, Myanmar","MM","Myanmar",16.858655,96.0557453,"Apparel|Unspecified","A Multi-Stakeholder Initiative|A Brand / Retailer|A Brand / Retailer|A Brand / Retailer|A Multi-Stakeholder Initiative|A Brand / Retailer|Myanmar Centre for Responsible Business (OAR facility list in Myanmar)|A Brand / Retailer|Worldly|A Brand / Retailer|MANGO  (MANGO Active Factory List December 2021)|MANGO  (MANGO Active Factory List December 2021)|MANGO  (MANGO Active Factory List December 2021)|A Brand / Retailer|A Brand / Retailer|A Multi-Stakeholder Initiative|A Brand / Retailer|A Brand / Retailer|A Brand / Retailer|A Brand / Retailer|A Brand / Retailer|MANGO  (MANGO Active Factory List December 2021)|A Brand / Retailer|A Brand / Retailer|A Brand / Retailer|A Brand / Retailer|A Brand / Retailer|A Brand / Retailer|MADE (MADE facility list for November 2023)|Wikirate International e.V. (2019 Apparel Suppliers on Wikirate part 1)|MANGO  (Historical Factories Mango)|Wikirate International e.V. (2020 Apparel Suppliers on Wikirate part 10)|Myanmar Trade Promotion Organization (Myantrade) [Public List] (Myantrade Directory of Exporters (as of March 2025))|A Civil Society Organization|SLCP (Social & Labor Convergence Program List 2025)","","","","","","Shirt","False"
"MM2022145VCQGG8","2022-05-25","Dishang Fashion (Myanmar) Co Ltd ","Plot No.96 (Kha), Myay Taing Block No.14, Mingyi Mahar Mingaung street, Shwe Than Lwin Industrial Zone, Hlaingtharya Township, Yangon","MM","Myanmar",16.86808,96.04274,"Apparel|Apparel Accessories|Unspecified","WE Europe BV (WE Europe BV Facility List May 2025)|A Brand / Retailer|A Civil Society Organization|A Brand / Retailer|A Brand / Retailer|BESTSELLER (Tier 1 and Tier 0 October 2025)|BESTSELLER (Tier 1 and Tier 0 February 2026)|MANGO  (Historical Factories Mango)|A Brand / Retailer|A Brand / Retailer|A Brand / Retailer|Myanmar Centre for Responsible Business (OAR facility list in Myanmar)|A Brand / Retailer|A Brand / Retailer|Fair Factories Clearinghouse (FFC Factory List Oct 2022)|A Brand / Retailer|A Brand / Retailer|A Brand / Retailer|A Brand / Retailer|A Brand / Retailer|Pimkie [Public List] (Pimkie May 2022 Facility List)|A Brand / Retailer|A Brand / Retailer|A Brand / Retailer|A Brand / Retailer|MADE (MADE facility list for November 2023)|A Brand / Retailer|Wikirate International e.V. (2019 Apparel Suppliers on Wikirate part 5)|A Brand / Retailer|A Brand / Retailer|A Brand / Retailer|A Brand / Retailer|A Brand / Retailer|Myanmar Garment Manufacturers Association (MGMA) [Public List] (Myanmar Garment Manufacturers Association (Gathered March 2025))","1-1000|1-1000|1155|1-999","","Production","Textile or Material Production","Material Production","","False"
"MM2022145VYMRM3","2022-05-25","General Enterprises Garment Company Limited","Plot No.59, Ka Naung Min Thagyi Street, East Dagon Industrial Zone, East Dagon Township, Yangon Region, Myanmar","MM","Myanmar",16.8996893,96.2306938,"Apparel|Unspecified","General Enterprises Garment Co.,Ltd. (Claimed)|A Brand / Retailer|A Civil Society Organization|A Brand / Retailer|A Brand / Retailer|A Brand / Retailer|BESTSELLER (Tier 1 and Tier 0 October 2025)|BESTSELLER (Tier 1 and Tier 0 February 2026)|A Brand / Retailer|A Brand / Retailer|A Brand / Retailer|A Brand / Retailer|A Brand / Retailer|Myanmar Centre for Responsible Business (OAR facility list in Myanmar)|A Brand / Retailer|An Auditor / Certification Scheme / Service Provider|A Brand / Retailer|A Multi-Stakeholder Initiative|A Multi-Stakeholder Initiative|A Multi-Stakeholder Initiative|A Brand / Retailer|A Multi-Stakeholder Initiative|A Multi-Stakeholder Initiative|A Brand / Retailer|A Brand / Retailer|A Brand / Retailer|A Brand / Retailer|A Multi-Stakeholder Initiative|A Brand / Retailer|A Brand / Retailer|A Brand / Retailer|A Brand / Retailer|A Brand / Retailer|Wikirate International e.V. (2018 Apparel Suppliers on Wikirate part 4)|A Brand / Retailer|A Brand / Retailer|A Brand / Retailer|Debenhams Group (Boohoo group global manufacturing list - August 2024)|A Brand / Retailer|A Brand / Retailer|A Brand / Retailer|Myanmar Garment Manufacturers Association (MGMA) [Public List] (Myanmar Garment Manufacturers Association (Gathered March 2025))|MADE (MADE facility list for November 2023)|Myanmar Trade Promotion Organization (Myantrade) [Public List] (Myantrade Directory of Exporters (as of March 2025))|General Enterprises Garment Co.,Ltd.","3874|3874","","Cutting|Packaging|Final Product Assembly|Sewing|Ironing","Final Product Assembly","Ironing|Sewing|Cutting|Packaging","Jackets Pants Jerseys Shirts Skirts ","False"
"MM2022145WJVVP4","2022-05-25","Saiform International Garment (Myanmar) Company Limited","Plot No.37, Block No.14, Corner of May Kha Street and Yangon - Pathein Road, Shwe Than Lwin Industrial Zone, Hlaingtharya Township, Yangon Region, Myanmar","MM","Myanmar",16.8704842,96.0381929,"Apparel","A Brand / Retailer|Myanmar Centre for Responsible Business (OAR facility list in Myanmar)|A Brand / Retailer|A Brand / Retailer|Myanmar Centre for Responsible Business (OAR facility list in Myanmar)|Myanmar Garment Manufacturers Association (MGMA) [Public List] (Myanmar Garment Manufacturers Association (Gathered March 2025))","","","","","","","False"
"MM2022145XGFSCB","2022-05-25","TIAN YU INTERNATIONAL Company Limited","Plot No.494, corner of Padauk street & Aung Thu street, Shwe Lin Ban Industrial Zone, Hlaingtharya Township, Yangon Region, Myanmar","MM","Myanmar",16.8488631,96.0774712,"Apparel|Footwear|Unspecified","A Brand / Retailer|Better Cotton (Better Cotton Initiative June 2020)|Better Cotton (Better Cotton Initiative May 2021)|H&M Group (H&M June 2024 Facilities list)|A Multi-Stakeholder Initiative|H&M Group (H&M JULY 2024 Facilities list)|A Brand / Retailer|A Brand / Retailer|A Brand / Retailer|A Civil Society Organization|A Multi-Stakeholder Initiative|Myanmar Centre for Responsible Business (OAR facility list in Myanmar)|H&M Group (H&M Sept 2024 Facility list)|H&M Group (H&M Aug 2024 Facilities list)|A Civil Society Organization|H&M Group (H&M Oct 2024 Facility list)|A Multi-Stakeholder Initiative|A Multi-Stakeholder Initiative|A Multi-Stakeholder Initiative|A Multi-Stakeholder Initiative|A Multi-Stakeholder Initiative|A Brand / Retailer|A Brand / Retailer|H&M Group (Manufacturing Factories HM 2023)|A Multi-Stakeholder Initiative|H&M Group (H&M Group Facilities list October2023)|H&M Group (H&M November Factory List)|MADE (MADE facility list for November 2023)|H&M Group (H&M January 2024 Facilities list)|H&M Group (H&M Feb 2024 Facilities list)|H&M Group (H&M March 2024 Facilities list)|H&M Group (H&M April 2024 Facilities list)|H&M Group (H&M Nov 2024 Facility list)|H&M Group (H&M Dec 2024 Facility list)|A Civil Society Organization|SLCP (Social & Labor Convergence Program List 2025)","2001-2500|2001-2500|2501-3000|2501-3000|2501-3000|2001-4000|2001-4000|2001-4000|2001-4000|2001-4000|2001-4000|2001-4000|2001-4000","","Manufacturing |Manufacturing|Manufacturing unit","","Manufacturing|Manufacturing|Manufacturing|Manufacturing|Manufacturing|Manufacturing unit|Manufacturing unit|Manufacturing unit|Manufacturing unit|Manufacturing unit|Manufacturing unit|Manufacturing unit|Manufacturing unit","","False"
"MM2022145XWPNP4","2022-05-25","Sudey Industrial Myanmar Company Limited","U Paing No: (10/1, 11/4) Kwin No. (649), Northeast Kali Kwin, Kalay village tract, Bago Township Bago Region","MM","Myanmar",17.3246003383216,96.483766529876,"Apparel","A Brand / Retailer|A Brand / Retailer|Myanmar Centre for Responsible Business (OAR facility list in Myanmar)|A Brand / Retailer|A Brand / Retailer|A Brand / Retailer|A Brand / Retailer|A Brand / Retailer","","","","","","","False"
"MM2022145Z3681V","2022-05-25","Wang Tat Plastic Company Limited","No. 101, Malika Street, Indudtrial Zone 5, Hlaingtharya Township, Yangon","MM","Myanmar",16.840939,96.173526,"Apparel","Myanmar Centre for Responsible Business (OAR facility list in Myanmar)|A Brand / Retailer","","","","","","","False"
"MM2022145ZCNRMP","2022-05-25","Ree Blue Myanmar Ltd ","No. 24 & 25 B, Myawaddy Min Gyi Street, ShwePyithar Industrial Zone 4  Yangon, Myanmar","MM","Myanmar",16.9265429198578,96.0799048528378,"Apparel","A Brand / Retailer|A Brand / Retailer|Myanmar Centre for Responsible Business (OAR facility list in Myanmar)|Myanmar Centre for Responsible Business (OAR facility list in Myanmar)|Wikirate International e.V. (2020 Apparel Suppliers on Wikirate part 7)|Wikirate International e.V. (2018 Apparel Suppliers on Wikirate part 7)|Myanmar Trade Promotion Organization (Myantrade) [Public List] (Myantrade Directory of Exporters (as of March 2025))|A Multi-Stakeholder Initiative|A Multi-Stakeholder Initiative|A Brand / Retailer|ZDHC Foundation (ZDHC Registered Facilities 21 February 2020)|A Multi-Stakeholder Initiative|A Brand / Retailer|A Brand / Retailer|A Multi-Stakeholder Initiative","","","","","","Jackets|Denim Pants","False"
"MM2022145ZN44EM","2022-05-25","United Knitting Myanmar Company Limited","Plot No.43, Bamaw Ahtwinwun Street, Hlaingtharya Industrial Zone (3), Hlaingtharya Township, Yangon Region, Myanmar","MM","Myanmar",16.8548149214875,96.0669475111126,"Apparel","A Brand / Retailer|Myanmar Centre for Responsible Business (OAR facility list in Myanmar)|Worker Rights Consortium|Worker Rights Consortium|Worker Rights Consortium|Worker Rights Consortium|A Multi-Stakeholder Initiative|Fair Factories Clearinghouse (FFC Factory List Oct 2022)|A Brand / Retailer|A Brand / Retailer|A Brand / Retailer|MADE (MADE facility list for November 2023)|Wikirate International e.V. (2020 Apparel Suppliers on Wikirate part 2)|Myanmar Garment Manufacturers Association (MGMA) [Public List] (Myanmar Garment Manufacturers Association (Gathered March 2025))|Myanmar Trade Promotion Organization (Myantrade) [Public List] (Myantrade Directory of Exporters (as of March 2025))","","","","","","Sock","False"
"MM2022145ZVN7VV","2022-05-25","Join-Profit Garment Co Ltd.","Plot No.106, Kyan Sittar Street, Hlaingtharya Industrial Zone (3), Hlaingtharya Township, Yangon Region, Myanmar","MM","Myanmar",16.8563979,96.0615663,"Apparel","Myanmar Centre for Responsible Business (OAR facility list in Myanmar)|Worker Rights Consortium|Worker Rights Consortium|An Auditor / Certification Scheme / Service Provider|Benetton Group (2024 Benetton suppliers list)|Myanmar Garment Manufacturers Association (MGMA) [Public List] (Myanmar Garment Manufacturers Association (Gathered March 2025))|Myanmar Trade Promotion Organization (Myantrade) [Public List] (Myantrade Directory of Exporters (as of March 2025))","","","MANUFACTURING","Final Product Assembly","Manufacturing","Kids Wear|Jackets|Pants","False"
"MM2022199K2KDDN","2022-07-15","Asia Caps Co., Ltd.","No. 126/127, Yangon Industrial Zone (MingaLardon Industrial Park), Yangon, Myanmar","MM","Myanmar",16.9457,96.19002,"Apparel|Unspecified","Worker Rights Consortium|A Multi-Stakeholder Initiative|A Brand / Retailer|A Brand / Retailer|A Brand / Retailer|A Multi-Stakeholder Initiative|A Brand / Retailer|A Multi-Stakeholder Initiative|A Brand / Retailer|A Multi-Stakeholder Initiative|A Brand / Retailer|A Multi-Stakeholder Initiative|A Multi-Stakeholder Initiative|A Multi-Stakeholder Initiative|A Brand / Retailer|A Brand / Retailer|A Brand / Retailer|A Multi-Stakeholder Initiative|A Multi-Stakeholder Initiative|A Multi-Stakeholder Initiative|A Multi-Stakeholder Initiative|A Brand / Retailer|A Brand / Retailer|A Brand / Retailer|A Brand / Retailer|A Brand / Retailer|A Brand / Retailer|A Brand / Retailer|Myanmar Centre for Responsible Business (OAR facility list in Myanmar)|A Brand / Retailer|A Brand / Retailer|A Brand / Retailer|A Brand / Retailer|Wikirate International e.V. (2018 Apparel Suppliers on Wikirate part 8)|Myanmar Garment Manufacturers Association (MGMA) [Public List] (Myanmar Garment Manufacturers Association (Gathered March 2025))|New Era Cap, LLC (New Era Cap, LLC Facility List Apr 2025)","700","Shanghai Ratone International Ltd.","","","","Headwear","False"
"MM2022248TDP08K","2022-09-05","ABC Garment Co ., Ltd.","No.88, Pa Tin Wun U Shwe Bin Street,, Shwe Pyi Thar Industrial Zone(3),Shwe Pyi Thar Township,,","MM","Myanmar",16.9126237,96.0530378,"Apparel","An Auditor / Certification Scheme / Service Provider|An Auditor / Certification Scheme / Service Provider|An Auditor / Certification Scheme / Service Provider|An Auditor / Certification Scheme / Service Provider|An Auditor / Certification Scheme / Service Provider|An Auditor / Certification Scheme / Service Provider|An Auditor / Certification Scheme / Service Provider|An Auditor / Certification Scheme / Service Provider|An Auditor / Certification Scheme / Service Provider|An Auditor / Certification Scheme / Service Provider|An Auditor / Certification Scheme / Service Provider|An Auditor / Certification Scheme / Service Provider|An Auditor / Certification Scheme / Service Provider|An Auditor / Certification Scheme / Service Provider|An Auditor / Certification Scheme / Service Provider|An Auditor / Certification Scheme / Service Provider|An Auditor / Certification Scheme / Service Provider|An Auditor / Certification Scheme / Service Provider|An Auditor / Certification Scheme / Service Provider","","","","","","","False"
"MM202224911FG1H","2022-09-06","HUIYUAN GARMENT COMPANY LIMITED","Plot No.126,Myay Taing Block No,Sethmyu Zone,Dagon Seikken Township,Yangon,Myanmar, ,","MM","Myanmar",16.8520683,96.26946079999999,"Apparel","An Auditor / Certification Scheme / Service Provider|Myanmar Garment Manufacturers Association (MGMA) [Public List] (Myanmar Garment Manufacturers Association (Gathered March 2025))","","","","","","","False"
"MM202224970WF12","2022-09-06","Dongchen Handbag (Myanmar) Limited","Land Plot No. (80,81), Myay Taing Block No. Industrial Zone (2), Dagon Seik Kan Township,, ,","MM","Myanmar",16.8520683,96.26946079999999,"Apparel","An Auditor / Certification Scheme / Service Provider","","","","","","","False"
"MM20222497ABR7A","2022-09-06","JIA LONG PLASTIC PRODUCTS (MYANMAR) CO., LTD","Plot No.(478), MyayTaing Block No.(25), kyan sit thar street, Shew Lin Pan Industrial Zone, Hiaing Thar Yar Township, Yangon Re, ,","MM","Myanmar",16.8910289,96.1613591,"Apparel","An Auditor / Certification Scheme / Service Provider","","","","","","","False"
"MM2022249B123NN","2022-09-06","WEI HUA (MYANMAR) GARMENT COMPANY LIMITED","Plot No. 308 C/A , Myay Taing Block No. 42/ Sethmu ,, Ka Naung Min Thar Gyi Road Shwe Pyi Thar  Industrial Zone(1) Shwe Pyi Thar Township,,","MM","Myanmar",16.8581732,96.0826719,"Apparel|Unspecified","An Auditor / Certification Scheme / Service Provider|MADE (MADE facility list for November 2023)|An Auditor / Certification Scheme / Service Provider|Myanmar Garment Manufacturers Association (MGMA) [Public List] (Myanmar Garment Manufacturers Association (Gathered March 2025))|A Civil Society Organization|SLCP (Social & Labor Convergence Program List 2025)","","","","","","","False"
"MM2022249ERCEYD","2022-09-06","Royal White Elephants Co.,Ltd","POLT No.33&34,, Thailawa Industrial Zone,,","MM","Myanmar",16.6715536,96.2793758,"Apparel","An Auditor / Certification Scheme / Service Provider","","","","","","","False"
"MM2022249HKW7SF","2022-09-06","KSENG (MYANMAR) APPAREL COMPANY LIMITED","Thar Du Kan Industrial Zone, Myae Kwat No. (49),, Myaetieyatkwat No. (51), Shwe Pyi Thar,,","MM","Myanmar",16.93669,96.076702,"Apparel|Unspecified","Worker Rights Consortium|Matalan (Matalan Facility List July 2024)|A Brand / Retailer|An Auditor / Certification Scheme / Service Provider|A Brand / Retailer|A Brand / Retailer|A Brand / Retailer|A Brand / Retailer|A Brand / Retailer|A Brand / Retailer|A Brand / Retailer|A Brand / Retailer|Matalan (Matalan Factory List Jan 2024)|MADE (MADE facility list for November 2023)|Worldwide Responsible Accredited Production (WRAP Facility List December 2024)|Myanmar Garment Manufacturers Association (MGMA) [Public List] (Myanmar Garment Manufacturers Association (Gathered March 2025))|Worker Rights Consortium|Cutter & Buck [Public List] (Cutter & Buck - May 2023 Production Locations List)|Worker Rights Consortium|Worldwide Responsible Accredited Production (WRAP Facility List 04222025)","922|922|928|928","","","","","","False"
"MM2022249HXHHMK","2022-09-06","Shandong Jiayi (Myanmar) Industry Co., Ltd.","No, (54 A) Min Gyi Mahar Min Gaung Street, Shwe Lin Pan Industrial Zone, Hlaing Thar Yar Township,, ,","MM","Myanmar",16.8628053,96.0598854,"Apparel","An Auditor / Certification Scheme / Service Provider","","","","","","","False"
"MM2022249QPVGHR","2022-09-06","NEW PLUS COMPANY LIMITED","Plot No (82), Myay Taing Block No.51, Thar Du Kan Industrial Zone, Shwe Pyi Thar Township, ,","MM","Myanmar",16.971822,96.08397599999999,"Apparel","An Auditor / Certification Scheme / Service Provider|Myanmar Garment Manufacturers Association (MGMA) [Public List] (Myanmar Garment Manufacturers Association (Gathered March 2025))","","","","","","","False"
"MM2022249WC85SX","2022-09-06","SHENG FENG SHI YE COMPANY LIMITED","Plot No. 111, Myay Taing Block No. 3,, Corner of Bamaw Ah Twin Wun Street & Seikkanthan Street, Settmu Myo,,","MM","Myanmar",16.7742222,96.1630069,"Apparel","An Auditor / Certification Scheme / Service Provider","","","","","","","False"
"MM2022249WNE49V","2022-09-06","Myanmar Ta Kung Garment Co., Ltd.","Plot No 119, Block No Myaung Takar Street,, Industrial Zone, Hmawbi,","MM","Myanmar",17.1828611,95.9719944,"Apparel","An Auditor / Certification Scheme / Service Provider|A Brand / Retailer|Myanmar Garment Manufacturers Association (MGMA) [Public List] (Myanmar Garment Manufacturers Association (Gathered March 2025))","","","","","","","False"
"MM2022249XCRCMG","2022-09-06","RONG DA GARMENTS COMPANY LIMITED","Plot No. (49), No. (163) / (164),, Shwe PyiThar Township,,","MM","Myanmar",16.9753379,96.07851040000001,"Apparel|Textiles","A Multi-Stakeholder Initiative|A Civil Society Organization|A Civil Society Organization|Partnership for Sustainable Textiles (PST) (PST Aug 2025 - Q-Z)|A Civil Society Organization|A Civil Society Organization|A Brand / Retailer|An Auditor / Certification Scheme / Service Provider|Myanmar Garment Manufacturers Association (MGMA) [Public List] (Myanmar Garment Manufacturers Association (Gathered March 2025))|Lidl Stiftung & Co. KG (Lidl Facility List June 2025)","1134","","Cutting, Packing, Pressing, Sewing, Trimming","","Trimming|Packing|Pressing|Sewing|Cutting","","False"
"MM20222586CW9QX","2022-09-15","Hung Kiu Myanmar Magic Link","No.9, Textile Facotry (Kyaukse),, Kyaukse District Mandalay Region, Myanmar, 2014 Kyaukse","MM","Myanmar",21.6017617,96.2127651,"Apparel|Unspecified","H&M Group (H&M April 2024 Facilities list)|H&M Group (H&M JULY 2024 Facilities list)|H&M Group (H&M June 2024 Facilities list)|A Civil Society Organization|A Multi-Stakeholder Initiative|H&M Group (H&M Sept 2024 Facility list)|H&M Group (H&M Aug 2024 Facilities list)|A Civil Society Organization|A Brand / Retailer|A Brand / Retailer|H&M Group (H&M Oct 2024 Facility list)|H&M Group (Fabric, Yarn & Tanneries HM February 2023)|A Multi-Stakeholder Initiative|H&M Group (H&M Group Facilities list October2023)|H&M Group (H&M November Factory List)|H&M Group (H&M January 2024 Facilities list)|H&M Group (H&M Feb 2024 Facilities list)|H&M Group (H&M March 2024 Facilities list)|H&M Group (H&M Nov 2024 Facility list)|H&M Group (H&M Dec 2024 Facility list)","1-500|1-500|1-500|1-500|1-500|1-500|1-500|1-500","","Component unit|Component","","Component|Component|Component|Component|Component|Component unit|Component unit|Component unit|Component unit|Component unit|Component unit|Component unit|Component unit","","False"
"MM2022265CAQQG1","2022-09-22","Ya Ying International Development Co Ltd","No (327329) Myaung Takar Industrial Zone Hmaw Be Township Yangon","MM","Myanmar",17.1361597,96.0097018,"Apparel|Manufacturing|Unspecified","A Brand / Retailer|A Brand / Retailer|A Brand / Retailer|Next Plc (Next Plc August 2024)|A Brand / Retailer|Next Plc (Next Tier 1 and Tier 2 Factory List March 2023)|Next Plc (Next Plc List August 2023)|Next Plc (Next Plc Manufacturing Sites April 2024)|Next Plc (Next Plc March 2024)","","","","","","Component|Component","False"
"MM2022265DZMS06","2023-08-28","yoo win manufacturing co. ltd.","Plot No. 148, Myay Taing Block No. 14,Shwe Than Lwin Industrial Zone,Hlaing Tharyar Township, 11401 Yangon, Rangun","MM","Myanmar",16.858811,96.05106,"Apparel|Textiles|Unspecified","A Multi-Stakeholder Initiative|A Civil Society Organization|A Civil Society Organization|Partnership for Sustainable Textiles (PST) (PST Aug 2025 - Q-Z)|A Civil Society Organization|A Civil Society Organization|Next Plc (Next Plc August 2025)|A Civil Society Organization|A Multi-Stakeholder Initiative|A Civil Society Organization|A Brand / Retailer|A Brand / Retailer|A Brand / Retailer|Next Plc (Next Plc August 2024)|A Multi-Stakeholder Initiative|Next Plc (Next Plc List August 2023)|Next Plc (Next Plc Manufacturing Sites April 2024)|Next Plc (Next Plc March 2024)|Next Plc (Next Plc Facility List February 2025)","","","Linking|Sewing|Ironing|Cutting|Packaging|Stitching","Final Product Assembly|Final Product Assembly|Final Product Assembly|Final Product Assembly|Final Product Assembly|Final Product Assembly","Cutting|Ironing|Stitching|Packaging|Sewing|Linking","","False"
"MM2022265EW0641","2022-09-22","Qian Jin Garment Washing Company Limited","No (330/A) Block No-Myaung Takar Steel Industrial Zone Hmawbi Township Yangon","MM","Myanmar",17.1828611,95.9719944,"Apparel|Unspecified","Fair Wear Foundation (Fair Wear Oct 2025)|A Brand / Retailer|A Brand / Retailer|A Brand / Retailer|Next Plc (Next Plc August 2024)","51-500","","","","","Component","False"
"MM2022265K8PA6E","2022-09-22","GP Golden Preclse Embroidery & Garment Ltd","No. 8 Block No. 25, Shwe Linban Industrial Zone, Hlaing Tharyar, Yangon, Yangon","MM","Myanmar",16.914015,96.0652719,"Apparel|Unspecified","A Multi-Stakeholder Initiative|A Multi-Stakeholder Initiative|Fair Wear Foundation (Fair Wear Aug 2024)|A Multi-Stakeholder Initiative|A Multi-Stakeholder Initiative|Fair Wear Foundation (Fair Wear Apr 2025)","51-500|51-500","","Embroidery","","Embroidery|Embroidery","","False"
"MM2022265PRN7RF","2022-09-22","Victoria Harbour Embroidery Factory","NO.73B, Min Theikdi Kyaw Swar Street, Hlaing Thar Yar Industrial Zone (3), Yangon","MM","Myanmar",16.8546709,96.0688165,"Apparel|Unspecified","A Multi-Stakeholder Initiative|A Multi-Stakeholder Initiative|A Multi-Stakeholder Initiative|A Multi-Stakeholder Initiative","","","","","","","False"
"MM2022265VWT5SW","2022-09-22","bago sunny garments co. ltd.","No. 641, Holding no. 38, Called no. 174,, Thana Pin Street, Ward 18, Bago Township, 70101","MM","Myanmar",17.3220711,96.4663286,"Apparel|Unspecified","A Multi-Stakeholder Initiative|A Multi-Stakeholder Initiative|A Multi-Stakeholder Initiative|A Multi-Stakeholder Initiative|A Multi-Stakeholder Initiative","","","","","","","False"
"MM2022265Z8G75G","2022-09-22","PROSTAR","NO/168-170, Kanaung (8) Street, Shwe Pauk Kan Industrial Zone, North Okkalapa Township, Yangon","MM","Myanmar",16.9356586,96.1964586,"Apparel|Unspecified","A Multi-Stakeholder Initiative|A Multi-Stakeholder Initiative|A Multi-Stakeholder Initiative|A Multi-Stakeholder Initiative","","","","","","","False"
"MM2022280QPB1HM","2022-10-07","Banner Printing Factory","No. 82 Innwa Street, Shwe Pauk Kan Industrial Zone, North Okkalapa Township, Yangon, Yangon","MM","Myanmar",16.8437074,96.17543909999999,"Apparel|Unspecified","A Multi-Stakeholder Initiative|A Multi-Stakeholder Initiative|A Multi-Stakeholder Initiative","","","","","","","False"
"MM2022280YPDF71","2025-03-28","Famoso Clothing Company Limited.","No (A-7 &11), Mingaladon Industrial Park, No (3) Lansone, Ka Yay Pin Feeder Road, Mingaladon Township, Yangon.","MM","Myanmar",16.9421429,96.1566754,"Apparel|Unspecified","Fair Wear Foundation (Fair Wear Oct 2025)|A Multi-Stakeholder Initiative|A Multi-Stakeholder Initiative|Fair Wear Foundation (Fair Wear Aug 2024)|A Multi-Stakeholder Initiative|Myanmar Garment Manufacturers Association (MGMA) [Public List] (Myanmar Garment Manufacturers Association (Gathered March 2025))|Myanmar Trade Promotion Organization (Myantrade) [Public List] (Myantrade Directory of Exporters (as of March 2025))|Fair Wear Foundation (Fair Wear Apr 2025)","1000|1000|1000-16000","","Product Finishing|Ironing|Cutting|Packaging|Cut & Sew","Final Product Assembly|Final Product Assembly|Final Product Assembly|Final Product Assembly|Final Product Assembly","Product Finishing|Packaging|Ironing|Cutting|Cut & Sew|Product Finishing|Ironing|Cut & Sew|Cutting|Packaging|Ironing|Cutting|Product Finishing|Packaging|Cut & Sew","Garments|fashion apparel|clothing|Suit (Men)|Pants| clothing|Garments| fashion apparel","False"
"MM2022280YXSB5E","2023-08-28","myanmar bago nt mode garment co. ltd.","No. 243/244, Maga Street, Bogone,Hinnthargone Quarter, Bago Division, 999091 Bago Township, Bago Region","MM","Myanmar",17.337754,96.508444,"Apparel|Unspecified","A Multi-Stakeholder Initiative|A Multi-Stakeholder Initiative|A Multi-Stakeholder Initiative|A Civil Society Organization|A Multi-Stakeholder Initiative|A Multi-Stakeholder Initiative|MADE (MADE facility list for November 2023)|Myanmar Garment Manufacturers Association (MGMA) [Public List] (Myanmar Garment Manufacturers Association (Gathered March 2025))","","","","","","","False"
"MM2022286K3B8A3","2022-10-13","Ming Da Polyester Wadding (Myanmar) Co., Ltd.","Plot No. 48, Daw Phwar Shin Street, Hlaing Tharyar Industrial Zong(1)","MM","Myanmar",16.9085185,96.07662,"Apparel","An Auditor / Certification Scheme / Service Provider","","","","","","","False"
"MM2022286SKS12R","2022-10-13","Dong Long (Myanmar) Garment Co., Ltd","L7, L8, L9 AA New Ya Htar Street, AA Pyin Pa Dan Quarter, AA Naw Ya Htar Industry, Hlaing Thar Yar Township","MM","Myanmar",16.8580508,96.0253882,"Apparel","An Auditor / Certification Scheme / Service Provider","","","","","","","False"
"MM20222974F5VBG","2022-10-21","Crecimiento Industrial Myanmar Co., Ltd.","LOT NO.A4 ZONE(A) AREA, THILAWA SPECIAL ECONOMIC ZONE, THANLYIN TOWNSHIP, YANGON, ","MM","Myanmar",16.6699485,96.27489469999999,"Material Production","A Brand / Retailer","","","","","","","False"
"MM2022305ANQ6VZ","2022-11-01","WORLD  APPAREL MANUFACTURING ","PLOT NO. (64), NO. (139/149), SHWE PYI THAR BRIDGE ROAD, INDUSTRIAL ZONE (3), SHWE PYI THAR T/S, YANGON","MM","Myanmar",16.8978717,96.0451353,"Apparel","A Brand / Retailer|Myanmar Garment Manufacturers Association (MGMA) [Public List] (Myanmar Garment Manufacturers Association (Gathered March 2025))|Myanmar Trade Promotion Organization (Myantrade) [Public List] (Myantrade Directory of Exporters (as of March 2025))","","","","","","Jackets|Coat","False"
"MM2022305C9G47R","2022-11-01","SHENGJIE  GARMENT ","MYAY TAING BLOCK NO-25, SHWE LIN PAN INDUSTRIAL ZONE, YANGON","MM","Myanmar",16.895999,96.06737140000001,"Apparel|Unspecified","A Brand / Retailer|A Civil Society Organization|SLCP (Social & Labor Convergence Program List 2025)","","","","","","","False"
"MM2022305XBR0AJ","2025-03-28","Erdos Myanmar Knitwear Company Limited.","No (486, 458, 487), Myay Taing Block (25), Mee That Kan Street, Shwe Lin Ban Industrial Zone, Hlaing Tharyar Township, Yangon.","MM","Myanmar",16.914015,96.0652719,"Apparel","A Brand / Retailer|Myanmar Garment Manufacturers Association (MGMA) [Public List] (Myanmar Garment Manufacturers Association (Gathered March 2025))|Myanmar Trade Promotion Organization (Myantrade) [Public List] (Myantrade Directory of Exporters (as of March 2025))","","","","","","Skirt|Sweater","False"
"MM202230616EH2H","2022-11-01","Jinxing Printing Co.,Ltd","NO.221，DISTRICTS (2)    Yangon Myanmar Yangon  ""","MM","Myanmar",16.840939,96.173526,"Hard Goods","Dick's Sporting Goods  (Dick's Sporting Goods )","29","Yinku Plastics Industrial Corp.","","","","","False"
"MM2022306TJ8726","2022-11-01","Xiong Di (Myanmar) Computer Embroidery Factory","NO.184，DISTRICTS (2)    　Yangon Myanmar Yangon  11401""","MM","Myanmar",17.0668873,96.1146684,"Hard Goods","Dick's Sporting Goods  (Dick's Sporting Goods )","31","Yinku Plastics Industrial Corp.","","","","","False"
"MM2022306Z6R66J","2022-11-01","Hydrodynamic Enterprise (Myanmar) Co., Ltd.","No.300 A / Kun Ryaar Kyang U Pying No(13/c), Ya Khaing Yoe Gyi Village,   Htantabin Township Myanmar Yangon  11401","MM","Myanmar",17.0178856,95.9819191,"Hard Goods","Dick's Sporting Goods  (Dick's Sporting Goods )","1000","Hydrodynamic Industrial Co., Ltd.","","","","","False"
"MM2022331Y2M4RQ","2022-11-27","BO DA ( MYANMAR ) FASHION COMPANY LIMITED","No.239, U Myae Street, Shwe Lin Ban Industrial Zone, Hlaing Tharyar Township","MM","Myanmar",16.914015,96.0652719,"Apparel","An Auditor / Certification Scheme / Service Provider|MADE (MADE facility list for November 2023)|Myanmar Garment Manufacturers Association (MGMA) [Public List] (Myanmar Garment Manufacturers Association (Gathered March 2025))","","","","","","","False"
"MM20223334STCYA","2022-11-29","YLX Company Limited","No. 105, Plot No #14, Shwe Than Lwin Industrial Zone, Hlaing Thar Yar Township, Yangon","MM","Myanmar",16.866343,96.0347413,"Apparel","An Auditor / Certification Scheme / Service Provider","","","","","","","False"
"MM2022335JX7E7P","2022-12-01","Lucky Fortune Co., Ltd.","No.90, Satsaya U Tun Street, Shwe Pyi Thar Industrial Zone (4), Insein Township, Yangon","MM","Myanmar",16.9332733,96.0818999,"Apparel","An Auditor / Certification Scheme / Service Provider|An Auditor / Certification Scheme / Service Provider|MADE (MADE facility list for November 2023)","","","","","","","False"
"MM20223361TTRG9","2022-05-25","Grand Enterprises Garment Co., Ltd.","Plot No.61, Kanuang Minthar Gyi Street, East Dagon Industrial Zone, 11421, Yangon Region, Myanmar","MM","Myanmar",16.9004453,96.2315337,"Apparel|Multi-Category","A Brand / Retailer|A Brand / Retailer|A Brand / Retailer|A Brand / Retailer|A Brand / Retailer|An Auditor / Certification Scheme / Service Provider|A Brand / Retailer|A Brand / Retailer|Myanmar Centre for Responsible Business (OAR facility list in Myanmar)|A Brand / Retailer|A Brand / Retailer|A Multi-Stakeholder Initiative","","","","","","","False"
"MM20223473N1KZS","2022-12-09","SMK Mingaladon Co. Ltd.","No. A-4, Highway Road and Khayaebin Road, Mingaladon Industrial Park, Yangon","MM","Myanmar",16.9421429,96.1566754,"Apparel|Unspecified","WE Europe BV (WE Europe BV Facility List May 2025)|Better Cotton (Better Cotton Initiative June 2020)|MANGO  (Historical Factories Mango)|A Brand / Retailer|A Brand / Retailer|A Brand / Retailer|A Brand / Retailer|A Brand / Retailer|A Brand / Retailer|A Brand / Retailer|Myanmar Centre for Responsible Business (OAR facility list in Myanmar)|A Brand / Retailer|WE Europe BV (WE Fashion Production location list July 2023)|WE Europe BV (WE Fashion production location list 2024)|MANGO  (MANGO Active Factory List December 2021)|A Brand / Retailer|A Brand / Retailer|A Brand / Retailer|Better Cotton (Better Cotton Initiative May 2021)|A Brand / Retailer|A Brand / Retailer|A Brand / Retailer|A Brand / Retailer|A Brand / Retailer|A Brand / Retailer|A Brand / Retailer|A Brand / Retailer|Worldly|A Brand / Retailer|A Brand / Retailer|OVS Spa (OVS SPA SUPPLIERS LIST - TIER 1 FY2023)|Myanmar Garment Manufacturers Association (MGMA) [Public List] (Myanmar Garment Manufacturers Association (Gathered March 2025))|A Civil Society Organization|SLCP (Social & Labor Convergence Program List 2025)","1000-5000|1355|1000-5000|1000-4999","SMK International Co. ltd. |SMK INTERNATIONAL CO.LTD|SMK International Co. ltd.|SMK International Co. ltd.","SHIRTS|Production |Production","Textile or Material Production|Textile or Material Production|Textile or Material Production","Material Production|Material Production|Material Production","","False"
"MM2022347AN19D4","2022-12-08","Myanmar DYC Co., Ltd.","Plot No. C-5 & C-6 Mingaladon Industrial Park Mingaladon Township, Yangon","MM","Myanmar",16.9421429,96.1566754,"Unspecified","A Brand / Retailer|A Brand / Retailer|A Brand / Retailer|A Brand / Retailer","","","","","","","False"
"MM2022349HVSCAB","2022-12-13","Noatex Starry Myanmar Limited","No.165, Twin Thin Taik Wun U Tun NyoSt, Shwe Lin Ban Industrial Zone, Hlaing Tharyar Township, Yangon, Yangon","MM","Myanmar",16.9140322,96.0584878,"Unspecified","A Multi-Stakeholder Initiative","","","","","","","False"
"MM2022351HTG43B","2022-12-16","Unifa Handbag Myanmar Co Ltd","Plot No 67 Myay Taing Block No-14 Shwe Than Lwin Hlaing Thar Yar Township Yangon Yangon Region Shwe Than Lwin Industrial Zone","MM","Myanmar",16.866343,96.0347413,"Apparel|Multi-Category","A Brand / Retailer|A Multi-Stakeholder Initiative","","","","","","","False"
"MM2022351Z25TT3","2025-03-28","Lia International Company Limited","No (41), Bamaw Atwin Wun Street, Hlaing Tharyar Industrial Zone (3), Hlaing Tharyar Township, Yangon.","MM","Myanmar",16.9212186,96.0568096,"Apparel|Multi-Category","A Brand / Retailer|A Multi-Stakeholder Initiative|Myanmar Garment Manufacturers Association (MGMA) [Public List] (Myanmar Garment Manufacturers Association (Gathered March 2025))|Myanmar Trade Promotion Organization (Myantrade) [Public List] (Myantrade Directory of Exporters (as of March 2025))","","","","","","Sock","False"
"MM2022351ZB2VS9","2022-12-16","Shwe Sakar Company Limited","Lot No 659/B Thanlyin Thilawa Roda Alwansutt Village Yangon Thanlyin Township Thanlyin Industrial Zone","MM","Myanmar",16.6741826,96.2858489,"Apparel|Multi-Category|Textiles|Unspecified","A Multi-Stakeholder Initiative|A Civil Society Organization|A Civil Society Organization|Partnership for Sustainable Textiles (PST) (PST Aug 2025 - Q-Z)|A Civil Society Organization|A Civil Society Organization|Fair Wear Foundation (Fair Wear Oct 2025)|A Multi-Stakeholder Initiative|Fair Wear Foundation (Fair Wear Aug 2024)|A Multi-Stakeholder Initiative|A Brand / Retailer|A Multi-Stakeholder Initiative|A Multi-Stakeholder Initiative|A Multi-Stakeholder Initiative|Wikirate International e.V. (2020 Apparel Suppliers on Wikirate part 10)|MADE (MADE facility list for November 2023)|Myanmar Garment Manufacturers Association (MGMA) [Public List] (Myanmar Garment Manufacturers Association (Gathered March 2025))|Fair Wear Foundation (Fair Wear Apr 2025)|Lidl Stiftung & Co. KG (Lidl Facility List June 2025)","1000|1000|1936|1512|1000-16000","","Cutting|Cut & Sew|Stiching, Cutting, Finishing, Packing, Pressing, Sewing, Trimming|Ironing","","Cutting|Ironing|Cut & Sew|Cutting|Ironing|Cut & Sew|Trimming|Finishing|Pressing|Packing|Sewing|Cutting|Stiching|Ironing|Cut & Sew|Cutting","","False"
"MM2023002F40SEX","2023-01-02","Delta Mate Myanmar Co.,Ltd","Holding No - 1 / Ka, Plot No.7, 21,22,23,28,29. Block No.998A, Ma Kyi Kan Kwin, Ka Li Htaw (East) Village Tract, Hlegu Township","MM","Myanmar",17.1526379,96.24290450000001,"Apparel","An Auditor / Certification Scheme / Service Provider","","","","","","","False"
"MM20230316D0RN5","2023-01-30","MYANMAR GIGI LEATHER GOODS","PLOT 96   BLOCK 51   THAR DU KA,THAR DU KAN INDUSTRIAL ZONE","MM","Myanmar",18.5131206,96.4663286,"Apparel","Tapestry, Inc. (Tapestry Tier 1 Supplier List June 2025)|Tapestry, Inc. (Tapestry Tier 1 Supplier List December 2025)|Tapestry, Inc. (Tapestry Tier 1 Supplier List June 2024)|A Brand / Retailer|Tapestry, Inc. (Tapestry Tier 1 Supplier List June 2023)|Tapestry, Inc. (Tapestry Tier 1 Supplier List December 2023)|Tapestry, Inc. (Tapestry Tier 1 Supplier List December 2024)","1001-5000|1001-5000|1001-5000|1001-5000|1001-5000|1001-5000","GIGI LEATHER GOODS LTD|GIGI LEATHER GOODS LTD|GIGI LEATHER GOODS LTD|GIGI LEATHER GOODS LTD|GIGI LEATHER GOODS LTD|GIGI LEATHER GOODS LTD","","","","","False"
"MM20230601HEV13","2023-03-01","Da Hua (Myanmar) Company Limited","Plot No.209,238 Myaung Dagar Steel Industrial Zone, Hmawbi Township","MM","Myanmar",17.1533377,96.02557379999999,"Apparel","An Auditor / Certification Scheme / Service Provider","","","","","","","False"
"MM2023060N1GPTX","2023-03-01","KAMRA MANUFACTURING (MYANMAR) COMPANY LIMITED","NO.56/A, SAT SAYAR U TUN LIN STREET, SHWE PYI THAR INDUSTRIES ZONE (4), SHWE PYI THAR TOWNSHIP, YANGON, MYANMAR.","MM","Myanmar",16.969617,96.0732146,"Apparel","An Auditor / Certification Scheme / Service Provider|Myanmar Garment Manufacturers Association (MGMA) [Public List] (Myanmar Garment Manufacturers Association (Gathered March 2025))","","","","","","","False"
"MM202306144AHR3","2023-03-02","XINDA HOME TEXTILE (MYANMAR) CO., LTD.","Plot No. 140 (A) (B) (D) (F), Myay Taing Block No. 42 Sethmu,Shwe Pyi Thar Township.","MM","Myanmar",16.9753379,96.07851040000001,"Apparel","An Auditor / Certification Scheme / Service Provider|Myanmar Garment Manufacturers Association (MGMA) [Public List] (Myanmar Garment Manufacturers Association (Gathered March 2025))","","","","","","","False"
"MM2023062KG9QZB","2023-03-03","ZIRAN NONWOVEN(MYANMAR) COMPANY LIMITED","MAUNG KHET STREET PLOT NO.(35)SHWE PYI THAR SETHMYU ZONE (4),","MM","Myanmar",16.9753379,96.07851040000001,"Apparel","An Auditor / Certification Scheme / Service Provider","","","","","","","False"
"MM2023062N9RZ31","2023-03-03","A Dream of Kind Garment Factory Company Limited","No (272-273), (276-277), Mingalardon Garden City, Yangon Industrial Park, Mingalardon Township","MM","Myanmar",16.9293714,96.1169,"Apparel","An Auditor / Certification Scheme / Service Provider","","","","","","","False"
"MM2023062NT8HM5","2023-03-03","Tian Cheng (Singapore) Trading PTE Ltd","Plot No.34,Myay Taing Block No.Part-4,Industrial Zone,Hlaing Tharyar Township","MM","Myanmar",16.8819286,96.0573302,"Apparel","An Auditor / Certification Scheme / Service Provider","","","","","","","False"
"MM2023063SFVDVN","2023-03-04","Chu Yang Myanmar Garment Company Limited","Plot No 49, NO (303), Wartayar Industrial Zone,Shwe Pyi Thar Township,11411,Yangon,Myanmar","MM","Myanmar",16.9753379,96.07851040000001,"Apparel|Textiles|Unspecified","A Civil Society Organization|A Multi-Stakeholder Initiative|A Civil Society Organization|An Auditor / Certification Scheme / Service Provider|Myanmar Garment Manufacturers Association (MGMA) [Public List] (Myanmar Garment Manufacturers Association (Gathered March 2025))","","","","","","","False"
"MM20230641M31CG","2023-03-05","Gy Sen (Myanmar) Apparel Company Limited","No (141), Myay Taing Block No (49/Wartayar) Bo Taike Chun Street, 23 Ward,Shwe Pyi Thar Township,11411,Yangon,Myanmar","MM","Myanmar",16.9753379,96.07851040000001,"Apparel|Multi-Category","An Auditor / Certification Scheme / Service Provider|A Multi-Stakeholder Initiative|MADE (MADE facility list for November 2023)|Myanmar Garment Manufacturers Association (MGMA) [Public List] (Myanmar Garment Manufacturers Association (Gathered March 2025))|A Brand / Retailer","","","","","","","False"
"MM20230644Q8K01","2023-03-05","Hesheng Myanmar Leather Company Limited","No.37-38, Myay  Taing Block No.64 (Sethmu),  Shwe  Pyi  Thar  Township,Yangon,11411,Yangon,Myanmar","MM","Myanmar",16.9753379,96.07851040000001,"Apparel","An Auditor / Certification Scheme / Service Provider","","","","","","","False"
"MM2023064DEQ5NQ","2023-03-05","HENGRUN GARMENT COMPANY LIMITED","No,278/11-14,U Tayote Street,Shwe Lin Ban Industrial，Hlaing Thar Yar，Yangon，Myanmar.","MM","Myanmar",16.9200894,96.0706935,"Apparel","Next Plc (Next Plc August 2025)|A Brand / Retailer|A Brand / Retailer|A Brand / Retailer|A Brand / Retailer|A Brand / Retailer|Next Plc (Next Plc August 2024)|An Auditor / Certification Scheme / Service Provider|Next Plc (Next Plc List August 2023)|Next Plc (Next Plc Manufacturing Sites April 2024)|Next Plc (Next Plc March 2024)|Myanmar Garment Manufacturers Association (MGMA) [Public List] (Myanmar Garment Manufacturers Association (Gathered March 2025))|Myanmar Trade Promotion Organization (Myantrade) [Public List] (Myantrade Directory of Exporters (as of March 2025))|Next Plc (Next Plc Facility List February 2025)","","","","","","Jackets","False"
"MM2023064ZDBBAQ","2023-03-05","Jia Lian Company Limited","300 A, West District Yoegyiyoelay Circle, Htantapin Township, Yangon.","MM","Myanmar",17.0178753,95.98193580000002,"Apparel","An Auditor / Certification Scheme / Service Provider","","","","","","","False"
"MM20230651KRG5D","2023-03-06","Myanmar Haisheng Fashion Clothes Co., Ltd.","No.143, U Tun Nyo Street, Shwe Phyi Thar Industrial Zone 3, Shwe Pyi Thar  Township,","MM","Myanmar",16.843738,96.0818436,"Apparel","An Auditor / Certification Scheme / Service Provider|Myanmar Garment Manufacturers Association (MGMA) [Public List] (Myanmar Garment Manufacturers Association (Gathered March 2025))","","","","","","","False"
"MM20230655WKS2V","2023-03-06","NEW TALENT INDUSTRIAL COMPANY LIMITED (Main)","NO. M1-02, MAUBIN INDUSTRIAL PARK","MM","Myanmar",16.7260699,95.6484241,"Apparel|Unspecified","An Auditor / Certification Scheme / Service Provider|A Brand / Retailer|MADE (MADE facility list for November 2023)|Worldwide Responsible Accredited Production (WRAP Facility List December 2024)|Myanmar Garment Manufacturers Association (MGMA) [Public List] (Myanmar Garment Manufacturers Association (Gathered March 2025))|Worldwide Responsible Accredited Production (WRAP Facility List 04222025)","1300|1300","","","","","","False"
"MM2023066B8QXYJ","2023-03-07","SHWE FOF COMPANY LIMITED","28 ,Thanchatwun U Nyunt East Dagon Extended Industry Zone, East Dagon","MM","Myanmar",16.8026851,96.133844,"Apparel","An Auditor / Certification Scheme / Service Provider","","","","","","","False"
"MM2023066CW3MBQ","2023-03-07","Royal White Elephants Co.,Ltd","No.27, Saik Pyoe Yae Street,,Ahmutan Ward","MM","Myanmar",16.800605,96.1787448,"Apparel","An Auditor / Certification Scheme / Service Provider|Myanmar Garment Manufacturers Association (MGMA) [Public List] (Myanmar Garment Manufacturers Association (Gathered March 2025))|Myanmar Trade Promotion Organization (Myantrade) [Public List] (Myantrade Directory of Exporters (as of March 2025))","","","","","","T shirt|Skirt|Jackets","False"
"MM2023066E6E9PE","2023-03-07","SHENG PING MANUFACTURING COMPANY LIMITED","No-(87),KINGWINMYINGYI ROAD, HLAING THAR YAR Zone(4)","MM","Myanmar",16.8819286,96.0573302,"Apparel","An Auditor / Certification Scheme / Service Provider","","","","","","","False"
"MM2023066J0E3K3","2023-03-07","Sanyuan Oversea Two (Myanmar) Apparel Manufacturing Co., Ltd.","No(13/D), Kawin No. (300/A), Rahkaing Yoe Gyi Billage, HtanTaPin Township,","MM","Myanmar",17.0178856,95.9819191,"Apparel","An Auditor / Certification Scheme / Service Provider|Myanmar Garment Manufacturers Association (MGMA) [Public List] (Myanmar Garment Manufacturers Association (Gathered March 2025))","","","","","","","False"
"MM2023066KWK5XH","2023-03-07","SHUANGXI (PATHEIN) GARMENT COMPANY LIMITED","NO.C-13, PATHEIN INDUSTRIAL CITY (PIC), KAN GYI DAUNT TOWNSHIP, AYEYARWADDY REGION, MYANMAR.","MM","Myanmar",16.7260308,94.7496774,"Apparel","An Auditor / Certification Scheme / Service Provider|Myanmar Garment Manufacturers Association (MGMA) [Public List] (Myanmar Garment Manufacturers Association (Gathered March 2025))","","","","","","","False"
"MM2023066RS1D9N","2023-03-07","SINOPROUD TW GARMENTS COMPANY","Corner of Myawaddy Mingyi Street & Gayungar Street, No.(59),144-ward, South Dagon Industrial Zone, YANGON, MYANMAR.","MM","Myanmar",16.6842708,98.5007116,"Apparel","An Auditor / Certification Scheme / Service Provider","","","","","","","False"
"MM2023066S7JEJZ","2023-03-07","SYSMM APPAREL MANUFACTURING COMPANY LIMITED","Plot No.39 Block No.65(Satmu) Shwe Pyi Thar Industrial Zone (4), Shwe Pyi Thar Township.","MM","Myanmar",16.9480376,96.0909909,"Apparel","An Auditor / Certification Scheme / Service Provider","","","","","","","False"
"MM2023066V0VTFC","2023-03-07","SHUANGXI (MYANMAR) GARMENT LIMITED","MATKHAYAR MINTHARGYI MGPHYO ROAD NO.101 HLAING THARYAR  INDUSTRIAL ZONE(2), HLAINGTHARYAR TOWNSHIP, YANGON REGION, MYANMAR.","MM","Myanmar",16.8497944,96.0743979,"Apparel|Textiles|Unspecified","A Civil Society Organization|A Multi-Stakeholder Initiative|A Civil Society Organization|An Auditor / Certification Scheme / Service Provider|A Multi-Stakeholder Initiative|Myanmar Garment Manufacturers Association (MGMA) [Public List] (Myanmar Garment Manufacturers Association (Gathered March 2025))","","","","","","","False"
"MM202306707CEVA","2023-03-08","Xin Cheng Xin Plastic Products Company Limited (Main)","Shwe Yin Aye Street No.128 Industrial Zone (5), Hlaing Thar Yar Township, 11401, Yangon, MM-06, Myanmar","MM","Myanmar",16.8964754,96.0442176,"Apparel","An Auditor / Certification Scheme / Service Provider","","","","","","","False"
"MM2023067BNW4BS","2023-03-08","Victor House Company Limited","Plot No.101, Myay Taing Block No.14 (Shwe Than Lwin), Hlaing Thar Yar Township","MM","Myanmar",16.866343,96.0347413,"Apparel|Unspecified","Matalan (Matalan Facility List Jul 2025)|A Brand / Retailer|Matalan (Matalan Facility List January 2026)|Matalan (Matalan Facility List July 2024)|A Brand / Retailer|A Multi-Stakeholder Initiative|A Brand / Retailer|A Multi-Stakeholder Initiative|A Multi-Stakeholder Initiative|A Multi-Stakeholder Initiative|A Civil Society Organization|A Multi-Stakeholder Initiative|A Civil Society Organization|An Auditor / Certification Scheme / Service Provider|A Brand / Retailer|A Brand / Retailer|A Brand / Retailer|Matalan (Matalan Factory List Jan 2024)|Matalan (Matalan Facility List Jan 2025)|A Brand / Retailer|A Brand / Retailer|A Multi-Stakeholder Initiative|A Multi-Stakeholder Initiative|Myanmar Centre for Responsible Business (OAR facility list in Myanmar)|Myanmar Garment Manufacturers Association (MGMA) [Public List] (Myanmar Garment Manufacturers Association (Gathered March 2025))","632|632|565|565|632","","","","","","False"
"MM2023067QVTKFW","2023-03-08","Tri-Win Leather Myanmar Company Limited","No.91, Ayeyarwady Street, Shwethanlwin Industrial Zone,Hlaing Thar Yar Township,11401,Yangon,Myanmar","MM","Myanmar",16.866343,96.0347413,"Apparel","An Auditor / Certification Scheme / Service Provider|Wikirate International e.V. (2018 Apparel Suppliers on Wikirate part 1)","680","","","","","","False"
"MM2023067RSRZ3S","2023-03-08","True Green City Company limited","PLOT NO.135,MYAY TAING BLOCK NO.49, WAR TAYAR INDUSTRIAL ZONE, SHWE PYI THAR TOWNSHIP,YANGON,MYANMAR.","MM","Myanmar",16.9753379,96.07851040000001,"Apparel","An Auditor / Certification Scheme / Service Provider","","","","","","","False"
"MM2023067T3NHBW","2023-03-08","YOYIKA GARMENT CO., LTD.","SHWE LIN BAN INDUSTRIAL ZONE,NO.339,MYAY TAING BLOCK 25,HLAING THAR YAR,YANGON REGION,MYANMAR","MM","Myanmar",16.914015,96.0652719,"Apparel","An Auditor / Certification Scheme / Service Provider","","","","","","","False"
"MM2023067Y8PZR1","2023-03-08","YU CHANG (MYANMAR) SPRAY COTTON CO.LTD","No.(4)Main Road.Block No.11/3 & 13/4+14/1,Lot No.577,Kyaut Pone Kwin Ward. Innluk Village Tract","MM","Myanmar",17.088147,96.057539,"Apparel","An Auditor / Certification Scheme / Service Provider","","","","","","","False"
"MM2023075F8R545","2023-03-16","Myanmar Shinwon Garment Company Limited (Main)","Pun hlaing golf estate road no. 599, Hlaing tharya, Yangon","MM","Myanmar",16.8366892,96.097049,"Apparel","An Auditor / Certification Scheme / Service Provider|Myanmar Garment Manufacturers Association (MGMA) [Public List] (Myanmar Garment Manufacturers Association (Gathered March 2025))","","","","","","","False"
"MM2023075FXS3D2","2023-03-16","DA MEI GARMENT COMPANY LIMITED","Plot No.154/171, May Tai No. Section 5, Industrial Zone 5, Corner of Saba St and Shwe Yin Aye Chuang St.,Hlaing Thar Yar Township","MM","Myanmar",16.8819286,96.0573302,"Apparel","An Auditor / Certification Scheme / Service Provider","","","","","","","False"
"MM2023079BVWSM0","2023-03-20","GENESIS MYANMAR GARMENT CO., LTD.","Myay Taing Block,NO.113,Industrial Zone, Dagon Myothit (East) Township","MM","Myanmar",16.9333352,96.30134319999999,"Apparel","An Auditor / Certification Scheme / Service Provider|Myanmar Garment Manufacturers Association (MGMA) [Public List] (Myanmar Garment Manufacturers Association (Gathered March 2025))","","","","","","","False"
"MM202308411P1T0","2023-03-24","Kanaan International Co., Ltd","Plot #235, Myay Taing Quarter No. 49 Wartayar Industrial Zone Shwe Pyi Tar Township Yangon Myanmar","MM","Myanmar",16.9753379,96.07851040000001,"Apparel","LL Bean [Public List] (LL Bean September 2020 Facility List)","","KANAAN CO., LTD","","","","","False"
"MM2023084YBSXYA","2023-03-24","LHM GARMENTS HANGERS & ACCESSORIES CO LTD","No 79 Pyin Si Min Tar Gi Street,  Shwe Lin Pann Industrial Zone,  Yangon, Myanmar","MM","Myanmar",16.840939,96.173526,"Multi-Category","Mainetti [Public List] (Mainetti March 2023 Facility List)","","Mainetti","","","","Packaging|Hangers & Accessories|PPE Materials|Labels|Tags|RFID","False"
"MM2023086RSF4D0","2022-05-25","Bellmart (Myanmar) Co.,Ltd","Plot No. 16-17, Bago Industrial Complex (Foreign Industrial Zone), Nyaung Inn Village, Bago Township, Bago Region, Myanmar","MM","Myanmar",17.254495,96.4592959,"Apparel|Unspecified","Worldly|A Multi-Stakeholder Initiative|A Multi-Stakeholder Initiative|A Multi-Stakeholder Initiative|A Multi-Stakeholder Initiative|A Multi-Stakeholder Initiative|A Multi-Stakeholder Initiative|A Multi-Stakeholder Initiative|A Multi-Stakeholder Initiative|A Multi-Stakeholder Initiative|A Multi-Stakeholder Initiative|Myanmar Centre for Responsible Business (OAR facility list in Myanmar)|A Multi-Stakeholder Initiative|LL Bean [Public List] (LL Bean September 2020 Facility List)|A Multi-Stakeholder Initiative","","Bellmart Industrial Co., Ltd","","","","","False"
"MM2023086W7AVYN","2023-03-27","Heng Mei Company Limited (Main)","Shwe Lin Ban Industrial Zone, Plot No. 174, 175, Block No. 25, Hlaing Thar Yar","MM","Myanmar",16.914015,96.0652719,"Apparel|Unspecified","Matalan (Matalan Facility List Jul 2025)|Fair Wear Foundation (Fair Wear Oct 2025)|A Brand / Retailer|Matalan (Matalan Facility List January 2026)|A Multi-Stakeholder Initiative|A Civil Society Organization|An Auditor / Certification Scheme / Service Provider|O'Neill Europe BV (O'Neill Europe Facility list November 2024)|MADE (MADE facility list for November 2023)|Matalan (Matalan Facility List Jan 2025)","788|1000|788|788","","","","","","False"
"MM2023088Y126E6","2023-03-27","Myanmar Sumec Win Win Garments Company Ltd  Factory-2 Paper Mill Yeni ","Yedashe Tsp Taungoo District Bago Region Bago Myanmar ","MM","Myanmar",19.1588302,96.3465379,"Apparel|Textiles|Unspecified","A Multi-Stakeholder Initiative|A Civil Society Organization|Partnership for Sustainable Textiles (PST) (PST Aug 2025 - H-P)|A Civil Society Organization|A Civil Society Organization|Matalan (Matalan Facility List July 2024)|A Brand / Retailer|A Civil Society Organization|A Multi-Stakeholder Initiative|A Civil Society Organization|A Brand / Retailer|A Brand / Retailer|A Multi-Stakeholder Initiative|A Brand / Retailer|Matalan (Matalan Factory List Jan 2024)|Matalan (Matalan Facility List Jan 2025)|Myanmar Garment Manufacturers Association (MGMA) [Public List] (Myanmar Garment Manufacturers Association (Gathered March 2025))|Lidl Stiftung & Co. KG (Lidl Facility List June 2025)","1363|969|1158|969","","Cutting, Finishing, Packing, Sewing","","Finishing|Cutting|Packing|Sewing","","False"
"MM2023097CATNXK","2023-04-07","Global Thai (Myanmar) Fiber Product Company  Limited ","No. 182, Seikkanthar Road  Hlaingtharya Development Zone  11401 Yangon City, BURMA, MYANMAR ","MM","Myanmar",16.836813,96.083562,"Apparel|Unspecified","A Brand / Retailer|A Brand / Retailer|BESTSELLER (Tier 2 October 2025)|BESTSELLER (Tier 2 December 2025)|BESTSELLER (Tier 2 February 2026)|A Brand / Retailer|A Brand / Retailer|A Brand / Retailer|A Brand / Retailer|A Brand / Retailer|A Brand / Retailer|A Brand / Retailer|A Brand / Retailer|A Brand / Retailer|MADE (MADE facility list for November 2023)|A Brand / Retailer|A Brand / Retailer|A Brand / Retailer","","","","","","Polyester Padding","False"
"MM20231007RZQZP","2023-04-10","KORACE LIMITED","No.15, Public Works Compound, 14-3 Blocks,,Mitta Road, South Okkalapa, Township,","MM","Myanmar",16.8489249,96.179216,"Apparel","An Auditor / Certification Scheme / Service Provider|Desigual (Desigual Tier 1 Facilities 2024)","925","","cut, make, trim","Final Product Assembly","Cutting","","False"
"MM20231012R3189","2023-04-03","Golden Island (Myanmar) - KGG","Shwe Lin Ban Industrial Zone Plot No 185/186 Myay Taing Blockno 25  Hlaing Thar Yar Township Yangon","MM","Myanmar",16.9022615,96.0652719,"Apparel","Next Plc (Next Tier 1 and Tier 2 Factory List March 2023)","","","","","","","False"
"MM2023117BPTJ6X","2023-04-25","Shi An (Myanmar) Garment Co., Ltd.","No. 277 Set Mu Zone (2), Kanaungminthrgyi Street Hlaing Thar Yar, Yangon","MM","Myanmar",16.833146,96.23023529999999,"Apparel","A Brand / Retailer|A Civil Society Organization|A Brand / Retailer|A Brand / Retailer|BESTSELLER (Tier 1 and Tier 0 October 2025)|BESTSELLER (Tier 1 and Tier 0 February 2026)|A Brand / Retailer|A Brand / Retailer|A Brand / Retailer|A Brand / Retailer|A Brand / Retailer|A Brand / Retailer|A Brand / Retailer|A Brand / Retailer|An Auditor / Certification Scheme / Service Provider|A Brand / Retailer|A Brand / Retailer|A Brand / Retailer|MADE (MADE facility list for November 2023)|A Brand / Retailer|A Brand / Retailer|Myanmar Garment Manufacturers Association (MGMA) [Public List] (Myanmar Garment Manufacturers Association (Gathered March 2025))|A Brand / Retailer|A Brand / Retailer|A Brand / Retailer|A Brand / Retailer|A Brand / Retailer|A Brand / Retailer|A Brand / Retailer","1001-5000|1001-5000","","","","","","False"
"MM2023117GTZ3QD","2023-04-25","Seo Ho International Co., Ltd","U Paing No. 21+R+West 7, West S+L/2, Kwin no. 6/2, Pyitawthar Village Group, Hlegu Township, 11181 Yangon","MM","Myanmar",16.840939,96.173526,"Apparel|Textiles|Unspecified","A Brand / Retailer|A Multi-Stakeholder Initiative|A Civil Society Organization|A Civil Society Organization|Partnership for Sustainable Textiles (PST) (PST Aug 2025 - Q-Z)|A Civil Society Organization|A Civil Society Organization|A Brand / Retailer|A Civil Society Organization|A Brand / Retailer|Fair Wear Foundation (Fair Wear Oct 2025)|BESTSELLER (Tier 1 and Tier 0 October 2025)|BESTSELLER (Tier 1 and Tier 0 February 2026)|A Multi-Stakeholder Initiative|A Brand / Retailer|A Brand / Retailer|A Brand / Retailer|A Multi-Stakeholder Initiative|Fair Wear Foundation (Fair Wear Aug 2024)|A Brand / Retailer|A Brand / Retailer|A Brand / Retailer|A Brand / Retailer|A Brand / Retailer|A Brand / Retailer|A Brand / Retailer|A Multi-Stakeholder Initiative|A Multi-Stakeholder Initiative|A Multi-Stakeholder Initiative|A Brand / Retailer|A Brand / Retailer|A Brand / Retailer|A Brand / Retailer|MADE (MADE facility list for November 2023)|A Brand / Retailer|A Brand / Retailer|A Brand / Retailer|A Brand / Retailer|A Brand / Retailer|A Brand / Retailer|Myanmar Garment Manufacturers Association (MGMA) [Public List] (Myanmar Garment Manufacturers Association (Gathered March 2025))|Fair Wear Foundation (Fair Wear Apr 2025)","1000|1001-5000|1-1000|501-1000|501-1000","","Ironing|Packaging|Cut & Sew|Cutting|Sewing","Final Product Assembly|Final Product Assembly|Final Product Assembly|Final Product Assembly","Ironing|Sewing|Cutting|Packaging|Cutting|Ironing|Cut & Sew|Cutting|Ironing|Cut & Sew|Ironing|Cut & Sew|Cutting","Accessories|Accessories","False"
"MM2023125WK7HG0","2023-05-05","Vent D'est Pathein Clothing Co., Ltd.","Plot No - (C 41 & C 42), Pathein Industrial City,Kangyidaunt Township,10011,Ayeyarwady,Myanmar","MM","Myanmar",16.7753609,94.7381013,"Apparel","An Auditor / Certification Scheme / Service Provider|Myanmar Garment Manufacturers Association (MGMA) [Public List] (Myanmar Garment Manufacturers Association (Gathered March 2025))","","","","","","","False"
"MM20231294N1YEK","2023-05-09","Hengrun (Myanmar) Garment Company Limited","No (18), Mya Yadanar Street, Mya Sein Yaung Industrial Zone,Hlaing Tharyar Township,11401,Yangon,Myanmar","MM","Myanmar",16.9540115,96.0680731,"Apparel|Unspecified","An Auditor / Certification Scheme / Service Provider|MADE (MADE facility list for November 2023)|Myanmar Garment Manufacturers Association (MGMA) [Public List] (Myanmar Garment Manufacturers Association (Gathered March 2025))|A Civil Society Organization|SLCP (Social & Labor Convergence Program List 2025)","","","","","","","False"
"MM2023129JMV0DV","2023-05-09","Shan  Dong Huayi (Myanmar) Industry Company Limited","No. (278/8), Corner Hlay Thin Atwin Wun U Chain Street and Sayar San Street, Shwe Lin Pan Zone,,Hlaing Thar Yar Township,11401,Yangon,Myanmar","MM","Myanmar",16.8470857,96.0752172,"Apparel","An Auditor / Certification Scheme / Service Provider|Myanmar Garment Manufacturers Association (MGMA) [Public List] (Myanmar Garment Manufacturers Association (Gathered March 2025))","","","","","","","False"
"MM20231320PGKBB","2023-05-12","KING FOAM INDUSTRIAL COMPANY LIMITED","Oakthapayar Street, No. 51 Thardukan Industrial Zone(1), Shwe Pyi Thar Tsp, Yangon Region, 11411, Myanmar","MM","Myanmar",16.9837444,96.0932972,"Apparel","An Auditor / Certification Scheme / Service Provider","","","","","","","False"
"MM20231368CV453","2023-05-16","MYANMAR COTTON SPINNING GARMENT ACCESSORIES CO., LTD","Plot No. 93/A, HlaingTharYar Industrial Zone (3), HlaingThar Yar Township","MM","Myanmar",16.8819286,96.0573302,"Apparel","An Auditor / Certification Scheme / Service Provider|Myanmar Garment Manufacturers Association (MGMA) [Public List] (Myanmar Garment Manufacturers Association (Gathered March 2025))","","","","","","","False"
"MM2023140FBHWW9","2023-05-20","YANGON NADIA-PACIFIC CLOTHING CO., LTD","INDUSTRIAL ZONE-4, NO.64/65, PYINSI MINTHARGYI ROAD,","MM","Myanmar",16.8592266,96.0561455,"Apparel","An Auditor / Certification Scheme / Service Provider","","","","","","","False"
"MM2023142BGGXXD","2023-05-22","Taieasy International Co., Ltd (Taiwan)","No. (342,3/344), 7th Street, Yangon Industrial Zone, Mingalardon Township","MM","Myanmar",16.9969497,96.1420947,"Apparel","An Auditor / Certification Scheme / Service Provider","","","","","","","False"
"MM20231589QZD94","2022-05-25","Hundred Garment Myanmar Co., Ltd","Plot No.140, Myay Taing Block No.51, Thar Du Kan Industrial Zone, Shwepyithar Township, Yangon Region, Myanmar","MM","Myanmar",16.9879078988031,96.0925869130607,"Apparel","A Brand / Retailer|A Multi-Stakeholder Initiative|A Brand / Retailer|A Brand / Retailer|Myanmar Centre for Responsible Business (OAR facility list in Myanmar)|A Brand / Retailer|A Multi-Stakeholder Initiative|A Brand / Retailer|A Brand / Retailer|A Multi-Stakeholder Initiative|A Multi-Stakeholder Initiative|A Multi-Stakeholder Initiative|A Multi-Stakeholder Initiative|Wikirate International e.V. (2018 Apparel Suppliers on Wikirate part 7)|Myanmar Garment Manufacturers Association (MGMA) [Public List] (Myanmar Garment Manufacturers Association (Gathered March 2025))|Myanmar Trade Promotion Organization (Myantrade) [Public List] (Myantrade Directory of Exporters (as of March 2025))","","","","","","Jackets|Warm Coat","False"
"MM2023158G6ZS52","2025-03-28","Eternal Ease Myanmar Garment Limited","No (133-134), Nawarat Street, Thar Du Kan Industrial Zone, Shwe Pyi Thar Township, Yangon.","MM","Myanmar",16.9845706,96.09229219999999,"Apparel|Unspecified","Worldly|A Brand / Retailer|A Multi-Stakeholder Initiative|A Brand / Retailer|A Brand / Retailer|A Brand / Retailer|A Brand / Retailer|A Brand / Retailer|A Brand / Retailer|A Brand / Retailer|Myanmar Centre for Responsible Business (OAR facility list in Myanmar)|Myanmar Centre for Responsible Business (OAR facility list in Myanmar)|A Brand / Retailer|A Brand / Retailer|A Multi-Stakeholder Initiative|A Multi-Stakeholder Initiative|A Brand / Retailer|A Multi-Stakeholder Initiative|A Multi-Stakeholder Initiative|A Multi-Stakeholder Initiative|A Brand / Retailer|A Brand / Retailer|A Brand / Retailer|A Brand / Retailer|A Brand / Retailer|A Brand / Retailer|A Brand / Retailer|A Brand / Retailer|A Brand / Retailer|A Brand / Retailer|A Brand / Retailer|A Brand / Retailer|A Brand / Retailer|A Brand / Retailer|H&M Group (Manufacturing Factories HM 2023)|A Brand / Retailer|An Auditor / Certification Scheme / Service Provider|A Multi-Stakeholder Initiative|H&M Group (H&M Group Facilities list October2023)|H&M Group (H&M November Factory List)|A Brand / Retailer|A Brand / Retailer|A Brand / Retailer|A Brand / Retailer|A Brand / Retailer|A Brand / Retailer|A Brand / Retailer|Myanmar Garment Manufacturers Association (MGMA) [Public List] (Myanmar Garment Manufacturers Association (Gathered March 2025))|Myanmar Trade Promotion Organization (Myantrade) [Public List] (Myantrade Directory of Exporters (as of March 2025))","501-1000|501-1000","","Manufacturing","","Manufacturing|Manufacturing","Knitting Wear|Knitting wears","False"
"MM2023158GDDRQ8","2022-05-25","Jia Mei Garment Co., Ltd.","Plot.(103-A), Myay Taing (42) Ward, Ka Naung Min Thar Gyi Street, Shwe Pyi Thar Township, Yangon., Shwepyithar, YANGON Myanmar","MM","Myanmar",16.9485491634989,96.094278204315,"Apparel","Myanmar Centre for Responsible Business (OAR facility list in Myanmar)|Myanmar Trade Promotion Organization (Myantrade) [Public List] (Myantrade Directory of Exporters (as of March 2025))","","","","","","Trousers|Shorts|Pullover|Denim|Coat|Jackets|Jeans","False"
"MM2023159HV52NR","2023-06-08","Site 2 Yangon Factory","No. 44 , Mya Street, Thar Du Kan Industrial Zone, Shwe Pyi Thar Township, Yangon, Yangon","MM","Myanmar",16.9753379,96.07851040000001,"Unspecified","An Auditor / Certification Scheme / Service Provider","","","","","","","False"
"MM202317746D61E","2023-06-26","Active Pleasure Limited","Plot-92, Block (14), Shwe Than Lwin Industrial Zone, Hlang Tharyar Tsp","MM","Myanmar",16.8616045,96.0436954,"Apparel","An Auditor / Certification Scheme / Service Provider","","","","","","","False"
"MM2023177QYM32Y","2023-06-26","Kei Lock Fashion Trading Limited","Myanmar Jiale Fashion Co., Ltd. No. (13), Min Aye Yor Road, Shwe Than Lwin Industrial Zone, Hlaing Thar Yar Township,","MM","Myanmar",16.866343,96.0347413,"Apparel","An Auditor / Certification Scheme / Service Provider","","","","","","","False"
"MM2023177REYXF0","2023-06-26","Double Packing (Myanmar) Co., Ltd.","No (20), Block D5-D11-D12, Mya Yadanar Street, Anaw Yahtar Industrial Zone, Hlaing Thar Yar Township","MM","Myanmar",16.8819286,96.0573302,"Apparel","An Auditor / Certification Scheme / Service Provider","","","","","","","False"
"MM2023181EC37EX","2023-06-30","Manufacturer GFT Enterprise Company Limited","PLOT NO.26/1,KWIN NO.691(KANTAWKANKWIN)BAGAN STREET,MINGALAR QUARTER, TAIKKYEE TOWNSHIP,YANGON REGION,MYANMAR. , 113801 TAIKKYI, Yangon","MM","Myanmar",17.2884448,95.9846616,"Apparel|Unspecified","An Auditor / Certification Scheme / Service Provider|Worldwide Responsible Accredited Production (WRAP Facility List 04222025)","1000","","","","","","False"
"MM2023193S80MNR","2023-07-12","HERI GARMENT","FIield No. 1249, Gway Chaung, U Paing No. 145/B, Gon Min Myaung Village Group,  Tharyawaddy TSP., Bago Division","MM","Myanmar",17.6728167,95.78792999999999,"Apparel","An Auditor / Certification Scheme / Service Provider|Myanmar Garment Manufacturers Association (MGMA) [Public List] (Myanmar Garment Manufacturers Association (Gathered March 2025))|Myanmar Trade Promotion Organization (Myantrade) [Public List] (Myantrade Directory of Exporters (as of March 2025))","","","","","","T shirt","False"
"MM2023195HS719B","2023-07-14","Jinli Knitting & Spinning Co., Ltd. (Unit -2)","Plot No. 464-Ka, Myay Taing No. 25, Shwe Lin Ban Industrial Zone, Hlaing Thar Yar Township, Yangon Region, Myanmar.","MM","Myanmar",16.914015,96.0652719,"Apparel","An Auditor / Certification Scheme / Service Provider","","","","","","","False"
"MM202319827FRHM","2023-07-14","BAGO SPORTS GLOVES COMPANY LIMITED","WARD NO. (9), BAGO OAKTHAR MYOTHIT ,PLOT NO.(42), LOCAL INDUSTRIAL ZONE,BAGO TOWNSHIP,BAGO REGION,Bago","MM","Myanmar",17.2733605,96.454676,"Apparel|Sporting Goods|Textiles|Unspecified","A Multi-Stakeholder Initiative|A Civil Society Organization|A Multi-Stakeholder Initiative|A Civil Society Organization|A Brand / Retailer|A Civil Society Organization|Partnership for Sustainable Textiles (PST) (PST Aug 2025 - 0-9, A-G)|A Civil Society Organization|adidas (OSHub-Data-Template-adidas-Primary-Jan 2026)|A Brand / Retailer|A Civil Society Organization|A Multi-Stakeholder Initiative|A Civil Society Organization|A Brand / Retailer|A Brand / Retailer|A Brand / Retailer|An Auditor / Certification Scheme / Service Provider","603","Bago Sports Gloves Co., Ltd","Final Product Assembly","","Final Product Assembly","","False"
"MM20232284P4REH","2023-08-16","Jiashihao Knitted Limited","Plot No. 42/ Sethmu, Myay Taing Block No. 77/ KA(1), Shwe Pyi Thar Township","MM","Myanmar",16.9753379,96.07851040000001,"Apparel|Textiles|Unspecified","A Multi-Stakeholder Initiative|A Civil Society Organization|Partnership for Sustainable Textiles (PST) (PST Aug 2025 - H-P)|A Civil Society Organization|A Civil Society Organization|A Multi-Stakeholder Initiative|A Civil Society Organization|An Auditor / Certification Scheme / Service Provider|A Multi-Stakeholder Initiative|Myanmar Garment Manufacturers Association (MGMA) [Public List] (Myanmar Garment Manufacturers Association (Gathered March 2025))|Lidl Stiftung & Co. KG (Lidl Facility List June 2025)","889","","Cutting, Fusing, Packing, Trimming","","Trimming|Cutting|Packing|Fusing","","False"
"MM2023229K94ZZC","2023-08-17","Eternal Fashion Co., Ltd.","Plot No. (D-9, D-10), Myay Taing Block No. 20, Anawarahta Industrial Zone, Hlaing Tharyar Township,","MM","Myanmar",16.8819286,96.0573302,"Apparel|Textiles|Unspecified","A Multi-Stakeholder Initiative|A Civil Society Organization|A Multi-Stakeholder Initiative|A Civil Society Organization|A Civil Society Organization|Partnership for Sustainable Textiles (PST) (PST Aug 2025 - 0-9, A-G)|A Civil Society Organization|An Auditor / Certification Scheme / Service Provider|Myanmar Garment Manufacturers Association (MGMA) [Public List] (Myanmar Garment Manufacturers Association (Gathered March 2025))|A Civil Society Organization|SLCP (Social & Labor Convergence Program List 2025)|Lidl Stiftung & Co. KG (Lidl Facility List June 2025)","748","","Cutting, Filling (Downs e.g.), Finishing, Packing, Pressing, Sewing","","Packing|Pressing|Finishing|Sewing|Cutting|Filling (Downs e.g.)","","False"
"MM2023229T6SSMM","2023-08-17","TIAN CHENG PEN JIAO MIAN (MYANMAR) COMPANY LIMITED","Plot No .34, Myay Taing Block No .Part-4, Industrial Zone, Hlaing Thar Yar Township","MM","Myanmar",16.8819286,96.0573302,"Apparel","An Auditor / Certification Scheme / Service Provider","","","","","","","False"
"MM20232480QV5DK","2023-08-28","Thiri Myan Kaung Company Limited","Block No. (986A), Kyoon K Alay, Shwe War Myay, Hlegu Township,  Yangon, Yangon","MM","Myanmar",17.07525,96.180225,"Apparel","A Multi-Stakeholder Initiative","","","","","","","False"
"MM20232480T078R","2023-08-28","hunter textile co. ltd.","Plot No. 28, No Party-4, Industrial ZoneHlaing Tharyar Township, 11401 Yangon, Rangun","MM","Myanmar",16.840939,96.173526,"Apparel|Textiles|Unspecified","A Multi-Stakeholder Initiative|A Civil Society Organization|Partnership for Sustainable Textiles (PST) (PST Aug 2025 - H-P)|A Civil Society Organization|A Civil Society Organization|A Multi-Stakeholder Initiative|A Civil Society Organization|A Multi-Stakeholder Initiative|A Civil Society Organization|SLCP (Social & Labor Convergence Program List 2025)","","","Ironing|Packaging|Linking|Cutting|Stitching|Embroidery|Sewing|Finishing","Final Product Assembly|Final Product Assembly|Final Product Assembly|Textile or Material Production|Printing, Product Dyeing and Laundering|Final Product Assembly|Final Product Assembly|Final Product Assembly","Stitching|Linking|Ironing|Embroidery|Finishing|Cutting|Packaging|Sewing","","False"
"MM20232484REMR5","2023-08-28","Indochine International Hong Kong","Hong Tex Company Limited, Yangon Plot no. (457&460), Yaw Ah Twin Won U Poe Hlaing Street, Yangon","MM","Myanmar",16.9062492,96.0655656,"Apparel","A Multi-Stakeholder Initiative","","","","","","","False"
"MM20232487068VZ","2023-08-28","Yun Long Printing Factory Co., Ltd.","Plot No. 16-17, Nyaung Inn Village, Foreign Industrial Zone, Bago Township, Myanmar","MM","Myanmar",17.2504782,96.4532158,"Apparel|Unspecified","A Multi-Stakeholder Initiative|A Multi-Stakeholder Initiative|A Multi-Stakeholder Initiative|A Multi-Stakeholder Initiative|A Multi-Stakeholder Initiative","","","","","","","False"
"MM20232488NRY79","2023-08-28","Shuangxi (Pathein) Garment Co., Ltd.","Plot No. (13C), Pathein Industry Ayeyarwaddy Region, 10011 Pathein, Irawadi","MM","Myanmar",16.7995933,94.7668092,"Apparel","A Multi-Stakeholder Initiative","","","","","","","False"
"MM2023248ACWSHB","2023-08-28","Guangdong Textiles Imp. & Exp. Co.,Ltd.","FU YUEN GARMENT COMPANY LIMITED, Yangon No.198/1, Ka Naung Min Thar Gyi Road Dago Seikkan Tsp, Yangon","MM","Myanmar",16.8562327,96.0819578,"Apparel","A Multi-Stakeholder Initiative","","","","","","","False"
"MM2023248EMQZT1","2023-08-28","Myanmar Jiale Fashion Company Limited Factory (2)","Shwe Lin Ban Industrial Zone Plot No. 44, Block No. 25,  Yangon, Yangon","MM","Myanmar",16.914015,96.0652719,"Apparel","A Multi-Stakeholder Initiative","","","","","","","False"
"MM2023248K8M659","2023-08-28","Hyatt Knitwear Co., Ltd. ","No. 105, Corner of Than Lwin street and Ayeyar street, HlaingTharyar Industrial Zone 5, Yangon, Myanmar, 0 Yangon, Lower Myanmar","MM","Myanmar",16.8431114,96.22478850000002,"Apparel","Hyatt Knitwear Co.,Ltd (Claimed)|A Multi-Stakeholder Initiative|Myanmar Garment Manufacturers Association (MGMA) [Public List] (Myanmar Garment Manufacturers Association (Gathered March 2025))","","","","","","","False"
"MM2023248MFVXGT","2023-08-28","Indochine International Hong Kong","SHWE MINGALAR CO., LTD, Yangon Ahkwet No. 25/26. Yangon Industrial Zone, Yangon","MM","Myanmar",16.7756064,96.1530331,"Apparel","A Multi-Stakeholder Initiative","","","","","","","False"
"MM2023248P2589X","2023-08-28","Indochine International Hong Kong","KPH Manufacturing Co., Ltd., Yangon No. 7+8 Innwa St., Shwe pauk Kan Ind. Zone, Yangon","MM","Myanmar",16.8492561,96.17692079999999,"Apparel","A Multi-Stakeholder Initiative","","","","","","","False"
"MM2023248RNECH7","2023-08-28","Indochine International Hong Kong","Princess Power Manufacturing Co., Ltd., Yangon No. 18/212, Kanaung Min Thar Gyi Street,  Shwe Paukkan Industrial Zone,  North Okkalapa, Yangon","MM","Myanmar",16.918861,96.0830041,"Apparel","A Multi-Stakeholder Initiative","","","","","","","False"
"MM2023248SEYXAV","2023-08-28","Indochine International Hong Kong","Inzali Thidar Co., Ltd, Yangon # 314/315,C. o. Kanaung 8. St.+Makkhaya MinTar Gyi St. 19 W., Yangon","MM","Myanmar",16.80534,96.12252749999999,"Apparel","A Multi-Stakeholder Initiative","","","","","","","False"
"MM2023248VAMPB9","2023-08-28","Indochine International Hong Kong Company Limited","Shwe Zin Aye Garment & GeneralTrading Co - Op Society Ltd., Yangon #56, U Pho Hlaing S. Shwe Pauk Kan Ind. Zone, North Okkalapa, Yangon","MM","Myanmar",16.9356586,96.1964586,"Apparel","A Multi-Stakeholder Initiative","","","","","","","False"
"MM2023248X0ZF2W","2023-08-28","Indochine International Hong Kong","SHWEYI ZABE GARMENT MANUFACTURINGCO., LTD, Yangon Plot No.25, Shwe PYI Thar Bridge Rd, Yangon","MM","Myanmar",16.8978717,96.0451353,"Apparel","A Multi-Stakeholder Initiative","","","","","","","False"
"MM2023248XTAJY0","2023-08-28","S Cheer HK Co.,Limited","LAT WAR COMPANY LIMITED, Yangon #70/71A,C. o. MinGyiMahar Min Khaung St Hlaing Tharyar, Yangon","MM","Myanmar",16.8665382,96.1275067,"Apparel","A Multi-Stakeholder Initiative","","","","","","","False"
"MM2023248XYEQWB","2023-08-28","Indochine International Hong Kong","Golden KTK Co., Ltd., Yangon #180/181, Watmasot Won Dauk St. 144 Ward, Ind. Zone2 (Ext), Yangon","MM","Myanmar",16.882356,96.2505126,"Apparel","A Multi-Stakeholder Initiative","","","","","","","False"
"MM2023248YCB0X1","2023-08-28","Maiyibei (Yangon) Garment Manufacturing Co., Ltd","Padauk Street, Shwe Lin Pan Industrial Zone, 11401 Hlaing Thar Yar Township, Yangon","MM","Myanmar",16.8814375,96.07539059999999,"Apparel|Textiles|Unspecified","A Multi-Stakeholder Initiative|A Civil Society Organization|Partnership for Sustainable Textiles (PST) (PST Aug 2025 - H-P)|A Civil Society Organization|A Civil Society Organization|A Civil Society Organization|A Multi-Stakeholder Initiative|A Civil Society Organization|A Multi-Stakeholder Initiative","","","Final Product Assembly","Final Product Assembly","Final Product Assembly","","False"
"MM2023248ZR2FSG","2023-08-28","North Shore Group Co. Ltd (NSGII)","Pathein #21,22,23,29,30,31 - Plot No. 52, Industrial Zone, Ward 13 Township Ayarwaddy Division (Myintzu Road), 4222 Pathein, Ayeyarwady","MM","Myanmar",16.7753609,94.7381013,"Apparel|Textiles|Unspecified","A Multi-Stakeholder Initiative|A Civil Society Organization|Partnership for Sustainable Textiles (PST) (PST Aug 2025 - H-P)|A Civil Society Organization|A Civil Society Organization|A Multi-Stakeholder Initiative|A Multi-Stakeholder Initiative|Fair Wear Foundation (Fair Wear Aug 2024)|A Multi-Stakeholder Initiative|A Multi-Stakeholder Initiative|Myanmar Garment Manufacturers Association (MGMA) [Public List] (Myanmar Garment Manufacturers Association (Gathered March 2025))|Myanmar Trade Promotion Organization (Myantrade) [Public List] (Myantrade Directory of Exporters (as of March 2025))","574|501-1000","","Product Finishing|Ironing|Packaging|Cut & Sew|Cutting|Embroidery|Washing","Final Product Assembly","Cut & Sew|Product Finishing|Washing|Embroidery|Ironing|Cut & Sew|Cutting|Packaging","Outdoorwear|Sport Wear|Rain Coats|Jackets|Down Jackets|Knitter Wear","False"
"MM2023264B8N2TH","2023-09-21","MYANMAR RUI XIN SHOES COMPANY LIMITED","PLOT NO.(E8)(E6）MYA SEIN YAUNG INDUSTRY ZONE,HLAING THAR YAR TOWNSHIP,11181,Yangon,Myanmar","MM","Myanmar",16.9540115,96.0680731,"Apparel","An Auditor / Certification Scheme / Service Provider","","","","","","","False"
"MM2023264QMC2CJ","2023-09-21","Uni-Win Leather Myanmar Company Limited","Htamin Sote Kone, Holding No.(58/Kha), Pike Gyi Wel Village, Kwin No.(1036/A),Hlegu Township,11181,Yangon,Myanmar","MM","Myanmar",17.0948072,96.21105209999999,"Apparel","An Auditor / Certification Scheme / Service Provider","","","","","","","False"
"MM2023264WGNZ8N","2023-09-21","JIA XIN (MYANMAR) GARMENT COMPANY LIMITED","SURVEY BLOCK NO. 49, WAR TA YAR INDUSTRIAL ZONE, PLOT NO 109,SHWE PYI THAR TOWNSHIP,11411,Yangon,Myanmar","MM","Myanmar",16.9775125,96.0413906,"Apparel","An Auditor / Certification Scheme / Service Provider|MADE (MADE facility list for November 2023)|Myanmar Garment Manufacturers Association (MGMA) [Public List] (Myanmar Garment Manufacturers Association (Gathered March 2025))","","","","","","","False"
"MM20232820A4ZSK","2023-10-09","Asdet (Myanmar) Garment Company Limited","Shwe Lin Ban Setmhu Myo, Plot No.458. Myay Taing Block No. 25, HLaing Thar Yar, 11401, Yangon, MM-06, Myanmar, MM.","MM","Myanmar",16.9118172,96.0559773,"Apparel|Textiles|Unspecified","A Multi-Stakeholder Initiative|A Civil Society Organization|A Multi-Stakeholder Initiative|A Civil Society Organization|A Civil Society Organization|Partnership for Sustainable Textiles (PST) (PST Aug 2025 - 0-9, A-G)|A Civil Society Organization|O'Neill Europe BV (O'Neill Europe Facility list September 2025)|A Brand / Retailer|A Brand / Retailer|A Brand / Retailer|A Brand / Retailer|A Brand / Retailer|A Civil Society Organization|A Brand / Retailer|A Civil Society Organization|A Brand / Retailer|A Brand / Retailer|A Brand / Retailer|An Auditor / Certification Scheme / Service Provider|Undiz (factory list for UNDIZ)|Myanmar Trade Promotion Organization (Myantrade) [Public List] (Myantrade Directory of Exporters (as of March 2025))|Undiz (OSHub Data-UNDIZ-202405)|A Brand / Retailer|A Brand / Retailer|A Multi-Stakeholder Initiative|A Brand / Retailer|A Brand / Retailer|A Multi-Stakeholder Initiative|A Brand / Retailer|A Brand / Retailer|A Brand / Retailer|A Brand / Retailer|A Brand / Retailer|A Brand / Retailer|A Brand / Retailer|A Multi-Stakeholder Initiative|Myanmar Centre for Responsible Business (OAR facility list in Myanmar)|Undiz (Undiz Factory List January 2023)|A Brand / Retailer|A Brand / Retailer|An Auditor / Certification Scheme / Service Provider|A Multi-Stakeholder Initiative|A Brand / Retailer|Myanmar Garment Manufacturers Association (MGMA) [Public List] (Myanmar Garment Manufacturers Association (Gathered March 2025))|Lidl Stiftung & Co. KG (Lidl Facility List June 2025)","593|959|959|959","ASDET GARMENT COMPANY LIMITED|GOLDEN CREDIT (HK) CLOTHING CO., LIMITED|GOLDEN CREDIT (HK) CLOTHING CO., LIMITED","Cutting, Finishing, Sewing","","Finishing|Cutting|Sewing","Underwear","False"
"MM2023305R7AEZZ","2023-11-01","Diamond Island Company Limited","No. 19/327, Shwe Pauk Kan Industrial Zone, Matkhayar Min Thar Gyi Street,North Okkalapa Township,11031,Yangon,Myanmar","MM","Myanmar",16.8874548,96.1881281,"Apparel","An Auditor / Certification Scheme / Service Provider","","","","","","","False"
"MM2023314SH2KKV","2023-11-10","Jing Rui Apparel (Myanmar) Co.,Ltd","Plot No. 161-162, Myaung Da Kar Than Ma Ni Industrial Zone, Hmawbi Township,","MM","Myanmar",17.1533377,96.02557379999999,"Apparel","An Auditor / Certification Scheme / Service Provider|Myanmar Garment Manufacturers Association (MGMA) [Public List] (Myanmar Garment Manufacturers Association (Gathered March 2025))","","","","","","","False"
"MM2023332AT6N2A","2023-11-28","BASF Myanmar Ltd.","04-18 Sedona Hotel Yangon, Kaba Aye Pagoda road, 11081 Yangon Township, Myanmar","MM","Myanmar",16.8293151,96.155012,"Chemicals|Health","BASF [Public List] (BASF November 2023 Facility List)","","BASF SE","","",""," Petrochemicals | Nutrition | Care Chemicals | Surface Technologies| Materials| Performance Materials | Resins | Monomers| Agricultural Solutions | Dispersions | Chemical Intermediates | Coatings | Performance Chemicals|  Nutrition & Care|  Industrial Solutions | Catalysts ","False"
"MM2023341EEX6QZ","2023-12-07","Myanmar Chun Hung Weaving Manufacturing Co.,Ltd","No(23),U Shwe Oae Lane (2) Industrial Zone(2),Hlaing Tharyar Township,Yangon,Myanmar","MM","Myanmar",16.8785655,96.056975,"Apparel","An Auditor / Certification Scheme / Service Provider","","","","","","","False"
"MM20233437X563X","2023-12-09","ALLAND FASHION LIMITED","PLOT NO. 63, MYAY TAING BLOCK NO. PART (3), INDUSTRIAL ZONE,HLAING THARYAR TOWNSHIP,","MM","Myanmar",16.8819286,96.0573302,"Apparel","An Auditor / Certification Scheme / Service Provider|Myanmar Garment Manufacturers Association (MGMA) [Public List] (Myanmar Garment Manufacturers Association (Gathered March 2025))","","","","","","","False"
"MM2023347AXJARA","2023-12-13","MYANMAR JIALE FASHION CO., LTD","PLOT NO. 44, MYAY TAING BLOCK NO. YA LA PA – 25, 11401 Yangon, Myanmar (Burma), MM","MM","Myanmar",16.840939,96.173526,"Apparel","An Auditor / Certification Scheme / Service Provider","","","","","","","False"
"MM2023348KV03YZ","2023-12-14","G & F (MYANMAR) GARMENT CO., LTD.","OO PAING NO., 8KA/4, KWIN NO. 999-A KALI HTAW, EAST KALI HTAW VILLAGE, HLEGU TOWNSHIP NORTH DIVISION, YANGON REGION, MYANMAR","MM","Myanmar",17.0948072,96.21105209999999,"Apparel|Unspecified","Undiz (UNDIZ-20250909)|Undiz (OSHub Data-UNDIZ-202405)|An Auditor / Certification Scheme / Service Provider|Undiz (UNDIZ-202411)|MADE (MADE facility list for November 2023)|Undiz (factory list for UNDIZ)|OVS Spa (OVS SPA SUPPLIERS LIST - TIER 1 FY2023)|Myanmar Garment Manufacturers Association (MGMA) [Public List] (Myanmar Garment Manufacturers Association (Gathered March 2025))|Undiz (factory list for UNDIZ-Mar.2025)","540|540|485|540|540|540","KAM WING (HONG KONG) GARMENT CO LIMITED|KAM WING (HONG KONG) GARMENT CO LIMITED|KAM WING (HONG KONG) GARMENT C O., LIMITED|KAM WING (HONG KONG) GARMENT CO LIMITED|KAM WING (HONG KONG) GARMENT CO LIMITED|KAM WING (HONG KONG) GARMENT CO LIMITED","BEACHWEAR","","","","False"
"MM2023359M7GGM1","2023-12-25","TEN DA (MYANMAR) CLOTHING COMPANY LIMITED","Plot No(4),No.(115),Wet Ma Swat Wun Htout Road , Hlaing Thar Yar Industrial Zone (4),","MM","Myanmar",16.8819286,96.0573302,"Apparel","An Auditor / Certification Scheme / Service Provider","","","","","","","False"
"MM202400371JQH7","2023-12-26","Myanmar Century Liaoyuan Knitted Wear  Co.,Ltd.","Plot No .70, Myay Taing Block No. 24, Ngwe Pin Lae Industrial Zone, Hlaing Tharyar Township, 11181 Yangon","MM","Myanmar",16.8819286,96.0573302,"Apparel|Unspecified","H&M Group (H&M November Factory List)|Myanmar Trade Promotion Organization (Myantrade) [Public List] (Myantrade Directory of Exporters (as of March 2025))","501-1000","","Manufacturing","","Manufacturing","Knitting wears","False"
"MM2024010E2RA8X","2024-01-10","GUST (MYANMAR) GARMENT COMPANY LIMITED","No-79, MIN AYAR STREET AND AYARAWADDY STREET CORNER SHWE THAN LWIN INDUSTRIAL ZONE, HLAING THAR YAR TOWNSHIP","MM","Myanmar",16.866343,96.0347413,"Apparel","An Auditor / Certification Scheme / Service Provider|Myanmar Garment Manufacturers Association (MGMA) [Public List] (Myanmar Garment Manufacturers Association (Gathered March 2025))","","","","","","","False"
"MM2024018B5KJAA","2024-01-18","MYANMAR SOCKS CO., LTD","PLOT NO.(24/A,25/A),MYAY TAING BLOCK NO.(521/C),KOE LONE KWIN TAUNG,MINGALADON TOWNSHIP,","MM","Myanmar",16.9969497,96.1420947,"Apparel","An Auditor / Certification Scheme / Service Provider|Myanmar Garment Manufacturers Association (MGMA) [Public List] (Myanmar Garment Manufacturers Association (Gathered March 2025))","","","","","","","False"
"MM2024022001HXN","2024-01-22","Kfine International Garment (Myanmar) Co., Ltd","OoPaing No.(1/Ka), Kwin No. (652-Ga) East A Wine Kwin, A Wine Village,Bago Township","MM","Myanmar",17.3220711,96.4663286,"Apparel","MADE (MADE facility list for November 2023)|Myanmar Garment Manufacturers Association (MGMA) [Public List] (Myanmar Garment Manufacturers Association (Gathered March 2025))","","","","","","","False"
"MM20240220ATHFA","2024-01-22","Champion Winner Group, Ltd.","Plot No. 255, Myay Taing Block No. 49, Wartayar Industrial Zone","MM","Myanmar",16.9981503,96.0538379,"Printing","MADE (MADE facility list for November 2023)","","","","","","","False"
"MM20240220M1N5N","2024-01-22","Smooth World International (Myanmar)","Shwe Min Wun Rd, Inntakaw Village, Bago Township","MM","Myanmar",17.178089,96.345579,"Apparel","MADE (MADE facility list for November 2023)","","","","","","","False"
"MM20240221QXM7P","2024-01-22","Jia Mei Carton Products","NO.23, U Pho Hlaing Street","MM","Myanmar",16.8782673,96.0546667,"Paper Products","MADE (MADE facility list for November 2023)","","","Packaging","","Packaging","","False"
"MM20240221ZE3KA","2024-01-22","Kingsrich (Myanmar) Fashion Co., Ltd.","No.(39/1,2,3),YayPyar Street, Shwe Pyi Thar Industrial Zone","MM","Myanmar",16.9434687,96.0690125,"Apparel","MADE (MADE facility list for November 2023)|Myanmar Garment Manufacturers Association (MGMA) [Public List] (Myanmar Garment Manufacturers Association (Gathered March 2025))","","","","","","","False"
"MM2024022231CQF","2024-01-22","Skytex Myanmar","NO.649,NO14/1&15/1, Kali Tapkalay Village","MM","Myanmar",17.391813,96.521812,"Apparel","MADE (MADE facility list for November 2023)","","","","","","","False"
"MM202402239T7BY","2024-01-22","Global Genus Partners","72, Mingalardon Garden City, 2nd St., Yangon Ind. Zone","MM","Myanmar",16.9343587,96.156176,"Paper Products","MADE (MADE facility list for November 2023)","","","Packaging","","Packaging","","False"
"MM202402263QCZH","2024-01-22","Xin De (Myanmar) Printing","Plot No 49/370, Wartayar Industrial Zone","MM","Myanmar",16.9753379,96.07851040000001,"Printing","MADE (MADE facility list for November 2023)","","","Printing","","Printing","","False"
"MM2024022940F57","2024-01-22","STARTEX MANUFACTURING CO., LTD","Block No (39), Plot No (50), Set Hmu Main Road, Shwe Pyi Thar Industrial Zone (2)","MM","Myanmar",16.9753379,96.07851040000001,"Apparel","MADE (MADE facility list for November 2023)|Myanmar Garment Manufacturers Association (MGMA) [Public List] (Myanmar Garment Manufacturers Association (Gathered March 2025))|Myanmar Trade Promotion Organization (Myantrade) [Public List] (Myantrade Directory of Exporters (as of March 2025))","","","","","","Shirt|Rain Coat|Jackets|Pants","False"
"MM202402298PR27","2024-01-22","Golden Precise Embroidery","8, Maung Than St., Shwe Linban Industrial Zone","MM","Myanmar",16.9022615,96.0652719,"Apparel","MADE (MADE facility list for November 2023)","","","Embroidery","Textile or Material Production","Embroidery","","False"
"MM20240229H7WHM","2024-01-22","Green Nature","No-29/30,Min Theindi Kyaw Swar Street,Shwe Lin Ban Industrial Zone","MM","Myanmar",16.9022615,96.0652719,"Apparel","MADE (MADE facility list for November 2023)|Myanmar Garment Manufacturers Association (MGMA) [Public List] (Myanmar Garment Manufacturers Association (Gathered March 2025))|A Brand / Retailer","","","","","","","False"
"MM2024022AQHRZF","2024-01-22","GT Industrial","Holding No. (56/2) Kwin No. (1173 Bue Lei Inn Kwin) Bue Lei Inn Village Tract","MM","Myanmar",17.2249572,96.4476693,"Apparel","MADE (MADE facility list for November 2023)|Myanmar Garment Manufacturers Association (MGMA) [Public List] (Myanmar Garment Manufacturers Association (Gathered March 2025))","","","","","","","False"
"MM2024022B6C65E","2022-05-25","Kido Yangon Co., Ltd.","Plot No.16-KA-2, Myay Taing Block No.518-A, Satthwadaw-West, Satthwadaw Village Tract, Hmawbi Township, Yangon Region, Myanmar","MM","Myanmar",17.0609383,96.1179717,"Apparel|Unspecified","Kido Industrial Co., Ltd. (Claimed)|Fair Wear Foundation (Fair Wear Oct 2025)|A Multi-Stakeholder Initiative|A Multi-Stakeholder Initiative|A Multi-Stakeholder Initiative|A Multi-Stakeholder Initiative|A Multi-Stakeholder Initiative|A Multi-Stakeholder Initiative|A Multi-Stakeholder Initiative|A Multi-Stakeholder Initiative|A Multi-Stakeholder Initiative|Fair Wear Foundation (Fair Wear Aug 2024)|A Civil Society Organization|A Brand / Retailer|A Multi-Stakeholder Initiative|Myanmar Centre for Responsible Business (OAR facility list in Myanmar)|A Brand / Retailer|A Multi-Stakeholder Initiative|A Brand / Retailer|A Brand / Retailer|A Brand / Retailer|MADE (MADE facility list for November 2023)|A Brand / Retailer|A Brand / Retailer|Myanmar Garment Manufacturers Association (MGMA) [Public List] (Myanmar Garment Manufacturers Association (Gathered March 2025))|Myanmar Trade Promotion Organization (Myantrade) [Public List] (Myantrade Directory of Exporters (as of March 2025))|Bergans Fritid AS|A Brand / Retailer|A Brand / Retailer|Fair Wear Foundation (Fair Wear Apr 2025)","","Kido Industrial Co., Ltd.","","","","","False"
"MM2024022C9ZQM5","2025-03-28","Keys Shine Company Limited","No (6/59, 6 to 8, 10, 13), Oa Kwin No (218-A), Kyaukse Industrial Area, Kyaukse Township, Mandalay Region.","MM","Myanmar",21.605223,96.1333119,"Apparel","MADE (MADE facility list for November 2023)|Myanmar Garment Manufacturers Association (MGMA) [Public List] (Myanmar Garment Manufacturers Association (Gathered March 2025))|Myanmar Trade Promotion Organization (Myantrade) [Public List] (Myantrade Directory of Exporters (as of March 2025))","","","","","","Warm Coat|Rain Coat|Coat","False"
"MM2024022E1E48F","2024-01-22","Yangon Wan Ping Garment","Land No. (44 and 45), Land Survey Area Ward, Myaungtakar Steel Industry Zone, Hmawbi Township, Yangon Region","MM","Myanmar",17.1533377,96.02557379999999,"Apparel|Unspecified","H&M Group (H&M June 2024 Facilities list)|H&M Group (H&M JULY 2024 Facilities list)|A Multi-Stakeholder Initiative|H&M Group (H&M Aug 2024 Facilities list)|A Civil Society Organization|H&M Group (Manufacturing Factories HM 2023)|A Multi-Stakeholder Initiative|MADE (MADE facility list for November 2023)|H&M Group (H&M January 2024 Facilities list)|H&M Group (H&M Feb 2024 Facilities list)|H&M Group (H&M Sept 2024 Facility list)|H&M Group (H&M March 2024 Facilities list)|H&M Group (H&M Dec 2024 Facility list)|Myanmar Garment Manufacturers Association (MGMA) [Public List] (Myanmar Garment Manufacturers Association (Gathered March 2025))|A Brand / Retailer|H&M Group (H&M Oct 2024 Facility list)|H&M Group (H&M Group Facilities list October2023)|H&M Group (H&M November Factory List)|H&M Group (H&M April 2024 Facilities list)|H&M Group (H&M Nov 2024 Facility list)","1501-2000|2001-4000|1001-2000|2001-4000|1001-2000|1001-1500|1001-1500|1501-2000|1501-2000|2001-4000|2001-4000|2001-4000|2001-4000","","Manufacturing |Manufacturing|Manufacturing unit","","Manufacturing unit|Manufacturing|Manufacturing|Manufacturing|Manufacturing|Manufacturing|Manufacturing unit|Manufacturing unit|Manufacturing unit|Manufacturing unit|Manufacturing unit|Manufacturing unit|Manufacturing unit","","False"
"MM2024022GSAD5B","2024-01-22","Qi Cai Myanmar Co.,Ltd.","Plot No. 7, Myay Taing. Block No.25, Shwe Lin Pan. Sethmu Myo , Hlaing Thar. Yar Township,Yangon","MM","Myanmar",16.8814375,96.07539059999999,"Apparel","MADE (MADE facility list for November 2023)|Myanmar Garment Manufacturers Association (MGMA) [Public List] (Myanmar Garment Manufacturers Association (Gathered March 2025))","","","","","","","False"
"MM2024022JBT9SZ","2024-01-22","Myanmar Ju Jian Paper","No 382 ward， Wartharyar industrial Zone","MM","Myanmar",16.9902065,96.0607873,"Paper Products","MADE (MADE facility list for November 2023)","","","Packaging","","Packaging","","False"
"MM2024022JE2XX2","2024-01-22","Ruifa Enterprise","Plot No (501), Myay Taing Quarter No (25), Padauk Street, Shwe Lin Ban Industrial Zone","MM","Myanmar",16.9022615,96.0652719,"Sporting Goods","MADE (MADE facility list for November 2023)","","","","","","","False"
"MM2024022KM44ZM","2024-01-22","LAT WAR GARMENT","No.B-73,Min Thatedi Kyaw Swar Street, Hlaing Tharyar Industrial Zone (3)","MM","Myanmar",16.8819286,96.0573302,"Apparel","MADE (MADE facility list for November 2023)","","","","","","","False"
"MM2024022M0TZK6","2025-03-28","Spring Moon Garment Manufacturing Company Limited","No (123-A), Wet Ma Sout Win Htaut Street, Hlaing Tharyar Industrial Zone (4), Hlaing Tharyar Township, Yangon.","MM","Myanmar",16.8819286,96.0573302,"Apparel","MADE (MADE facility list for November 2023)|Myanmar Garment Manufacturers Association (MGMA) [Public List] (Myanmar Garment Manufacturers Association (Gathered March 2025))|Myanmar Trade Promotion Organization (Myantrade) [Public List] (Myantrade Directory of Exporters (as of March 2025))","","","","","","Rain Coat","False"
"MM2024022M29W01","2024-11-25","FLARE STAR GARMENT MANUFACTURING CO., LTD.","U Myu Street, No.41, Shwe Pyhi Thar Industrial Zone(4), Insein Township, Yangon Region, Myanmar","MM","Myanmar",16.9232414,96.0839722,"Apparel|Unspecified","MADE (MADE facility list for November 2023)|Etam Lingerie (ETAM-202411)|Myanmar Garment Manufacturers Association (MGMA) [Public List] (Myanmar Garment Manufacturers Association (Gathered March 2025))","612","HONOURWAY SHARE CO., LIMITED","","","","","False"
"MM2024022NJV8TA","2024-01-22","Yun Long Dyeing","87, Pyin Si Min Thar Gyi St., Industrial Zone (4)","MM","Myanmar",16.9008479,96.1043302,"Unspecified","Fair Wear Foundation (Fair Wear Oct 2025)|MADE (MADE facility list for November 2023)","51-500","","Dyeing","","Dyeing","Dyeing","False"
"MM2024022PGT3FR","2024-01-22","Star Sandar Garment & General Economic Co-op Society, Ltd.","No.33, Shwe kyee Street, Sint Ngu War","MM","Myanmar",16.917,96.0955,"Apparel","MADE (MADE facility list for November 2023)|Myanmar Garment Manufacturers Association (MGMA) [Public List] (Myanmar Garment Manufacturers Association (Gathered March 2025))","","","","","","","False"
"MM2024022RQQTQX","2024-01-22","Hige Fashion Accessories","Land No. 48, Land Survey No. 25, Shwe Lin Pan Industrial Zone, Hlaing Tharyar Township, Yangon Region","MM","Myanmar",16.9184158,96.0592979,"Apparel|Textiles|Unspecified","A Brand / Retailer|A Brand / Retailer|H&M Group (H&M June 2024 Facilities list)|A Brand / Retailer|H&M Group (H&M JULY 2024 Facilities list)|A Multi-Stakeholder Initiative|An Auditor / Certification Scheme / Service Provider|Myanmar Centre for Responsible Business (OAR facility list in Myanmar)|H&M Group (H&M Aug 2024 Facilities list)|A Civil Society Organization|A Brand / Retailer|A Multi-Stakeholder Initiative|H&M Group (H&M Group Facilities list October2023)|MADE (MADE facility list for November 2023)|H&M Group (H&M April 2024 Facilities list)|H&M Group (H&M Nov 2024 Facility list)|H&M Group (H&M Dec 2024 Facility list)|Myanmar Garment Manufacturers Association (MGMA) [Public List] (Myanmar Garment Manufacturers Association (Gathered March 2025))|A Multi-Stakeholder Initiative|A Brand / Retailer|A Multi-Stakeholder Initiative|A Multi-Stakeholder Initiative|A Multi-Stakeholder Initiative|A Multi-Stakeholder Initiative|A Multi-Stakeholder Initiative|A Multi-Stakeholder Initiative|A Multi-Stakeholder Initiative|A Brand / Retailer|A Brand / Retailer|A Brand / Retailer|A Brand / Retailer|A Civil Society Organization|H&M Group (H&M Oct 2024 Facility list)|H&M Group (Manufacturing Factories HM 2023)|H&M Group (H&M November Factory List)|H&M Group (H&M January 2024 Facilities list)|H&M Group (H&M Feb 2024 Facilities list)|H&M Group (H&M Sept 2024 Facility list)|H&M Group (H&M March 2024 Facilities list)","101-500|101-500|101-500|101-500|101-500|501-1000|501-1000|501-1000|1-500|501-1000|1-500|501-1000|501-1000","","Manufacturing |Manufacturing|Embroidery|Component unit|Manufacturing unit","Textile or Material Production","Manufacturing|Embroidery|Manufacturing|Manufacturing unit|Manufacturing unit|Manufacturing unit|Manufacturing|Manufacturing|Manufacturing|Manufacturing unit|Manufacturing unit|Manufacturing unit|Component unit|Manufacturing unit|Component unit|Manufacturing unit","","False"
"MM2024022SBAS5J","2025-03-28","Primseng Guo (Myanmar) Apparel Co., Ltd","No.144, 145, 146, Myay Taing Block No.49, Wartayar Industrial Zone, Shwe Pyi Thar Tsp","MM","Myanmar",16.9981503,96.0538379,"Apparel","MADE (MADE facility list for November 2023)|Myanmar Garment Manufacturers Association (MGMA) [Public List] (Myanmar Garment Manufacturers Association (Gathered March 2025))","","","","","","","False"
"MM2024022V9Y56K","2024-01-22","Golden Thepareg","No (476), Mogok Street, Ward (23), South Dagon Industrial Zone (1)","MM","Myanmar",16.8704983,96.24290450000001,"Apparel","MADE (MADE facility list for November 2023)|Myanmar Garment Manufacturers Association (MGMA) [Public List] (Myanmar Garment Manufacturers Association (Gathered March 2025))|Myanmar Trade Promotion Organization (Myantrade) [Public List] (Myantrade Directory of Exporters (as of March 2025))","","","","","","Short Pants|Shirt|Pants","False"
"MM2024022VYWRD0","2024-01-22","Colorful Fashion Limited","Oo Paing No 38, Land Block No(A/620), West Mae Khone village","MM","Myanmar",21.916221,95.955974,"Apparel","MADE (MADE facility list for November 2023)","","","","","","","False"
"MM2024022WR43GH","2024-01-22","Huasheng Washing","Plant No(439) Seik Kan Rd, Shwe Lin Ban Industrial Zone","MM","Myanmar",16.9224391,96.07270009999999,"Apparel","MADE (MADE facility list for November 2023)","","","Laundering","Printing, Product Dyeing and Laundering","Laundering","","False"
"MM20240242DD4GR","2024-01-24","Ever Lead(Myanmar) Lingerie Co., Ltd.","Plot no # 1036(A), Hta Min Scope Kone, Pike Gyi well Village Group, Hlegu Township, Yangon, Myanmar","MM","Myanmar",17.1015065,96.22927969999999,"Apparel|Unspecified","Undiz (factory list for UNDIZ)|Myanmar Garment Manufacturers Association (MGMA) [Public List] (Myanmar Garment Manufacturers Association (Gathered March 2025))|An Auditor / Certification Scheme / Service Provider","883","GOLDEN CREDIT (HK) CLOTHING CO., LIMITED","","","","","False"
"MM20240266WQEWD","2024-01-26","ASIA LINK (MYANMAR) FASHION COMPANY LIMITED","Plot No. 85, Myay Taing Block No. 51, Thardukan Industrial Zone","MM","Myanmar",16.9847142,96.0926141,"Apparel","An Auditor / Certification Scheme / Service Provider|Myanmar Garment Manufacturers Association (MGMA) [Public List] (Myanmar Garment Manufacturers Association (Gathered March 2025))|An Auditor / Certification Scheme / Service Provider","","","","","","","False"
"MM2024044XVKPZA","2024-02-13","HK ADELE (MYANMAR)ACCESSORIES LIMITED","Between 8th Street & 9th Street, No. 107/108, Yangon Industrial Zone,North Okkalapa,11031,Yangon,Myanmar","MM","Myanmar",16.840939,96.173526,"Apparel","An Auditor / Certification Scheme / Service Provider","","","","","","","False"
"MM2024046HRQF3Y","2024-02-14","TENG HUI (MYANMAR) KNITTING COMPANY LIMITED","NO.8/KHA, KWIN NO.300/A, RAKHINE YOE GYI VILLAGE TRACT, HTANTABIN TOWNSHIP, 11391 Yangon","MM","Myanmar",17.0178753,95.98193580000002,"Apparel|Unspecified","H&M Group (H&M April 2024 Facilities list)|H&M Group (H&M June 2024 Facilities list)|H&M Group (H&M JULY 2024 Facilities list)|A Civil Society Organization|A Multi-Stakeholder Initiative|H&M Group (H&M Aug 2024 Facilities list)|A Civil Society Organization|H&M Group (H&M Oct 2024 Facility list)|H&M Group (H&M January 2024 Facilities list)|H&M Group (H&M Feb 2024 Facilities list)|H&M Group (H&M Sept 2024 Facility list)|H&M Group (H&M March 2024 Facilities list)|H&M Group (H&M Nov 2024 Facility list)|H&M Group (H&M Dec 2024 Facility list)","2501-3000|2501-3000|2501-3000|2001-4000|1-500|1-500|1-500|1-500|2001-4000|1-500|2001-4000","","Manufacturing|Manufacturing unit |Processing unit|Manufacturing | Processing unit|Component unit|Manufacturing unit","","Manufacturing|Manufacturing|Manufacturing|Processing unit|Manufacturing unit|Processing unit|Manufacturing unit|Processing unit|Manufacturing unit|Manufacturing unit|Processing unit|Processing unit|Manufacturing unit|Component unit|Manufacturing unit|Processing unit|Manufacturing unit|Processing unit|Component unit|Processing unit|Manufacturing unit","","False"
"MM20240525QF4YP","2024-02-20","Very Impressive Prospect Co., Ltd.","Plot No. 238/239/240, Myay Taing Block No. 49, Wartayar Industrial Zone, Shwe Pyi Thar Township, Yangon","MM","Myanmar",16.9753379,96.07851040000001,"Unspecified","A Brand / Retailer|A Brand / Retailer|A Brand / Retailer|A Brand / Retailer|A Brand / Retailer","","","","","","","False"
"MM2024052WWFXHY","2024-02-20","Wide Vision Enterprise Co., Ltd, ","Sethmu-19,20,21,81, Plot No. (1), Kan Gyi Kone Kwin, Ward No. (4), Htantabin Township, Yangon Region, Myanmar","MM","Myanmar",17.0178753,95.98193580000002,"Unspecified","Amer Sports (Amer Sports Factory List 2026.02)|A Brand / Retailer|A Brand / Retailer|A Brand / Retailer|A Brand / Retailer|Amer Sports (Amer Sports Factory List 2025.02)","","","","","","","False"
"MM2024052Y7KW0X","2024-02-21","SHENG FENG SHI YE COMPANY LIMITED","CORNER OF BAMAW ATWIN WUN ROAD AND SEIKKAN THAR ROAD,,NO.111 HLAING THARYAR INDUSTRIALZONE (3),","MM","Myanmar",16.7688409,96.1566754,"Apparel","An Auditor / Certification Scheme / Service Provider","","","","","","","False"
"MM20240537G470C","2024-02-22","MYANMAR BESTFORTUNE GARMENT CO.,LTD","PLOT NO.29, MYAY TAING BLOCK NO.51, THAR DU KAN INDUSTRIAL ZONE,SHWE PYI THAR TOWNSHIP,11411,Yangon,Myanmar","MM","Myanmar",16.9441383,96.083571,"Apparel","An Auditor / Certification Scheme / Service Provider|Myanmar Garment Manufacturers Association (MGMA) [Public List] (Myanmar Garment Manufacturers Association (Gathered March 2025))","","","","","","","False"
"MM20240712JKJ58","2024-03-08","YUZANA","Aw Gyi, Khamaukgyi, Myanmar","MM","Myanmar",10.410228,98.618752,"Agriculture|Commodities|Farming|Food Industry|Food Manufacturing|Multi-Category","A Civil Society Organization","","","","","","","False"
"MM2024078CW5TB3","2024-03-18","Hyatt Knitwear Company Limited","Plot No 105 Ayeyar Street Hlaing Tharyar Township Yangon Myanmar","MM","Myanmar",16.837243,96.127383,"Apparel","H&P Knitwear Co., Ltd. (Hyatt Knitwear Company Limited)","180","H and P Knitwear Company Limited","Textile","Printing, Product Dyeing and Laundering","Textile Dyeing","","False"
"MM20241284XXHB7","2024-05-06","Myanmar Huasheng Golden Fashion Company Limited","Factory (2#), Plot No. P1, Myay Taing Block No. (20), Anawrahta Industrial Zone, Hlaing Thar Yar Township; 242332 (Yangon)","MM","Myanmar",16.8819286,96.0573302,"Apparel","Benetton Group (Benetton Facility List 2023)|Benetton Group (2024 Benetton suppliers list)|Myanmar Garment Manufacturers Association (MGMA) [Public List] (Myanmar Garment Manufacturers Association (Gathered March 2025))","","","MANUFACTURING","Final Product Assembly|Final Product Assembly","Manufacturing|Manufacturing","","False"
"MM20241286SXARB","2024-05-06","Jty (Myanmar) Company Limited","Plot N0-89, Mahuyar Street, Thar Du Kan Industrial Zone, Shwe Pyi Thar Township, Yangon Regon, Myanmar; 1141 (Yangon)","MM","Myanmar",16.871483,96.0580194,"Apparel","Benetton Group (Benetton Facility List 2023)","","","MANUFACTURING","Final Product Assembly","Manufacturing","","False"
"MM20241376BY703","2024-05-14","GUOTAI FUHUA GARMENT (MYANMAR) CO., LTD.","No.46, Ngwe Pin Lal Industrial Zone Block No.24 Hlaing Thayar, Yangon, Myanmar.","MM","Myanmar",16.850826,96.11559319999999,"Apparel|Unspecified","OVS Spa (OVS SPA SUPPLIERS LIST - TIER 1 FY2023)|Myanmar Garment Manufacturers Association (MGMA) [Public List] (Myanmar Garment Manufacturers Association (Gathered March 2025))|A Civil Society Organization|SLCP (Social & Labor Convergence Program List 2025)","1684","FORTUNE RICHES LIMITED"," OUTERWEAR| DRESSES| TROUSERS| SKIRTS| CUT&SEWN KNITWEAR| SHIRTS|BLAZERS","Final Product Assembly","Cut & Sew","","False"
"MM20241378Y2T0F","2024-05-14","JOYFUL (MYANMAR) GARMENT CO., LTD.","NO 39/40 SHWE LIN BAN INDUSTRY ZONE HLAING THAR YAR TOWNSHIP","MM","Myanmar",16.914015,96.0652719,"Apparel","OVS Spa (OVS SPA SUPPLIERS LIST - TIER 1 FY2023)|Myanmar Garment Manufacturers Association (MGMA) [Public List] (Myanmar Garment Manufacturers Association (Gathered March 2025))","1664","JOURNEY OUTDOORS PTE LTD","OUTERWEAR| TROUSERS","","","","False"
"MM2024137D5N7XR","2024-05-14","MAISHA (MYANMAR) GARMENT CO., LTD.","No.19 & 20, Myay Taing Block No.112 (Industrial Zone), East Dagon Township, Yangon","MM","Myanmar",16.9333352,96.30134319999999,"Apparel","MADE (MADE facility list for November 2023)|Wikirate International e.V. (2020 Apparel Suppliers on Wikirate part 8)|OVS Spa (OVS SPA SUPPLIERS LIST - TIER 1 FY2023)|Myanmar Garment Manufacturers Association (MGMA) [Public List] (Myanmar Garment Manufacturers Association (Gathered March 2025))","884|1967","M AND T FASHION PTE LTD","OUTERWEAR","","","","False"
"MM2024137W8XQ9E","2024-05-14","XIN RUI CLOTHING CO., LTD.","NO . 249, Sayarshan Street, Shwe Lin Ban Industry Zone, Hlaing Thar Yar, Yangon. Yangon","MM","Myanmar",16.914015,96.0652719,"Apparel","OVS Spa (OVS SPA SUPPLIERS LIST - TIER 1 FY2023)","412","JIANGSU GTIG EASTAR CO., LTD."," TROUSERS| DRESSES| SKIRTS| SHIRTS|BLAZERS","","","","False"
"MM2024178W004YG","2024-06-18","TUV Rheinland Representative Office","MWEA Tower # 1-06, 288/290 Shwedagon Pagoda Road Dagon Township, Yangon 11191","MM","Myanmar",16.7822324,96.15377559999999,"Unspecified","TÜV Rheinland [Public List] (TUV Rheinland Feb 2024 Facility List)","","","Office","","Office","","False"
"MM2024202MYQ4P9","2024-07-20","AROMA GOURMET CONCEPTS LTD.","No. 27, Nawaday Street (2), Kaba Aye, Mayangone T/S, Yangon, Myanmar","MM","Myanmar",16.784017,96.1569821,"Agriculture|Beverages|Commodities|Food & Beverage|Food Industry|Food Manufacturing","Lavazza [Public List] (Lavazza - July 2024 Production Locations List)","","Lavazza","","","","Coffee","False"
"MM20242113E8AQ0","2024-07-29","Kayah Farmer Development Co., Ltd.","No. 2 Street, Southern Shan Ward, Bawlakhae Township, BawLaKhae","MM","Myanmar",19.0897685,97.5182805,"Agriculture|Food|Food & Beverage|Food Industry","US Department of Agriculture (USDA) [Public List] (NOP.7)","","","","","","","False"
"MM20242113RCC4X","2024-07-29","Ecoma Organics Consultancy Limited","F-3A. Kantharyar Street, 4 Ward, FMI City, Hlaing Tharyar TSP, Yangon","MM","Myanmar",16.8077414,96.2139181,"Agriculture|Food|Food & Beverage|Food Industry","US Department of Agriculture (USDA) [Public List] (NOP.7)","","","","","","","False"
"MM202421161JV3X","2024-07-29","CBL MYANMAR (PVT) LTD.","No. 4, U Shwe Pin Road, Shwe Lin Pan Industrial Park, Hlaing Tharyar Township., Yangon","MM","Myanmar",16.895999,96.06737140000001,"Agriculture|Food|Food & Beverage|Food Industry","US Department of Agriculture (USDA) [Public List] (NOP.7)","","","","","","","False"
"MM2024211E8D7N5","2024-07-29","W7 TRADING COMPANY LIMITED","No. 239, BO MYAT TUN STREET, BOTAHTAUNG TOWNSHIP, YANGON","MM","Myanmar",16.7758103,96.1699369,"Agriculture|Food|Food & Beverage|Food Industry","US Department of Agriculture (USDA) [Public List] (NOP.7)","","","","","","","False"
"MM2024211ENY8WB","2024-07-29","Khit Like Co., Ltd","No.43, 18th Street, Latha Township, Yangon","MM","Myanmar",16.7756751,96.14864940000001,"Agriculture|Food|Food & Beverage|Food Industry","US Department of Agriculture (USDA) [Public List] (NOP.7)|Myanmar Trade Promotion Organization (Myantrade) [Public List] (Myantrade Directory of Exporters (as of March 2025))","","","","","","Rice","False"
"MM2024211GNWZT0","2024-07-29","HDDES Natural Products (Myanmar) Ltd","No.18, 02nd Floor & 03rd Floor, Sakarphyu Street, (14/3) Ward, Myinthar, South Okkalapa Township, Yangon","MM","Myanmar",16.8489249,96.179216,"Agriculture|Food|Food & Beverage|Food Industry","US Department of Agriculture (USDA) [Public List] (NOP.7)","","","","","","","False"
"MM2024211JR8D05","2024-07-29","Organic Agro Land Company Limited","NO 161, U BO HLAING STREET, SOUTH DAGON SEIKKAN TOWNSHIP, Yangon","MM","Myanmar",16.8286886,96.2331044,"Agriculture|Food|Food & Beverage|Food Industry","US Department of Agriculture (USDA) [Public List] (NOP.7)","","","","","","","False"
"MM2024211K3ZQ5Q","2024-07-29","Shwe Panlaw Manufacturing Co., Ltd.","Zayan Panlaw Ward 10, Zayan Gyi Village, Zayan Village Tract, Namhsan Township, Palaung self administrative zone, Shan state","MM","Myanmar",22.9835687,97.1359377,"Agriculture|Food|Food & Beverage|Food Industry","US Department of Agriculture (USDA) [Public List] (NOP.7)","","","","","","","False"
"MM2024211K5814B","2024-07-29","FAME Pharmaceuticals Industry Co. Ltd","706 Kywe Na Hatuke Village, Pyin Oo Lwin Township, 0","MM","Myanmar",22.014599,96.49297969999999,"Agriculture|Food|Food & Beverage|Food Industry","US Department of Agriculture (USDA) [Public List] (NOP.7)","","","","","","","False"
"MM2024211MS1MCM","2024-07-29","W7 TRADING COMPANY LIMITED","No. 237, BO MYAT TUN STREET, BOTAHTAUNG TOWNSHIP, YANGON","MM","Myanmar",16.7773117,96.1698148,"Agriculture|Food|Food & Beverage|Food Industry","US Department of Agriculture (USDA) [Public List] (NOP.7)","","","","","","","False"
"MM2024211NXE4FS","2024-07-29","FAME Pharmaceuticals Industry Co. Ltd","Anee-sa-khan, Pyin-Oo-Lwin, Mandalay","MM","Myanmar",22.0391773,96.47165799999999,"Agriculture|Food|Food & Beverage|Food Industry","US Department of Agriculture (USDA) [Public List] (NOP.7)","","","","","","","False"
"MM2024211T2BR8D","2024-07-29","Golden Pineapple Co., Ltd.","No(205), Yaekhaesat Street, Zone (2), Hsipaw Township, Northern Shan State, Myanmar., Hsipaw, Shan State","MM","Myanmar",22.8142262,97.3746163,"Agriculture|Food|Food & Beverage|Food Industry","US Department of Agriculture (USDA) [Public List] (NOP.7)","","","","","","","False"
"MM2024211VJJ6CQ","2024-07-29","Mya Ayer Manufacturing Co., Ltd.","No.55, Bagan Nyaung Oo St, Ywar Thar Gyi Industrial Zone, South Dagon Township, Yangon","MM","Myanmar",16.8561772,96.2527482,"Agriculture|Food|Food & Beverage|Food Industry","US Department of Agriculture (USDA) [Public List] (NOP.7)|Myanmar Trade Promotion Organization (Myantrade) [Public List] (Myantrade Directory of Exporters (as of March 2025))","","","","","","Coco Nuts Products","False"
"MM2024211ZA26A1","2024-07-29","Aung Nay Lin Htun Co., Ltd.","No.168-1, Myin Thar 10th Street, 14-1 Quarter, South Okkalapa Township, Yangon","MM","Myanmar",16.8491726,96.1966443,"Agriculture|Beverages|Food|Food & Beverage|Food Industry","US Department of Agriculture (USDA) [Public List] (NOP.7)|Myanmar Trade Promotion Organization (Myantrade) [Public List] (Myantrade Directory of Exporters (as of March 2025))","","","","","","Coffee","False"
"MM2024220RD717T","2024-07-30","Yangon First Stationery Manufacturing Co., Ltd","Plot No.12, Special Zone (2), Oakthar (9) Block, Bago Township, 8017, Myanmar","MM","Myanmar",17.3242025,96.4943769,"Toys","Ethical Supply Chain Program (Ethical Supply Chain Program certified supplier list - July 2024)|Ethical Supply Chain Program (Ethical Supply Chain Program certified supplier list valid Feb 2025)","","","Stationery","","Stationery","Other Toy Product|Other Toy Product","False"
"MM2024224GW1N6J","2024-08-11","XIANG YI INDUSTRIAL MANUFACTORY CO LTD","Hospital Lan (5), No-488/B Hlaing Thar Yar, Yangon","MM","Myanmar",16.8819286,96.0573302,"Consumer Products|General Merchandise|Unspecified","Worker Rights Consortium|Worker Rights Consortium|A Civil Society Organization|Worker Rights Consortium","","","","","","","False"
"MM2024224SC427W","2024-08-11","Bago Young Clothing Limited","Yeni Town, Yaedashae Township Taungngu District Bago","MM","Myanmar",19.4449899,96.2573317,"Apparel|Textiles|Unspecified","A Multi-Stakeholder Initiative|A Civil Society Organization|A Multi-Stakeholder Initiative|Worker Rights Consortium|A Civil Society Organization|Worker Rights Consortium|A Civil Society Organization|Partnership for Sustainable Textiles (PST) (PST Aug 2025 - 0-9, A-G)|A Civil Society Organization|Worker Rights Consortium|A Civil Society Organization|A Multi-Stakeholder Initiative|Cutter & Buck [Public List] (Cutter & Buck - May 2023 Production Locations List)|Myanmar Centre for Responsible Business (OAR facility list in Myanmar)|A Civil Society Organization|An Auditor / Certification Scheme / Service Provider|Worker Rights Consortium|Worker Rights Consortium|A Brand / Retailer|A Brand / Retailer|A Brand / Retailer|A Multi-Stakeholder Initiative|A Multi-Stakeholder Initiative|A Multi-Stakeholder Initiative|A Multi-Stakeholder Initiative|OEKO-TEX ® (STeP by OEKO-TEX® certified facilities per 20 April 2022)|An Auditor / Certification Scheme / Service Provider|A Multi-Stakeholder Initiative|Lidl Stiftung & Co. KG (Lidl Facility List June 2025)","1120","","Cutting, Filling (Downs e.g.), Finishing, Packing, Pressing, Sewing","","Packing|Pressing|Finishing|Sewing|Cutting|Filling (Downs e.g.)","","False"
"MM2024226D4HAG8","2024-08-13","Yara Myanmar Limited","221 Sule Pagoda Road, Sule Square #19-13 Kyaktada Township, Yangon Myanmar","MM","Myanmar",16.777082,96.15851769999999,"Agriculture|Crop Production|Farming|Food","YARA [Public List] (Yara Facility List Aug 2024)|YARA [Public List] (Yara Facility List Aug 2024)","",""," Plant Monitoring|Nitrogen Fertilizing | Digital Farming ","","Plant Monitoring|Digital Farming|Nitrogen Fertilizing|Nitrogen Fertilizing|Plant Monitoring|Digital Farming"," Fertilizers | Plant Nutrition| Fertilizers | Plant Nutrition","False"
"MM2024237AR5Y3P","2024-08-24","Princess Power Manufacturing Co. Ltd.","No. 18/212, Kanaung Min Thar Gyi Street, Shwe Paukkan Industrial Zone, Yangon, Yangon","MM","Myanmar",16.840939,96.173526,"Apparel|Textiles|Unspecified","A Multi-Stakeholder Initiative|A Civil Society Organization|Partnership for Sustainable Textiles (PST) (PST Aug 2025 - H-P)|A Civil Society Organization|A Civil Society Organization|A Civil Society Organization|A Multi-Stakeholder Initiative|A Civil Society Organization|Myanmar Garment Manufacturers Association (MGMA) [Public List] (Myanmar Garment Manufacturers Association (Gathered March 2025))|Myanmar Trade Promotion Organization (Myantrade) [Public List] (Myantrade Directory of Exporters (as of March 2025))","","","Manufacturing","Final Product Assembly","Manufacturing","Jackets","False"
"MM2024237FD33CW","2024-08-24","bago sunny garments co. ltd.","Thanatpin Street No. 174, Bogyone 18 Quarter, Bago Township","MM","Myanmar",17.2502137,96.6851982,"Textiles|Unspecified","A Civil Society Organization|A Multi-Stakeholder Initiative|A Civil Society Organization","","","","","","","False"
"MM2024237Y7CEN2","2024-08-24","SBMH Company Limited","Plot No.267, Zagabar (6) Street, Yangon Industrial Zone, Mingalardone Township, Yangon, Yangon","MM","Myanmar",16.9586918,96.1632804,"Apparel|Textiles|Unspecified","A Multi-Stakeholder Initiative|A Civil Society Organization|A Civil Society Organization|Partnership for Sustainable Textiles (PST) (PST Aug 2025 - Q-Z)|A Civil Society Organization|A Civil Society Organization|A Civil Society Organization|A Multi-Stakeholder Initiative|A Civil Society Organization|Myanmar Garment Manufacturers Association (MGMA) [Public List] (Myanmar Garment Manufacturers Association (Gathered March 2025))","","","Manufacturing","Final Product Assembly","Manufacturing","","False"
"MM2024240FYVZJ1","2024-08-27","Ellie (Myanmar) Garment Co., Ltd.","Plot No. 17 / A + Myay Taing Plot No. 525 / A, Yesu Anout Taaw Kwin, Mingalardon Townshipm, Yangon","MM","Myanmar",17.0854477,96.19431619999999,"Apparel|Unspecified","A Multi-Stakeholder Initiative|Myanmar Garment Manufacturers Association (MGMA) [Public List] (Myanmar Garment Manufacturers Association (Gathered March 2025))|An Auditor / Certification Scheme / Service Provider","","","","","","","False"
"MM2024240Y0MWSF","2024-08-27","MBK Company Limited","PLOT NO. 241/2, MYAY TAING BLOCK NO. YANGON INDUSTRIAL ZONE, Yangon, Yangon","MM","Myanmar",17.0854477,96.19431619999999,"Apparel|Textiles|Unspecified","A Multi-Stakeholder Initiative|A Civil Society Organization|Partnership for Sustainable Textiles (PST) (PST Aug 2025 - H-P)|A Civil Society Organization|A Civil Society Organization|A Multi-Stakeholder Initiative|A Civil Society Organization|Myanmar Garment Manufacturers Association (MGMA) [Public List] (Myanmar Garment Manufacturers Association (Gathered March 2025))","","","Manufacturing","Final Product Assembly","Manufacturing","","False"
"MM20242430VAJ57","2024-08-22","Hunte Textile co. ltd.","Plot No. 28, 29, Myay Taing Block 4, Industrial Zone, Mya Wady Gyi Street Hlaing Tharyar Township, Yangon, Yangon","MM","Myanmar",16.8819286,96.0573302,"Apparel|Unspecified","Fair Wear Foundation (Fair Wear Oct 2025)|Fair Wear Foundation (Fair Wear Aug 2024)|Myanmar Garment Manufacturers Association (MGMA) [Public List] (Myanmar Garment Manufacturers Association (Gathered March 2025))|Fair Wear Foundation (Fair Wear Apr 2025)","501-1000|501-1000|501-1000","","Ironing|Cutting|Washing|Cut & Sew|Packaging|Embroidery","","Washing|Packaging|Ironing|Cutting|Cut & Sew|Embroidery|Washing|Embroidery|Ironing|Cut & Sew|Cutting|Packaging|Washing|Ironing|Cutting|Packaging|Embroidery|Cut & Sew","","False"
"MM20242432JTAY1","2024-08-22","﻿OUTSKIN SPORTSWEAR MYANMAR LIMITED","PLOT NO.149/5 & 149/6, Myay Taing Block no. 113, Kanaung Min Thar Gyi Street, ﻿DAGON MYOTHIT (EAST) INDUSTRIAL ZONE, Yangon, Yangon, 11451","MM","Myanmar",16.9188097,96.083001,"Apparel|Unspecified","Fair Wear Foundation (Fair Wear Aug 2024)|Myanmar Garment Manufacturers Association (MGMA) [Public List] (Myanmar Garment Manufacturers Association (Gathered March 2025))|Fair Wear Foundation (Fair Wear Apr 2025)","51-500|51-500","","Packaging|Cut & Sew","","Cut & Sew|Packaging|Packaging|Cut & Sew","Sports & activewear|Sports & activewear","False"
"MM2024243DTY57W","2024-08-22","hua shan international garment co. ltd.","No. 4 Main Road, Plot No. 560, Zatkanoat Kwin Thawyarkone Sanpya Village, Hmawbi Township, Yangon, 11362","MM","Myanmar",17.1533377,96.02557379999999,"Apparel|Textiles|Unspecified","A Multi-Stakeholder Initiative|A Civil Society Organization|Partnership for Sustainable Textiles (PST) (PST Aug 2025 - H-P)|A Civil Society Organization|A Civil Society Organization|Fair Wear Foundation (Fair Wear Oct 2025)|Fair Wear Foundation (Fair Wear Aug 2024)|Fair Wear Foundation (Fair Wear Apr 2025)","501-1000|51-500|51-500","","Cutting|Packaging|Cut & Sew|Please specify|Sewing|Ironing","Final Product Assembly|Final Product Assembly|Final Product Assembly|Final Product Assembly","Sewing|Packaging|Ironing|Cutting|Please specify|Cut & Sew|Please specify|Cut & Sew|Cut & Sew","","False"
"MM2024243HTQA4V","2024-08-22","huayin tj denim (yangon) manufact.co.ltd","No. 17, Sayar San Street, Ward 144, Ywa Thar Gyi Heavy Indusrtrial Zone, South Dagon Township, Yangon, 11431","MM","Myanmar",16.8234333,96.1643704,"Apparel|Textiles|Unspecified","A Multi-Stakeholder Initiative|A Civil Society Organization|Partnership for Sustainable Textiles (PST) (PST Aug 2025 - H-P)|A Civil Society Organization|A Civil Society Organization|Fair Wear Foundation (Fair Wear Oct 2025)|Fair Wear Foundation (Fair Wear Aug 2024)|Myanmar Garment Manufacturers Association (MGMA) [Public List] (Myanmar Garment Manufacturers Association (Gathered March 2025))|Fair Wear Foundation (Fair Wear Apr 2025)","501-1000|51-500|51-500","","Linking|Sewing|Ironing|Cutting|Packaging|Cut & Sew|Stitching|Embroidery|Knitting","Final Product Assembly|Final Product Assembly|Final Product Assembly|Final Product Assembly|Final Product Assembly|Textile or Material Production|Final Product Assembly|Final Product Assembly|Final Product Assembly|Textile or Material Production|Final Product Assembly","Stitching|Linking|Ironing|Cutting|Packaging|Knitting|Sewing|Ironing|Cut & Sew|Embroidery|Packaging|Embroidery|Cut & Sew|Packaging|Ironing|Packaging|Embroidery|Ironing|Cut & Sew","Garments|fashion apparel|clothing| clothing|Garments| fashion apparel","False"
"MM2024243VBAG2D","2024-08-22","Brighten Glory Myanmar Co., Ltd","No. 67/68, Mya Sein Yaung Housing, Atwin Padan Lane 2, Hlaing Tharyar Township, Yangon, Yangon, 11401","MM","Myanmar",16.9540115,96.0680731,"Unspecified","Fair Wear Foundation (Fair Wear Aug 2024)","51-500","","Embroidery","","Embroidery","Garments|fashion apparel|Outdoorwear|clothing","False"
"MM20242499DEN5F","2024-09-03","NESTLE MYANMAR LIMITED","Centre Point Tower No. 65, Room 11A & 11B, Corner of Sule Pagoda, Yangon, Myanmar","MM","Myanmar",16.7726858,96.15844179999999,"Food & Beverage","Nestlé [Public List] (Nestle - April 2022 Affiliate Locations List)","","","Office / HQ","","Office HQ","","False"
"MM2024249DR9ER5","2024-09-05","Beaume (Hong Kong) International","No.29, Ban Maw Atwin Wun Road, Industrial(3), Hlaing Thar Yar Township, Yangon, Myanmar., Yangon, Myanmar","MM","Myanmar",16.8819286,96.0573302,"Apparel","A Civil Society Organization","","","","","","","False"
"MM20242802X214J","2024-10-06","ZTE Myanmar Co., LTD KYUNDAW STREET (BETWEEN AMATTAW STREET AND HANTHAWADDY STREET)","19, B2A, TIME CITY COMPLEX, NO.7 WARD, KAMARYUT TOWNSHIP, YANGON REGION, Myanmar","MM","Myanmar",16.8169113,96.12847769999999,"Unspecified","Open Supply Hub Research Team [Public Data] (October 6 2024)","","","","","","","False"
"MM2024280NS10E9","2024-10-06","Zuellig Pharma Services Ltd.","Ingyinmyaing Housing, Bahan Township, 11201 Yangon, Myanmar","MM","Myanmar",16.8041052,96.16124049999999,"Unspecified","Open Supply Hub Research Team [Public Data] (October 6 2024)","","","","","","","False"
"MM2024284DA4SAE","2024-10-07","Golden Island (Myanmar) - KGG","No (Idie) Kansung Min Thar Gyiroad Industrial Zone (2) Dagon Seikkan Tsp Yangon","MM","Myanmar",16.8520683,96.26946079999999,"Apparel","Next Plc (Next Plc August 2025)|Next Plc (Next Plc August 2024)|Wikirate International e.V. (2019 Apparel Suppliers on Wikirate part 1)|Next Plc (Next Plc Facility List February 2025)","","","","","","","False"
"MM2024284XC9FCX","2024-10-07","Xin Wang Da Carton Box Co Ltd","No 66 Corner Of Minn Ayeyar And Ayeyar Waddi Street Shwe Than Lwin Industrial Zone Hlaing Thr Yar Township","MM","Myanmar",16.850826,96.11559319999999,"Unspecified","Next Plc (Next Plc August 2024)","","","","","","Component","False"
"MM20242915WA9JM","2024-10-17","Meijie (Myanmar) Clothing & Accessories Co., Ltd. (Plot 244)","No. 244, Ka Naung Min Thar Gyi Road, Shwe Lin Pan Zone, Hlaing Thar Yar, Yangon","MM","Myanmar",16.8514325,96.0802205,"Unspecified","A Brand / Retailer","","","","","","","False"
"MM202429172BSTN","2024-10-17","Handa Garment Co. Ltd.","No.13, The corner of Ushwen pin road&u myu road, shwen lin ban industrial zone, hlaing thar a townshin Yangon","MM","Myanmar",16.8255767,96.14432149999999,"Unspecified","Worker Rights Consortium|Worker Rights Consortium","","","","","","","False"
"MM20243187SNBT8","2024-11-05","Myue & Sue No 3 (Myue & Sue Garment Mfg Co. Ltd)","No 82, Pyin Si Min Thar Gyi Street, Hliang Tharyar, Yangoon","MM","Myanmar",16.8880467,96.04835899999999,"Apparel","Wikirate International e.V. (2017 Apparel Suppliers on Wikirate part 2)","","","","","","","False"
"MM2024318K6SFR7","2024-11-05","Mingalar Sumbiri Garment Co. Ltd","No 27, Yangon Industrial Park No.3 Highway Road, North Okkalapa Township Yangon, 95273, Yangon","MM","Myanmar",16.8650677,96.1882649,"Apparel","Wikirate International e.V. (2017 Apparel Suppliers on Wikirate part 2)","","","","","","","False"
"MM2024318QDJX23","2024-11-05","ZKG (MYM) Ltd.","Plot No. 271 Corner Of Panbe Gaung Maung Khet Street And U Tayoke Stree Ward 25 Shwe Lin Pan Industrial Zone Hlaing Tharyar Township, Yangon, Yangon, Myanmar","MM","Myanmar",16.895999,96.06737140000001,"Apparel","Wikirate International e.V. (2017 Apparel Suppliers on Wikirate part 2)|Myanmar Garment Manufacturers Association (MGMA) [Public List] (Myanmar Garment Manufacturers Association (Gathered March 2025))|Myanmar Trade Promotion Organization (Myantrade) [Public List] (Myantrade Directory of Exporters (as of March 2025))","","","","","","Jackets","False"
"MM20243216N2HD3","2024-11-05","Seduno Fashion Co Ltd","Yangong, Myanmar","MM","Myanmar",16.840939,96.173526,"Apparel","Wikirate International e.V. (2017 Apparel Suppliers on Wikirate part 4)","","","","","","","False"
"MM2024328TSVYWQ","2024-11-05","Myanmar Parfun Co., Ltd","Plot No. 182/1, 182/12 Myay Taing Block No.25, Shwe Lin Ban Sethmu Myo, Hlaing Th, 11181, Rangon","MM","Myanmar",16.9022615,96.0652719,"Apparel","Wikirate International e.V. (2018 Apparel Suppliers on Wikirate part 8)","","","","","","","False"
"MM2024329Q06EPH","2024-11-05","Natural Garment Manufacturing Co Ltd","Plot No 507/508 Say Yone Street Shwe Lin Pan Intustrial Zone Hlaing Thar Yar Township Yangon Region, Myanmar","MM","Myanmar",16.895999,96.06737140000001,"Apparel","Wikirate International e.V. (2018 Apparel Suppliers on Wikirate part 4)|Myanmar Trade Promotion Organization (Myantrade) [Public List] (Myantrade Directory of Exporters (as of March 2025))","1815","","","","","Jackets","False"
"MM2024329Q8P3Y6","2024-11-05","MMM WISEPACIFIC APPAREL BAGO","INNDAGAW INDUSTRIAL COMPLEX, BAGO, BAGO TOWNSHIP, BAGO, MYANMAR","MM","Myanmar",17.3220711,96.4663286,"Apparel","Wikirate International e.V. (2018 Apparel Suppliers on Wikirate part 1)","986","","","","","","False"
"MM2024329QG5N9T","2024-11-05","MYANMAR WISEPACIFIC APPAREL YANGON","YANGON PYAY ROAD, PYINMABIN, MINGALARDON TOWNSHIP YANGON, MYANMAR","MM","Myanmar",16.9995776,96.1301227,"Apparel","Wikirate International e.V. (2018 Apparel Suppliers on Wikirate part 1)|Myanmar Trade Promotion Organization (Myantrade) [Public List] (Myantrade Directory of Exporters (as of March 2025))","754","","","","","Men's wear","False"
"MM2024329TW8SEN","2024-11-05","Myanmar Win Win Garments Co Ltd Yaeni","Yeani Industrial Zone, Bago Division, Myanmar","MM","Myanmar",18.3312802,96.0679194,"Apparel","Wikirate International e.V. (2018 Apparel Suppliers on Wikirate part 4)","712","","","","","","False"
"MM202433063SAK7","2024-11-05","Zhongrun (Myanmar) Garment co.ltd.","Kanaung Min Thar Road, 999091, Yangon","MM","Myanmar",16.8105886,96.2174752,"Apparel","Wikirate International e.V. (2018 Apparel Suppliers on Wikirate part 7)","","","","","","","False"
"MM2024330K3PTYC","2024-11-05","Manufacturer GFT Enterprise Co., Ltd.","Plot No.691, Ka Tot Kan Kwin, Mingalar Quarter, Lu Thant Inn Road, Taik Kyi T/S, Yangon, Myanmar","MM","Myanmar",17.3169964,95.9647536,"Apparel","Wikirate International e.V. (2018 Apparel Suppliers on Wikirate part 5)|Myanmar Garment Manufacturers Association (MGMA) [Public List] (Myanmar Garment Manufacturers Association (Gathered March 2025))","","","","","","","False"
"MM2024330SWFATG","2024-11-05","CAITENG PRINTING FACTORY","NO.D-8 ANAWYAHTAR INDUSTRIAL ZONE","MM","Myanmar",16.853816,96.0254232,"Apparel","Wikirate International e.V. (2020 Apparel Suppliers on Wikirate part 14)","40","","","","","","False"
"MM20243358DB02F","2024-11-05","P&S UNION GROUP LIMITED","396 HLA THEINGI STREET, SHWE LIN PAN INDUSTRIAL ZONE, YANGON","MM","Myanmar",16.9080013,96.0717567,"Apparel","Wikirate International e.V. (2020 Apparel Suppliers on Wikirate part 8)","268","","","","","","False"
"MM202433598W0B5","2024-11-05","K Factory of General Enterprise Garment","No.35 Kanaung Minthar Gyi Road East Dagon Industrial Zone Yangon Region","MM","Myanmar",16.9188097,96.083001,"Apparel","Wikirate International e.V. (2020 Apparel Suppliers on Wikirate part 6)","1580","","","","","","False"
"MM2024335BJAQJX","2024-11-05","Joc Myanmar Garments Co Ltd","Plot no 5 Myay Taing Quarter No C-12 Thar Du Kan Road Thar Du Kan Industrial Zone Shwe Pyi Thar Township Yangon","MM","Myanmar",16.984166,96.0915522,"Apparel","Wikirate International e.V. (2020 Apparel Suppliers on Wikirate part 8)","964","","","","","","False"
"MM2024335N22YFK","2024-11-05","Huabo Times Textile and Clothing Co. Ltd.","No. 5 Delta Industrial Zone, Ayeyarwaddy Region, 1011, Pathein Ayeyarwady","MM","Myanmar",16.7977121,94.76829649999999,"Apparel","A Brand / Retailer|A Brand / Retailer|A Brand / Retailer|Wikirate International e.V. (2019 Apparel Suppliers on Wikirate part 5)|Wikirate International e.V. (2020 Apparel Suppliers on Wikirate part 6)|Worldly|A Brand / Retailer|A Brand / Retailer","","","","","","","False"
"MM2024335VSMVS9","2024-11-05","Fulltex Manufacturing Company Ltd","Plot No 4 5 2740 Block No 1098 Ka Hpa An Industrial Zone 1 Hpa An Township Kayin State Myanmar","MM","Myanmar",16.9482233,97.70061100000001,"Apparel","Wikirate International e.V. (2020 Apparel Suppliers on Wikirate part 7)","1415","","","","","","False"
"MM2024337MMP0ZC","2024-11-25","MYANMAR GIGI GOODS CO LTD","PLOT NO: 95+96 AND PLOT NO: 3KA BLOCK NO.(51), THAR DU KAN INDUSTRIAL ZONE SHWE PYI THAR TPWNSHIP MYANMAR YANGON REGION 11411 MYANMAR","MM","Myanmar",16.9829715,96.0977662,"Footwear","Capri Holdings (Capri Holdings Facility List November 2024)|Capri Holdings (Tier 1 Capri Holdings Facilities December 2024)|Capri Holdings (Tier 1 Capri Holdings Facilities December 2024)","","","Final Product Assembly","","Final Product Assembly|Final Product Assembly|Final Product Assembly","","False"
"MM2025009HMSTDH","2024-12-16","Hansae Myanmar Co., ltd.","Lot No. (BG 1), Zone B, Thilawa Special Economic Zone Thanlyin Township","MM","Myanmar",16.6699485,96.27489469999999,"Apparel","Worldwide Responsible Accredited Production (WRAP Facility List December 2024)|Myanmar Trade Promotion Organization (Myantrade) [Public List] (Myantrade Directory of Exporters (as of March 2025))|Worldwide Responsible Accredited Production (WRAP Facility List 04222025)","799|619","","","","","Sport Shirt","False"
"MM2025009JGZ43M","2024-12-16","Myanmar LNY Caps Co., Ltd.","Shwe Than Lwin. Plot No. (28), Myay Taing Block No.14.Hlaing Thar Yar Township, Yangon Region, Myanmar","MM","Myanmar",16.8819286,96.0573302,"Apparel|Unspecified","Worldwide Responsible Accredited Production (WRAP Facility List December 2024)|Worldwide Responsible Accredited Production (WRAP Facility List 04222025)","488|488","","","","","","False"
"MM2025009Q7ASS6","2024-12-16","Cobes Industries (Bago) Co., Ltd.","No.13, Internal Industrial Zone, Bago Township","MM","Myanmar",17.3220711,96.4663286,"Apparel|Unspecified","Worldwide Responsible Accredited Production (WRAP Facility List December 2024)|Worldwide Responsible Accredited Production (WRAP Facility List 04222025)","985|985","","","","","","False"
"MM202503105TXFJ","2025-01-31","Texchem Marine Labutta Limited","Plot No C2, C3, Myay Taing Block, No.579, Kyauk Hmaw Y war Kwin Thein Street, Labutta, Ayeyarwady","MM","Myanmar",16.2048833,94.7639811,"Animal Production|Aquaculture|Fishing|Food|Food Industry","European Commission: TRACES – TRAde Control and Expert System [Public List]|Myanmar Trade Promotion Organization (Myantrade) [Public List] (Myantrade Directory of Exporters (as of March 2025))","","","","","","Aquatic Product","False"
"MM20250310DFWKJ","2025-03-28","Gallant Ocean Trading Co., Ltd","No.2 Min Gyi Ma Har Min Khaung Street Industrial Zone-2, Hlaing Thar Yar Township, Yangon, Myanmar., Hlaing Tharyar, Yangon","MM","Myanmar",16.8365715,96.0880741,"Animal Production|Fishing|Food|Food & Beverage|Food Industry","European Commission: TRACES – TRAde Control and Expert System [Public List]|Myanmar Trade Promotion Organization (Myantrade) [Public List] (Myantrade Directory of Exporters (as of March 2025))","","","","","","Shrimp Meat","False"
"MM20250310V2W55","2025-01-31","Ghani Win International Modern Processing Plant & Cold Storage","No.165, U Htun Nyo Street, Industrial Zone (3), Shwe Pyi Thar Township, Yangon Region, 11411 Shwepyithar, Yangon, Yangon","MM","Myanmar",16.9230481,96.08873249999999,"Animal Production|Fishing|Food|Food Industry","European Commission: TRACES – TRAde Control and Expert System [Public List]","","","","","","","False"
"MM202503110CFFJ","2025-01-31","Emdees Marine Products Myanmar Ltd.","No.21, Ward No. C-4, Hlaing Thar Yar Township, Yangon Region., Hlaing Tharyar, Yangon","MM","Myanmar",16.7979499,96.1252516,"Animal Production|Fishing|Food|Food Industry","European Commission: TRACES – TRAde Control and Expert System [Public List]","","","","","","","False"
"MM20250312838JE","2025-01-31","Thantwe Marine Product Co., Ltd","1st lane, 1st ward, Dwarwaddy Myothit, Thandwe Township, Rakhine State, Myanmar., 07171 Thandwe, Thandwe District, Rakhine","MM","Myanmar",18.466667,94.383333,"Animal Production|Fishing|Food|Food & Beverage|Food Industry","European Commission: TRACES – TRAde Control and Expert System [Public List]|Myanmar Trade Promotion Organization (Myantrade) [Public List] (Myantrade Directory of Exporters (as of March 2025))","","","","","","Shrimp Meat","False"
"MM20250312CJQ86","2025-01-31","Ayeyarwaddy Fisheries Limited","Yankin Taung Road, No(l) Quarter, 10271 Pathein, Ayeyarwady","MM","Myanmar",16.7753609,94.7381013,"Animal Production|Fishing|Food|Food & Beverage|Food Industry","European Commission: TRACES – TRAde Control and Expert System [Public List]|Myanmar Trade Promotion Organization (Myantrade) [Public List] (Myantrade Directory of Exporters (as of March 2025))","","","","","","Shrimp Meat","False"
"MM20250314S0TYW","2025-01-31","Gallant Ocean Production Co Ltd","No 2 Mingyinaha Minkhaung St, Industrial Zone-2, Hlaing Thar Yar Township, Yangon, Myanmar, 11081 Yangon, Yangon, Yangon","MM","Myanmar",16.8341487,96.230958,"Animal Production|Fishing|Food|Food Industry","European Commission: TRACES – TRAde Control and Expert System [Public List]","","","","","","","False"
"MM202503151T56J","2025-01-31","Shwe Myanmar Cold Store","No (92) U Pyo Hlaing Street, Industry Zone II, Dagon Seikkan, 11000 Yangon, Yangon, Yangon","MM","Myanmar",16.8317653,96.2294737,"Animal Production|Fishing|Food|Food Industry|Storage","European Commission: TRACES – TRAde Control and Expert System [Public List]","","","","","","","False"
"MM202503167RGZV","2025-01-31","Min Zar Ni Fisheries Co., LTD","No(2), Kha/1, Hlaing River Bank, Thaung Gyi Taung Quarter, Industrial Zone Part 6, Hlaing Thar Yar Township, 11000 Yangon, Yangon, Yangon","MM","Myanmar",16.8763589,96.0672247,"Animal Production|Fishing|Food|Food & Beverage|Food Industry","European Commission: TRACES – TRAde Control and Expert System [Public List]|Myanmar Trade Promotion Organization (Myantrade) [Public List] (Myantrade Directory of Exporters (as of March 2025))","","","","","","Shrimp Meat","False"
"MM20250316RKMP2","2025-01-31","Super Golden Crab Co.Ltd","3-Mile Myothit, Laputta, Township, Ayeyarwaddy Region, Myanmar, Labutta, Ayeyarwady","MM","Myanmar",16.149328,94.7562159,"Animal Production|Aquaculture|Fishing|Food|Food Industry","European Commission: TRACES – TRAde Control and Expert System [Public List]|Myanmar Trade Promotion Organization (Myantrade) [Public List] (Myantrade Directory of Exporters (as of March 2025))","","","","","","Aquatic Product","False"
"MM202503171WQ8A","2025-01-31","Global Lucky Fish Co., Ltd","No (430, 431), Seik Kan Thar Street, Shwe Lin Ban Industrial Zone, 25 Ward, Hlaing Thar Yar Township, 11000 Yangon, Yangon, Yangon","MM","Myanmar",16.914015,96.0652719,"Animal Production|Fishing|Food|Food & Beverage|Food Industry","European Commission: TRACES – TRAde Control and Expert System [Public List]|Myanmar Trade Promotion Organization (Myantrade) [Public List] (Myantrade Directory of Exporters (as of March 2025))|Myanmar Trade Promotion Organization (Myantrade) [Public List] (Myantrade Directory of Exporters (as of March 2025))","","","","","","Shrimp Meat|Prawn|Fish","False"
"MM202503176T5G3","2025-01-31","Myint Myat Hein Co., Ltd","No. 18, DOF compound, West Gyo Gone, lnsein Township, 11000 Yangon, Yangon, Yangon","MM","Myanmar",16.8978016,96.1077366,"Animal Production|Fishing|Food|Food & Beverage|Food Industry","European Commission: TRACES – TRAde Control and Expert System [Public List]|Myanmar Trade Promotion Organization (Myantrade) [Public List] (Myantrade Directory of Exporters (as of March 2025))","","","","","","Shrimp Meat","False"
"MM2025031810KSW","2025-01-31","Universal Cold Store.","No.38, 3rd Street, Ngwe Pin Lae Marine Product Industrial Zone, Hlaing Thar Yar Township, 11000 Yangon, Yangon, Yangon","MM","Myanmar",16.8819286,96.0573302,"Animal Production|Fishing|Food|Food Industry","European Commission: TRACES – TRAde Control and Expert System [Public List]","","","","","","","False"
"MM2025031CBFAYN","2025-01-31","MEF International Co., Ltd","C 10/11, Kyauk Mor Village, (3) Mile Myo Thit, Labutta, Ayeyarwady","MM","Myanmar",16.2013574,94.77925189999999,"Animal Production|Fishing|Food|Food Industry","European Commission: TRACES – TRAde Control and Expert System [Public List]","","","","","","","False"
"MM2025031GWCQZN","2025-01-31","Ocean Pacific Cold Storage","No 2/2, DOF compound, West Gyo Gone, Insein Township, 11000 Yangon, Yangon, Yangon","MM","Myanmar",16.8777848,96.1123745,"Animal Production|Fishing|Food|Food & Beverage|Food Industry","European Commission: TRACES – TRAde Control and Expert System [Public List]|Myanmar Trade Promotion Organization (Myantrade) [Public List] (Myantrade Directory of Exporters (as of March 2025))","","","","","","Shrimp Meat","False"
"MM2025031HWS6TD","2025-01-31","C.K. FROZEN FOODS YANGON CO., LTD","plot No(181), U Shwe Bin Street Industrial Zone (1), 113, East Dagon Myothit Township, Dagon, Yangon, Yangon","MM","Myanmar",16.9126237,96.0530378,"Animal Production|Fishing|Food|Food Industry","European Commission: TRACES – TRAde Control and Expert System [Public List]","","","","","","","False"
"MM2025031HZGG8Z","2025-01-31","Golden Myanmar Honey Co., Ltd","No.69, Conner of Thanlwin St and Malekha ST, Zone 5, Hlaing Thar Yar TSP, Yangon, 11000 Yangon, Yangon, Yangon","MM","Myanmar",16.8892395,96.04041869999999,"Animal Production|Food|Food Industry","European Commission: TRACES – TRAde Control and Expert System [Public List]","","","","","","","False"
"MM2025031JFBTW9","2025-01-31","The Unique Golden Country Honey Factory","No - 156, Myat Lay Street, Nyar Na Ward, Pearl MyoThit, Mingalardon Township, Yangon, Myanmar, Mingaladon, Yangon, Yangon","MM","Myanmar",16.9741855,96.1507877,"Animal Production|Food|Food Industry","European Commission: TRACES – TRAde Control and Expert System [Public List]","","","","","","","False"
"MM2025031JVCYGE","2025-01-31","Shwe Yamone Manufacturing Company Limited","No. 174(B), Seik Kan Thar Street, Industrial Zone (4), 11000 Yangon, Yangon, Yangon","MM","Myanmar",16.8839099,96.082247,"Animal Production|Fishing|Food|Food & Beverage|Food Industry","European Commission: TRACES – TRAde Control and Expert System [Public List]|Myanmar Trade Promotion Organization (Myantrade) [Public List] (Myantrade Directory of Exporters (as of March 2025))|Myanmar Trade Promotion Organization (Myantrade) [Public List] (Myantrade Directory of Exporters (as of March 2025))","","","","","","Shrimp Meat|Fish","False"
"MM2025031K7W2FE","2025-01-31","Pyi Phyo Tun International Co., Ltd.","Sin Ma Yin Thar, Pahtet Island, Ma Ai Village, Kyun Su Township, 14051 Myeik, Tanintharyi Region","MM","Myanmar",12.4333333,98.58333329999999,"Animal Production|Fishing|Food|Food Industry","European Commission: TRACES – TRAde Control and Expert System [Public List]","","","","","","","False"
"MM2025031P9TS0S","2025-01-31","Twin Brothers Seafood Cold Storage","No.50/52, Yan Naing Swe 2th Street, Tarkayta Township, 11000 Yangon, Yangon, Yangon","MM","Myanmar",16.833864,96.16184559999999,"Animal Production|Fishing|Food|Food Industry","European Commission: TRACES – TRAde Control and Expert System [Public List]","","","","","","","False"
"MM2025031QV21ZV","2025-01-31","Golden Bay Limited","No.2/2, Department of Fisheries Compound, Bayint Naung Road, 11000 Yangon, Yangon, Yangon","MM","Myanmar",16.8750541,96.10266089999999,"Animal Production|Fishing|Food|Food & Beverage|Food Industry","European Commission: TRACES – TRAde Control and Expert System [Public List]|Myanmar Trade Promotion Organization (Myantrade) [Public List] (Myantrade Directory of Exporters (as of March 2025))","","","","","","Shrimp Meat","False"
"MM2025031REQYKN","2025-01-31","Shwe Ngar Processing & Cold Storage Plant","No 85, Hlay Ah Thinn Wun U Chain Road, Industrial Zone 2, Hlaing Thar Yar Township, 11000 Yangon, Yangon, Yangon","MM","Myanmar",16.9365602,96.0735871,"Animal Production|Fishing|Food|Food & Beverage|Food Industry","European Commission: TRACES – TRAde Control and Expert System [Public List]|Myanmar Trade Promotion Organization (Myantrade) [Public List] (Myantrade Directory of Exporters (as of March 2025))|Myanmar Trade Promotion Organization (Myantrade) [Public List] (Myantrade Directory of Exporters (as of March 2025))","","","","","","Shrimp Meat|Freshwater Fish","False"
"MM2025031SYB19K","2025-01-31","SG Crabs World Limited","MEC Road, Thida Myaing Quarter, Kyauk Tan Township, 11000 Yangon, Yangon, Yangon","MM","Myanmar",16.5765342,96.4503434,"Animal Production|Aquaculture|Fishing|Food|Food Industry","European Commission: TRACES – TRAde Control and Expert System [Public List]|Myanmar Trade Promotion Organization (Myantrade) [Public List] (Myantrade Directory of Exporters (as of March 2025))","","","","","","Aquatic Product","False"
"MM2025031V1HTS7","2025-01-31","May Yu Marine Products Co., Ltd","No.525, May Yu St, Industrial Zone(l), South Dagon, 11000 Yangon, Yangon, Yangon","MM","Myanmar",16.8261744,96.2161613,"Animal Production|Fishing|Food|Food & Beverage|Food Industry","European Commission: TRACES – TRAde Control and Expert System [Public List]|Myanmar Trade Promotion Organization (Myantrade) [Public List] (Myantrade Directory of Exporters (as of March 2025))","","","","","","Black Gram|Fishes|Gram Whole","False"
"MM2025031VNNCKB","2025-01-31","The Unique Golden Country Co., Ltd","52/53 Shwe Hin Thar Lane 2, 11 Ward, 6.5 Mile, Hlaing Township Yangon, 11081 Hlaing, Yangon, Yangon","MM","Myanmar",16.846361,96.1369806,"Animal Production|Food|Food Industry","European Commission: TRACES – TRAde Control and Expert System [Public List]","","","","","","","False"
"MM2025031XCAEQZ","2025-01-31","Apiculture Resource and Business Development Center (ARBC) Limited, (Plan Bee Social Enterprise)","Subokone Quarter, Pindaya Taungship, Shan State, Pindaya, Taunggyi District, South Shan State, Shan State","MM","Myanmar",20.9368478,96.6664849,"Animal Production|Food|Food Industry","European Commission: TRACES – TRAde Control and Expert System [Public List]","","","","","","","False"
"MM2025031XG27TQ","2025-01-31","Smile Happy Co., Ltd.","No.212, Building B, Room No.201, Shwegondaing Tower, Shwegondaing Road, Bahan Tsp, 11201 Yangon, Yangon, Yangon","MM","Myanmar",16.805851,96.1547913,"Animal Production|Food|Food Industry","European Commission: TRACES – TRAde Control and Expert System [Public List]","","","","","","","False"
"MM2025031Y7HRVG","2025-01-31","Smile Happy Honey Factory","No.71, Kyunshwewah Street, Shwenanthar Sanpya Ward., Mingaladon, Yangon, Yangon","MM","Myanmar",16.9924578,96.1451139,"Animal Production|Food|Food Industry","European Commission: TRACES – TRAde Control and Expert System [Public List]","","","","","","","False"
"MM2025031ZA0DZW","2025-01-31","Yuzana Fisheries Ltd","23(B), KWIN KYAUNG STREET, AHLONE TOWNSHIP, 11000 Yangon, Yangon, Yangon","MM","Myanmar",16.792089,96.1238904,"Animal Production|Fishing|Food|Food & Beverage|Food Industry","European Commission: TRACES – TRAde Control and Expert System [Public List]|Myanmar Trade Promotion Organization (Myantrade) [Public List] (Myantrade Directory of Exporters (as of March 2025))","","","","","","Prawn|Shrimp Meat","False"
"MM20250431QDFYW","2025-02-11","V-TOP INDUSTRIES MYANMAR LIMITED","PLOT NO-353, MYAUNG DAGAR STEEL INDUSTRIAL ZONE, HMAWBI YANGON, MYANMAR, Myanmar","MM","Myanmar",17.1533377,96.02557379999999,"Toys","Ethical Supply Chain Program (Ethical Supply Chain Program certified supplier list valid Feb 2025)","","","","","","Electronic Toys","False"
"MM20250848PQPSK","2025-03-13","Hua Jiang Co., Ltd","No:233A, Than Chof Won Mue Sfree Shwe Lin Pan Indusfrial, Zone Hlaing Thaing Thar Yar Toownship, Yangon (Yangon)","MM","Myanmar",16.8517892,96.11786719999999,"Apparel","Benetton Group (2024 Benetton suppliers list)","","","PRINTING","Printing, Product Dyeing and Laundering","Printing","","False"
"MM2025084XCHK73","2025-03-13","Yong Wei Printing Printing Co., Ltd","No.124 A, L, R Indication Block No.42, Industrial Zone, Shwepyithar Tonship, Yangon (Yangon)","MM","Myanmar",16.9753379,96.07851040000001,"Apparel","Benetton Group (2024 Benetton suppliers list)","","","PRINTING","Printing, Product Dyeing and Laundering","Printing","","False"
"MM2025087011ZG3","2025-03-28","Guang Ming Garment Co., Ltd","138, Pyin Sin Min Thar Gyi Street, Shwelinban Industrial Zone, Hlaingtharya, Yangon","MM","Myanmar",16.914015,96.0652719,"Apparel","Myanmar Garment Manufacturers Association (MGMA) [Public List] (Myanmar Garment Manufacturers Association (Gathered March 2025))|Myanmar Trade Promotion Organization (Myantrade) [Public List] (Myantrade Directory of Exporters (as of March 2025))","","","","","","Snow Jacket (Men & Women)|Pants","False"
"MM202508702BGAS","2025-03-28","Patheinthar Co., Ltd","174/B, Seik Kan Thar Street, Industrial Zone (4), Hlaingtharya, Yangon","MM","Myanmar",16.8839099,96.082247,"Food|Food & Beverage","Myanmar Trade Promotion Organization (Myantrade) [Public List] (Myantrade Directory of Exporters (as of March 2025))","","","","","","Fish","False"
"MM20250870363XV","2025-03-28","Emdees Import & Export Pte Ltd","35, Ground Floor, Zalon Street, Sanchaung, Yangon","MM","Myanmar",16.8062178,96.13414309999999,"Food|Food & Beverage","Myanmar Trade Promotion Organization (Myantrade) [Public List] (Myantrade Directory of Exporters (as of March 2025))","","","","","","Beans|Tamarind|Fish|Pulses","False"
"MM2025087039020","2025-03-28","Asia Alpha Company Limited","No.84/A, Corner of Yaukkaw St & Hakha St, South Dagon, Industrial Zone 1, South Dagon Tsp, Yangon","MM","Myanmar",16.8382557,96.2188851,"Apparel","Myanmar Garment Manufacturers Association (MGMA) [Public List] (Myanmar Garment Manufacturers Association (Gathered March 2025))","","","","","","","False"
"MM202508703AF4J","2025-03-28","Dragon State Ltd","43/A, No.(3) Main Road, Pyinmabin Industrial Zone, Mingalardon, Yangon","MM","Myanmar",17.0078106,96.1441383,"Apparel","Myanmar Garment Manufacturers Association (MGMA) [Public List] (Myanmar Garment Manufacturers Association (Gathered March 2025))|Myanmar Trade Promotion Organization (Myantrade) [Public List] (Myantrade Directory of Exporters (as of March 2025))","","","","","","Uniform|Pants|Jackets","False"
"MM202508703C3Y2","2025-03-28","Emerald Fashion Co., Ltd","69/72, Mingyi Mahar Min Khaung Street, Industrial Zone - 3, Hlaingtharya, Yangon","MM","Myanmar",16.8665382,96.1275067,"Apparel","Myanmar Trade Promotion Organization (Myantrade) [Public List] (Myantrade Directory of Exporters (as of March 2025))","","","","","","Pants|Jumper (Men & Women)","False"
"MM202508703QCKB","2025-03-28","Eternal Victory General Trading Co., Ltd","310, Room-801, 8th Floor, War Tan Street, Win Shwe War Tower, Lanmadaw, Yangon","MM","Myanmar",16.7798993,96.1392974,"Food|Food & Beverage","Myanmar Trade Promotion Organization (Myantrade) [Public List] (Myantrade Directory of Exporters (as of March 2025))","","","","","","Rice|Broken Rice","False"
"MM202508704BH1K","2025-03-28","Pyae Phyo Aung Co., Ltd","No.74, 2nd Flr, Klar Dan St, Lower Block, Lanmadaw, Yangon","MM","Myanmar",16.776408,96.1407844,"Food|Food & Beverage","Myanmar Trade Promotion Organization (Myantrade) [Public List] (Myantrade Directory of Exporters (as of March 2025))","","","","","","Sticky Rice|Tamarind|Onion|Ginger|Black Gram","False"
"MM202508704MN76","2025-03-28","773","Inner of HleSu Street, (6)Quarter, Pathein ., 6 Quarter, Pathein","MM","Myanmar",16.7753609,94.7381013,"Food|Food & Beverage","Myanmar Trade Promotion Organization (Myantrade) [Public List] (Myantrade Directory of Exporters (as of March 2025))","","","","","","Pepper Sauce","False"
"MM20250870762EF","2025-03-28","New Way Industrial Co., Ltd","180/B, Kyansitthar Street, Industrial Zone (4), Hlaingtharya, Yangon","MM","Myanmar",16.8449009,96.2119282,"Footwear","Myanmar Trade Promotion Organization (Myantrade) [Public List] (Myantrade Directory of Exporters (as of March 2025))","","","","","","Shoes","False"
"MM2025087083Y3Y","2025-03-28","Thit Shwe Sin Trading Co., Ltd","271, 1st floor, Banya Dala Road, Ah Yoe Gone Ward, Tamwe, Yangon","MM","Myanmar",16.798007,96.1755692,"Food|Food & Beverage","Myanmar Trade Promotion Organization (Myantrade) [Public List] (Myantrade Directory of Exporters (as of March 2025))","","","","","","Black Gram|Sugar","False"
"MM202508708DZKS","2025-03-28","AYP (Ayeyar Prince Co., Ltd)","293/294, Seikkan Thar Street, Shwelinban, Hlaingtharya, Yangon","MM","Myanmar",16.7783423,96.16315589999999,"Food|Food & Beverage","Myanmar Trade Promotion Organization (Myantrade) [Public List] (Myantrade Directory of Exporters (as of March 2025))|Myanmar Trade Promotion Organization (Myantrade) [Public List] (Myantrade Directory of Exporters (as of March 2025))","","","","","","Rice|Rice","False"
"MM202508708QYGZ","2025-03-28","Myanmar Mujar Co., Ltd","40, 67 th St, Botahtaung, Yangon","MM","Myanmar",16.7729404,96.1812568,"Food|Food & Beverage","Myanmar Trade Promotion Organization (Myantrade) [Public List] (Myantrade Directory of Exporters (as of March 2025))","","","","","","Shrimp|Fish","False"
"MM2025087096Q80","2025-03-28","Green Hardwood Enterprise Ltd.","No.12, 123rd Street, Thapyaygone Ward, Mingalar Taung Nyunt T/S, Yangon., Mingalar Taung Nyunt, Yangon","MM","Myanmar",16.7888435,96.1720816,"Food|Food & Beverage","Myanmar Trade Promotion Organization (Myantrade) [Public List] (Myantrade Directory of Exporters (as of March 2025))","","","","","","Green Bean","False"
"MM20250870AMNKR","2025-03-28","Hydrodynamic Industrial (Myanmar) Co., Ltd","464/B, Corner of Yaw Atwin Wun U Phone Hlaing Street & Seikkan Thar Street, Shwelinban, Hlaingtharya, Yangon","MM","Myanmar",16.7742519,96.1630711,"Apparel","Myanmar Trade Promotion Organization (Myantrade) [Public List] (Myantrade Directory of Exporters (as of March 2025))","","","","","","Swim Suit","False"
"MM20250870CCHVP","2025-03-28","Linn Lett Star General Trading Co-Operative Ltd.","No.476, Zizawar Road, Yan Aung Quarter, Yangon., Latha, Yangon","MM","Myanmar",16.8036189,96.2154931,"Food|Food & Beverage","Myanmar Trade Promotion Organization (Myantrade) [Public List] (Myantrade Directory of Exporters (as of March 2025))","","","","","","Green Bean","False"
"MM20250870D2YWV","2025-03-28","Panda Textile Co., Ltd","No.18/A, Rm 3/4, 1st Flr, Bo Yar Nyunt St, Yaw Min Gyi Ward, Dagon, Yangon","MM","Myanmar",16.7841717,96.1553706,"Apparel","Myanmar Trade Promotion Organization (Myantrade) [Public List] (Myantrade Directory of Exporters (as of March 2025))","","","","","","Boy Shirt|Girl Shirt","False"
"MM20250870D39S4","2025-03-28","International Green Land Trading Company Limited","No.43, San Ywe Dan St, San Ywe DanWard, Thonze, Tharyarwaddy Tsp, Bago Region, Myanmar., Tharyarwaddy Tsp, Yangon","MM","Myanmar",17.6240225,95.7872522,"Food|Food & Beverage","Myanmar Trade Promotion Organization (Myantrade) [Public List] (Myantrade Directory of Exporters (as of March 2025))","","","","","","Rice","False"
"MM20250870DAYRZ","2025-03-28","Mann Int'l Co., Ltd","845, Pathein Street, Ward (10), Shwepyitha, Yangon","MM","Myanmar",16.9621358,96.0648179,"Food|Food & Beverage","Myanmar Trade Promotion Organization (Myantrade) [Public List] (Myantrade Directory of Exporters (as of March 2025))","","","","","","Black Gram|Sugar|Gram Whole","False"
"MM20250870FKACA","2025-03-28","Xin Long Chang Garment Co., Ltd","Holding No. (N 15, 14/1), Kwin No (475 A, Let Khoke Kwin North), Katokepayargyi Village Tract, Daik-U Tsp, Bago","MM","Myanmar",17.6573732,96.583769,"Apparel","Myanmar Garment Manufacturers Association (MGMA) [Public List] (Myanmar Garment Manufacturers Association (Gathered March 2025))","","","","","","","False"
"MM20250870FN8DB","2025-03-28","Shwe Nagar","105 miles, North East Gate, Mine Yu Village, Muse, Muse","MM","Myanmar",23.9808991,97.9783593,"Food|Food & Beverage","Myanmar Trade Promotion Organization (Myantrade) [Public List] (Myantrade Directory of Exporters (as of March 2025))","","","","","","Mango|Melon|Watermelon","False"
"MM20250870FSZSJ","2025-03-28","Sun Flower Co., Ltd","612, Gway Pin Kwin, Thidar Myaing Ward, Industrial Zone Street, Livestock Zone, Kyauktan, Yangon","MM","Myanmar",16.5765342,96.4503434,"Food|Food & Beverage","Myanmar Trade Promotion Organization (Myantrade) [Public List] (Myantrade Directory of Exporters (as of March 2025))","","","","","","Crab","False"
"MM20250870FYX62","2025-03-28","Alliance Eagles Group Agriculture Limited","(66/69) Corner of Kabaraye Pagoda Road & West Shwegondine Road, 910, 9th Floor, Yuzana Tower, Bahan Township, Yangon Region, Myanmar, Bahan, Yangon","MM","Myanmar",16.8062505,96.15460410000001,"Food|Food & Beverage","Myanmar Trade Promotion Organization (Myantrade) [Public List] (Myantrade Directory of Exporters (as of March 2025))","","","","","","Rice","False"
"MM20250870GDV1B","2025-03-28","Myanmar Shwe Ayeyar Company","Pyi Htaung Su Road, No.Ka/8, Kaung Mue Tone Quarter, Muse Township, Northern Shan State, Myanmar, Muse, Shan","MM","Myanmar",23.9932884,97.9102647,"Food|Food & Beverage","Myanmar Trade Promotion Organization (Myantrade) [Public List] (Myantrade Directory of Exporters (as of March 2025))","","","","","","Rice","False"
"MM20250870JS2WV","2025-03-28","MMW Enterprise Ltd","59/C, Mya Yar Gone Street, Tha Pyay Gone Ward, Mingalar Taungnyunt, Yangon","MM","Myanmar",16.7885457,96.17007509999999,"Food|Food & Beverage","Myanmar Trade Promotion Organization (Myantrade) [Public List] (Myantrade Directory of Exporters (as of March 2025))","","","","","","Black Gram|Pigeon Pea|Green Gram|Sesame","False"
"MM20250870KGVZF","2025-03-28","SMK Garment Co., Ltd I","64/65, Pyinsi Min Thar Gyi Street, Hlaingtharyar Industrial Zone, Hlaingtharya, Yangon","MM","Myanmar",16.8880467,96.04835899999999,"Apparel","Myanmar Trade Promotion Organization (Myantrade) [Public List] (Myantrade Directory of Exporters (as of March 2025))","","","","","","Shirt (Men)","False"
"MM20250870MQ5MP","2025-03-28","Matsuya R&D Myanmar Co.Ltd","Plot No.A7-2, Mingaladon Industrial Park, Corner of No-3 Highway Road & Khayebin Road, Mingalardon Tsp, Yangon","MM","Myanmar",16.9421429,96.1566754,"Apparel","Myanmar Garment Manufacturers Association (MGMA) [Public List] (Myanmar Garment Manufacturers Association (Gathered March 2025))","","","","","","","False"
"MM20250870N5T06","2025-03-28","Myanmar All Rich Garment Co., Ltd","No.(22-D/10), Kwin No. (50/Thit Nyo Kone Kwin), Telgyigone Rd, (11) Wards, Pathein Tsp","MM","Myanmar",16.7915973,94.7444378,"Apparel|Unspecified","An Auditor / Certification Scheme / Service Provider|Myanmar Garment Manufacturers Association (MGMA) [Public List] (Myanmar Garment Manufacturers Association (Gathered March 2025))","","","","","","","False"
"MM20250870NFRN3","2025-03-28","Royal River Trading Co., Ltd","521, Mogoke Street, Industrial Zone (1), South Dagon, Yangon","MM","Myanmar",16.8704983,96.24290450000001,"Wood Products","Myanmar Trade Promotion Organization (Myantrade) [Public List] (Myantrade Directory of Exporters (as of March 2025))","","","","","","Teak","False"
"MM20250870PKA6B","2025-03-28","Sioen (Myanmar) Limited","Plot No (75), U Chain Street & Plot No (102), Mah Kha Yar Min Thargyi Mg Pyoe Street, Hlaing Tharyar Industrial Zone (2), Hlaing Tharyar Township, Yangon.","MM","Myanmar",16.8819286,96.0573302,"Apparel","Myanmar Garment Manufacturers Association (MGMA) [Public List] (Myanmar Garment Manufacturers Association (Gathered March 2025))|Myanmar Trade Promotion Organization (Myantrade) [Public List] (Myantrade Directory of Exporters (as of March 2025))","","","","","","Safety Coat","False"
"MM20250870Q2WNW","2025-03-28","Newest Garment Manufacturing Co., Ltd","424, Mandalay Street, South Dagon Industrial Zone - 1, South Dagon, Yangon","MM","Myanmar",16.8324629,96.2224682,"Apparel","Myanmar Garment Manufacturers Association (MGMA) [Public List] (Myanmar Garment Manufacturers Association (Gathered March 2025))|Myanmar Trade Promotion Organization (Myantrade) [Public List] (Myantrade Directory of Exporters (as of March 2025))","","","","","","Pants|Blouse|Shirt","False"
"MM20250870Q92AY","2025-03-28","Adipati Agricultural Produce Trading Ltd","Satsan(12) Compound, Upper Pazundaung Road, Mingalar Taung Nyunt Township, Yangon, Myanmar., Mingalar Taung Nyunt, Yangon","MM","Myanmar",16.7875578,96.1773036,"Agriculture|Food|Food & Beverage","Myanmar Trade Promotion Organization (Myantrade) [Public List] (Myantrade Directory of Exporters (as of March 2025))|Myanmar Rice Federation [Public List] (Registered companies as of April 2025)","","","","","","Rice|Rice","False"
"MM20250870RP404","2025-03-28","Shinsung Tong Sang International Co., Ltd","20-23, 32-36, Shwepaukkan Industrial Zone, North Okkalapa, Yangon","MM","Myanmar",16.9586918,96.1632804,"Apparel","Myanmar Trade Promotion Organization (Myantrade) [Public List] (Myantrade Directory of Exporters (as of March 2025))","","","","","","Lille Jackets|Down Jackets|Down Vest|Long Pants (Men)|Short Pants (Men)","False"
"MM20250870S1CYP","2025-03-28","East Growth Garment Co., Ltd","7/8/9, Anawrahtar Street, Anarahtar Industrial Zone, Hlaingtharya, Yangon","MM","Myanmar",16.9126645,96.1443739,"Apparel","Myanmar Trade Promotion Organization (Myantrade) [Public List] (Myantrade Directory of Exporters (as of March 2025))","","","","","","Pants|Down Jackets","False"
"MM20250870S4AWN","2025-03-28","Sithar Coffee Co., Ltd","No.447, Aue Yeikthar (11) Street, New University Avenue Road, Bahan Township, Yangon, Myanmar., Bahan, Yangon","MM","Myanmar",16.8228064,96.1569096,"Beverages|Food & Beverage","Myanmar Trade Promotion Organization (Myantrade) [Public List] (Myantrade Directory of Exporters (as of March 2025))","","","","","","Coffee","False"
"MM20250870S5CA6","2025-03-28","Prasad Co., Ltd","47, 1st Floor, 29th Street, Lower Middle Block, Pabedan, Yangon","MM","Myanmar",16.8021992,96.13233129999999,"Food|Food & Beverage","Myanmar Trade Promotion Organization (Myantrade) [Public List] (Myantrade Directory of Exporters (as of March 2025))","","","","","","Black Gram|Pigeon Pea","False"
"MM20250870SW0W3","2025-03-28","Golden Jasmine Intimates Manufacturing International Co., Ltd","37, Corner of Seikkanthar Street & Pan Chat Wun U Shwe Oh, Hlaingtharyar Industrial Zone (2), Hlaingtharya, Yangon","MM","Myanmar",16.8545449,96.0712046,"Apparel","Myanmar Trade Promotion Organization (Myantrade) [Public List] (Myantrade Directory of Exporters (as of March 2025))","","","","","","Pajamas|Ladies Top|Pants","False"
"MM20250870TVS99","2025-03-28","E.C.S Co., Ltd","91, 39th Street, Lower Middle Block, Kyauktada, Yangon","MM","Myanmar",16.7728392,96.1634151,"Food|Food & Beverage","Myanmar Trade Promotion Organization (Myantrade) [Public List] (Myantrade Directory of Exporters (as of March 2025))","","","","","","Prawn|Fish|Crab","False"
"MM20250870V2T6F","2025-03-28","Top Co., Ltd","31/33, 5th Street, Lower Block, Lanmadaw, Yangon","MM","Myanmar",16.77345,96.14633959999999,"Agriculture|Food|Food & Beverage","Myanmar Trade Promotion Organization (Myantrade) [Public List] (Myantrade Directory of Exporters (as of March 2025))","","","","","","Cashew Nuts","False"
"MM20250870WABJN","2025-03-28","Myanmar Huasheng Kefu Fashion Company Limited","Plot No.23, Myay Taing Block No.21, Mya Sain Yaung Industrial Zone, Hlaing Thar Yar Tsp, Yangon","MM","Myanmar",16.8768695,96.0081699,"Apparel","MADE (MADE facility list for November 2023)|Myanmar Garment Manufacturers Association (MGMA) [Public List] (Myanmar Garment Manufacturers Association (Gathered March 2025))","","","","","","","False"
"MM20250870WVQ11","2025-03-28","Power Man (Bean Divide Machine)","No.Ka/64, May Yu 3 Street, Industries Zone, Pakokku ., Pakokku, Pakokku","MM","Myanmar",21.3339995,95.0713432,"Food|Food & Beverage","Myanmar Trade Promotion Organization (Myantrade) [Public List] (Myantrade Directory of Exporters (as of March 2025))","","","","","","Green Bean","False"
"MM20250870Y316T","2025-03-28","Green Land Coffee Co., Ltd","700/716, Upper Pazundaung Road, Ka Toh Seik Ward, Mingalar Taungnyunt, Yangon","MM","Myanmar",16.8028647,96.1881043,"Agriculture|Beverages|Food & Beverage","Myanmar Trade Promotion Organization (Myantrade) [Public List] (Myantrade Directory of Exporters (as of March 2025))","","","","","","Green Tea","False"
"MM20250870YTG1V","2025-03-28","Dae Kwang International Co., Ltd","213/215 & 222/224, Bo Tay Za Street, Block 18, Shwe Pauk Kan Industrial Zone, North Okkalapa, Yangon","MM","Myanmar",16.8061103,96.17301630000001,"Apparel","Myanmar Trade Promotion Organization (Myantrade) [Public List] (Myantrade Directory of Exporters (as of March 2025))|Myanmar Garment Manufacturers Association (MGMA) [Public List] (Myanmar Garment Manufacturers Association (Gathered March 2025))","","","","","","Shirt (Men & Women)|Pants|Jackets","False"
"MM20250870Z91ZT","2025-03-28","IPSC","105-A, Zion Hill St., Nant Thar Gone Ward, Insein, Yangon, Myanmar, Insein, Yangon","MM","Myanmar",16.8916824,96.1052387,"Oil & Gas","Myanmar Trade Promotion Organization (Myantrade) [Public List] (Myantrade Directory of Exporters (as of March 2025))","","","","","","","False"
"MM20250870Z97RS","2025-03-28","Merry Time Foods Myanmar Co., Ltd.","Building No.293, Room No.3, East Yankin, Yankin T/S, Yangon Region., Yankin, Yangong","MM","Myanmar",16.8295967,96.16264129999999,"Food|Food & Beverage","Myanmar Trade Promotion Organization (Myantrade) [Public List] (Myantrade Directory of Exporters (as of March 2025))","","","","","","Crab","False"
"MM202508710EE6N","2025-03-28","Satish Int'l Ltd","187/189, 2nd Floor, 37th Street, Upper Middle Block, Kyauktada, Yangon","MM","Myanmar",16.7891054,96.1701276,"Agriculture|Food|Food & Beverage","Myanmar Trade Promotion Organization (Myantrade) [Public List] (Myantrade Directory of Exporters (as of March 2025))","","","","","","Black Gram|Corn Seed|Pigeon Pea","False"
"MM2025087122SAT","2025-03-28","General Food Technology Indusrty Co., Ltd","2/2, Bay Kyin Street, Myanmar Fishery Enterprise Vehicles Compound, Insein, Yangon","MM","Myanmar",16.8750541,96.10266089999999,"Food|Food & Beverage","Myanmar Trade Promotion Organization (Myantrade) [Public List] (Myantrade Directory of Exporters (as of March 2025))","","","","","","Prawn","False"
"MM20250871375XZ","2025-03-28","Kaung YaNant International Trading Co., Ltd","No.18/1(A), Thirimingalar Street, Aung Chan Thar Ward, San Chaung Township, Yangon, Postal code 111111, Myanmar., San Chaung, Yangon","MM","Myanmar",16.7984944,96.1311722,"Food|Food & Beverage","Myanmar Trade Promotion Organization (Myantrade) [Public List] (Myantrade Directory of Exporters (as of March 2025))","","","","","","Butter Bean","False"
"MM202508713VM05","2025-03-28","Myue & Sue Garment Company Limited","Plot No.104, Mingyimahar Minkhaung Road, Myay Taing Block No.14, Shwe Than Lwin Industrial Zone, Hlaing Tharyar Tsp.","MM","Myanmar",16.8819286,96.0573302,"Apparel","A Brand / Retailer|A Brand / Retailer|Myanmar Garment Manufacturers Association (MGMA) [Public List] (Myanmar Garment Manufacturers Association (Gathered March 2025))|A Brand / Retailer|A Brand / Retailer|A Brand / Retailer|OVS Spa (OVS SPA SUPPLIERS LIST - TIER 1 FY2023)","933","SMK INTERNATIONAL CO.LTD","SHIRTS","","","","False"
"MM2025087143FFR","2025-03-28","Moe Myint Ko Co., Ltd","No-35, 2nd Flr, 35th St, Lower Block, Kyauktada, Yangon","MM","Myanmar",16.7767849,96.1608,"Apparel|Apparel Accessories|Consumer Products|Plastics","Myanmar Trade Promotion Organization (Myantrade) [Public List] (Myantrade Directory of Exporters (as of March 2025))","","","","","","Bag(Hand Bag &Long Bag)|Phone Accessories|Plastic Cap|Cotton Sport|Recycle Plastic Sheet","False"
"MM2025087145EW6","2025-03-28","Golden Composure Co., Ltd","26, Padaethar Street, Saw Yan Paing (South) Ward, Ahlone, Yangon","MM","Myanmar",16.8202295,96.1624114,"Food|Food & Beverage","Myanmar Trade Promotion Organization (Myantrade) [Public List] (Myantrade Directory of Exporters (as of March 2025))","","","","","","Rice|Broken Rice","False"
"MM202508714VDNM","2025-03-28","Golden Pollen Trading Co., Ltd","112-114, Bamaw Atwin Wun Street, Industrial Zone (2), Shwepyitha, Yangon","MM","Myanmar",16.920505,96.0597943,"Building Materials|Furniture|Wood Products","Myanmar Trade Promotion Organization (Myantrade) [Public List] (Myantrade Directory of Exporters (as of March 2025))","","","","","","Laminated wood|Decking","False"
"MM2025087150DBG","2025-03-28","Ocean Tiger Company Limited","Polt No(4) Narzitaung Sityonsu Quarter, Sittwe Township, Rakhine Region, Myanmar., Sittwe, Rakhine","MM","Myanmar",20.1527657,92.86768610000001,"Food|Food & Beverage","Myanmar Trade Promotion Organization (Myantrade) [Public List] (Myantrade Directory of Exporters (as of March 2025))","","","","","","Shrimp Meat","False"
"MM202508716KC6Y","2025-03-28","Golden Lace Co., Ltd.","No.26, Khay Mar St., Thiri Khay Mar Ward, Sanchaung T/S., Yangon., Sanchaung, Yangon","MM","Myanmar",16.801435,96.128231,"Food|Food & Beverage","Myanmar Trade Promotion Organization (Myantrade) [Public List] (Myantrade Directory of Exporters (as of March 2025))","","","","","","Rice","False"
"MM20250871781KP","2025-03-28","Silver Fish Islan Manufacturing Co., Ltd.","No.22, Ground Floor, New Thar Gi Street, Saw Yan Paing West Quarter, Ahlone T/S, Yangon Region., Ahlone, Yangong","MM","Myanmar",16.806376,96.129092,"Food|Food & Beverage","Myanmar Trade Promotion Organization (Myantrade) [Public List] (Myantrade Directory of Exporters (as of March 2025))","","","","","","Crab","False"
"MM202508717FKYT","2025-03-28","Myanmar CNFC Co., Ltd","No.32, Bamaw Ah Twin Wun St, IZ(3), Hlaingtharya, Yangon","MM","Myanmar",16.8819286,96.0573302,"Food|Food & Beverage","Myanmar Trade Promotion Organization (Myantrade) [Public List] (Myantrade Directory of Exporters (as of March 2025))","","","","","","Fish","False"
"MM202508717V3D5","2025-03-28","Cobes Industries(BII) Co., Ltd","Lot No.62Ka, No.1315, La Hpyor Yoe Kwin, Oakthar 9th Quarter, Bago Tsp, Bago","MM","Myanmar",17.3242025,96.4943769,"Apparel","Myanmar Garment Manufacturers Association (MGMA) [Public List] (Myanmar Garment Manufacturers Association (Gathered March 2025))","","","","","","","False"
"MM202508718GSY2","2025-03-28","Myanmar Fortress Wealth Garment Co., Ltd","Unit A5, No.E2, E, 3, E6, E7, E8, E9, E10, Myay Taing Block No.20, Corner of Anawrahta and Ayarwaddy Street, Anawrahta Industrial Zone Hlaing Tharyar Tsp, Yangon","MM","Myanmar",16.853816,96.0254232,"Apparel|Unspecified","4imprint (4imprint Supply Chain Site List - January 2026)|4imprint (4imprint Supply Chain Site List - January 2026)|Myanmar Garment Manufacturers Association (MGMA) [Public List] (Myanmar Garment Manufacturers Association (Gathered March 2025))","1488|1488","","Manufacturing","","Manufacturing|Manufacturing","","False"
"MM202508718PYM3","2025-03-28","Yelong Trading Co., Ltd","74, Yadanar Theik Pan Street, Mi Gyaung Kan Ward (3), Thingangyun, Yangon","MM","Myanmar",16.8337983,96.1741705,"Wood Products","Myanmar Trade Promotion Organization (Myantrade) [Public List] (Myantrade Directory of Exporters (as of March 2025))","","","","","","Sawed Wood","False"
"MM202508718ZZXP","2025-03-28","Golden Ocean King Co., Ltd","101, Tapin Shwe Htee Street, Mayangone, Yangon","MM","Myanmar",16.8003013,96.1948049,"Food|Food & Beverage","Myanmar Trade Promotion Organization (Myantrade) [Public List] (Myantrade Directory of Exporters (as of March 2025))","","","","","","Prawn|Fish|Crab","False"
"MM20250871BP6ZS","2025-03-28","San Mya Thaw Tar Manufacturing Co., Ltd","112, Mya Nandar Street, Thaketa Industrial Zone, Thaketa, Yangon","MM","Myanmar",16.8049606,96.20184700000001,"Apparel","Myanmar Trade Promotion Organization (Myantrade) [Public List] (Myantrade Directory of Exporters (as of March 2025))","","","","","","Blouse|T shirt","False"
"MM20250871C0K3N","2025-03-28","Euro World Int'l Co, Ltd","2, Kwan at thar min thar Street, Industrial Zone - 1, Dagon Seikkan, Yangon","MM","Myanmar",16.8520683,96.26946079999999,"Apparel","Myanmar Garment Manufacturers Association (MGMA) [Public List] (Myanmar Garment Manufacturers Association (Gathered March 2025))|Myanmar Trade Promotion Organization (Myantrade) [Public List] (Myantrade Directory of Exporters (as of March 2025))","","","","","","Coat|Jackets|T Shirt","False"
"MM20250871EJE12","2025-03-28","Cupid Star (Golden Zarmani Co., Ltd)","55, 3rd Floor, Shwe Dagon Pagoda Road, Lower Block, Latha, Yangon","MM","Myanmar",16.78367,96.1533558,"Food|Food & Beverage","Myanmar Trade Promotion Organization (Myantrade) [Public List] (Myantrade Directory of Exporters (as of March 2025))","","","","","","Black Gram|Bocake|Pigeon Pea","False"
"MM20250871FY5EK","2025-03-28","Young Generation Trading Co., Ltd","70, 4th Floor, Anawrahta Road, Kyauktada, Yangon","MM","Myanmar",16.7767855,96.1612099,"Agriculture|Food|Food & Beverage","Myanmar Trade Promotion Organization (Myantrade) [Public List] (Myantrade Directory of Exporters (as of March 2025))","","","","","","Tamarind|Broom","False"
"MM20250871GMBHK","2025-03-28","Diamond Eye Co., Ltd","C/55-A, Aung Thapyay Street, Bayintnaung Warehouse, Mayangone, Yangon","MM","Myanmar",16.869486,96.128247,"Food|Food & Beverage","Myanmar Trade Promotion Organization (Myantrade) [Public List] (Myantrade Directory of Exporters (as of March 2025))","","","","","","Black Gram","False"
"MM20250871K62GY","2025-03-28","Grand Sport International Ltd","42/53-B, Ka Naung Min Thar Gyi Street, SPT Industrial Zone (1), Shwepyitha, Yangon","MM","Myanmar",16.9015352,96.0728256,"Apparel","Myanmar Trade Promotion Organization (Myantrade) [Public List] (Myantrade Directory of Exporters (as of March 2025))","","","","","","Hoddies|Sport Wear|Knitting wears","False"
"MM20250871KX74E","2025-03-28","Yangon Fukuyama Apparel Company Limited.","No.310/A, Ta Pin Shwe Htee Street, War Ta Yar Industrial Zone, Shwe Pyi Thar Tsp, Yangon","MM","Myanmar",16.9622864,96.02292820000001,"Apparel","Myanmar Garment Manufacturers Association (MGMA) [Public List] (Myanmar Garment Manufacturers Association (Gathered March 2025))","","","","","","","False"
"MM20250871NPNK6","2025-03-28","Hman Mart Co., Ltd","78/81, Room - 1307, 13 Florr, Anawrahtar Road, Central Towner, Kyauktada, Yangon","MM","Myanmar",16.7767855,96.1612099,"Food|Food & Beverage","Myanmar Trade Promotion Organization (Myantrade) [Public List] (Myantrade Directory of Exporters (as of March 2025))","","","","","","Fish","False"
"MM20250871NW84G","2025-03-28","Preclo Myanmar Co., Ltd","No.(302, 302 (Extension), Myay Taing Block No. (42), Industrial Zone (1), Shwe Pyi Thar Tsp","MM","Myanmar",16.9400704,96.0986057,"Apparel","Myanmar Garment Manufacturers Association (MGMA) [Public List] (Myanmar Garment Manufacturers Association (Gathered March 2025))","","","","","","","False"
"MM20250871P57QC","2025-03-28","Ewha Knit Company Limited.","Plot No (218), Block No (25), Phan Chat Wun U Shwe Oh Street, Shwe Lin Ban Industrial Zone, Hlaing Tharyar Township, Yangon.","MM","Myanmar",16.8545449,96.0712046,"Apparel","Myanmar Garment Manufacturers Association (MGMA) [Public List] (Myanmar Garment Manufacturers Association (Gathered March 2025))|Myanmar Trade Promotion Organization (Myantrade) [Public List] (Myantrade Directory of Exporters (as of March 2025))","","","","","","Pants|Sport Wear|T shirt","False"
"MM20250871PZN30","2025-03-28","Jiang Tai Company Limited","No.96/B.Ahmayar Street, North Okkalapa Industrial Zone. North Okkalapa Township, Yangon Region., North Okkalapa, Yangon","MM","Myanmar",16.8942528,96.1576122,"Aquaculture","Myanmar Trade Promotion Organization (Myantrade) [Public List] (Myantrade Directory of Exporters (as of March 2025))","","","","","","Aquatic Product","False"
"MM20250871QM2WW","2025-03-28","Shokosha Myanmar Co., Ltd","0/4, No.(3) Main Road, Mingalardon Industrial Park, Mingalardon, Yangon","MM","Myanmar",16.9421429,96.1566754,"Consumer Products","Myanmar Trade Promotion Organization (Myantrade) [Public List] (Myantrade Directory of Exporters (as of March 2025))","","","","","","Clock Dial","False"
"MM20250871S5QV3","2025-03-28","Hla Myanmar General Trading & Services Co-Op Limited.","No (64/65), Oak Tha Pha Yar Road, Quarter (33), North Dagon Township, Yangon.","MM","Myanmar",16.78367,96.1533558,"Apparel","Myanmar Garment Manufacturers Association (MGMA) [Public List] (Myanmar Garment Manufacturers Association (Gathered March 2025))","","","","","","","False"
"MM20250871SK8S0","2025-03-28","Reton Industrial Co., Ltd","No.18, Myay Taing Block 21, Mya Sein Yaung Industrial Zone, Hlaing Tharyar Tsp, Yangon","MM","Myanmar",16.8792057,96.00182889999999,"Apparel","Myanmar Garment Manufacturers Association (MGMA) [Public List] (Myanmar Garment Manufacturers Association (Gathered March 2025))","","","","","","","False"
"MM20250871WAWQC","2025-03-28","Shwe Ywet Hla Manufacturing Company Limited.","No (86), Aung Zaya Street, Hlaing Tharyar Industrial Zone (7), Hlaing Tharyar Township, Yangon.","MM","Myanmar",16.7899204,96.1231433,"Apparel","Myanmar Garment Manufacturers Association (MGMA) [Public List] (Myanmar Garment Manufacturers Association (Gathered March 2025))|Myanmar Trade Promotion Organization (Myantrade) [Public List] (Myantrade Directory of Exporters (as of March 2025))","","","","","","Jackets|Shirt","False"
"MM20250871YJQF9","2025-03-28","Myanmar Golden web Trading Co., Ltd","8/C, Gabaraye Pagoda Road, 6 Ward, Yankin, Yangon","MM","Myanmar",16.8376004,96.15690110000001,"Mining","Myanmar Trade Promotion Organization (Myantrade) [Public List] (Myantrade Directory of Exporters (as of March 2025))","","","","","","Jade (Raw)","False"
"MM20250871YKJ0P","2025-03-28","Great Line Co., Ltd","115, 4th Floor, 46th Street, Botahtaung, Yangon","MM","Myanmar",16.7760141,96.1683142,"Wood Products","Myanmar Trade Promotion Organization (Myantrade) [Public List] (Myantrade Directory of Exporters (as of March 2025))","","","","","","Bamboo","False"
"MM20250871ZEDJZ","2025-03-28","Golden Delta Co., Ltd","1, Kanaung Min Thar Gyi Street, Hlaingtharya, Yangon","MM","Myanmar",16.9188097,96.083001,"Food|Food & Beverage","Myanmar Trade Promotion Organization (Myantrade) [Public List] (Myantrade Directory of Exporters (as of March 2025))","","","","","","Rice|Broken Rice","False"
"MM20250871ZT4S9","2025-03-28","Myanmar Dixinda Garment Co., Ltd","Unit 8, Plot No.E2, E3, E6, E7, E8, E9, E10, Myay Taing Block No.20, Anawrahta Industrial Zone, Hlaing Tharyar Tsp, Yangon","MM","Myanmar",16.8819286,96.0573302,"Apparel","Myanmar Garment Manufacturers Association (MGMA) [Public List] (Myanmar Garment Manufacturers Association (Gathered March 2025))","","","","","","","False"
"MM202508720J7DT","2025-03-28","XY Trading Co., Ltd","L/9, 2nd Floor, Nwe Thar Gi Street, Bayint Naung Warehouse, Mayangone, Yangon","MM","Myanmar",16.7822331,96.1306794,"Food|Food & Beverage","Myanmar Trade Promotion Organization (Myantrade) [Public List] (Myantrade Directory of Exporters (as of March 2025))","","","","","","Rice|Pulses|Beans","False"
"MM202508720X62S","2025-03-28","Myanmar Golden Brothers Group","Room-14, Mya Yee Pearl Road, Kan Nee Fishery Zone, Shwe Hinthar Ward, Kawthaung, Kawthaung","MM","Myanmar",9.9958108,98.5528746,"Food|Food & Beverage","Myanmar Trade Promotion Organization (Myantrade) [Public List] (Myantrade Directory of Exporters (as of March 2025))","","","","","","Squid|Crab|Prawn|Fish|Shells","False"
"MM202508721P6N6","2025-03-28","International Best Business Group Co., Ltd","3/B, Aung Thiekdi Kyaung Street, Parmaukha Lane, 13 Ward, Mayangone, Yangon","MM","Myanmar",16.8526365,96.12319579999999,"Food|Food & Beverage","Myanmar Trade Promotion Organization (Myantrade) [Public List] (Myantrade Directory of Exporters (as of March 2025))","","","","","","Sesame|Sesame Powder","False"
"MM202508721SJ77","2025-03-28","Hanien Manufacturing Co., Ltd","300, 42 Ward, 4th Street, Kyoug Street, Shwepyithar, Shwepyitha, Yangon","MM","Myanmar",16.882904,96.17258559999999,"Apparel","Myanmar Trade Promotion Organization (Myantrade) [Public List] (Myantrade Directory of Exporters (as of March 2025))","","","","","","Short Pants|Long Coat|Shirt|Long Pants","False"
"MM202508722GZ49","2025-03-28","Myanmar Golden Star Co., Ltd","Bldg 23/24 2nd Flr, Bahai Housing, Lanmadaw, Yangon","MM","Myanmar",16.8812283,96.065635,"Food|Food & Beverage","Myanmar Trade Promotion Organization (Myantrade) [Public List] (Myantrade Directory of Exporters (as of March 2025))","","","","","","Rice|Pulses|Beans","False"
"MM202508724H2BP","2025-03-28","Mianyi MFG Co.Ltd","No.66, Min Theikdi Kyaw Swar Road, Hlaing Tharyar Industrial 3, Hlaing Tharyar Tsp, Ygn","MM","Myanmar",16.8546709,96.0688165,"Apparel","Myanmar Garment Manufacturers Association (MGMA) [Public List] (Myanmar Garment Manufacturers Association (Gathered March 2025))","","","","","","","False"
"MM202508725X1WK","2025-03-28","Htoo-3","3/Zamyinzwe, Bayint Naung Rd., Infront Of Bayint Naung Market, Mayangone, Yangon, Myanmar, Mayangone, Yangon","MM","Myanmar",16.8667991,96.1075888,"Oil & Gas","Myanmar Trade Promotion Organization (Myantrade) [Public List] (Myantrade Directory of Exporters (as of March 2025))","","","","","","","False"
"MM202508725ZT3N","2025-03-28","Aung Sein Lin Co., Ltd","85, Yauk Kaw Street, Industrial Zone (1), South Dagon, Yangon","MM","Myanmar",16.8331901,96.2190635,"Wood Products","Myanmar Trade Promotion Organization (Myantrade) [Public List] (Myantrade Directory of Exporters (as of March 2025))","","","","","","Laminated wood","False"
"MM202508726B33B","2025-03-28","Mya Yar Myay Trading Co., Ltd.","No.(39/A), 1st Floor, Thiri Mon Street, Mayagone T/S, Yangon., Mayagone, Yangon","MM","Myanmar",16.8583519,96.1044941,"Food|Food & Beverage","Myanmar Trade Promotion Organization (Myantrade) [Public List] (Myantrade Directory of Exporters (as of March 2025))","","","","","","Green Bean","False"
"MM202508729NV8N","2025-03-28","Meikta Aung Company Limited.","No (53), Tine Tar Min Gyi Road, East Dagon Industrial Zone (2), East Dagon Township, Yangon.","MM","Myanmar",16.8908169,96.2508702,"Apparel","Myanmar Garment Manufacturers Association (MGMA) [Public List] (Myanmar Garment Manufacturers Association (Gathered March 2025))","","","","","","","False"
"MM20250872CT9HM","2025-03-28","JMKS Co., Ltd","Aye Mya Tharyar village tract, Oakpo, Tharyarwaddy, Bago","MM","Myanmar",18.0932365,95.7405139,"Apparel","Myanmar Trade Promotion Organization (Myantrade) [Public List] (Myantrade Directory of Exporters (as of March 2025))","","","","","","Jackets","False"
"MM20250872E4FWH","2025-03-28","Tailor Garment Maufacturing Company Limited.","No (103), Wet Ma Soat Wun Htauk Street, Hlaing Tharyar Industrial Zone (4), Hlaing Tharyar Township, Yangon.","MM","Myanmar",16.8819286,96.0573302,"Apparel","Myanmar Garment Manufacturers Association (MGMA) [Public List] (Myanmar Garment Manufacturers Association (Gathered March 2025))|Myanmar Trade Promotion Organization (Myantrade) [Public List] (Myantrade Directory of Exporters (as of March 2025))","","","","","","Rain Coat","False"
"MM20250872ETKK2","2025-03-28","Esung Myanmar Co., Ltd","520, Moe Goke Street, 23 Block, Industrial Zone - 1, South Dagon, Yangon","MM","Myanmar",16.8302511,96.224238,"Apparel","Myanmar Garment Manufacturers Association (MGMA) [Public List] (Myanmar Garment Manufacturers Association (Gathered March 2025))|Myanmar Trade Promotion Organization (Myantrade) [Public List] (Myantrade Directory of Exporters (as of March 2025))","","","","","","Lugget|Car Cover","False"
"MM20250872EZ8HT","2025-03-28","Cho Cho Industry Co., Ltd","69, Twin Thin Htike Won U Tun Nyo Street, Zone (2) Hlaing Thar Yar Tsp, Yangon., Hlaing Thar Yar, Yangon","MM","Myanmar",16.8594225,96.12915129999999,"Food|Food & Beverage","Myanmar Trade Promotion Organization (Myantrade) [Public List] (Myantrade Directory of Exporters (as of March 2025))","","","","","","Rice Noodle|Shin Shin Instant Rice Noodle","False"
"MM20250872FJV9S","2025-03-28","Garment & Process Global Co., Ltd","142/106, Cherry Street, Shwepyithar Industrial Zone (1), Shwepyitha, Yangon","MM","Myanmar",16.9337149,96.0872415,"Apparel","Myanmar Garment Manufacturers Association (MGMA) [Public List] (Myanmar Garment Manufacturers Association (Gathered March 2025))|Myanmar Trade Promotion Organization (Myantrade) [Public List] (Myantrade Directory of Exporters (as of March 2025))","","","","","","Sport Wear|Short Pants|Down Jackets","False"
"MM20250872FQ6XX","2025-03-28","Yan Yang Int'l Trading Co., Ltd","18, 1st Floor, 88th Street, Kan Daw Kalay (West) Ward, Mingalar Taungnyunt, Yangon","MM","Myanmar",16.7878863,96.1633811,"Agriculture|Food|Food & Beverage","Myanmar Trade Promotion Organization (Myantrade) [Public List] (Myantrade Directory of Exporters (as of March 2025))","","","","","","Tumeric Fingers|Ginger","False"
"MM20250872FVRE4","2025-03-28","MEF International Company Limited.","No.C 10-11, Industrial Zone, Laputta Township Ayeyarwaddy Region, Laputta, Ayeyarwaddy","MM","Myanmar",16.149328,94.7562159,"Aquaculture","Myanmar Trade Promotion Organization (Myantrade) [Public List] (Myantrade Directory of Exporters (as of March 2025))","","","","","","Aquatic Product","False"
"MM20250872G8WGR","2025-03-28","Aung Myat Phyo Co., Ltd","No.17, 11 st Street, Lanmadaw, Yangon","MM","Myanmar",16.7770715,96.1438922,"Wood Products","Myanmar Trade Promotion Organization (Myantrade) [Public List] (Myantrade Directory of Exporters (as of March 2025))","","","","","","Laminated wood","False"
"MM20250872HQRYJ","2025-03-28","Conflate Jade & Jewellery","No.S/6-A, Mahar Aung Myay Jade Market Mandalay, Chan Aye Thar San, Mandalay","MM","Myanmar",21.9627611,96.0706467,"Apparel Accessories","Myanmar Trade Promotion Organization (Myantrade) [Public List] (Myantrade Directory of Exporters (as of March 2025))","","","","","","Jewellery|Gems","False"
"MM20250872J493P","2025-03-28","One of Front Co., Ltd","83, Daw Phwar Shin Street, Zone (1), Hlaingtharya, Yangon","MM","Myanmar",16.9086656,96.0762448,"Apparel","Myanmar Trade Promotion Organization (Myantrade) [Public List] (Myantrade Directory of Exporters (as of March 2025))","","","","","","Sweater","False"
"MM20250872JGA77","2025-03-28","Super Coffee Mix Limited","No.185/190, Room-902, Pansodan Tower, Pansodan Street, Kyauktada Township, Yangon., Kyauktada, Yangon","MM","Myanmar",16.7730784,96.1618354,"Food|Food & Beverage","Myanmar Trade Promotion Organization (Myantrade) [Public List] (Myantrade Directory of Exporters (as of March 2025))","","","","","","Food Stuff","False"
"MM20250872JKY2S","2025-03-28","Shwe Bo Minthamee Co., Ltd","12, Nwal Ni Street, Saw Yan Paing (West) Ward, Ahlone, Yangon","MM","Myanmar",16.6739313,96.1405236,"Wood Products","Myanmar Trade Promotion Organization (Myantrade) [Public List] (Myantrade Directory of Exporters (as of March 2025))","","","","","","Thanakha","False"
"MM20250872K2YY5","2025-03-28","Eura Myanmar Hair Co., Ltd","37, Phan Chet Wun U Shwe Ohe Street, East Dagon Industrial Zone, East Dagon, Yangon","MM","Myanmar",16.9333352,96.30134319999999,"Unspecified","Myanmar Trade Promotion Organization (Myantrade) [Public List] (Myantrade Directory of Exporters (as of March 2025))","","","","","","Artificial hair for women|Cosmetics","False"
"MM20250872K38WE","2025-03-28","Diamond Double Stam Co., Ltd","28, Ngu War Street, Aye Yeik Mon Housing, Hlaing, Yangon","MM","Myanmar",16.8379817,96.1199262,"Food|Food & Beverage","Myanmar Trade Promotion Organization (Myantrade) [Public List] (Myantrade Directory of Exporters (as of March 2025))","","","","","","Black Gram","False"
"MM20250872NBEJM","2025-03-28","Myanmar Inno Co., Ltd","19, 1/2 mile, Pyay Road, Pyinmabin Zone, Mingalardon, Yangon","MM","Myanmar",16.907404,96.1293014,"Apparel","Myanmar Garment Manufacturers Association (MGMA) [Public List] (Myanmar Garment Manufacturers Association (Gathered March 2025))|Myanmar Trade Promotion Organization (Myantrade) [Public List] (Myantrade Directory of Exporters (as of March 2025))","","","","","","Blouse","False"
"MM20250872NWETD","2025-03-28","Wonderful Apparel Company Limited","No.294, 295, 296 Myaungtagar Thanmani Industrial Zone, Hmawbi Tsp, Yangon","MM","Myanmar",17.1813044,95.9753267,"Apparel","Myanmar Garment Manufacturers Association (MGMA) [Public List] (Myanmar Garment Manufacturers Association (Gathered March 2025))","","","","","","","False"
"MM20250872QRW43","2025-03-28","Vardacn Steel & Agro Science Ltd","No, 437, RM 6/2, 6th Floor, Merchant Road, Yadanar Myaing Condo, Botahtaung, Yangon","MM","Myanmar",16.7761023,96.1689619,"Food|Food & Beverage","Myanmar Trade Promotion Organization (Myantrade) [Public List] (Myantrade Directory of Exporters (as of March 2025))","","","","","","Tumeric Fingers|Beans","False"
"MM20250872S3PPW","2025-03-28","East Star Machinery Trading Co., Ltd.","673/674, Thiri Mingalar St., Ward (6), Hlaing Thar Yar, Yangon, Myanmar, Hlaing Thar Yar, Yangon","MM","Myanmar",16.8408516,96.1253802,"Machinery Manufacturing|Manufacturing","Myanmar Trade Promotion Organization (Myantrade) [Public List] (Myantrade Directory of Exporters (as of March 2025))","","","","","","Machinery","False"
"MM20250872SDXC3","2025-03-28","Myint Myat Hein Cold Store (Myeik)","Inlay Myaing Ward, Industrial Zone, Near Fish Auction Market, Myeik Township, Tanintharyi Region, Myanmar, Myeik, Tanitharyi","MM","Myanmar",12.4492291,98.62706279999999,"Food|Food & Beverage","Myanmar Trade Promotion Organization (Myantrade) [Public List] (Myantrade Directory of Exporters (as of March 2025))","","","","","","Shrimp Meat","False"
"MM20250872SXEWM","2025-03-28","Dishery Fashion Myanmar Co., Ltd","95/96-Kha, Myay Taing Blk 14, Min Gyi Mahar Min Khaung Street, Shwethanlwin, Hlaingtharya, Yangon","MM","Myanmar",16.8365715,96.0880741,"Apparel","Myanmar Trade Promotion Organization (Myantrade) [Public List] (Myantrade Directory of Exporters (as of March 2025))","","","","","","Long Coat","False"
"MM20250872T472V","2025-03-28","ABAB Myanmar Co., Ltd","219, 37th Street, Upper Blk, Kyauktada, Yangon","MM","Myanmar",16.7780438,96.1623142,"Wood Products","Myanmar Trade Promotion Organization (Myantrade) [Public List] (Myantrade Directory of Exporters (as of March 2025))","","","","","","Rattan","False"
"MM20250872V07VH","2025-03-28","Royal Ruby Manufacturing Co., Ltd.","No.(84), (64)wards, Badewon U Shwe Bin Street, Industrial Zone(3), Shewpyithar T/S, Yangon","MM","Myanmar",16.9126237,96.0530378,"Pharmaceuticals","Myanmar Trade Promotion Organization (Myantrade) [Public List] (Myantrade Directory of Exporters (as of March 2025))","","","","","","Medicine","False"
"MM20250872W46QH","2025-03-28","Mawlamyaing Holdings Ltd","Than Lwin Garden Street, Bo Gone Ward, Mawlamyine, Mawlamyaing","MM","Myanmar",16.4684505,97.6273506,"Food|Food & Beverage","Myanmar Trade Promotion Organization (Myantrade) [Public List] (Myantrade Directory of Exporters (as of March 2025))","","","","","","Fish|Prawn","False"
"MM20250872W7KHV","2025-03-28","Than Lar Mon Trading Co., Ltd","Room-906, 8th Floor, Bargayar Road, Bargayar Conda, Sanchaung, Yangon","MM","Myanmar",16.8040016,96.13228559999999,"Food|Food & Beverage","Myanmar Trade Promotion Organization (Myantrade) [Public List] (Myantrade Directory of Exporters (as of March 2025))","","","","","","Black Gram|Green Gram","False"
"MM20250872WHYKJ","2025-03-28","Annawa Trade Park Marine Products Co., ltd","104, Yadanar Theingi Street, Industrial Zone (7), Hlaingtharya, Yangon","MM","Myanmar",16.8830095,96.0791184,"Food|Food & Beverage","Myanmar Trade Promotion Organization (Myantrade) [Public List] (Myantrade Directory of Exporters (as of March 2025))","","","","","","Freshwater Fish","False"
"MM20250872WKMRF","2025-03-28","Maung Sein(U)&Family Co., Ltd","No.139, 1st Flr, 27th St., Upper Middle Block, Pabedan, Yangon","MM","Myanmar",16.7776497,96.1566754,"Food|Food & Beverage","Myanmar Trade Promotion Organization (Myantrade) [Public List] (Myantrade Directory of Exporters (as of March 2025))","","","","","","Black Gram|Ginger|Sesame|Tamarind","False"
"MM20250872WSJSM","2025-03-28","Myanmar Kaido Co., Ltd.","242/243, De Pe Yinn Wun Htauk U Myel St., Shwe Linban Industrial Zone, Hlaing Thar Yar, Yangon, Myanmar, Hlaing Thar Yar, Yangon","MM","Myanmar",16.9022615,96.0652719,"Machinery Manufacturing|Manufacturing","Myanmar Trade Promotion Organization (Myantrade) [Public List] (Myantrade Directory of Exporters (as of March 2025))","","","","","","Machinery","False"
"MM20250872X3THZ","2025-03-28","Laser World Family trading Company Limited","No.166, 34 Street, Kyauktada Township, Yangon, Myanmar., Kyauktada, Yangon","MM","Myanmar",16.7775042,96.1599404,"Agriculture|Food|Food & Beverage","Myanmar Trade Promotion Organization (Myantrade) [Public List] (Myantrade Directory of Exporters (as of March 2025))|Myanmar Rice Federation [Public List] (Registered companies as of April 2025)","","","","","","Rice|Rice","False"
"MM20250872Y062T","2025-03-28","Myanmar Haiding Import & Export Co., Ltd.","D/11, Bayint Naung Rd., Shwe Pin Lon Housing, Ward (27), North Dagon, Yangon, Myanmar, North Dagon, Yangon","MM","Myanmar",16.8569445,96.20024099999999,"Machinery Manufacturing|Manufacturing","Myanmar Trade Promotion Organization (Myantrade) [Public List] (Myantrade Directory of Exporters (as of March 2025))","","","","","","Machinery","False"
"MM20250872Y4E48","2025-03-28","Khetan Co., Ltd.","No.79/81, Room No, 201/202, Central Tower, Anawrahta Road, Kyauktada T/S, Yangon., Kyauktada, Yangon","MM","Myanmar",16.7765363,96.16399589999999,"Food|Food & Beverage","Myanmar Trade Promotion Organization (Myantrade) [Public List] (Myantrade Directory of Exporters (as of March 2025))","","","","","","Green Bean","False"
"MM20250872ZDJXF","2025-03-28","Korea Link","68, Min Thitdi Kyaw Swar Street, Zone (3), Hlaingtharya, Yangon","MM","Myanmar",16.8815705,96.0466821,"Apparel","Myanmar Trade Promotion Organization (Myantrade) [Public List] (Myantrade Directory of Exporters (as of March 2025))","","","","","","Pants|Coat|Jackets","False"
"MM2025087305VB0","2025-03-28","Toe Tet International Co., Ltd","6, Padauk Street, Aye Yeik Mon Housing, Hlaing, Yangon","MM","Myanmar",16.8379817,96.1199262,"Food|Food & Beverage","Myanmar Trade Promotion Organization (Myantrade) [Public List] (Myantrade Directory of Exporters (as of March 2025))","","","","","","Dried Prawn|Salted Fish","False"
"MM2025087327GXB","2025-03-28","MAYLP Agriculture Company Limited","No(16-A), V-4 Road, Sakhinathiri Tsp, Hotel Zone(3) Nay Pyi Taw, Myanmar., Dat Khina Thri, Nay Pyi Taw","MM","Myanmar",19.7061604,96.1135625,"Food|Food & Beverage","Myanmar Trade Promotion Organization (Myantrade) [Public List] (Myantrade Directory of Exporters (as of March 2025))","","","","","","Rice","False"
"MM2025087328YXT","2025-03-28","Shin Kong Int'l Co., Ltd","20, 19th Street, Lower Block, Latha, Yangon","MM","Myanmar",16.7755583,96.14957930000001,"Food|Food & Beverage","Myanmar Trade Promotion Organization (Myantrade) [Public List] (Myantrade Directory of Exporters (as of March 2025))","","","","","","Black Gram|Onion|Green Gram|Tamarind","False"
"MM20250873291GH","2025-03-28","Shwe Kyal Pwint Co., Ltd","Rm 21, Mya Yee Pearl Road, Shwe Hinthar Ward, Kawthaung, Kawthaung","MM","Myanmar",9.9958108,98.5528746,"Food|Food & Beverage","Myanmar Trade Promotion Organization (Myantrade) [Public List] (Myantrade Directory of Exporters (as of March 2025))","","","","","","Squid|Crab|Prown|Fish|Shells","False"
"MM20250873310HA","2025-03-28","Win Shwe Sin Co., Ltd","No.88 (B), Strand Road, Kyeemyindine, Yangon","MM","Myanmar",16.7692367,96.1621521,"Furniture|Wood Products","Myanmar Trade Promotion Organization (Myantrade) [Public List] (Myantrade Directory of Exporters (as of March 2025))","","","","","","Diterocarpus|Wood|Teak","False"
"MM202508733J0W6","2025-03-28","A&T International Co., Ltd","150, Damazayti Road, Bahan Township, yangon., Bahan, Yangon","MM","Myanmar",16.8840396,96.1622075,"Beverages|Food & Beverage","Myanmar Trade Promotion Organization (Myantrade) [Public List] (Myantrade Directory of Exporters (as of March 2025))","","","","","","A&T Bakery","False"
"MM202508734A3BH","2025-03-28","M.Daeyoung Electronic Co., Ltd","20, U Phone Hlaing Street, Industrial Zone (1), Dagon Seikkan, Yangon","MM","Myanmar",16.8277062,96.2656128,"Electronics","Myanmar Trade Promotion Organization (Myantrade) [Public List] (Myantrade Directory of Exporters (as of March 2025))","","","","","","Voice Coin|Electronic Speaker","False"
"MM202508734ZB25","2025-03-28","Shwe Sin Oo Trading Co., Ltd.","No.16, 1st Floor, Sint Oh Dan Street, Latha T/S, Yangon., Latha, Yangon","MM","Myanmar",16.7747295,96.1489731,"Food|Food & Beverage","Myanmar Trade Promotion Organization (Myantrade) [Public List] (Myantrade Directory of Exporters (as of March 2025))","","","","","","Green Bean","False"
"MM202508735J4AT","2025-03-28","Golden Trident Co., Ltd","82, Shwe Bon Tha Street, Lower Middle Block, Pabedan, Yangon","MM","Myanmar",16.7730921,96.15599370000001,"Food|Food & Beverage","Myanmar Trade Promotion Organization (Myantrade) [Public List] (Myantrade Directory of Exporters (as of March 2025))","","","","","","Black Gram|Pigeon Pea","False"
"MM202508736P3D1","2025-03-28","Honda Myanmar Co., Ltd","31 St, Bet 77x78 St, Yuzana (1+2), Kitsanamahi Quarter, Chan Aye Thar Zan T/s, Mandalay, Myanmar., Chan Aye Thar Zan, Mandalay","MM","Myanmar",21.973015,96.07592419999999,"Rubber Products","Myanmar Trade Promotion Organization (Myantrade) [Public List] (Myantrade Directory of Exporters (as of March 2025))","","","","","","Rubber","False"
"MM202508736ZTJ6","2025-03-28","Dana Nadi Co., Ltd","291, Sat Hmue 5th Street, Myittar Nyunt Industrial Ward, Tamwe, Yangon","MM","Myanmar",16.8120943,96.1831947,"Agriculture|Food|Food & Beverage","Myanmar Trade Promotion Organization (Myantrade) [Public List] (Myantrade Directory of Exporters (as of March 2025))","","","","","","Ginger|Tamarind","False"
"MM2025087376ZPQ","2025-03-28","Bhome Yaung Chi Co., Ltd","105 miles, Kyal Hman Sein Block, Mine Yu Village, Muse, Muse","MM","Myanmar",23.9808991,97.9783593,"Food|Food & Beverage","Myanmar Trade Promotion Organization (Myantrade) [Public List] (Myantrade Directory of Exporters (as of March 2025))","","","","","","Rice|Yellow Maize|Green Gram|Peanut|Sesame","False"
"MM202508737TDFJ","2025-03-28","Phone Pyae Zaw Trading Company Limited","No.(280), Swam, Saw-3 Road, Muse Township, Shan State, Myanmar., Muse Township, Yangon","MM","Myanmar",23.9932884,97.9102647,"Food|Food & Beverage","Myanmar Trade Promotion Organization (Myantrade) [Public List] (Myantrade Directory of Exporters (as of March 2025))","","","","","","Rice","False"
"MM2025087387V21","2025-03-28","KGG Garment Co., Ltd","1-D/E, kanaung Min Thar Gyi Street, Industrial Zone (2), Dagon Seikkan, Yangon","MM","Myanmar",16.9188097,96.083001,"Apparel","Myanmar Trade Promotion Organization (Myantrade) [Public List] (Myantrade Directory of Exporters (as of March 2025))","","","","","","Coat|Jackets","False"
"MM202508739RKPZ","2025-03-28","BFC Men's Fashion Company Limited.","No (18), Minnandar Street, Bo Tun Zan Quarter, Dawpone Township, Yangon.","MM","Myanmar",16.7944155,96.1943648,"Apparel","Myanmar Garment Manufacturers Association (MGMA) [Public List] (Myanmar Garment Manufacturers Association (Gathered March 2025))","","","","","","","False"
"MM20250873A6ETD","2025-03-28","Golden Mountain Co., Ltd","44, Thein Phyu Street, Pazundaung, Yangon","MM","Myanmar",16.7839434,96.1675693,"Food|Food & Beverage","Myanmar Trade Promotion Organization (Myantrade) [Public List] (Myantrade Directory of Exporters (as of March 2025))","","","","","","Black Gram|Green Gram|Rice","False"
"MM20250873ABEVK","2025-03-28","Top Htay Company Limited.","No (21), Yangon Industrial Zone, Mingaladon Garden City, Mingaladon Township, Yangon.","MM","Myanmar",16.9586918,96.1632804,"Apparel","Myanmar Garment Manufacturers Association (MGMA) [Public List] (Myanmar Garment Manufacturers Association (Gathered March 2025))","","","","","","","False"
"MM20250873AXRJ6","2025-03-28","Trade Canal Co., Ltd.","No.7, First Floor, 12nd Street, (5) Ward, Lanmadaw T/S, Yangon., Lanmadaw, Yangon","MM","Myanmar",16.7767354,96.1442881,"Food|Food & Beverage","Myanmar Trade Promotion Organization (Myantrade) [Public List] (Myantrade Directory of Exporters (as of March 2025))","","","","","","Green Bean","False"
"MM20250873BAK2Z","2025-03-28","Royal Moon Star Garment Manufacturing Co., Ltd","881, Nyaung Yan Street, Shwepaukkan Ward 16, North Okkalapa, Yangon","MM","Myanmar",16.9174197,96.1898909,"Apparel","Myanmar Trade Promotion Organization (Myantrade) [Public List] (Myantrade Directory of Exporters (as of March 2025))","","","","","","Sport Wear","False"
"MM20250873C3YRT","2025-03-28","Honey II","B-4, Mingalardon Industrial Park, Corner of No.(3) High Way Rd, Khayaybin, Mingalardon, Yangon","MM","Myanmar",16.9421429,96.1566754,"Apparel","Myanmar Trade Promotion Organization (Myantrade) [Public List] (Myantrade Directory of Exporters (as of March 2025))","","","","","","T shirt|Dresses|Pants|Blouse|Winner Coat","False"
"MM20250873ET6JN","2025-03-28","Pabedan Intl'Ltd","No-64/66, Bo Soon Pat St, Lower Middle Block, Pabedan, Yangon","MM","Myanmar",16.7727084,96.1573524,"Agriculture|Food|Food & Beverage","Myanmar Trade Promotion Organization (Myantrade) [Public List] (Myantrade Directory of Exporters (as of March 2025))","","","","","","bamboo accessories|Corn|Broom|Mangosteen|bamboo","False"
"MM20250873FXA3E","2025-03-28","Trusty Friend International Trading Co., Ltd","D/31, Aung Tha Pyay Street, Bayint Naung Warehouse, Mayangone, Yangon","MM","Myanmar",16.7927054,96.1760501,"Food|Food & Beverage","Myanmar Trade Promotion Organization (Myantrade) [Public List] (Myantrade Directory of Exporters (as of March 2025))","","","","","","Black Gram|Green Gram","False"
"MM20250873G3HA3","2025-03-28","Paing Family International Co., Ltd","11/Rm BSH/1, Baho Rd, Pann Hlaing Ward, Sanchaung, Yangon","MM","Myanmar",16.7887666,96.13463999999999,"Food|Food & Beverage","Myanmar Trade Promotion Organization (Myantrade) [Public List] (Myantrade Directory of Exporters (as of March 2025))","","","","","","Black Gram|Sugar","False"
"MM20250873HF3QF","2025-03-28","Inzali Thidar Co., Ltd","314/315, Ko Haung 8th Street, Shwepaukkan Industrial Zone, North Okkalapa, Yangon","MM","Myanmar",16.9586918,96.1632804,"Apparel|Textiles|Unspecified","A Multi-Stakeholder Initiative|A Civil Society Organization|Partnership for Sustainable Textiles (PST) (PST Aug 2025 - H-P)|A Civil Society Organization|A Civil Society Organization|A Multi-Stakeholder Initiative|Myanmar Garment Manufacturers Association (MGMA) [Public List] (Myanmar Garment Manufacturers Association (Gathered March 2025))|Myanmar Trade Promotion Organization (Myantrade) [Public List] (Myantrade Directory of Exporters (as of March 2025))","","","Manufacturing","Final Product Assembly","Manufacturing","Women Wear|Jackets","False"
"MM20250873K29K6","2025-03-28","Rixs Auto Co., Ltd","608, Room-9/A/B, 9th Floor, Merchant Road, Bo Son Patt Tower, Pabedan, Yangon","MM","Myanmar",16.7722643,96.15731559999999,"Food|Food & Beverage","Myanmar Trade Promotion Organization (Myantrade) [Public List] (Myantrade Directory of Exporters (as of March 2025))","","","","","","Sugar","False"
"MM20250873KEP7K","2025-03-28","Shwe Pin Lel Trading Co., Ltd","189/B, 52nd Street, Corner of Thukha Street, Ward (6), Hlaing, Yangon","MM","Myanmar",16.8401707,96.12485699999999,"Wood Products","Myanmar Trade Promotion Organization (Myantrade) [Public List] (Myantrade Directory of Exporters (as of March 2025))","","","","","","Rattan|Rattan Handicrafts","False"
"MM20250873MZYZ5","2025-03-28","Ming Ying Fashion Co., Ltd","Plot No.29/A, Myay Taing Block No.144/ Industrial Zone, Dagon Myo Thit (South) Tsp, Yangon","MM","Myanmar",16.8704983,96.24290450000001,"Apparel","Myanmar Garment Manufacturers Association (MGMA) [Public List] (Myanmar Garment Manufacturers Association (Gathered March 2025))","","","","","","","False"
"MM20250873NRV96","2025-03-28","Aung Kaung Myat Trading Co., Ltd","86th Street, Between 31st Street & 32nd Street, Chanayethazan, Mandalay","MM","Myanmar",21.9780187,96.0741505,"Food|Food & Beverage","Myanmar Trade Promotion Organization (Myantrade) [Public List] (Myantrade Directory of Exporters (as of March 2025))","","","","","","Rice","False"
"MM20250873NZZ8G","2025-03-28","Win Enterprise Ltd","66, Htay Thin Ah Twin Wun U Chein Street, Hlaingtharya, Yangon","MM","Myanmar",16.9365602,96.0735871,"Wood Products","Myanmar Trade Promotion Organization (Myantrade) [Public List] (Myantrade Directory of Exporters (as of March 2025))","","","","","","Teak","False"
"MM20250873QMHZG","2025-03-28","JK Garments Company Limited.","No (33/34), Thilawa Industrial Zone, Thanlyin Kyauktan Township, Yangon.","MM","Myanmar",16.6722723,96.29337110000002,"Apparel","Myanmar Garment Manufacturers Association (MGMA) [Public List] (Myanmar Garment Manufacturers Association (Gathered March 2025))|Myanmar Trade Promotion Organization (Myantrade) [Public List] (Myantrade Directory of Exporters (as of March 2025))","","","","","","Pants|Jackets","False"
"MM20250873RQ1Z4","2025-03-28","Sky Apparel Group Company Limited.","No (7), Sunset Road, West Ywama, Insein Township, Yangon.","MM","Myanmar",16.9041792,96.0996978,"Apparel","Myanmar Garment Manufacturers Association (MGMA) [Public List] (Myanmar Garment Manufacturers Association (Gathered March 2025))|Myanmar Trade Promotion Organization (Myantrade) [Public List] (Myantrade Directory of Exporters (as of March 2025))","","","","","","Pants|Jackets","False"
"MM20250873SPWGG","2025-03-28","MEF Int'l Co., Ltd","3/428, Hlaw Gar Road, Near Yadanar Hospital Ward (19), South Dagon, Yangon","MM","Myanmar",16.8495876,96.2361423,"Food|Food & Beverage","Myanmar Trade Promotion Organization (Myantrade) [Public List] (Myantrade Directory of Exporters (as of March 2025))","","","","","","Fish","False"
"MM20250873ST60E","2025-03-28","Hlaing Thazin Trading Co., Ltd","Building 2, Room - 21/23, 1 Floor, Pyay Road, Mayangone, Yangon","MM","Myanmar",16.8576836,96.1414863,"Food|Food & Beverage","Myanmar Trade Promotion Organization (Myantrade) [Public List] (Myantrade Directory of Exporters (as of March 2025))","","","","","","Black Gram","False"
"MM20250873T184W","2025-03-28","Steel King Co., Ltd","No-296/B/1, Ayeyar wun Rd., Set Hmu Let Hmu Ward, Thaketa, Yangon","MM","Myanmar",16.8531031,96.2519902,"Food|Food & Beverage","Myanmar Trade Promotion Organization (Myantrade) [Public List] (Myantrade Directory of Exporters (as of March 2025))","","","","","","Sugar|Chick Pea|Pigeon Pea","False"
"MM20250873TKN7Y","2025-03-28","Diamond Class Company Limited.","No (100/101), Setmhu 3rd Street, (8) Quarter, South Okkalapa Industrial Zone, South Okkalapa Township, Yangon.","MM","Myanmar",16.83708,96.17302430000001,"Apparel","Myanmar Garment Manufacturers Association (MGMA) [Public List] (Myanmar Garment Manufacturers Association (Gathered March 2025))","","","","","","","False"
"MM20250873W9VE3","2025-03-28","Htoo Mar & Pop Pop Co., Ltd","25, Waizayantar Road, Mi Chaung Kan 3 Ward, Thingangyun, Yangon","MM","Myanmar",16.7538691,96.5943562,"Agriculture|Beverages|Food|Food & Beverage","Myanmar Trade Promotion Organization (Myantrade) [Public List] (Myantrade Directory of Exporters (as of March 2025))","","","","","","Coffee powder|Sesame Powder","False"
"MM20250873WFFGZ","2025-03-28","Asia Int'l Fisheries Co., Ltd","Room 104, Ground Floor, Shwe Gon Daing Road, Shwe Gon Daing Tower (A), Bahan, Yangon","MM","Myanmar",16.8069274,96.15699070000001,"Food|Food & Beverage","Myanmar Trade Promotion Organization (Myantrade) [Public List] (Myantrade Directory of Exporters (as of March 2025))","","","","","","Fish|Prawn","False"
"MM20250873WZ94X","2025-03-28","Global Ace Uniform Co., Ltd","Myay Taing Block No.109, Land Plot No(1212), East Dagon Myo Thit, Industrial Zone, East Dagon.","MM","Myanmar",16.840939,96.173526,"Apparel","Myanmar Garment Manufacturers Association (MGMA) [Public List] (Myanmar Garment Manufacturers Association (Gathered March 2025))|Myanmar Trade Promotion Organization (Myantrade) [Public List] (Myantrade Directory of Exporters (as of March 2025))","","","","","","Polo Shirt|Rain Coat|Jackets|Uniform","False"
"MM20250873YY6J9","2025-03-28","Yaminn Thaw Int'l Ltd","11/13, Tharaphi Street, Saw Yan Paing (West) Ward, Ahlone, Yangon","MM","Myanmar",16.7829882,96.1297632,"Food|Food & Beverage","Myanmar Trade Promotion Organization (Myantrade) [Public List] (Myantrade Directory of Exporters (as of March 2025))","","","","","","Prawn","False"
"MM202508740JZ8F","2025-03-28","International Beverages Trading Co., Ltd.","No.33, Pyay Road, 6 ½ Mile, 11 Ward, Hlaing Tsp, Yangon., Hlaing, Yangon","MM","Myanmar",16.8462221,96.1355842,"Beverages|Food & Beverage","Myanmar Trade Promotion Organization (Myantrade) [Public List] (Myantrade Directory of Exporters (as of March 2025))","","","","","","Grand Royal Whisky","False"
"MM202508740YHMS","2025-03-28","Myanmar Kuraoda Co.Ltd","Oo Paing 80/1, Myay Taing 248, Mount Ka Lan Back Field, Mount Ka Lan Village Group, Yay Sa Kyo Tsp, Pakoku Division, Magway","MM","Myanmar",21.3394161,95.07027939999999,"Apparel|Apparel Accessories","Myanmar Garment Manufacturers Association (MGMA) [Public List] (Myanmar Garment Manufacturers Association (Gathered March 2025))|Myanmar Trade Promotion Organization (Myantrade) [Public List] (Myantrade Directory of Exporters (as of March 2025))","","","","","","Glove","False"
"MM202508742FWBE","2025-03-28","Golden Rice Co., Ltd","310, Room-801, 8th Floor, War Tan Street, Win Shwe War Tower, Lanmadaw, Yangon","MM","Myanmar",16.7798993,96.1392974,"Food|Food & Beverage","Myanmar Trade Promotion Organization (Myantrade) [Public List] (Myantrade Directory of Exporters (as of March 2025))","","","","","","Rice","False"
"MM2025087445R7Y","2025-03-28","Myanmar Agribusiness Public Corporation (MAPCO) Ltd.","No.29, Room No.(901-903), Min Ye Kyaw Swar Road, Lanmadaw T/S, Yangon., Lanmadaw, Yangon","MM","Myanmar",16.8873891,96.187665,"Food|Food & Beverage","Myanmar Trade Promotion Organization (Myantrade) [Public List] (Myantrade Directory of Exporters (as of March 2025))","","","","","","Rice","False"
"MM202508744W25X","2025-03-28","Sady (Myanmar) Garment Co., Ltd","Plot No. A-4/B, Myay Taing Block No (21), Mya Sein Yaung Industrial Zone, Hlaing Tharyar Tsp, Yangon","MM","Myanmar",16.8792057,96.00182889999999,"Apparel","Myanmar Garment Manufacturers Association (MGMA) [Public List] (Myanmar Garment Manufacturers Association (Gathered March 2025))","","","","","","","False"
"MM2025087465TE9","2025-03-28","Hone Shin Co., Ltd","15/C, Lotlatyay Street, Ga Gyi Ward, Thuwana, Thingangyun, Yangon","MM","Myanmar",16.8170491,96.1973871,"Food|Food & Beverage","Myanmar Trade Promotion Organization (Myantrade) [Public List] (Myantrade Directory of Exporters (as of March 2025))","","","","","","Fish","False"
"MM202508748NVBS","2025-03-28","Myanmar Muse Co., Ltd","56/5, Pyi See Min Thar Gyi Street, East Dagon, Yangon","MM","Myanmar",16.8874548,96.1881281,"Apparel Accessories","Myanmar Trade Promotion Organization (Myantrade) [Public List] (Myantrade Directory of Exporters (as of March 2025))","","","","","","Hand Bag","False"
"MM20250874APY4R","2025-03-28","Yangon Pan-Pacific International Company Limited.","No.B-4, Myay Taing Block No.175, Kyi Su Industrial Zone, Dagon Myothit (Seikan) Township.","MM","Myanmar",16.8520683,96.26946079999999,"Apparel","Myanmar Garment Manufacturers Association (MGMA) [Public List] (Myanmar Garment Manufacturers Association (Gathered March 2025))","","","","","","","False"
"MM20250874AVXH9","2025-03-28","Taw Win KBZ Mountain Co., Ltd","No.3, Zone (5), 73th Street, NgweTaw Quarter, Pyigyitagon Township, Mandalay, Myanmar., Pyigyitagon, Mandalay","MM","Myanmar",21.886265,96.12134209999999,"Beverages|Food & Beverage","Myanmar Trade Promotion Organization (Myantrade) [Public List] (Myantrade Directory of Exporters (as of March 2025))","","","","","","Black Tea","False"
"MM20250874CEMZ3","2025-03-28","Asia Golden Shrimp Cold Store","Zedia Village, KyaukPhyu Tsp, Rakhine State, Myanmar, KyaukPhyu, Rakhine","MM","Myanmar",19.4212029,93.5458489,"Food|Food & Beverage","Myanmar Trade Promotion Organization (Myantrade) [Public List] (Myantrade Directory of Exporters (as of March 2025))","","","","","","Shrimp Meat","False"
"MM20250874D5AJ4","2025-03-28","Sandar Hein Industries Company Limited","No (91), U Myat San Street, (144) Quarter, East Dagon Industrial Zone (2), East Dagon Township, Yangon.","MM","Myanmar",16.8908169,96.2508702,"Apparel","Myanmar Garment Manufacturers Association (MGMA) [Public List] (Myanmar Garment Manufacturers Association (Gathered March 2025))|Myanmar Trade Promotion Organization (Myantrade) [Public List] (Myantrade Directory of Exporters (as of March 2025))","","","","","","Jackets|Sport Wear","False"
"MM20250874FK04W","2025-03-28","An&Brothers Manufacturing Co., Ltd","Plot No.(360), Myay Taing Block No.49, Settmu Patt Street, 21 Wards, Wartayar Industrial Zone, Shwe Pyi Thar Tsp, Yangon, Myanmar","MM","Myanmar",16.9753379,96.07851040000001,"Apparel","Myanmar Garment Manufacturers Association (MGMA) [Public List] (Myanmar Garment Manufacturers Association (Gathered March 2025))|Myanmar Trade Promotion Organization (Myantrade) [Public List] (Myantrade Directory of Exporters (as of March 2025))","","","","","","Pants|T shirt|Kids Wear","False"
"MM20250874FM02V","2025-03-28","Myanmar Belle Co., ltd","27, Thu Nandar Street, Thu Mingalar Housing (1), Thingangyun, Yangon","MM","Myanmar",16.9118435,96.1728658,"Food|Food & Beverage","Myanmar Trade Promotion Organization (Myantrade) [Public List] (Myantrade Directory of Exporters (as of March 2025))","","","","","","Taro|Lady's Finger|Spinach","False"
"MM20250874FZCN5","2025-03-28","Myo Kyunn Nyo Nyo Industry Co., Ltd","48/4/a, 4 Floor, New University Avenue Road, Saya San Ward, Bahan, Yangon","MM","Myanmar",16.8220708,96.1595754,"Apparel","Myanmar Trade Promotion Organization (Myantrade) [Public List] (Myantrade Directory of Exporters (as of March 2025))","","","","","","Jackets|Shirt|Pants","False"
"MM20250874GNXZQ","2025-03-28","Asia Dragon Garment Manufacturing Company Limited","No (1), Ka Naung Min Thargyi Street, Dagon Seikkan Industrial Zone (1), Dagon Seikkan Township, Yangon.","MM","Myanmar",16.8344399,96.2806526,"Apparel","Myanmar Garment Manufacturers Association (MGMA) [Public List] (Myanmar Garment Manufacturers Association (Gathered March 2025))","","","","","","","False"
"MM20250874H0X9D","2025-03-28","Bonny Garden Trading Co., Ltd","12/E, Ground Floor, 55th Street, Upper Middle Block, Pazundaung, Yangon","MM","Myanmar",16.7770954,96.1752377,"Food|Food & Beverage","Myanmar Trade Promotion Organization (Myantrade) [Public List] (Myantrade Directory of Exporters (as of March 2025))","","","","","","Fish","False"
"MM20250874HDX6Q","2025-03-28","Si Yuan Myanmar Co., Ltd","No.27-Ka, Myay Taing Block, Part (4), Ind'l Zone, Hlaing Tharyar Tsp","MM","Myanmar",16.8565476,96.0670174,"Apparel","Myanmar Garment Manufacturers Association (MGMA) [Public List] (Myanmar Garment Manufacturers Association (Gathered March 2025))","","","","","","","False"
"MM20250874HKVD2","2025-03-28","Great Quality Industrial Co., Ltd","98/100, Shwe Dagon Pagoda Road, Lower Middle Block, Pabedan, Yangon","MM","Myanmar",16.773463,96.15337160000001,"Food|Food & Beverage","Myanmar Trade Promotion Organization (Myantrade) [Public List] (Myantrade Directory of Exporters (as of March 2025))","","","","","","Pigeon Pea|Black Gram|Green Gram","False"
"MM20250874MA4D5","2025-03-28","EFR Trading Co., Ltd","Building B, Room 1101, 11st Floor, Mahar Bandoola Road, Mahar Bandoola Housing Complex, Pazundaung, Yangon","MM","Myanmar",16.7770954,96.1752377,"Rubber Products","Myanmar Trade Promotion Organization (Myantrade) [Public List] (Myantrade Directory of Exporters (as of March 2025))","","","","","","Rubber","False"
"MM20250874N3FEB","2025-03-28","Heiwa Plastic Co., Ltd","195, Twin Thin Tike Wun U Tun Nyo Street, Dagon Seikkan, Yangon","MM","Myanmar",16.8520683,96.26946079999999,"Wood Products","Myanmar Trade Promotion Organization (Myantrade) [Public List] (Myantrade Directory of Exporters (as of March 2025))","","","","","","Laminated wood","False"
"MM20250874PRVA9","2025-03-28","Myanmar Huiyang Industrial Co., Ltd","392, Myay Taing Blk (25), Shwelinban Industrial Zone, Hlaingtharya, Yangon","MM","Myanmar",16.914015,96.0652719,"Apparel","Myanmar Trade Promotion Organization (Myantrade) [Public List] (Myantrade Directory of Exporters (as of March 2025))","","","","","","Wedding Dress|Knitting Wear","False"
"MM20250874QMJ1M","2025-03-28","Excel International Trading Company Limited","BLK79(B3-B3)#101, Shwe Gone Daing Road, Bahan Township, Yangon, Myanmar., Bahan, Yangon","MM","Myanmar",16.8105428,96.1605383,"Food|Food & Beverage","Myanmar Trade Promotion Organization (Myantrade) [Public List] (Myantrade Directory of Exporters (as of March 2025))","","","","","","Rice","False"
"MM20250874R1PNT","2025-03-28","Opal International Company Limited","No (14/15), Depeyin Wun Htauk U Myae Road, Hlaing Tharyar Industrial Zone (2), Hlaing Tharyar Township, Yangon. (Factory 1)","MM","Myanmar",16.8341487,96.230958,"Apparel","Myanmar Garment Manufacturers Association (MGMA) [Public List] (Myanmar Garment Manufacturers Association (Gathered March 2025))|Myanmar Trade Promotion Organization (Myantrade) [Public List] (Myantrade Directory of Exporters (as of March 2025))","","","","","","Clothing","False"
"MM20250874RD162","2025-03-28","Maple Win Naypyitaw Co., Ltd","No.D5, Shwe Gant Gaw (2) St, Dekkhina Thiri Tsp, Nay Pyi Taw.","MM","Myanmar",19.6799614,96.0891032,"Apparel","Myanmar Garment Manufacturers Association (MGMA) [Public List] (Myanmar Garment Manufacturers Association (Gathered March 2025))","","","","","","","False"
"MM20250874S4Z1K","2025-03-28","Golden Circle Co., Ltd","5, Aye Yeik Mon Road, Corner of Yadanar Mon 6th Street, Ward (3), Hlaing, Yangon","MM","Myanmar",16.8348733,96.11525329999999,"Food|Food & Beverage","Myanmar Trade Promotion Organization (Myantrade) [Public List] (Myantrade Directory of Exporters (as of March 2025))","","","","","","Rice|Black Gram|Green Gram","False"
"MM20250874SC6RS","2025-03-28","Best Choice (Myanmar) Garment Co., Ltd","Plot No.K-7, Myay Taing Block No.20, Anawrahtar Industrial Zone, Hlaing Tharyar Tsp (West), Yangon","MM","Myanmar",16.853816,96.0254232,"Apparel","Myanmar Garment Manufacturers Association (MGMA) [Public List] (Myanmar Garment Manufacturers Association (Gathered March 2025))","","","","","","","False"
"MM20250874TFB7H","2025-03-28","Myanmar Talent Group Co., Ltd","310, Room-1202, 2nd Floor, Anawrahta Road, Win Shwe Wah Tower, Lanmadaw, Yangon","MM","Myanmar",16.7778539,96.13916019999999,"Food|Food & Beverage","Myanmar Trade Promotion Organization (Myantrade) [Public List] (Myantrade Directory of Exporters (as of March 2025))","","","","","","Black Gram|Green Gram","False"
"MM20250874TPPA6","2025-03-28","Myanmar Hongyuan Internation Garment Co., Ltd","No.589-A, BantBwayKone Village Group, Hmawbi Tsp Yangon.","MM","Myanmar",17.123766,96.0308654,"Apparel","Myanmar Garment Manufacturers Association (MGMA) [Public List] (Myanmar Garment Manufacturers Association (Gathered March 2025))","","","","","","","False"
"MM20250874XGWTS","2025-03-28","Violet Valley Trading Co., Ltd","154/155, Inngyin Street, 34th Block, North Dagon, Yangon","MM","Myanmar",16.8211125,96.1926939,"Food|Food & Beverage","Myanmar Trade Promotion Organization (Myantrade) [Public List] (Myantrade Directory of Exporters (as of March 2025))","","","","","","Instant Foods","False"
"MM20250874XR3R6","2025-03-28","Myanmar Belle Co., Ltd.","No.21/A, Upper Pazundaung Road, Mingalar Taung Nyunt T/S, Yangon Region., Mingalar Taung Nyunt, Yangong","MM","Myanmar",16.7801858,96.17463479999999,"Food|Food & Beverage","Myanmar Trade Promotion Organization (Myantrade) [Public List] (Myantrade Directory of Exporters (as of March 2025))","","","","","","Crab","False"
"MM20250874Z5S6S","2025-03-28","Best Garment Co., Ltd","No.561, Residential Ward, Kayin Chaung Kwin, Plot No. 36 A, 38A, 40A, Shwe Pyi Thar Tsp, Yangon","MM","Myanmar",16.9412614,96.0769842,"Apparel","Myanmar Garment Manufacturers Association (MGMA) [Public List] (Myanmar Garment Manufacturers Association (Gathered March 2025))","","","","","","","False"
"MM20250874ZV28T","2025-03-28","Htein Lin Ayeyar Trading Company Limited","No.Q2, Shwe Thit Khwa Street, Shwe Padauk Yeikmon, Kamayut Township, Yangon, Myanmar., Kamayut, Yangon","MM","Myanmar",16.8311152,96.1220792,"Agriculture|Food|Food & Beverage","Myanmar Trade Promotion Organization (Myantrade) [Public List] (Myantrade Directory of Exporters (as of March 2025))|Myanmar Rice Federation [Public List] (Registered companies as of April 2025)","","","","","","Rice|Rice","False"
"MM2025087507S1R","2025-03-28","Bright Light Co., Ltd.","No.F-44, Sein Pan Street, Bayinnaung Pwe Yone Ton, Mayangon Township, Yangon., Mayangon, Yangon","MM","Myanmar",16.8638688,96.1049367,"Food|Food & Beverage","Myanmar Trade Promotion Organization (Myantrade) [Public List] (Myantrade Directory of Exporters (as of March 2025))","","","","","","Green Gram|Tamarind|Green Bean|Black gram","False"
"MM202508750VXDW","2025-03-28","Grand Wynn Manufacturing Co., Ltd","50, Yan Naing Swe 2nd Street, Set Hmu Ward, Thakata Industrial Zone, Thaketa, Yangon","MM","Myanmar",16.8071191,96.1972389,"Food|Food & Beverage","Myanmar Trade Promotion Organization (Myantrade) [Public List] (Myantrade Directory of Exporters (as of March 2025))","","","","","","Fish|Prawn","False"
"MM2025087519EJ1","2025-03-28","MST Underwear Company Limited","No. 212, MyinWunUAungThu St, Ind'l Zone Part 2, Hlaing Tharyar Tsp, Yangon","MM","Myanmar",16.8819286,96.0573302,"Apparel","Myanmar Garment Manufacturers Association (MGMA) [Public List] (Myanmar Garment Manufacturers Association (Gathered March 2025))|Myanmar Trade Promotion Organization (Myantrade) [Public List] (Myantrade Directory of Exporters (as of March 2025))","","","","","","Underwear|Underwears","False"
"MM202508751QXJY","2025-03-28","Good Brother Co., Ltd.","No.22, Bayint Naung Road, Thirimon Housing, Hlaing T/S, Yangon., Hlaing, Yangon","MM","Myanmar",16.8542992,96.10734409999999,"Agriculture|Food|Food & Beverage","Myanmar Trade Promotion Organization (Myantrade) [Public List] (Myantrade Directory of Exporters (as of March 2025))|Myanmar Trade Promotion Organization (Myantrade) [Public List] (Myantrade Directory of Exporters (as of March 2025))|Myanmar Rice Federation [Public List] (Registered companies as of April 2025)","","","","","","Rice|Rice|Rice","False"
"MM2025087532JHZ","2025-03-28","Ngwe Sandar Trading Co., Ltd","Building B, Room-116, Ground Floor, Baho Road Upper, Muditar Condo, Mayangone, Yangon","MM","Myanmar",16.8670416,96.1109508,"Food|Food & Beverage","Myanmar Trade Promotion Organization (Myantrade) [Public List] (Myantrade Directory of Exporters (as of March 2025))","","","","","","Rice|Gram Whole|Black Gram","False"
"MM202508755CWX1","2025-03-28","Swan Htet Myat Company Limited","No.135, Nawaday(1)St, (1)Ward, Mayangone Tsp, Yangon, Myanmar., Mayangone, Yangon","MM","Myanmar",16.7839396,96.1571235,"Food|Food & Beverage","Myanmar Trade Promotion Organization (Myantrade) [Public List] (Myantrade Directory of Exporters (as of March 2025))","","","","","","Rice","False"
"MM202508755J6VF","2025-03-28","Eternal Victory General Trading Company Limited","No.274, 1St Floor, Anawrahta Road, Lanmadaw T/S, Yangon., Lanmadaw, Yangon","MM","Myanmar",16.7774568,96.1421874,"Food|Food & Beverage","Myanmar Trade Promotion Organization (Myantrade) [Public List] (Myantrade Directory of Exporters (as of March 2025))","","","","","","Rice","False"
"MM202508757TWAY","2025-03-28","OMIC Myanmar Inspection & Surveying Co., Ltd","Room-601, Ground Floor, MGW Centre, Botahtaung, Yangon","MM","Myanmar",16.7724909,96.1646322,"Food|Food & Beverage","Myanmar Trade Promotion Organization (Myantrade) [Public List] (Myantrade Directory of Exporters (as of March 2025))","","","","","","Rice|Black Gram|Green Gram","False"
"MM202508757V520","2025-03-28","Steel Emperor Engineering & General Trading","No.161/Y, Kyaikkasan Rd., Nat Mauk Ward, Tamwe, Yangon","MM","Myanmar",16.79552,96.1717183,"Consumer Products","Myanmar Trade Promotion Organization (Myantrade) [Public List] (Myantrade Directory of Exporters (as of March 2025))","","","","","","Hotel kitchen Equipment","False"
"MM202508759PXZJ","2025-03-28","Myanmar Yes Company Limited","No (64), De Peyin Wun Htauk U Myae Street, Hlaing Tharyar Industrial Zone (3), Hlaing Tharyar Township, Yangon.","MM","Myanmar",16.8819286,96.0573302,"Apparel","Myanmar Garment Manufacturers Association (MGMA) [Public List] (Myanmar Garment Manufacturers Association (Gathered March 2025))|Myanmar Trade Promotion Organization (Myantrade) [Public List] (Myantrade Directory of Exporters (as of March 2025))","","","","","","Jackets","False"
"MM20250875ACDNF","2025-03-28","Myat Noe Thu Co., Ltd","Building A/1, Room-508, 5th Floor, Lower Kyimyindine Road, Shwe Gon Thu Housing, Kyeemyindine, Yangon","MM","Myanmar",16.7987178,96.12451229999999,"Wood Products","Myanmar Trade Promotion Organization (Myantrade) [Public List] (Myantrade Directory of Exporters (as of March 2025))","","","","","","Laminated wood","False"
"MM20250875B5AQ8","2025-03-28","Asia Trade House Ltd","I/28-A, 1st Floor, Khattar Street, Bayintnaung Warehouse, Mayangone, Yangon","MM","Myanmar",16.8006512,96.12818,"Food|Food & Beverage","Myanmar Trade Promotion Organization (Myantrade) [Public List] (Myantrade Directory of Exporters (as of March 2025))","","","","","","Pigeon Pea|Black gram","False"
"MM20250875BP5TQ","2025-03-28","Aung Mingalar (SKT Co., Ltd)","7, Pan Pin Gyi Street, Near Hlaing River, Ma Gyee Dan (South-West) Ward, Kyeemyindine, Yangon","MM","Myanmar",16.8116343,96.1221573,"Food|Food & Beverage","Myanmar Trade Promotion Organization (Myantrade) [Public List] (Myantrade Directory of Exporters (as of March 2025))","","","","","","Labeo Rohita","False"
"MM20250875BRT8W","2025-03-28","Sein Enterprise Export & Import Co., Ltd","94, 2nd Floor, Bo Ga Lay Zay Street, Lower Middle Block, Botahtaung, Yangon","MM","Myanmar",16.7878643,96.1935395,"Footwear","Myanmar Trade Promotion Organization (Myantrade) [Public List] (Myantrade Directory of Exporters (as of March 2025))","","","","","","Shoes","False"
"MM20250875CAFTP","2025-03-28","WHN (Myanmar) Garment Company Limited","No. 145/B, Sayar San Street, Industrial Zone (2), Hlaing Tharyar Tsp, Yangon","MM","Myanmar",16.8472264,96.0752695,"Apparel","Myanmar Garment Manufacturers Association (MGMA) [Public List] (Myanmar Garment Manufacturers Association (Gathered March 2025))","","","","","","","False"
"MM20250875DBVGT","2025-03-28","Green Island Trading Co., Ltd","78/23 Street, Lower Block, Latha, Yangon","MM","Myanmar",16.7754311,96.15236399999999,"Food|Food & Beverage|Rubber Products","Myanmar Trade Promotion Organization (Myantrade) [Public List] (Myantrade Directory of Exporters (as of March 2025))","","","","","","Rice|Rubber","False"
"MM20250875HA8KD","2025-03-28","Bella Interiors Co., Ltd","2730/2731, Than Lwin Street, Industrial Zone (2), Ext: ward 63, South Dagon, Yangon","MM","Myanmar",16.8341487,96.230958,"Furniture|Wood Products","Myanmar Trade Promotion Organization (Myantrade) [Public List] (Myantrade Directory of Exporters (as of March 2025))","","","","","","Rattan","False"
"MM20250875K3CVM","2025-03-28","Shwe Wah Yaung Agriculture Production Trading Ltd.","No.Nya/73, Yuzana St, Bayint Naung (1) Ward, Mayangone Tsp, Yangon, Myanmar., Mayangone, Yangon","MM","Myanmar",16.8605238,96.1068995,"Agriculture|Food|Food & Beverage","Myanmar Trade Promotion Organization (Myantrade) [Public List] (Myantrade Directory of Exporters (as of March 2025))|Myanmar Rice Federation [Public List] (Registered companies as of April 2025)","","","","","","Rice|Rice","False"
"MM20250875K4BWN","2025-03-28","Panko Myanmar Co., Ltd","75/76-B, Hlaw Kar Street, Near of Tae Zone, Shwepyitha, Yangon","MM","Myanmar",17.0075924,96.08115839999999,"Apparel","Wikirate International e.V. (2018 Apparel Suppliers on Wikirate part 1)|Myanmar Garment Manufacturers Association (MGMA) [Public List] (Myanmar Garment Manufacturers Association (Gathered March 2025))|Myanmar Trade Promotion Organization (Myantrade) [Public List] (Myantrade Directory of Exporters (as of March 2025))","1220","","","","","Blouse|Kid Wear","False"
"MM20250875KR4DK","2025-03-28","R.K Brother Ltd","31, 30th Street, Lower Middle Block, Pabedan, Yangon","MM","Myanmar",16.7776497,96.1566754,"Food|Food & Beverage","Myanmar Trade Promotion Organization (Myantrade) [Public List] (Myantrade Directory of Exporters (as of March 2025))","","","","","","Ginger|Tumeric Finger|Black Gram","False"
"MM20250875M1JPM","2025-03-28","North Shore Group Co., Ltd","D-10, Mingaladon Industrial Park, Corner of No.3 Highway Rd & Kayaybin Rd, Mingalardon, Yangon","MM","Myanmar",16.9421429,96.1566754,"Apparel","Myanmar Trade Promotion Organization (Myantrade) [Public List] (Myantrade Directory of Exporters (as of March 2025))","","","","","","Jackets|Sport Wear","False"
"MM20250875N4HPQ","2025-03-28","Great World","No.7, U Shwe Bin Street, Shwelinban Industrial Zone, Hlaingtharya, Yangon","MM","Myanmar",16.914015,96.0652719,"Apparel","Myanmar Trade Promotion Organization (Myantrade) [Public List] (Myantrade Directory of Exporters (as of March 2025))","","","","","","Clothing","False"
"MM20250875R6F26","2025-03-28","Pyi Phyo Tun Intermational Co., Ltd","No.15, 11th Street, Lanmadaw, Yangon","MM","Myanmar",16.8354825,96.1170879,"Food|Food & Beverage|Rubber Products","Myanmar Trade Promotion Organization (Myantrade) [Public List] (Myantrade Directory of Exporters (as of March 2025))","","","","","","Prawn|Crab|Fish|Oil Plam|Rubber","False"
"MM20250875RH93C","2025-03-28","Myanmar Htan Ta Pin Garment Co., Ltd","Holding No. (23/Ka) (23/Kha). No (1), Kan Gyi Knoe, Ward No.4, Htan Ta Pin, Yangon","MM","Myanmar",16.492282,96.20640829999999,"Apparel","Myanmar Garment Manufacturers Association (MGMA) [Public List] (Myanmar Garment Manufacturers Association (Gathered March 2025))","","","","","","","False"
"MM20250875X12TH","2025-03-28","Fisheries & Marine Products 2000 Ltd","147, 3rd Floor, Anawrahta Road, Office, Botahtaung, Yangon","MM","Myanmar",16.7764916,96.1705743,"Food|Food & Beverage","Myanmar Trade Promotion Organization (Myantrade) [Public List] (Myantrade Directory of Exporters (as of March 2025))","","","","","","Fish","False"
"MM20250875YNHVP","2025-03-28","Autumn Sugar Co., Ltd","20, Between 65th Street & 66th Street, Yadanarbon Street, Maharaungmyay, Mandalay","MM","Myanmar",21.9557615,96.09175169999999,"Food|Food & Beverage","Myanmar Trade Promotion Organization (Myantrade) [Public List] (Myantrade Directory of Exporters (as of March 2025))","","","","","","Sugar","False"
"MM20250875ZA2GJ","2025-03-28","KTT Private Ltd","3, Pin Lon Yeik Mon 1 Street, Pon Lon Yeik Mon Housing, Thingangyun, Yangon","MM","Myanmar",16.8458462,96.2090533,"Food|Food & Beverage","Myanmar Trade Promotion Organization (Myantrade) [Public List] (Myantrade Directory of Exporters (as of March 2025))","","","","","","Rice","False"
"MM2025087603Y2V","2025-03-28","Forever Winner Ltd","No-16, Phone Gyee St, Lower Block, Lanmadaw, Yangon","MM","Myanmar",16.7781232,96.14076940000001,"Rubber Products","Myanmar Trade Promotion Organization (Myantrade) [Public List] (Myantrade Directory of Exporters (as of March 2025))","","","","","","Rubber","False"
"MM2025087607818","2025-03-28","Xin Tian Di (Myanmar) Apparel Co., Ltd","1/A, Bamaw Atwin Wun Street, Shwelinban Industrial Zone, Hlaingtharya, Yangon","MM","Myanmar",16.9212186,96.0568096,"Apparel","Myanmar Trade Promotion Organization (Myantrade) [Public List] (Myantrade Directory of Exporters (as of March 2025))","","","","","","Jackets|Pants","False"
"MM20250876233WW","2025-03-28","Hlaing Yar Zar Myint Co., Ltd","114, 1 Floor, 34 Street, Upper Middle Block, Kyauktada, Yangon","MM","Myanmar",16.7745552,96.1619784,"Food|Food & Beverage","Myanmar Trade Promotion Organization (Myantrade) [Public List] (Myantrade Directory of Exporters (as of March 2025))","","","","","","Black Gram","False"
"MM2025087628ADS","2025-03-28","Excellent Myanmar Co., Ltd.","8(B), Classic Stand Condominium Between Konzaydan Street, and 27th street, Stand Road, Yangon., Yangon, Yangon","MM","Myanmar",16.7691416,96.1650997,"Agriculture|Food|Food & Beverage","Myanmar Trade Promotion Organization (Myantrade) [Public List] (Myantrade Directory of Exporters (as of March 2025))","","","","","","Sorghums","False"
"MM202508762EAQ9","2025-03-28","Aye Chan Myay General Trading Co., Ltd (First Top Group of Companies)","151, Rm 901/902/903/904, 9th Fl, War Dan Street, Myawaddy Luxury Complex, Lanmadaw, Yangon","MM","Myanmar",16.776408,96.1407844,"Food|Food & Beverage","Myanmar Trade Promotion Organization (Myantrade) [Public List] (Myantrade Directory of Exporters (as of March 2025))","","","","","","Black Gram|Sesame Powder|Sesame","False"
"MM202508762NXV7","2025-03-28","Chia Moon Sports (Myanmar) Co., Ltd","No.(52), Economic Zone, Ward No (13), Pathein, Ayarwaddy Region","MM","Myanmar",16.7753609,94.7381013,"Apparel","Myanmar Garment Manufacturers Association (MGMA) [Public List] (Myanmar Garment Manufacturers Association (Gathered March 2025))","","","","","","","False"
"MM2025087639037","2025-03-28","Hope One Co., Ltd","182, 9/10, Maung Kyanti Street, Shwelinban Industrial Zone, Hlaingtharya, Yangon","MM","Myanmar",16.914015,96.0652719,"Apparel","Myanmar Garment Manufacturers Association (MGMA) [Public List] (Myanmar Garment Manufacturers Association (Gathered March 2025))|Myanmar Trade Promotion Organization (Myantrade) [Public List] (Myantrade Directory of Exporters (as of March 2025))","","","","","","Jackets|T shirt","False"
"MM202508763KBJB","2025-03-28","Ohm Shwe War Co., Ltd.","No.(Tatalincheik-25), New Thargi Street, WardNo.(1), Mayangone Township, Yangon., Mayangone, Yangon","MM","Myanmar",16.8662832,96.1163418,"Agriculture|Food|Food & Beverage","Myanmar Trade Promotion Organization (Myantrade) [Public List] (Myantrade Directory of Exporters (as of March 2025))","","","","","","Sorghums","False"
"MM202508763QSN0","2025-03-28","Chindwin Banner Co., Ltd","42/103-B, Kanaung Min Thar Gyi Street, Zone (1), Shwepyitha, Yangon","MM","Myanmar",16.9188097,96.083001,"Apparel","Myanmar Trade Promotion Organization (Myantrade) [Public List] (Myantrade Directory of Exporters (as of March 2025))","","","","","","Jackets","False"
"MM202508764TDSW","2025-03-28","San Pya Nwe Co., Ltd","34th Street, Between 85th Street & 86th Street, Chanayethazan, Mandalay","MM","Myanmar",21.9780187,96.0741505,"Food|Food & Beverage","Myanmar Trade Promotion Organization (Myantrade) [Public List] (Myantrade Directory of Exporters (as of March 2025))","","","","","","Rice","False"
"MM202508766SHHS","2025-03-28","Aung Naing Thitsar Company Limited","Dagon Center 2, 14(C&E), 14th Floor, No.268 Pyay Township, Yangon, Myanmar., Pyay, Yangon","MM","Myanmar",16.8044981,96.1375101,"Food|Food & Beverage","Myanmar Trade Promotion Organization (Myantrade) [Public List] (Myantrade Directory of Exporters (as of March 2025))|Myanmar Trade Promotion Organization (Myantrade) [Public List] (Myantrade Directory of Exporters (as of March 2025))","","","","","","Rice|Rice|Broken Rice","False"
"MM202508767XHBR","2025-03-28","Myanmar Distribution Group","No.11(A), Myittar Yeik Mon Housing, Nat Chaung Ward, Tamwe Tsp, Yangon., Tamwe, Yangon","MM","Myanmar",16.8103723,96.1783507,"Beverages|Food & Beverage","Myanmar Trade Promotion Organization (Myantrade) [Public List] (Myantrade Directory of Exporters (as of March 2025))","","","","","","Gold Roast Coffee Mix","False"
"MM202508768N30R","2025-03-28","Aung & Ruble Trading Co., Ltd","26, 8th Floor, Thamain Bayan Road, Tamwe, Yangon","MM","Myanmar",16.8016403,96.1953251,"Agriculture|Food|Food & Beverage","Myanmar Trade Promotion Organization (Myantrade) [Public List] (Myantrade Directory of Exporters (as of March 2025))","","","","","","Toffee","False"
"MM20250876AGZDY","2025-03-28","Dawei River Holding Enterprise Co., Ltd","Holding No.J (66), Thiriyadana Wholesales Market, North Okkalapa T/s, Yangon., North Okkalapa, Yangon","MM","Myanmar",16.923692,96.1549897,"Rubber Products","Myanmar Trade Promotion Organization (Myantrade) [Public List] (Myantrade Directory of Exporters (as of March 2025))","","","","","","Rubber","False"
"MM20250876BSA4A","2025-03-28","Great Luck Co., Ltd","119, Lower Kyee Myin Daing Road, Saw Yan Paing (East) Ward, Ahlone, Yangon","MM","Myanmar",16.8086025,96.1228751,"Food|Food & Beverage","Myanmar Trade Promotion Organization (Myantrade) [Public List] (Myantrade Directory of Exporters (as of March 2025))","","","","","","Green Gram|Onion|Chille|Green Bean","False"
"MM20250876F3S36","2025-03-28","Myanstar Garment Co., Ltd","Building E, Room-301/302, 3rd Floor, Pyay Road, Diamond Condo, Kamaryut, Yangon","MM","Myanmar",16.8229109,96.1314099,"Apparel","Myanmar Trade Promotion Organization (Myantrade) [Public List] (Myantrade Directory of Exporters (as of March 2025))","","","","","","Jackets|Coat|Pants","False"
"MM20250876FMF5F","2025-03-28","Kittenish Knitting Company","No (66), Min Thatedi Kyaw Swar Street, Shwe Pyi Thar Industrial Zone (2), Shwe Pyi Thar Township, Yangon. (Fty 1)","MM","Myanmar",16.971492,96.07630089999999,"Apparel","Myanmar Garment Manufacturers Association (MGMA) [Public List] (Myanmar Garment Manufacturers Association (Gathered March 2025))|Myanmar Trade Promotion Organization (Myantrade) [Public List] (Myantrade Directory of Exporters (as of March 2025))","","","","","","Jackets|Kids Wear|Pants","False"
"MM20250876G662P","2025-03-28","Trade Relation International Co., Ltd","No. Ta-36, Baw Ga Ba Ba La Lan Thwal, Yandayar Yeik Thar, North Okkalapa Tsp, Yangon.","MM","Myanmar",16.9197469,96.1686077,"Apparel","Myanmar Garment Manufacturers Association (MGMA) [Public List] (Myanmar Garment Manufacturers Association (Gathered March 2025))","","","","","","","False"
"MM20250876GHBCG","2025-03-28","La Min Htein Htein Thar Trading Co., Ltd.","Building No.62, First Floor, Room No.2, Pansodan Street, Kyauktada T/S, Yangon., Kyauktada, Yangon","MM","Myanmar",16.7726319,96.1617876,"Food|Food & Beverage","Myanmar Trade Promotion Organization (Myantrade) [Public List] (Myantrade Directory of Exporters (as of March 2025))","","","","","","Green Bean|Crab","False"
"MM20250876H7TR2","2025-03-28","United Engineering","23, Thukha Waddy St., Yankin, Yangon, Myanmar, Yankin, Yangon","MM","Myanmar",16.8331267,96.1586281,"Oil & Gas","Myanmar Trade Promotion Organization (Myantrade) [Public List] (Myantrade Directory of Exporters (as of March 2025))","","","","","","","False"
"MM20250876HV4PY","2025-03-28","Pyone Pyone Family","101, 123th St., Mingalar Taung Nyunt, Yangon, Myanmar, Mingalar  Taung Nyunt, Yangon","MM","Myanmar",16.7926462,96.171094,"Consumer Products","Myanmar Trade Promotion Organization (Myantrade) [Public List] (Myantrade Directory of Exporters (as of March 2025))","","","","","","Kitchenware","False"
"MM20250876K56K9","2025-03-28","Aung Myanmar Technology Cold Storage","Sinmalike Dockyard, Myanmar Shipyard Compound, Kamaryut Township, Yangon, Myanmar., Kamaryut, Yangon","MM","Myanmar",16.8295638,96.1201286,"Food|Food & Beverage","Myanmar Trade Promotion Organization (Myantrade) [Public List] (Myantrade Directory of Exporters (as of March 2025))","","","","","","Shrimp Meat","False"
"MM20250876KT16C","2025-03-28","Kaung Lat Trading Co., Ltd.","No.(16), Warn Hmie Village, Warn Hmie Village Group, Maing Kaing Township, Shan State., Maing Kaing, Shan","MM","Myanmar",24.8331528,95.33116520000002,"Food|Food & Beverage","Myanmar Trade Promotion Organization (Myantrade) [Public List] (Myantrade Directory of Exporters (as of March 2025))","","","","","","Green Bean","False"
"MM20250876KW65J","2025-03-28","Organic-Agro Land Co., Ltd","Room-705, 7th Floor, 50th Street, 50th Street Condo, Botahtaung, Yangon","MM","Myanmar",16.7723195,96.1711869,"Food|Food & Beverage","Myanmar Trade Promotion Organization (Myantrade) [Public List] (Myantrade Directory of Exporters (as of March 2025))","","","","","","Ginger|Turmeric Fingers|Pigeon Pea|Black Gram|Green Gram","False"
"MM20250876MQ6W5","2025-03-28","Maou Oals Shaung Int'l Co., Ltd","182/194 Rm 3/E, 3rd Flr, Batahtaung Pagoda St. Hnin Si Condo, Pazundaung, Yangon","MM","Myanmar",16.7748648,96.1728838,"Food|Food & Beverage","Myanmar Trade Promotion Organization (Myantrade) [Public List] (Myantrade Directory of Exporters (as of March 2025))","","","","","","Pigeon Pea|Black Gram|Sesame","False"
"MM20250876N3QNW","2025-03-28","Great Value Co., Ltd","28, Corner of Min Theikdi Kyaw Swar Street & U Tayoke Street, Zone (2), Shwepyitha, Yangon","MM","Myanmar",16.9753379,96.07851040000001,"Food|Food & Beverage","Myanmar Trade Promotion Organization (Myantrade) [Public List] (Myantrade Directory of Exporters (as of March 2025))","","","","","","Rice|Black Gram","False"
"MM20250876NJ3QS","2025-03-28","Myanmar Technologies Industry Co., Ltd","50, Yaw Atwin Wun U Phoe Hlaing Street, Industrial Zone (1), Dagon Seikkan, Yangon","MM","Myanmar",16.8892591,96.2288841,"Wood Products","Myanmar Trade Promotion Organization (Myantrade) [Public List] (Myantrade Directory of Exporters (as of March 2025))","","","","","","plywoods|Boards|Wood Decking|Veneers","False"
"MM20250876NMPRF","2025-03-28","Asia Hline Kyaw Family Co., Ltd","253/A, Room 301/A, 3rd Floor, Mahar Bandoola Road, Botahtaung, Yangon","MM","Myanmar",16.7738283,96.1742614,"Food|Food & Beverage","Myanmar Trade Promotion Organization (Myantrade) [Public List] (Myantrade Directory of Exporters (as of March 2025))","","","","","","Rice|Black Gram|Green Gram","False"
"MM20250876P8BBC","2025-03-28","Myanmar Mercury Garment Manufacturing Company Limited.","No (198/13), U Pho Hlaing Street, Dagon Seikkan Industrial Zone (1), Dagon Seikkan Township, Yangon.","MM","Myanmar",16.8344399,96.2806526,"Apparel","Myanmar Garment Manufacturers Association (MGMA) [Public List] (Myanmar Garment Manufacturers Association (Gathered March 2025))","","","","","","","False"
"MM20250876PE8GM","2025-03-28","Kojima Iryo Myanmar Co., Ltd","869, Rm (A-3), Maharbaga Street, 8th Ward, Mayangone, Yangon","MM","Myanmar",16.8687935,96.11199669999999,"Apparel","Myanmar Trade Promotion Organization (Myantrade) [Public List] (Myantrade Directory of Exporters (as of March 2025))","","","","","","Dress|Shirt|Jackets","False"
"MM20250876PJGP6","2025-03-28","Famous Winner Company Limited","Plot No.198, Myay Taing Block No.Nga (Industry), Industrial Ward, North Okkalapa Tsp, Yangon","MM","Myanmar",16.9197469,96.1686077,"Apparel","Myanmar Garment Manufacturers Association (MGMA) [Public List] (Myanmar Garment Manufacturers Association (Gathered March 2025))","","","","","","","False"
"MM20250876Q5NFR","2025-03-28","E & E Magnetic Products Co., Ltd","174, Pabe Khaung Mg Khet Street, Industrial Zone (1), Hlaingtharya, Yangon","MM","Myanmar",16.832278,96.2207656,"Electronics","Myanmar Trade Promotion Organization (Myantrade) [Public List] (Myantrade Directory of Exporters (as of March 2025))","","","","","","Power Magnetic Transformer","False"
"MM20250876RZYEV","2025-03-28","Diamond Mercury Wood Product Ltd","98/42, Set Hmu 6th Street, Industrial Zone (1), Shwepyitha, Yangon","MM","Myanmar",16.8330415,96.21901369999999,"Wood Products","Myanmar Trade Promotion Organization (Myantrade) [Public List] (Myantrade Directory of Exporters (as of March 2025))","","","","","","Parquet|plywoods|Veneers|Laminated wood","False"
"MM20250876S42H8","2025-03-28","Tek Nay Wun Ni Manufacturing Co., Ltd","142, Mhat Khayar Min Thar Gyi Street, Shwe Pyi Thar Industrial Zone - 3, Shwepyitha, Yangon","MM","Myanmar",16.969617,96.0732146,"Apparel","Myanmar Garment Manufacturers Association (MGMA) [Public List] (Myanmar Garment Manufacturers Association (Gathered March 2025))|Myanmar Trade Promotion Organization (Myantrade) [Public List] (Myantrade Directory of Exporters (as of March 2025))","","","","","","Pants","False"
"MM20250876S5Y9X","2025-03-28","Holly Garment","Sayar Shan, Shwelinban Zone, Hlaingtharyar, Hlaingtharya, Yangon","MM","Myanmar",16.8431462,96.08554869999999,"Apparel","Myanmar Trade Promotion Organization (Myantrade) [Public List] (Myantrade Directory of Exporters (as of March 2025))","","","","","","Pants|Shirt","False"
"MM20250876ST9PA","2025-03-28","S.M.A.S Co., Ltd","A-165/166, Yoe Gyi Chaung Street, Bayintnaung Warehouse, Mayangone, Yangon","MM","Myanmar",16.8673092,96.107689,"Food|Food & Beverage","Myanmar Trade Promotion Organization (Myantrade) [Public List] (Myantrade Directory of Exporters (as of March 2025))","","","","","","Fish|Salted Fish|Dried Shrimp","False"
"MM20250876STTX2","2025-03-28","Nang Yan Co., Ltd.","No.167. 36 Street, Between 80 and 81, Mandalay., Mandalay, Mandalay","MM","Myanmar",22.0004462,96.0844479,"Aquaculture","Myanmar Trade Promotion Organization (Myantrade) [Public List] (Myantrade Directory of Exporters (as of March 2025))","","","","","","Aquatic Product","False"
"MM20250876TGHXG","2025-03-28","Nine Lion Trading Co., Ltd","25, 1st Floor, Anawrahta Road, Latha, Yangon","MM","Myanmar",16.7772208,96.1495051,"Food|Food & Beverage","Myanmar Trade Promotion Organization (Myantrade) [Public List] (Myantrade Directory of Exporters (as of March 2025))","","","","","","Fish","False"
"MM20250876YVFAA","2025-03-28","Dragon Garment Co., Ltd","No.19, Mya Sein Yaung Ind'l Zone, Hlaing Tharyar Tsp","MM","Myanmar",16.9540115,96.0680731,"Apparel","Myanmar Garment Manufacturers Association (MGMA) [Public List] (Myanmar Garment Manufacturers Association (Gathered March 2025))","","","","","","","False"
"MM20250876Z2KS5","2025-03-28","Paing Family International Co., Ltd.","No.3-C Yuzana Street, Aye Yeik Mon, 4 Ward, Hlaing Township, Yangon., Hlaing, Yangon","MM","Myanmar",16.8401884,96.1141624,"Food|Food & Beverage","Myanmar Trade Promotion Organization (Myantrade) [Public List] (Myantrade Directory of Exporters (as of March 2025))","","","","","","Green Bean","False"
"MM20250876Z41FB","2025-03-28","Myawaddy Trading Ltd.","No.55/61, Strand Road, Serikkan T/S, Yangon., Serikkan, Yangon","MM","Myanmar",16.7676751,96.1669222,"Food|Food & Beverage","Myanmar Trade Promotion Organization (Myantrade) [Public List] (Myantrade Directory of Exporters (as of March 2025))","","","","","","Green Bean","False"
"MM20250876ZYNY8","2025-03-28","Great Diamond Mountain Manufacturing Co., Ltd","132, Corner of Wutmasut Won Htauk Street&Seik Kan Thar Street, Industrial Zone (4) Hlaing Thar Yar Tsp, Yangon., Hlaing Thar Yar, Yangon","MM","Myanmar",16.8446753,96.1154424,"Food|Food & Beverage","Myanmar Trade Promotion Organization (Myantrade) [Public List] (Myantrade Directory of Exporters (as of March 2025))","","","","","","Feel Candy","False"
"MM202508770HG5Z","2025-03-28","Advanced Seafood Industries Co., Ltd.","No.127, Than Chat Wun U My Street, Dagon Seink Industrial Zone (1), Yangon, Myanmar., Dagon, Yangon","MM","Myanmar",16.7941555,96.1447455,"Food|Food & Beverage","Myanmar Trade Promotion Organization (Myantrade) [Public List] (Myantrade Directory of Exporters (as of March 2025))|Myanmar Trade Promotion Organization (Myantrade) [Public List] (Myantrade Directory of Exporters (as of March 2025))|Myanmar Trade Promotion Organization (Myantrade) [Public List] (Myantrade Directory of Exporters (as of March 2025))","","","","","","Squid|Fish|Crab|Shrimp Meat","False"
"MM202508770MBVK","2025-03-28","Myat Thiha Soe Trading Co., Ltd","173, 2nd Floor, 36th Street, Upper Middle Block, Kyauktada, Yangon","MM","Myanmar",16.7891054,96.1701276,"Food|Food & Beverage","Myanmar Trade Promotion Organization (Myantrade) [Public List] (Myantrade Directory of Exporters (as of March 2025))","","","","","","Ginger|Turmeric Fingers|Black Gram|Rice|Gram Whole","False"
"MM2025087717C9P","2025-03-28","Asia Face Trading Co., Ltd (Double M)","Building S/A, Room 004, Ground Floor, Lay Daunt Kan Road, Min Ye Kyaw Swar Housing, Tamwe, Yangon","MM","Myanmar",16.789224,96.1305225,"Food|Food & Beverage","Myanmar Trade Promotion Organization (Myantrade) [Public List] (Myantrade Directory of Exporters (as of March 2025))","","","","","","Fish|Prawn|Soft Crab","False"
"MM202508772CPRN","2025-03-28","New Blaze Co., Ltd","43/B, 31st Street, Lower Middle Block, Pabedan, Yangon","MM","Myanmar",16.7776497,96.1566754,"Food|Food & Beverage","Myanmar Trade Promotion Organization (Myantrade) [Public List] (Myantrade Directory of Exporters (as of March 2025))","","","","","","Gram Whole|Pigeon Pea|Black Gram","False"
"MM202508772JS06","2025-03-28","Mansa Iron Steel","529/3, 529/4, Pin Lon St., Industrial Zone (1), South Dagon, Yangon, Myanmar, South Dagon, Yangon","MM","Myanmar",16.8393657,96.22499309999999,"Consumer Products","Myanmar Trade Promotion Organization (Myantrade) [Public List] (Myantrade Directory of Exporters (as of March 2025))","","","","","","Kitchenware","False"
"MM202508773WPR6","2025-03-28","AEC (Green Eyes Ltd)","83/85, 30th Street, Lower Middle Block, Pabedan, Yangon","MM","Myanmar",16.7776497,96.1566754,"Food|Food & Beverage","Myanmar Trade Promotion Organization (Myantrade) [Public List] (Myantrade Directory of Exporters (as of March 2025))","","","","","","Gram Whole|Black Gram","False"
"MM202508774HCQH","2025-03-28","Golden Island Myanmar Co., Ltd","Plot No(1/A, 1/D, 1/E), Dagon Industrial Zone (2), Dagon Myo Thit (Seikkan) Tsp, Yangon","MM","Myanmar",16.8341487,96.230958,"Apparel","Myanmar Garment Manufacturers Association (MGMA) [Public List] (Myanmar Garment Manufacturers Association (Gathered March 2025))|A Brand / Retailer|A Brand / Retailer|Myanmar Centre for Responsible Business (OAR facility list in Myanmar)|An Auditor / Certification Scheme / Service Provider|A Brand / Retailer|A Brand / Retailer|A Brand / Retailer|A Brand / Retailer|A Brand / Retailer|A Brand / Retailer|A Multi-Stakeholder Initiative|A Brand / Retailer|A Multi-Stakeholder Initiative|A Brand / Retailer|A Brand / Retailer|Next Plc (Next Plc List August 2023)|Next Plc (Next Plc Manufacturing Sites April 2024)|Next Plc (Next Plc March 2024)","","","","","","","False"
"MM202508774S0E4","2025-03-28","Hla Yin Moe Co., Ltd","44/B, No.(3), Main Road, Pyinmabin Industrial Zone, Mingalardon, Yangon","MM","Myanmar",17.0003147,96.1445461,"Apparel","Myanmar Garment Manufacturers Association (MGMA) [Public List] (Myanmar Garment Manufacturers Association (Gathered March 2025))|Myanmar Trade Promotion Organization (Myantrade) [Public List] (Myantrade Directory of Exporters (as of March 2025))","","","","","","Pants|Knitting wears","False"
"MM202508775S5VQ","2025-03-28","Myanmar Chemical & Machinery Co.Ltd","20/21/Thukhawaddy Street, 6 Ward, Yankin, Yangon","MM","Myanmar",16.8335572,96.158665,"Food|Food & Beverage","Myanmar Trade Promotion Organization (Myantrade) [Public List] (Myantrade Directory of Exporters (as of March 2025))","","","","","","Lentil|Black Gram|Green Gram|Rice|Black Eye Bean","False"
"MM202508776NC99","2025-03-28","Jin Kai Manufacturing (Myanmar) Co., Ltd","Plot No.186, Myay Taing Block Zone (2), Hlaing Tharyar Tsp, Yangon","MM","Myanmar",16.8819286,96.0573302,"Apparel","Myanmar Garment Manufacturers Association (MGMA) [Public List] (Myanmar Garment Manufacturers Association (Gathered March 2025))","","","","","","","False"
"MM202508777CM33","2025-03-28","Sincere Season (Myanmar) Garment Co., Ltd","Plot No. A1, Myay Taing Block No 21, Mya Sein Yaung Industrial Zone, Hlaing Tharyar Tsp, Yangon.","MM","Myanmar",16.8792057,96.00182889999999,"Apparel","Myanmar Garment Manufacturers Association (MGMA) [Public List] (Myanmar Garment Manufacturers Association (Gathered March 2025))","","","","","","","False"
"MM202508779AH2Z","2025-03-28","Htun Padetha Industries & Trading Co., Ltd","44-45, Kanaung Min Thar Gyi Street, Industrial Zone (1) Hlaing Thar Yar Tsp, Hlaing Thar Yar, Yangon","MM","Myanmar",16.8880467,96.04835899999999,"Food|Food & Beverage","Myanmar Trade Promotion Organization (Myantrade) [Public List] (Myantrade Directory of Exporters (as of March 2025))","","","","","","Food Stuff","False"
"MM202508779Y9S2","2025-03-28","Cekap Venture Trading Co., Ltd","Room-504, 5th Floor, Kaba Aye Pagoda Road, Excel Treasure Tower, Bahan, Yangon","MM","Myanmar",16.8152865,96.1559192,"Food|Food & Beverage","Myanmar Trade Promotion Organization (Myantrade) [Public List] (Myantrade Directory of Exporters (as of March 2025))","","","","","","Green Gram|Black Gram|Pigeon Pea","False"
"MM20250877A4SCC","2025-03-28","Crown Star Co., Ltd","26/A, Aung Min Khaung Pagoda Street, 10th Ward, Kamaryut, Yangon","MM","Myanmar",16.8168106,96.14321149999999,"Food|Food & Beverage","Myanmar Trade Promotion Organization (Myantrade) [Public List] (Myantrade Directory of Exporters (as of March 2025))","","","","","","Black Gram|Pigeon Pea","False"
"MM20250877A9CE6","2025-03-28","Native Victor Industries Co., Ltd","77, Yaw Atwin Wun U Poe Hlaing Street, East Dagon, Yangon","MM","Myanmar",16.8934794,96.08251039999999,"Apparel","Myanmar Garment Manufacturers Association (MGMA) [Public List] (Myanmar Garment Manufacturers Association (Gathered March 2025))|Myanmar Trade Promotion Organization (Myantrade) [Public List] (Myantrade Directory of Exporters (as of March 2025))","","","","","","T shirt|Shirt|Pants","False"
"MM20250877B27P3","2025-03-28","Brilliance Textile Corporation Limited","Plot No. 198/6, 1098/7, Thamardi Street, 2 lane, Industrial Zone (1), Dagon Seikkan Tsp","MM","Myanmar",16.8040669,96.1743291,"Apparel","Myanmar Garment Manufacturers Association (MGMA) [Public List] (Myanmar Garment Manufacturers Association (Gathered March 2025))","","","","","","","False"
"MM20250877BA5M7","2025-03-28","Shan Maw Myae Co., Ltd","243, 1st Floor, Bo Aung Kyaw Street, Upper Middle Block, Kyauktada, Yangon","MM","Myanmar",16.7742121,96.164351,"Agriculture|Beverages|Food & Beverage","Myanmar Trade Promotion Organization (Myantrade) [Public List] (Myantrade Directory of Exporters (as of March 2025))","","","","","","Envelope|Green Tea","False"
"MM20250877BM192","2025-03-28","San Dara Aung Co., Ltd","71, 31st Street, Lower Middle Block, Pabedan, Yangon","MM","Myanmar",16.7776497,96.1566754,"Food|Food & Beverage","Myanmar Trade Promotion Organization (Myantrade) [Public List] (Myantrade Directory of Exporters (as of March 2025))","","","","","","Black Gram|Pigeon Pea","False"
"MM20250877C715J","2025-03-28","Golden Propitious (Myanmar) Garment Co., Ltd","Plot No.51, Myay Taing Block No. 51, Thardukan Industrial Zone, Shwe Pyi Thar Tsp, Ygn","MM","Myanmar",16.9845706,96.09229219999999,"Apparel","Myanmar Garment Manufacturers Association (MGMA) [Public List] (Myanmar Garment Manufacturers Association (Gathered March 2025))","","","","","","","False"
"MM20250877CZ0Y2","2025-03-28","Aung Myat Phyo Int'l Co., Ltd","15, 11th Street, Lower Block, Lanmadaw, Yangon","MM","Myanmar",16.77345,96.14633959999999,"Food|Food & Beverage","Myanmar Trade Promotion Organization (Myantrade) [Public List] (Myantrade Directory of Exporters (as of March 2025))","","","","","","Prawn|Carb","False"
"MM20250877D7Q6A","2025-03-28","See Top Co., Ltd","Myo Shaung 4 Street, No(277/279), No(8) Ward, Bago","MM","Myanmar",17.3430693,96.4468214,"Apparel","Myanmar Garment Manufacturers Association (MGMA) [Public List] (Myanmar Garment Manufacturers Association (Gathered March 2025))","","","","","","","False"
"MM20250877G26P7","2025-03-28","Hein Aquarium Co., Ltd","1033/1035, Duya Street, Ward (43), North Dagon, Yangon","MM","Myanmar",16.8885399,96.1805422,"Food|Food & Beverage","Myanmar Trade Promotion Organization (Myantrade) [Public List] (Myantrade Directory of Exporters (as of March 2025))","","","","","","Fish","False"
"MM20250877G310D","2025-03-28","Sono Myanmar Co., Ltd","No. (85), Di Pe Yinn Wun Htaut U Myal Street, Shwe Pyi Thar Zone (4), Shwe Pyi Thar Township","MM","Myanmar",16.929154,96.0885169,"Apparel","Myanmar Garment Manufacturers Association (MGMA) [Public List] (Myanmar Garment Manufacturers Association (Gathered March 2025))","","","","","","","False"
"MM20250877GDH07","2025-03-28","Golden Bayint Naung Rice & Paddy Company Limited","No.Nya/25, Ahthaw Ka St, BayintnaUNG Pweyontan, No(1) Quarter, Mayangone Tsp, Yangon, Myanmar, Mayangone, Yangon","MM","Myanmar",16.8605843,96.1062494,"Food|Food & Beverage","Myanmar Trade Promotion Organization (Myantrade) [Public List] (Myantrade Directory of Exporters (as of March 2025))","","","","","","Rice","False"
"MM20250877GFD05","2025-03-28","Ever Bright (Myanmar) Textile Co., Ltd","No.1002, Phoung Gyi Road, No.53 GA, Mi Chaung Aing Village, Hlegue Tsp, Ygn","MM","Myanmar",17.0948072,96.21105209999999,"Apparel","Myanmar Garment Manufacturers Association (MGMA) [Public List] (Myanmar Garment Manufacturers Association (Gathered March 2025))","","","","","","","False"
"MM20250877KM9Q0","2025-03-28","KBL Fashion Limited","No (172), Sabai Street, Hlaing Tharyar Industrial Zone (5), Hlaing Tharyar Township, Yangon. No.(19), Myawaday Min Gyi Street, Hlaing Tharyar Zone (4), Hlaing Tharyar Tsp.","MM","Myanmar",16.8819286,96.0573302,"Apparel","Myanmar Garment Manufacturers Association (MGMA) [Public List] (Myanmar Garment Manufacturers Association (Gathered March 2025))","","","","","","","False"
"MM20250877MAHW4","2025-03-28","Indigo Sea Myanmar Trading","Building 53/54, Bahosi Housing, Lanmadaw, Yangon","MM","Myanmar",16.7792342,96.1404381,"Agriculture|Food|Food & Beverage","Myanmar Trade Promotion Organization (Myantrade) [Public List] (Myantrade Directory of Exporters (as of March 2025))","","","","","","Cashew Nuts","False"
"MM20250877MAP2F","2025-03-28","Two Rivers Co., Ltd.","No.356, D, o.F Compound, West Gyogone, Insein Township, Yangon, Myanmar, Insein, Yangon","MM","Myanmar",16.873332,96.11195280000001,"Food|Food & Beverage","Myanmar Trade Promotion Organization (Myantrade) [Public List] (Myantrade Directory of Exporters (as of March 2025))","","","","","","Shrimp Meat","False"
"MM20250877NYQPS","2025-03-28","Sweet Dreams House Holding Supply.","No(26*30), Kan Kaunt Haung Quarter, East Myo Pat St, Chan Myae Thar Zan, Mandalay","MM","Myanmar",21.9588282,96.0891032,"Apparel","Myanmar Garment Manufacturers Association (MGMA) [Public List] (Myanmar Garment Manufacturers Association (Gathered March 2025))","","","","","","","False"
"MM20250877P46WN","2025-03-28","ZPG Zay Pharmaceutical Group Co., Ltd","No(69), Theikpan Street, Gallon Quater, Ahlone Township, Yangon, Yangon, Yangon","MM","Myanmar",16.7921867,96.12351129999999,"Pharmaceuticals","Myanmar Trade Promotion Organization (Myantrade) [Public List] (Myantrade Directory of Exporters (as of March 2025))","","","","","","Methylated Spirit|Zinc Oxide ointment|Povidone iodine Solution|Detergent Solution|Povidone iodine Surgical Scrub","False"
"MM20250877QX2CV","2025-03-28","Diamond Star Co., Ltd","50-51-52, Ka Naung Min Thar Gyi Street, East Dagon Industial Zone, Yangon., East Dagon, Yangon","MM","Myanmar",16.840939,96.173526,"Food|Food & Beverage","Myanmar Trade Promotion Organization (Myantrade) [Public List] (Myantrade Directory of Exporters (as of March 2025))","","","","","","Rice","False"
"MM20250877R4TM3","2025-03-28","Sanny & Brothers Int'l Trading Co., Ltd","17, Room 7/8, Sabae Street, Tamwe, Yangon","MM","Myanmar",16.8144727,96.1296754,"Apparel Accessories","Myanmar Trade Promotion Organization (Myantrade) [Public List] (Myantrade Directory of Exporters (as of March 2025))","","","","","","Luggage","False"
"MM20250877RN98Q","2025-03-28","Golden Phyo Htaung","57-58 Between, 39(A) Street, Ye Mon Taung Ward, Mahan Aung Myay Township, Mandalay., Mahan Aung Myay, Yangon","MM","Myanmar",21.9588282,96.0891032,"Food|Food & Beverage","Myanmar Trade Promotion Organization (Myantrade) [Public List] (Myantrade Directory of Exporters (as of March 2025))","","","","","","Htoo Htoo Shaldable Assorted Sriet Beans","False"
"MM20250877RWAXM","2025-03-28","Myanmar Fruit, Flower and Vegetable Producer and Exporter Association","Office 29, Level 5, UMFCCI Office Tower, 29, Min Ye Kyaw Swar St; Kanmadaw Tsp, Yangon, Kanmadaw, Yangon","MM","Myanmar",16.7985835,96.1950172,"Food|Food & Beverage","Myanmar Trade Promotion Organization (Myantrade) [Public List] (Myantrade Directory of Exporters (as of March 2025))","","","","","","Fruit","False"
"MM20250877RXG20","2025-03-28","Ngwe Sandar Trading Co., Ltd","224/225, Kanaung Min Thar Gyi Street, Industrial Zone (2), Hlaingtharya, Yangon","MM","Myanmar",16.8880467,96.04835899999999,"Food|Food & Beverage","Myanmar Trade Promotion Organization (Myantrade) [Public List] (Myantrade Directory of Exporters (as of March 2025))","","","","","","Green Gram|Gram Whole|Black Gram","False"
"MM20250877VVXT6","2025-03-28","Eastern Lad Co., Ltd","156, 1st Floor, Yangon-Insein Road, Ward (2), Kamaryut, Yangon","MM","Myanmar",16.8344645,96.128524,"Agriculture|Food|Food & Beverage","Myanmar Trade Promotion Organization (Myantrade) [Public List] (Myantrade Directory of Exporters (as of March 2025))","","","","","","Plum Pack|Tea Leaves|Cake|Salad Toppings","False"
"MM20250877W8M5P","2025-03-28","Apex Vantage Trading Co., Ltd","180/190, Ground Floor, Set Yone Road (Mill Road), Ma U Gone Ward, Tamwe, Yangon","MM","Myanmar",16.7913954,96.174852,"Manufacturing|Metal Manufacturing","Myanmar Trade Promotion Organization (Myantrade) [Public List] (Myantrade Directory of Exporters (as of March 2025))","","","","","","Sunflower Oil|Kitchen Steel Materials","False"
"MM20250877WS3BW","2025-03-28","All States International Co., Ltd.","No.310, Rm.No.202, (2nd Flr., ), Corner of Anawrahta St., Warden St., Lanmadaw T/S, Yangon., Lanmadaw, Yangon","MM","Myanmar",16.7781232,96.14076940000001,"Food|Food & Beverage","Myanmar Trade Promotion Organization (Myantrade) [Public List] (Myantrade Directory of Exporters (as of March 2025))|Myanmar Trade Promotion Organization (Myantrade) [Public List] (Myantrade Directory of Exporters (as of March 2025))","","","","","","Green Gram|Black Gram|Green Bean","False"
"MM20250877WX5WK","2025-03-28","Aung Kaung Oo Co., Ltd 4","8, Myachornyo 3 Street, Industrial Zone, Tharkayta Tsp, Tharkayta, Yangon","MM","Myanmar",16.7722833,96.1733079,"Food|Food & Beverage","Myanmar Trade Promotion Organization (Myantrade) [Public List] (Myantrade Directory of Exporters (as of March 2025))","","","","","","Tamarind Paste","False"
"MM20250877XMDWK","2025-03-28","Asia Vista Manufacturing Company Limited.","Plot No (51), Myay Taing Block No (109), Sethmu Myo (Extension), East Dagon Township, Yangon.","MM","Myanmar",17.0854477,96.19431619999999,"Apparel","Myanmar Garment Manufacturers Association (MGMA) [Public List] (Myanmar Garment Manufacturers Association (Gathered March 2025))|Myanmar Trade Promotion Organization (Myantrade) [Public List] (Myantrade Directory of Exporters (as of March 2025))","","","","","","Long Pants","False"
"MM20250877YJQKK","2025-03-28","Myat Miba Co., Ltd","111, Yangon-Insein Road, Near Thukha Bus Stop, Ward (9), Hlaing, Yangon","MM","Myanmar",16.8460749,96.1255936,"Food|Food & Beverage","Myanmar Trade Promotion Organization (Myantrade) [Public List] (Myantrade Directory of Exporters (as of March 2025))","","","","","","Green Gram|Black Gram|Pigeon Pea","False"
"MM20250877YXTHZ","2025-03-28","CREATIVE SEWING Garment Ltd","159/160, Mingyi Mingaung Street, Shwelinban Industrial Zone, Hlaingtharya, Yangon","MM","Myanmar",16.914015,96.0652719,"Apparel","Myanmar Trade Promotion Organization (Myantrade) [Public List] (Myantrade Directory of Exporters (as of March 2025))","","","","","","Knitted Wear|Warm Coat|Rain Coat","False"
"MM202508780BYDG","2025-03-28","Shwe Thit Oo Trading Co., Ltd","K/13-B, Yuzana Street, Bayint Naung Warehouse, Mayangone, Yangon","MM","Myanmar",16.8642964,96.1067996,"Food|Food & Beverage","Myanmar Trade Promotion Organization (Myantrade) [Public List] (Myantrade Directory of Exporters (as of March 2025))","","","","","","Green Gram|Black Gram|Sesame|Pigeon Pea|Black Eye Bean","False"
"MM202508781SEDF","2025-03-28","Fu Son Garment Factory Myanmar Limited","Plot No (60), Block No (21), Mya Sein Yaung Industrial Zone, Hlaing Tharyar Township, Yangon.","MM","Myanmar",16.8792057,96.00182889999999,"Apparel","Myanmar Garment Manufacturers Association (MGMA) [Public List] (Myanmar Garment Manufacturers Association (Gathered March 2025))","","","","","","","False"
"MM202508782XQTA","2025-03-28","So Pyae Win Co., Ltd","So Pyae Win, Site Pyo Yay Chan, Han Myint Moh Village, Kyaukse, Mandalay","MM","Myanmar",21.6098301,96.13414309999999,"Food|Food & Beverage","Myanmar Trade Promotion Organization (Myantrade) [Public List] (Myantrade Directory of Exporters (as of March 2025))","","","","","","Dried Cabbage|Dried Mango|Fresh Mango|Dried Ginger|Dried Tumeric","False"
"MM202508784SWZJ","2025-03-28","Shining Access Garment Company Limited","No (159), Set Hmu 2nd Street, Shwe Pyi Thar Industrial Zone (1), Shwe Pyi Thar Township, Yangon.","MM","Myanmar",16.9337149,96.0872415,"Apparel","Myanmar Garment Manufacturers Association (MGMA) [Public List] (Myanmar Garment Manufacturers Association (Gathered March 2025))|Myanmar Trade Promotion Organization (Myantrade) [Public List] (Myantrade Directory of Exporters (as of March 2025))","","","","","","Shirt (Men)","False"
"MM202508786R5GD","2025-03-28","Thitsar Tun Trading Co., Ltd.","No.136, A U TayoKe Gyi St., Industrial Zone (4), Hlaing Tharyar T/S, Yangon., Hlaing Tharyar, Yangon","MM","Myanmar",16.8346025,96.1201321,"Food|Food & Beverage","Myanmar Trade Promotion Organization (Myantrade) [Public List] (Myantrade Directory of Exporters (as of March 2025))","","","","","","Green Bean","False"
"MM202508788EXP3","2025-03-28","Natural Forest Ptc Ltd","387/389, Bo Aung Kyaw Street, Upper Block, Kyauktada, Yangon","MM","Myanmar",16.7786909,96.1644154,"Furniture|Wood Products","Myanmar Trade Promotion Organization (Myantrade) [Public List] (Myantrade Directory of Exporters (as of March 2025))","","","","","","Sawed Wood","False"
"MM20250878ANDEM","2025-03-28","Mynamar World Trading Co., Ltd","47/ 55, Ngan Yon Pagoda Street, 8.5 Mile, Ward (5), Mayangone, Yangon","MM","Myanmar",16.8724245,96.1393612,"Agriculture|Apparel Accessories|Food|Food & Beverage","Myanmar Trade Promotion Organization (Myantrade) [Public List] (Myantrade Directory of Exporters (as of March 2025))","","","","","","Villous Amomum|Traditional Pathein Umbrella","False"
"MM20250878CYTCA","2025-03-28","May Su Pan Co., Ltd.","No.491, Kachin Phayarr Kyaung Street, Homon Quarter, Muse T/S, Northern Shan State., Muse, Shan","MM","Myanmar",22.8142262,97.3746163,"Food|Food & Beverage","Myanmar Trade Promotion Organization (Myantrade) [Public List] (Myantrade Directory of Exporters (as of March 2025))","","","","","","Crab","False"
"MM20250878D5PCE","2025-03-28","Kim So Young Co., Ltd","Plot No.25, No. (182/5+6+7+8), Mg Kyun Thee Street, Shwe Lin Ban Industrial Zone, Hlaing Tharyar Tsp, Yangon","MM","Myanmar",16.914015,96.0652719,"Apparel","Myanmar Garment Manufacturers Association (MGMA) [Public List] (Myanmar Garment Manufacturers Association (Gathered March 2025))","","","","","","","False"
"MM20250878G0EA2","2025-03-28","Golden Lucky Bag Trading Co., Ltd.","No.689, Sabai Chan (4) Street, (11) Quarter, Hlaing T/S, Yangon., Hlaing, Yangon","MM","Myanmar",16.8607542,96.1130515,"Food|Food & Beverage","Myanmar Trade Promotion Organization (Myantrade) [Public List] (Myantrade Directory of Exporters (as of March 2025))","","","","","","Green Bean","False"
"MM20250878HKYXS","2025-03-28","Simon Labels (SML) Myanmar Manufacturing Company Limited.","No (83), Daw Phwar Shin Street, Hlaing Tharyar Industrial Zone (1), Hlaing Tharyar Township, Yangon.","MM","Myanmar",16.9086656,96.0762448,"Apparel","Myanmar Garment Manufacturers Association (MGMA) [Public List] (Myanmar Garment Manufacturers Association (Gathered March 2025))","","","","","","","False"
"MM20250878K65ND","2025-03-28","Wakhema Trading Company Limited","No(127), Ground Floor, 21 Street, Latha Township, Yangon Region, Myanmar., Latha, Yangon","MM","Myanmar",16.7746602,96.1509038,"Agriculture|Food|Food & Beverage","Myanmar Trade Promotion Organization (Myantrade) [Public List] (Myantrade Directory of Exporters (as of March 2025))|Myanmar Rice Federation [Public List] (Registered companies as of April 2025)","","","","","","Rice|Rice","False"
"MM20250878KTVZ1","2025-03-28","Guston Amava Limited","Lot No.A-19, Thilawa Special Economic Zone, Thanhlyin, Yangon","MM","Myanmar",16.6699485,96.27489469999999,"Apparel","Myanmar Garment Manufacturers Association (MGMA) [Public List] (Myanmar Garment Manufacturers Association (Gathered March 2025))","","","","","","","False"
"MM20250878MGJS9","2025-03-28","Thein Than Mining Co., Ltd","521, Mogoke St, Industrial Zone(1), South Dagon, Yangon","MM","Myanmar",16.8704983,96.24290450000001,"Wood Products","Myanmar Trade Promotion Organization (Myantrade) [Public List] (Myantrade Directory of Exporters (as of March 2025))","","","","","","Timber/Wood","False"
"MM20250878MNAFW","2025-03-28","Casico Garment Limited","104, Seikkan Thar Street, Zone (3), Hlaingtharya, Yangon","MM","Myanmar",16.7723606,96.1630769,"Apparel","Myanmar Trade Promotion Organization (Myantrade) [Public List] (Myantrade Directory of Exporters (as of March 2025))","","","","","","Shirt","False"
"MM20250878N8371","2025-03-28","Sure Success Enterprise Ltd","110/B, 1st Floor, Shwe Taung Dan Street, Middle Block, Lanmadaw, Yangon","MM","Myanmar",16.776408,96.1407844,"Agriculture|Food|Food & Beverage","Myanmar Trade Promotion Organization (Myantrade) [Public List] (Myantrade Directory of Exporters (as of March 2025))","","","","","","Tamarind","False"
"MM20250878NCZNF","2025-03-28","Super Bean Co., Ltd","Building C, Room-1104, 11th Floor, Pearl Condo, Bahan, Yangon","MM","Myanmar",16.8171048,96.1568412,"Food|Food & Beverage","Myanmar Trade Promotion Organization (Myantrade) [Public List] (Myantrade Directory of Exporters (as of March 2025))","","","","","","Green Gram|Black Gram|Pigeon Pea","False"
"MM20250878QJC0F","2025-03-28","EMC Mfg Co., Ltd","B/2, No.(3) Main Road, Mingalardon Industrial Park, Mingalardon, Yangon","MM","Myanmar",16.9437623,96.1555688,"Apparel|Apparel Accessories|Footwear|Leather","Tapestry, Inc. (Tapestry Tier 1 Supplier List June 2024)|Worldly|Tapestry, Inc. (Tapestry Tier 1 Supplier List June 2023)|Tapestry, Inc. (Tapestry Tier 1 Supplier List December 2023)|Myanmar Trade Promotion Organization (Myantrade) [Public List] (Myantrade Directory of Exporters (as of March 2025))|Lacoste [Public List] (Lacoste Tier 1 Facility List January 2020)|Myanmar Centre for Responsible Business (OAR facility list in Myanmar)|A Brand / Retailer|Capri Holdings (Capri Holdings Facility List November 2024)|Capri Holdings (Tier 1 Capri Holdings Facilities December 2024)|Capri Holdings (Tier 1 Capri Holdings Facilities December 2024)","1001-5000|1001-5000|1001-5000","ELITE ENTERPRISES CORPORATION LTD |ELITE ENTERPRISES CORPORATION LTD|ELITE ENTERPRISES CORPORATION LTD","Final Product Assembly","","Final Product Assembly|Final Product Assembly|Final Product Assembly","Leather Bag|Back Pack Bag","False"
"MM20250878RM7BR","2025-03-28","Lay Lay Sugar Co., Ltd","197/96, Corner of 88th Street & 25th Street, Aungmyaythazan, Mandalay","MM","Myanmar",21.9992205,96.0739222,"Food|Food & Beverage","Myanmar Trade Promotion Organization (Myantrade) [Public List] (Myantrade Directory of Exporters (as of March 2025))","","","","","","Sugar","False"
"MM20250878S3P0C","2025-03-28","B & N Garment Co., Ltd","14, Daw Phwa Shin Street, Zone (2), Shwepyitha, Yangon","MM","Myanmar",16.9753379,96.07851040000001,"Apparel","Myanmar Trade Promotion Organization (Myantrade) [Public List] (Myantrade Directory of Exporters (as of March 2025))","","","","","","Jackets","False"
"MM20250878S6J0B","2025-03-28","ACE Apparel International Company Limited","No (92), Min Theikdi Kyaw Swar Road, Hlaing Tharyar Industrial Zone (3), Hlaing Tharyar Township, Yangon.","MM","Myanmar",16.8546709,96.0688165,"Apparel","Myanmar Garment Manufacturers Association (MGMA) [Public List] (Myanmar Garment Manufacturers Association (Gathered March 2025))|Myanmar Trade Promotion Organization (Myantrade) [Public List] (Myantrade Directory of Exporters (as of March 2025))","","","","","","T shirt","False"
"MM20250878SSMMM","2025-03-28","Asia Myint Co., Ltd","9-12, Kyauk Sein Street, Thardukan Industrial Zone, Shwepyitha, Yangon","MM","Myanmar",16.9845706,96.09229219999999,"Food|Food & Beverage","Myanmar Trade Promotion Organization (Myantrade) [Public List] (Myantrade Directory of Exporters (as of March 2025))","","","","","","Green Gram|Black Gram|Pigeon Pea","False"
"MM20250878TPQ45","2025-03-28","Shwe Pyi Sann Co., Ltd","9/D, Pyi Taw Aye Yeik Thar Lane, Near Yeik Thar Bar Stop, Ward (7), Yankin, Yangon","MM","Myanmar",16.8346697,96.1659376,"Food|Food & Beverage","Myanmar Trade Promotion Organization (Myantrade) [Public List] (Myantrade Directory of Exporters (as of March 2025))","","","","","","Black Gram|Pigeon Pea","False"
"MM20250878TXHRT","2025-03-28","Myanmar Shwe See Sein Co., Ltd","No.10/A/ / 88th St. Kan Daw Kalay (West) ward, Mingalar Taungnyunt, Yangon","MM","Myanmar",16.7878863,96.1633811,"Agriculture|Food|Food & Beverage","Myanmar Trade Promotion Organization (Myantrade) [Public List] (Myantrade Directory of Exporters (as of March 2025))","","","","","","Ginger|Pulses|Beans|Onion","False"
"MM20250878Z9G5Q","2025-03-28","RDC Co., Ltd","167, Set Hmu 3rd Street, Myittar Nyunt Ward, Tamwe, Yangon","MM","Myanmar",16.8163789,96.1824511,"Apparel Accessories","Myanmar Trade Promotion Organization (Myantrade) [Public List] (Myantrade Directory of Exporters (as of March 2025))","","","","","","Umbrella","False"
"MM20250878ZDRVS","2025-03-28","Tha Htay Kyite Co., Ltd","No.1222, 4th Htuparyone St, Tharketa, Yangon","MM","Myanmar",16.7971831,96.2028287,"Food|Food & Beverage","Myanmar Trade Promotion Organization (Myantrade) [Public List] (Myantrade Directory of Exporters (as of March 2025))","","","","","","Tha Htay Kyite Fish Sauce|Lutinekyite fish sauce 2L|Tha Htay Kyite Fish Paste|Lutinekyite fish sauce 300g|Lutine Kyite fish sauce 1L","False"
"MM202508790F3R5","2025-03-28","Best of The Best Co., Ltd","561, Room 901, 9th Floor, Merchant Road, MAC Tower, Kyauktada, Yangon","MM","Myanmar",16.7717342,96.1604247,"Food|Food & Beverage","Myanmar Trade Promotion Organization (Myantrade) [Public List] (Myantrade Directory of Exporters (as of March 2025))","","","","","","Black Gram|Red Pigeon Pea","False"
"MM202508790JXKX","2025-03-28","Shwe Me Co., Ltd.","Central Tower No.79-81, 1st Floor, Road 102, Anawahta Rd, Between 39th & 40th Set, Kyauktada Township, Yangon., Kyauktada, Yangon","MM","Myanmar",16.7765363,96.16399589999999,"Food|Food & Beverage","Myanmar Trade Promotion Organization (Myantrade) [Public List] (Myantrade Directory of Exporters (as of March 2025))","","","","","","Green Bean","False"
"MM2025087911F5H","2025-03-28","Du Won Vermicelli","No.137/63, Corner of Min Gyi Mahar Min Gaung Street & Metkhayar Min Thar Gyi Street, Shwe Pyi Thar Industrial Zone(3), Yangon., Shwe Pyi Thar, Yangon","MM","Myanmar",16.9337149,96.0872415,"Food|Food & Beverage","Myanmar Trade Promotion Organization (Myantrade) [Public List] (Myantrade Directory of Exporters (as of March 2025))","","","","","","Rice Vermicelli","False"
"MM2025087914K2N","2025-03-28","United Green Co., Ltd.","No.64, Innwa Street, Kyauk Myaung, Tamwe T/S, Yangon Region., Tamwe, Yangong","MM","Myanmar",16.8001564,96.178642,"Food|Food & Beverage","Myanmar Trade Promotion Organization (Myantrade) [Public List] (Myantrade Directory of Exporters (as of March 2025))","","","","","","Crab","False"
"MM202508792N3D2","2025-03-28","Green Mast Trading Co., Ltd","1572, May Kha Street, Industrial Zone - 2, South Dagon, Yangon","MM","Myanmar",16.8577013,96.2239688,"Wood Products","Myanmar Trade Promotion Organization (Myantrade) [Public List] (Myantrade Directory of Exporters (as of March 2025))","","","","","","Laminated wood","False"
"MM202508792P1C0","2025-03-28","Myanmar Huasheng Yashili Fashion Company Limited","Plot No.78 (Kha), Special Zone No 1, Okkthar (9) Quarter, Bago Tsp","MM","Myanmar",17.3220711,96.4663286,"Apparel","MADE (MADE facility list for November 2023)|Myanmar Garment Manufacturers Association (MGMA) [Public List] (Myanmar Garment Manufacturers Association (Gathered March 2025))","","","","","","","False"
"MM20250879322JM","2025-03-28","Shwe Mya Thu Kha Company","No.Pa -24(B), Corner of Pho Yarzar Street and 69th Street, Zamyinzwe Ward, No.(1) Industrial Zone, Pyaygyitagon, MANDALAY","MM","Myanmar",21.9052238,96.1166861,"Food|Food & Beverage","Myanmar Trade Promotion Organization (Myantrade) [Public List] (Myantrade Directory of Exporters (as of March 2025))","","","","","","Rice","False"
"MM202508795MHPV","2025-03-28","CNM Garment Industrial Limited","594/A, Pan Ta Pwint Taung Street, Aout Wa Net Chaung, Hmawbi, Yangon","MM","Myanmar",17.1533377,96.02557379999999,"Apparel","Myanmar Garment Manufacturers Association (MGMA) [Public List] (Myanmar Garment Manufacturers Association (Gathered March 2025))|Myanmar Trade Promotion Organization (Myantrade) [Public List] (Myantrade Directory of Exporters (as of March 2025))","","","","","","T shirt","False"
"MM202508795R4QK","2025-03-28","Zhongrun (Myanmar) Garment Company Limited.","Plot No (73_B), Myay Taing No (65), Shwe Pyi Thar Industrial Zone (4), Shwe Pyi Thar Township, Yangon.","MM","Myanmar",16.9337149,96.0872415,"Apparel","Myanmar Garment Manufacturers Association (MGMA) [Public List] (Myanmar Garment Manufacturers Association (Gathered March 2025))","","","","","","","False"
"MM2025087975ME9","2025-03-28","1-2-1 Manufacturing Company Limited","No (233_B), Mya Khwar Nyo 3rd Street, Thakayta Industrial Zone, Thakayta Township, Yangon.","MM","Myanmar",16.8078694,96.204825,"Apparel","Myanmar Garment Manufacturers Association (MGMA) [Public List] (Myanmar Garment Manufacturers Association (Gathered March 2025))","","","","","","","False"
"MM202508797QJFT","2025-03-28","Maung Jade & Jewellery","No.64, Bet: 26 x 27 St, Bet: 81 x 82 St Chan Aye Thar San T/S Mandalay, Chan Aye Thar San, Mandalay","MM","Myanmar",21.975521,96.0820583,"Apparel Accessories","Myanmar Trade Promotion Organization (Myantrade) [Public List] (Myantrade Directory of Exporters (as of March 2025))","","","","","","Jewellery|Gems","False"
"MM20250879A56R8","2025-03-28","Shwe Panlaw Manufacture Co., Ltd","Sinlan Village, Sinlan Village Tract Pyin Oo Lwin., Pyin Oo Lwin, Pyin Oo Lwin","MM","Myanmar",22.0333011,96.432074,"Beverages|Food & Beverage","Myanmar Trade Promotion Organization (Myantrade) [Public List] (Myantrade Directory of Exporters (as of March 2025))","","","","","","Black Tea","False"
"MM20250879AAMDG","2025-03-28","Easy Rider Motorbike Co., Ltd","26, Nwal Ni Street, Saw Yan Paing (West) Ward, Ahlone, Yangon","MM","Myanmar",16.6739313,96.1405236,"Food|Food & Beverage|Rubber Products","Myanmar Trade Promotion Organization (Myantrade) [Public List] (Myantrade Directory of Exporters (as of March 2025))","","","","","","Rice|Rubber","False"
"MM20250879AD9HC","2025-03-28","Variety Trading Co., Ltd","Building 35, RM 004, Sabei Street, Yuzana Mingalar City Housing, Tamwe, Yangon","MM","Myanmar",16.7814385,96.1706066,"Agriculture|Food|Food & Beverage","Myanmar Trade Promotion Organization (Myantrade) [Public List] (Myantrade Directory of Exporters (as of March 2025))","","","","","","Sesame","False"
"MM20250879AHPBQ","2025-03-28","MYPORT Limited","Plot No.2, Special Zone(2), Oak Thar Ward, Bago Tsp","MM","Myanmar",17.3082622,96.4507184,"Apparel","Myanmar Garment Manufacturers Association (MGMA) [Public List] (Myanmar Garment Manufacturers Association (Gathered March 2025))","","","","","","","False"
"MM20250879BXPZR","2025-03-28","Korace Co., ltd","15, Public Works Compound, Myittar Rd, 14/1, South Okkalapa, Yangon","MM","Myanmar",16.8379779,96.17692609999999,"Apparel","Myanmar Garment Manufacturers Association (MGMA) [Public List] (Myanmar Garment Manufacturers Association (Gathered March 2025))|Myanmar Trade Promotion Organization (Myantrade) [Public List] (Myantrade Directory of Exporters (as of March 2025))","","","","","","Suits|Blazers","False"
"MM20250879C9XHY","2025-03-28","Myat AnnawarAung Co., Ltd","No.298, 299 Sayar Shan Street, Shwe Lin Pann Industrial Zone, Hlaing Thar Yar Township, Yangon Myanmar., Hlaing Tharyar, Yangon","MM","Myanmar",16.8431462,96.08554869999999,"Food|Food & Beverage","Myanmar Trade Promotion Organization (Myantrade) [Public List] (Myantrade Directory of Exporters (as of March 2025))","","","","","","Shrimp Meat","False"
"MM20250879CAGCD","2025-03-28","Pearl Phyu Co., Ltd","Room-80, Mya Yee Pearl Road, Kan Nee Fishery Zone, Shwe Hinthar Ward, Kawthaung, Kawthaung","MM","Myanmar",9.9958108,98.5528746,"Food|Food & Beverage","Myanmar Trade Promotion Organization (Myantrade) [Public List] (Myantrade Directory of Exporters (as of March 2025))","","","","","","Crab|Fish|Prawn|Shells","False"
"MM20250879DJ868","2025-03-28","Trisea Co., Ltd","124, Aung Mingalar 2 Street, 3 Ward, Mayangone, Yangon","MM","Myanmar",16.7980355,96.1781417,"Apparel","Myanmar Garment Manufacturers Association (MGMA) [Public List] (Myanmar Garment Manufacturers Association (Gathered March 2025))|Myanmar Trade Promotion Organization (Myantrade) [Public List] (Myantrade Directory of Exporters (as of March 2025))","","","","","","Pajamas|Underwears|T Shirt","False"
"MM20250879DRDAQ","2025-03-28","Panda Textile Company Limited","No(2), Garment & Textile Factory, Palate, Sint Khine Tsp, Mandalay Division","MM","Myanmar",21.9878893,96.076972,"Apparel","Myanmar Garment Manufacturers Association (MGMA) [Public List] (Myanmar Garment Manufacturers Association (Gathered March 2025))","","","","","","","False"
"MM20250879F25J3","2025-03-28","Trisle Asia Co., Ltd","S/1, Oho Bo Shwe Kyin Ward, Aungmyaythazan, Mandalay","MM","Myanmar",22.0207583,96.1065976,"Food|Food & Beverage","Myanmar Trade Promotion Organization (Myantrade) [Public List] (Myantrade Directory of Exporters (as of March 2025))","","","","","","Sugar","False"
"MM20250879G1CQF","2025-03-28","Beautiful Wood Industry Co., ltd","36, Thitsar Street, South Okkalapa, Yangon","MM","Myanmar",16.8393076,96.16972679999999,"Building Materials|Furniture|Wood Products","Myanmar Trade Promotion Organization (Myantrade) [Public List] (Myantrade Directory of Exporters (as of March 2025))","","","","","","Wood Base Art|Sawed Wood|Flooring","False"
"MM20250879KQ8V8","2025-03-28","Horizon Star Co., Ltd","7, 8th Floor, Pan Hlaing Street, Pan Hlaing Ward, Kyeemyindine, Yangon","MM","Myanmar",16.7979641,96.1248159,"Wood Products","Myanmar Trade Promotion Organization (Myantrade) [Public List] (Myantrade Directory of Exporters (as of March 2025))","","","","","","Sawed Wood","False"
"MM20250879M1DGD","2025-03-28","World Full's Manufacturing Company Limited.","No (35_A), Bamaw Ahtwinwun Street, Dagon Seikkan Industrial Zone (2), Dagon Seikkan Township, Yangon.","MM","Myanmar",16.8344399,96.2806526,"Apparel","Myanmar Garment Manufacturers Association (MGMA) [Public List] (Myanmar Garment Manufacturers Association (Gathered March 2025))","","","","","","","False"
"MM20250879P54F9","2025-03-28","Diamond Century Co., Ltd","33, Latha Street, Lower Block, Latha, Yangon","MM","Myanmar",16.7733104,96.1501012,"Food|Food & Beverage","Myanmar Trade Promotion Organization (Myantrade) [Public List] (Myantrade Directory of Exporters (as of March 2025))","","","","","","Black Eye Bean|Green Bean|Green Gram","False"
"MM20250879PS7EZ","2025-03-28","Myeik Plywood Co., Ltd","189/195, Room-8/B, 8th Floor, Pansoedan Street, Pansoedan Office Tower, Kyauktada, Yangon","MM","Myanmar",16.7755862,96.1616366,"Wood Products","Myanmar Trade Promotion Organization (Myantrade) [Public List] (Myantrade Directory of Exporters (as of March 2025))","","","","","","Veneers|plywoods","False"
"MM20250879Q5EV0","2025-03-28","The Red Stone Company Limited.","No (42/152-153), Shwe Pyi Thar Industrial Zone(3), Shwe Pyi Thar Township, Yangon.","MM","Myanmar",16.9337149,96.0872415,"Apparel","Myanmar Garment Manufacturers Association (MGMA) [Public List] (Myanmar Garment Manufacturers Association (Gathered March 2025))","","","","","","","False"
"MM20250879QMHB2","2025-03-28","Prime Pacific Co., Ltd","No (A-1, 606), Aung Chan Thar Condominium Aung Chan Thar Street, Yankin, Yangon","MM","Myanmar",16.8345476,96.173563,"Wood Products","Myanmar Trade Promotion Organization (Myantrade) [Public List] (Myantrade Directory of Exporters (as of March 2025))","","","","","","","False"
"MM20250879QQ1NZ","2025-03-28","Super Tower Co., Ltd.","Rm 49-51/61-63, Bldg Star City A/3, Kyaik Khauk Pagoda Rd., Than Lyin, Yangon, Myanmar, Than Lyin, Yangon","MM","Myanmar",16.7448657,96.26554949999999,"Consumer Products","Myanmar Trade Promotion Organization (Myantrade) [Public List] (Myantrade Directory of Exporters (as of March 2025))","","","","","","Kitchenware","False"
"MM20250879QYK69","2025-03-28","Great Deal Co., Ltd","139, 1st Floor, 27th Street, Middle Block, Pabedan, Yangon","MM","Myanmar",16.7769571,96.1550291,"Food|Food & Beverage","Myanmar Trade Promotion Organization (Myantrade) [Public List] (Myantrade Directory of Exporters (as of March 2025))","","","","","","Black Gram|Pigeon Pea","False"
"MM20250879RC5TY","2025-03-28","Pulses Export Co., Ltd","195/197, 3rd Floor, 32nd Street, Pabedan, Yangon","MM","Myanmar",16.7752832,96.1581053,"Food|Food & Beverage","Myanmar Trade Promotion Organization (Myantrade) [Public List] (Myantrade Directory of Exporters (as of March 2025))","","","","","","Black Gram|Pigeon Pea","False"
"MM20250879RX05N","2025-03-28","Sunny Shoes Co., Ltd (Myanmar Sunny Co., Ltd)","247/B, Twin Thin Tike Wun U Tun Nyo Street, Industrial Zone (2), Hlaingtharya, Yangon","MM","Myanmar",16.8819286,96.0573302,"Footwear","Myanmar Trade Promotion Organization (Myantrade) [Public List] (Myantrade Directory of Exporters (as of March 2025))","","","","","","Shoes","False"
"MM20250879SEHCZ","2025-03-28","Sung Bo International Co., Ltd","160, Shwe Yin Aye Kaung Street, Industrial Zone - 5, Hlaingtharya, Yangon","MM","Myanmar",16.8943257,96.0450374,"Apparel","Myanmar Garment Manufacturers Association (MGMA) [Public List] (Myanmar Garment Manufacturers Association (Gathered March 2025))|Myanmar Trade Promotion Organization (Myantrade) [Public List] (Myantrade Directory of Exporters (as of March 2025))","","","","","","Shirt|Jackets|Pants","False"
"MM20250879SP0AM","2025-03-28","Mao Feng Garment Co., Ltd","Corner of Myawaddy Mingyi Street & Gayuner St, No.59, 144 Ward, East Dagon Industrial Zone, East Dagon Tsp, Yangon","MM","Myanmar",16.8908169,96.2508702,"Apparel","Myanmar Garment Manufacturers Association (MGMA) [Public List] (Myanmar Garment Manufacturers Association (Gathered March 2025))","","","","","","","False"
"MM20250879V9PTF","2025-03-28","One Lion King Trading Co., Ltd","40/B, 94th Street, Kan Daw Kalay (South) Ward, Mingalar Taungnyunt, Yangon","MM","Myanmar",16.7849738,96.16689000000001,"Food|Food & Beverage","Myanmar Trade Promotion Organization (Myantrade) [Public List] (Myantrade Directory of Exporters (as of March 2025))","","","","","","Fish|Betel Nut|Green Gram|Black Gram","False"
"MM20250879W1K6H","2025-03-28","Parise International Co., Ltd","121, Twin Thin Htike Wun U Tun Nyo Street, Industrial Zone, East Dagon, Yangon","MM","Myanmar",16.8989114,96.23942819999999,"Wood Products","Myanmar Trade Promotion Organization (Myantrade) [Public List] (Myantrade Directory of Exporters (as of March 2025))","","","","","","","False"
"MM20250879W1QXC","2025-03-28","Thiri Sandar Garment","707, Lower Mingalardon Road, Ywar Thit Bus Stop, Aung San Ward, Insein, Yangon","MM","Myanmar",16.9262642,96.0989077,"Apparel","Myanmar Trade Promotion Organization (Myantrade) [Public List] (Myantrade Directory of Exporters (as of March 2025))","","","","","","Shirt|Jackets","False"
"MM20250879WC3DK","2025-03-28","Thang Thai Textile Myanmar","Pa Bae Kaugn mg Khet Street, Industrial Zone - 1, Hlaingtharya, Yangon","MM","Myanmar",16.832278,96.2207656,"Apparel","Myanmar Trade Promotion Organization (Myantrade) [Public List] (Myantrade Directory of Exporters (as of March 2025))","","","","","","Sport Wears","False"
"MM20250879YEJ6Z","2025-03-28","Earch Tamura Electronic (Myanmar) Co., Ltd","475/B, Yauk Kaw Street, Industrial Zone (1), South Dagon, Yangon","MM","Myanmar",16.8246417,96.22077019999999,"Electronics","Myanmar Trade Promotion Organization (Myantrade) [Public List] (Myantrade Directory of Exporters (as of March 2025))","","","","","","Switch|Choke Coil|Transformer","False"
"MM20250879YPD3Z","2025-03-28","Sea Field Industries Co., Ltd","Room-006, Bayintnaung Road, Bayintnaung Tower 1/B, Kamaryut, Yangon","MM","Myanmar",16.8333179,96.1204443,"Food|Food & Beverage","Myanmar Trade Promotion Organization (Myantrade) [Public List] (Myantrade Directory of Exporters (as of March 2025))","","","","","","Black Gram","False"
"MM20250879YTMAH","2025-03-28","Sunforce International Co., Ltd","Holding No.34, Plot No, 620 Kha, Kwin Thit Kwin, Maekhone Village, Bago., Bago, Bago","MM","Myanmar",17.3220711,96.4663286,"Rubber Products","Myanmar Trade Promotion Organization (Myantrade) [Public List] (Myantrade Directory of Exporters (as of March 2025))","","","","","","Rubber","False"
"MM20250879Z3P5R","2025-03-28","Ya Tha Wa Thi Co., Ltd","No.152, Wa-9, 65th Street, Pyikyitakhon Township, Mandalay., Pyikyitakhon, Mandalay","MM","Myanmar",21.9807271,96.108139,"Beverages|Food & Beverage","Myanmar Trade Promotion Organization (Myantrade) [Public List] (Myantrade Directory of Exporters (as of March 2025))","","","","","","Red Tea","False"
"MM2025087A0TA44","2025-03-28","May Pyone Khaing Co., Ltd","116, University Yeik Thar Street, Kamaryut, Yangon","MM","Myanmar",16.8224879,96.1310916,"Food|Food & Beverage","Myanmar Trade Promotion Organization (Myantrade) [Public List] (Myantrade Directory of Exporters (as of March 2025))","","","","","","Prawn|Fish","False"
"MM2025087A2NZK5","2025-03-28","Royal Ruby Manufacturing Co., Ltd.","Building(30), Room(101), First Floor, Zagawah Street, Dagon T/S, Yangon","MM","Myanmar",16.8492603,96.2805226,"Pharmaceuticals","Myanmar Trade Promotion Organization (Myantrade) [Public List] (Myantrade Directory of Exporters (as of March 2025))","","","Office / HQ","","Office HQ","","False"
"MM2025087A30K0J","2025-03-28","Myanmar Luxury Group Company Limited","No (16/42), Set Hmu Paday Thar Street, Shwe Pyi Thar Industrial Zone (1), Shwe Pyi Thar Township, Yangon.","MM","Myanmar",16.9337149,96.0872415,"Apparel","Myanmar Garment Manufacturers Association (MGMA) [Public List] (Myanmar Garment Manufacturers Association (Gathered March 2025))","","","","","","","False"
"MM2025087A3DDQG","2025-03-28","Nice Fashion Garment Industry Limited","No (304-B), No (4) Highway Road, Shwe Pyi Thar Industrial Zone (1), Shwe Pyi Thar Township, Yangon.","MM","Myanmar",16.9337149,96.0872415,"Apparel","Myanmar Garment Manufacturers Association (MGMA) [Public List] (Myanmar Garment Manufacturers Association (Gathered March 2025))","","","","","","","False"
"MM2025087A3P4VM","2025-03-28","KAKADO Myanmar Co., Ltd","282/283, Corner of Min Gyi Mahar Min Khaung Street & U Tayote Street, Shwelinban Industrial Zone, Hlaingtharya, Yangon","MM","Myanmar",16.914015,96.0652719,"Apparel","Myanmar Trade Promotion Organization (Myantrade) [Public List] (Myantrade Directory of Exporters (as of March 2025))","","","","","","Kid Wear|Jackets","False"
"MM2025087A4CGVQ","2025-03-28","Tiger Intermational Trading Co., Ltd","134, Seikkanthar Street, Lower Middle Block, Kyauktada, Yangon","MM","Myanmar",16.7723616,96.1629947,"Food|Food & Beverage","Myanmar Trade Promotion Organization (Myantrade) [Public List] (Myantrade Directory of Exporters (as of March 2025))","","","","","","Tamarind|Ginger|Maize|Black Gram|Green Gram","False"
"MM2025087A5SKFW","2025-03-28","Pyinsawaddy Seafood Production Co., Ltd","No.10, Rm 003, 3rd Flr, Aye Yeik Mon 2nd St, Ward(3), Hlaing, Yangon","MM","Myanmar",16.8377564,96.121868,"Food|Food & Beverage","Myanmar Trade Promotion Organization (Myantrade) [Public List] (Myantrade Directory of Exporters (as of March 2025))","","","","","","Prawn|Fish|Crab","False"
"MM2025087A69JA7","2025-03-28","Kumar Int'l Ltd","561, Rm 401/402, 4th Flr, Merchant Rd., MAC Tower, Kyauktada, Yangon","MM","Myanmar",16.7717342,96.1604247,"Food|Food & Beverage","Myanmar Trade Promotion Organization (Myantrade) [Public List] (Myantrade Directory of Exporters (as of March 2025))","","","","","","Black Gram|Green Gram","False"
"MM2025087A6DCSM","2025-03-28","Lin Star Co., Ltd","C/24, Aung Thapyay Street, Bayintnaung Warehouse, Mayangone, Yangon","MM","Myanmar",16.7926555,96.17611149999999,"Food|Food & Beverage","Myanmar Trade Promotion Organization (Myantrade) [Public List] (Myantrade Directory of Exporters (as of March 2025))","","","","","","Black Gram|Pigeon Pea|Green Gram","False"
"MM2025087A7PGZ8","2025-03-28","First Rice & Paddy Trading Co., Ltd","122/B, De Pe Yinn Wun Htauk U Myel Street, Insdustrial Zone (2), Hlaingtharya, Yangon","MM","Myanmar",16.8394848,96.22521359999999,"Food|Food & Beverage","Myanmar Trade Promotion Organization (Myantrade) [Public List] (Myantrade Directory of Exporters (as of March 2025))","","","","","","Rice","False"
"MM2025087A89RDJ","2025-03-28","Bhome Yaung Chi Company Limited","Between 48th Street & 49th Street, No.Pha Pha 6 (104/105), Htun Tone Ward, Chan Mya Thar Si Township, Mandalay Region, Myanmar., Chan Mya Thar Si, Mandalay","MM","Myanmar",21.9404277,96.1049958,"Food|Food & Beverage","Myanmar Trade Promotion Organization (Myantrade) [Public List] (Myantrade Directory of Exporters (as of March 2025))","","","","","","Rice","False"
"MM2025087A995E1","2025-03-28","Golden King Dragon Co., Ltd","79, 24th Street, Lower Block, Latha, Yangon","MM","Myanmar",16.7744796,96.15264069999999,"Manufacturing|Metal Manufacturing","Myanmar Trade Promotion Organization (Myantrade) [Public List] (Myantrade Directory of Exporters (as of March 2025))","","","","","","Iron Scrap","False"
"MM2025087AA8W8J","2025-03-28","Win Plus Co., Ltd","D/50, Aye Thar Yar Street, FMI City, Hlaingtharya, Yangon","MM","Myanmar",16.8649487,96.0851307,"Animal Production|Food|Food & Beverage","Myanmar Trade Promotion Organization (Myantrade) [Public List] (Myantrade Directory of Exporters (as of March 2025))","","","","","","Cowhide|Frozen Beef|Cow","False"
"MM2025087AA9FSQ","2025-03-28","M.T.H Garment Factory","79 St, Between 10 and 11 Road, Aung Myay Thar Zan Tsp, Mandalay","MM","Myanmar",22.000769,96.07276399999999,"Apparel","Myanmar Garment Manufacturers Association (MGMA) [Public List] (Myanmar Garment Manufacturers Association (Gathered March 2025))","","","","","","","False"
"MM2025087AAC0K5","2025-03-28","Nature Timber Trading Co., Ltd","68, 5th Floor, U Wisara Road, Olympic Hotel, National Swimming Pool Compound, U Wisara Ward, Dagon, Yangon","MM","Myanmar",16.7836577,96.1513586,"Wood Products","Myanmar Trade Promotion Organization (Myantrade) [Public List] (Myantrade Directory of Exporters (as of March 2025))","","","","","","sawed wood|Plywood|Veneers","False"
"MM2025087AAQMM5","2025-03-28","Cherry Thin Garment","163, Myin Wun U Aung Thu Street, Zone (2), Hlaingtharya, Yangon","MM","Myanmar",16.8488631,96.0774712,"Apparel","Myanmar Trade Promotion Organization (Myantrade) [Public List] (Myantrade Directory of Exporters (as of March 2025))","","","","","","Crewel-work|Sport Wear|T shirt","False"
"MM2025087AC2JA6","2025-03-28","Green Land Agriculture Co.operative Society Ltd.","Sae Myaung Road, Thonze, Tharyarwady T/S, Bago., Tharyarwady, Bago","MM","Myanmar",17.6278062,95.7872314,"Food|Food & Beverage","Myanmar Trade Promotion Organization (Myantrade) [Public List] (Myantrade Directory of Exporters (as of March 2025))","","","","","","Rice","False"
"MM2025087ACBWCV","2025-03-28","CU Myanmar (Private) Limited.","Room No(510), 5th Floor, Ga Mone Pwint mall, Insein Road, Kamaryut","MM","Myanmar",16.8329399,96.12967540000001,"Apparel","Myanmar Garment Manufacturers Association (MGMA) [Public List] (Myanmar Garment Manufacturers Association (Gathered March 2025))","","","","","","","False"
"MM2025087ACZCZJ","2025-03-28","Garo Sero The Best of World Window Covering Company (Kones)","512/B, Waizayantar Road, Ward (4), South Dagon, Yangon","MM","Myanmar",16.8704983,96.24290450000001,"Furniture","Myanmar Trade Promotion Organization (Myantrade) [Public List] (Myantrade Directory of Exporters (as of March 2025))","","","","","","Blinds","False"
"MM2025087ADW5ER","2025-03-28","Sun Myanmar Int'l Impex Co., Ltd","Room-504/B, MAC Tower 2, Ahnawrahta Road, Corner of Wardan Road & Bogyoke Road, Lanmadaw, Yangon","MM","Myanmar",16.7796864,96.1393775,"Food|Food & Beverage","Myanmar Trade Promotion Organization (Myantrade) [Public List] (Myantrade Directory of Exporters (as of March 2025))","","","","","","Lead|Sea Weed","False"
"MM2025087AEN3SV","2025-03-28","War Soo Oo Co., Ltd","6, Saka Wah Street, 4th Ward, Aye Yeik Mon Housing, Hlaing, Yangon","MM","Myanmar",16.8379817,96.1199262,"Food|Food & Beverage","Myanmar Trade Promotion Organization (Myantrade) [Public List] (Myantrade Directory of Exporters (as of March 2025))","","","","","","Black Gram|Pigeon Pea","False"
"MM2025087AFKY62","2025-03-28","Kan Kaw Thar Co., Ltd","A/109, Gant Gaw Street (1), Ward (1), Mayangone, Yangon","MM","Myanmar",16.8139886,96.1289511,"Food|Food & Beverage","Myanmar Trade Promotion Organization (Myantrade) [Public List] (Myantrade Directory of Exporters (as of March 2025))","","","","","","Black Gram|Mangetout|Black Eye Bean","False"
"MM2025087AHJTHA","2025-03-28","Shwe Myanmar Export & Import Co., Ltd","13/A, 88th Street, Kan Daw Kalay (West) Ward, Mingalar Taungnyunt, Yangon","MM","Myanmar",16.7878863,96.1633811,"Food|Food & Beverage","Myanmar Trade Promotion Organization (Myantrade) [Public List] (Myantrade Directory of Exporters (as of March 2025))","","","","","","Beans|Onions and Garlics|Fish|Pulses","False"
"MM2025087AJD689","2025-03-28","Myanmar Shwe Ayeyar Agriculture Development Co., Ltd.","Swam Saw(1)St, No(Sa Sa 52), Mant Wain Ward, Muse Township, Shan State, Myanmar., Muse, Shan state","MM","Myanmar",23.9932884,97.9102647,"Food|Food & Beverage","Myanmar Trade Promotion Organization (Myantrade) [Public List] (Myantrade Directory of Exporters (as of March 2025))","","","","","","Rice","False"
"MM2025087AK4M4B","2025-03-28","Thein Than Kyei Sin Co., Ltd.","No.(Nga/4/Kha), Yae Ta Mar Street, Bayint Naung Pwe Yone Tan, Mayangone Township, Yangon., Mayangone, Yangon","MM","Myanmar",16.8626101,96.1034207,"Food|Food & Beverage","Myanmar Trade Promotion Organization (Myantrade) [Public List] (Myantrade Directory of Exporters (as of March 2025))","","","","","","Green Bean","False"
"MM2025087AKQTWW","2025-03-28","Nilar Win Company Limited","No (227-228), Botayza Street, Shwe Pauk Kan Industrial Zone, North Okkalapa Township, Yangon.","MM","Myanmar",16.9197469,96.1686077,"Apparel","Myanmar Garment Manufacturers Association (MGMA) [Public List] (Myanmar Garment Manufacturers Association (Gathered March 2025))","","","","","","","False"
"MM2025087ANJ137","2025-03-28","Thein Yarzar Co., Ltd","173, Sabei Street, Industrial Zone (5), Hlaingtharya, Yangon","MM","Myanmar",16.7814385,96.1706066,"Agriculture|Food|Food & Beverage","Myanmar Trade Promotion Organization (Myantrade) [Public List] (Myantrade Directory of Exporters (as of March 2025))","","","","","","Soya Bean|Maize","False"
"MM2025087ANJEQ8","2025-03-28","Maisha Myanmar Co., Ltd","Aung Zay Ya Street, EaStreet Dagon Industrial Zone, East Dagon, Yangon","MM","Myanmar",16.867177,96.1202606,"Apparel","Myanmar Trade Promotion Organization (Myantrade) [Public List] (Myantrade Directory of Exporters (as of March 2025))","","","","","","Jackets","False"
"MM2025087APPPPM","2025-03-28","Great Lucky Sar Garment Co., Ltd","42/24/25, Set Hmu Street, Industrial Zone - 1, Shwepyitha, Yangon","MM","Myanmar",16.8330415,96.21901369999999,"Apparel|Apparel Accessories","Myanmar Trade Promotion Organization (Myantrade) [Public List] (Myantrade Directory of Exporters (as of March 2025))","","","","","","Gloves|Uniform|Pants|Jackets","False"
"MM2025087AQQ3N2","2025-03-28","Myanmar Skyrun International Company Limited","No (64), Phan Chat Wun U Shwe Oh Street, Shwe Pyi Thar Industrial Zone (3), Shwe Pyi Thar Township, Yangon.","MM","Myanmar",16.9337149,96.0872415,"Apparel","Myanmar Garment Manufacturers Association (MGMA) [Public List] (Myanmar Garment Manufacturers Association (Gathered March 2025))","","","","","","","False"
"MM2025087AQWHXX","2025-03-28","Tun Thaw Tar Co., Ltd (TTT)","71, Pagoda 5th Street, Ngwe Pin Lae Industrial Zone, Hlaingtharya, Yangon","MM","Myanmar",16.8819286,96.0573302,"Aquaculture|Food|Food & Beverage","Myanmar Trade Promotion Organization (Myantrade) [Public List] (Myantrade Directory of Exporters (as of March 2025))|Myanmar Trade Promotion Organization (Myantrade) [Public List] (Myantrade Directory of Exporters (as of March 2025))","","","","","","Prawn|Fish|Aquatic Product","False"
"MM2025087AQXEGE","2025-03-28","Clean Brother Co., Ltd","15/A, 126th Street, Tha Pyay Gone Ward, Mingalar Taungnyunt, Yangon","MM","Myanmar",16.7891609,96.1708647,"Animal Production|Food|Food & Beverage","Myanmar Trade Promotion Organization (Myantrade) [Public List] (Myantrade Directory of Exporters (as of March 2025))","","","","","","Cattle","False"
"MM2025087AR8Q2N","2025-03-28","Shwe Thz Zin Yuzana Co., Ltd.","130, Corner Of Shwegonedaing St., And Mon Kyaung St., Bahan T/S, Yangon., Bahan, Yangon","MM","Myanmar",16.8054876,96.1380619,"Food|Food & Beverage","Myanmar Trade Promotion Organization (Myantrade) [Public List] (Myantrade Directory of Exporters (as of March 2025))","","","","","","Rice","False"
"MM2025087AS8B6E","2025-03-28","Dawei Holding Ltd","No.344, Tayoke Tan St, Ta Line Htein, Dawei T/s, Taninthary Region., Dawei, Taninthary","MM","Myanmar",14.0867876,98.1885265,"Rubber Products","Myanmar Trade Promotion Organization (Myantrade) [Public List] (Myantrade Directory of Exporters (as of March 2025))","","","","","","Rubber","False"
"MM2025087ASS79Y","2025-03-28","Kyaw Elveven Trading Co., Ltgd","11, 11 Street, Lower Block, Lanmadaw, Yangon","MM","Myanmar",16.77345,96.14633959999999,"Food|Food & Beverage","Myanmar Trade Promotion Organization (Myantrade) [Public List] (Myantrade Directory of Exporters (as of March 2025))","","","","","","Ginger|Black Gram|Tumeric Finger|Green Gram","False"
"MM2025087ATMH1W","2025-03-28","Myanmar Honey Food Factory","No.17, Min Theikdi Kyaw Swar Street, East Dagon Industrial Zone, Yangon, Myanmar., East Dagon, Yangon","MM","Myanmar",16.8908169,96.2508702,"Food|Food & Beverage","Myanmar Trade Promotion Organization (Myantrade) [Public List] (Myantrade Directory of Exporters (as of March 2025))","","","","","","Fried Spring Rool","False"
"MM2025087ATQ54P","2025-03-28","Blessing Intertrade Company Limited.","No (50/41), Mya Street, Thar Du Kan Industrial Zone, Shwe Pyi Thar Township, Yangon, Myanmar.","MM","Myanmar",16.9845706,96.09229219999999,"Apparel","Myanmar Garment Manufacturers Association (MGMA) [Public List] (Myanmar Garment Manufacturers Association (Gathered March 2025))","","","","","","","False"
"MM2025087AVT9YR","2025-03-28","Silver Top Star Co., Ltd","219, Thamaing Butar Yon 12nd Street, Ward (1), Mayangone, Yangon","MM","Myanmar",16.8365324,96.1167493,"Food|Food & Beverage","Myanmar Trade Promotion Organization (Myantrade) [Public List] (Myantrade Directory of Exporters (as of March 2025))","","","","","","Black Gram|Corn|Gram Whole","False"
"MM2025087AXQTBN","2025-03-28","Spider Family Trading Co., Ltd","Rm-201, Shwe Gone Daing Rd., Shwe Gon Daing Tower, Bahan, Yangon","MM","Myanmar",16.8065388,96.1569339,"Food|Food & Beverage","Myanmar Trade Promotion Organization (Myantrade) [Public List] (Myantrade Directory of Exporters (as of March 2025))","","","","","","Honey|Apiculture","False"
"MM2025087AXRKQV","2025-03-28","Boom Soon Int'l Co., ltd","312/318, Room (203/B), 2nd Floor, Anawyahtar Street, Greatwall Asia Condo, Lanmadaw, Yangon","MM","Myanmar",16.7571493,96.1394041,"Food|Food & Beverage","Myanmar Trade Promotion Organization (Myantrade) [Public List] (Myantrade Directory of Exporters (as of March 2025))","","","","","","Fishing Nets","False"
"MM2025087AY7F3K","2025-03-28","Paragu Int'l Trading Co., Ltd","No.27, Rm 4, 4th Flr, 28th St, Lower Middle Block, Pabedan, Yangon","MM","Myanmar",16.775683,96.1553942,"Agriculture|Food|Food & Beverage","Myanmar Trade Promotion Organization (Myantrade) [Public List] (Myantrade Directory of Exporters (as of March 2025))","","","","","","Dried Ginger|Pineapple|Dill|Tamarind|Traditional Pharmaceutical","False"
"MM2025087AYR73W","2025-03-28","Eternal Victory General Trading Company Limited","Room No.803, No.310, Wardan St, Winshwewar Building, Lanmadaw Township, Yangon, Myanmar., Lanmadaw, Yangon","MM","Myanmar",16.8142462,96.1714105,"Food|Food & Beverage","Myanmar Trade Promotion Organization (Myantrade) [Public List] (Myantrade Directory of Exporters (as of March 2025))","","","","","","Rice","False"
"MM2025087B2KGY0","2025-03-28","Myint Myat Pann Export & Import Co., Ltd","Bldg 18, Rm 102, 1st Flr, Wireless 3rd st, Kaba Aye Housing, Mayangone, Yangon","MM","Myanmar",16.8568487,96.1544741,"Agriculture|Food|Food & Beverage","Myanmar Trade Promotion Organization (Myantrade) [Public List] (Myantrade Directory of Exporters (as of March 2025))","","","","","","Garlic","False"
"MM2025087B39VTY","2025-03-28","Bridge Trading Co., Ltd","445, Corner of Merchant Street & 43th Street, Dagon Seikkan, Yangon","MM","Myanmar",16.7716006,96.1660867,"Food|Food & Beverage","Myanmar Trade Promotion Organization (Myantrade) [Public List] (Myantrade Directory of Exporters (as of March 2025))","","","","","","Ginger|Tumeric Finger|Gram Whole","False"
"MM2025087B42SXS","2025-03-28","Regis International Co., Ltd","No. 79/81, RM 201/202, 2nd floor, 39th Street and 40th Street, Anawrahta Road, Central Tower, Kyauktada, Yangon","MM","Myanmar",16.7745552,96.1619784,"Agriculture|Food|Food & Beverage","Myanmar Trade Promotion Organization (Myantrade) [Public List] (Myantrade Directory of Exporters (as of March 2025))|Myanmar Rice Federation [Public List] (Registered companies as of April 2025)","","","","","","Maize|Rice|Broken Rice|Rice","False"
"MM2025087B4DWT4","2025-03-28","Angel San Co., Ltd","240/D, Natmouk Yakethar Lane, Kokine Bahan Tsp, Yangon., Kokine Bahan, Yangon","MM","Myanmar",16.8070382,96.1638907,"Food|Food & Beverage","Myanmar Trade Promotion Organization (Myantrade) [Public List] (Myantrade Directory of Exporters (as of March 2025))","","","","","","Dry Mango|Sterculia Gums","False"
"MM2025087B4YH1H","2025-03-28","Toe Myat Aung Mfg Co., Ltd.","No.109, Bo Aung Kyaw Street, Shwe Than Lwin, Industrial Zone, Hlaing Thar Yar Tsp, Yangon.","MM","Myanmar",16.7708886,96.1642162,"Apparel","Myanmar Garment Manufacturers Association (MGMA) [Public List] (Myanmar Garment Manufacturers Association (Gathered March 2025))","","","","","","","False"
"MM2025087B58T8C","2025-03-28","Mya Oo Thar Trading Co., Ltd","Buildign B/3, Room - 201, Strand Road, Aungzayya Housing Complex, Ahlone, Yangon","MM","Myanmar",16.7712528,96.15602419999999,"Animal Production|Food|Food & Beverage","Myanmar Trade Promotion Organization (Myantrade) [Public List] (Myantrade Directory of Exporters (as of March 2025))","","","","","","Frozen Beef|Frozen Chicken","False"
"MM2025087B7R0HD","2025-03-28","GTIG Easter Garment Myanmar Company Limited","Plot No (148 & 153), Myay Taing Block No (49), Wartayar Industrial Zone, Shwe Pyi Thar Township, Yangon.","MM","Myanmar",16.976312,96.0504534,"Apparel|Unspecified","A Brand / Retailer|A Brand / Retailer|A Brand / Retailer|A Multi-Stakeholder Initiative|A Multi-Stakeholder Initiative|A Brand / Retailer|A Multi-Stakeholder Initiative|A Brand / Retailer|A Brand / Retailer|A Brand / Retailer|A Multi-Stakeholder Initiative|A Brand / Retailer|A Brand / Retailer|A Brand / Retailer|A Brand / Retailer|A Multi-Stakeholder Initiative|A Multi-Stakeholder Initiative|A Brand / Retailer|Wikirate International e.V.|A Brand / Retailer|Tesco Stores Ltd (Tesco F&F Facility List May 2022)|A Brand / Retailer|A Brand / Retailer|Wikirate International e.V. (2018 Apparel Suppliers on Wikirate part 7)|Myanmar Garment Manufacturers Association (MGMA) [Public List] (Myanmar Garment Manufacturers Association (Gathered March 2025))|A Multi-Stakeholder Initiative|A Brand / Retailer|A Brand / Retailer|A Brand / Retailer|A Brand / Retailer|A Multi-Stakeholder Initiative|A Brand / Retailer|A Brand / Retailer|A Multi-Stakeholder Initiative|A Multi-Stakeholder Initiative|A Brand / Retailer|A Multi-Stakeholder Initiative|A Multi-Stakeholder Initiative|A Brand / Retailer|A Multi-Stakeholder Initiative|A Multi-Stakeholder Initiative|A Brand / Retailer|A Brand / Retailer|A Brand / Retailer|A Brand / Retailer|A Brand / Retailer|Myanmar Centre for Responsible Business (OAR facility list in Myanmar)|Myanmar Centre for Responsible Business (OAR facility list in Myanmar)|Wikirate International e.V. (2020 Apparel Suppliers on Wikirate part 11)|OVS Spa (OVS SPA SUPPLIERS LIST - TIER 1 FY2023)","1920|1379|1920","JIANGSU GTIG EASTAR CO., LTD."," SHIRTS|BLAZERS| DRESSES| SKIRTS| TROUSERS","","","","False"
"MM2025087BAAF11","2025-03-28","Macro Trade Link Co., Ltd.","No.128, 4th Floor, Sayar San Road, Sayarsan North East Quarter, Bahan T/S, Yangon., Bahan, Yangon","MM","Myanmar",16.8230457,96.16227289999999,"Food|Food & Beverage","Myanmar Trade Promotion Organization (Myantrade) [Public List] (Myantrade Directory of Exporters (as of March 2025))","","","","","","Rice","False"
"MM2025087BAHVXG","2025-03-28","Hanwa Co., Ltd","11st Floor, Myanmar Centre Tower (1), Bahan, Yangon","MM","Myanmar",16.8272189,96.15533339999999,"Food|Food & Beverage","Myanmar Trade Promotion Organization (Myantrade) [Public List] (Myantrade Directory of Exporters (as of March 2025))","","","","","","Fish|Crab","False"
"MM2025087BDA26W","2025-03-28","Pattaya Myanmar Company Limited.","No (16), Panchatwun U Shwe Owe Road, Hlaing Tharyar Industrial Zone (2), Hlaing Tharyar Township, Yangon.","MM","Myanmar",16.8819286,96.0573302,"Apparel","Myanmar Garment Manufacturers Association (MGMA) [Public List] (Myanmar Garment Manufacturers Association (Gathered March 2025))|Myanmar Trade Promotion Organization (Myantrade) [Public List] (Myantrade Directory of Exporters (as of March 2025))","","","","","","Underwear","False"
"MM2025087BDAVZE","2025-03-28","Randoo(Myanmar) Silk Corp., Ltd","No.(109), Yangon Industrial Zone, Mingalardon Township, Yangon.","MM","Myanmar",16.9586918,96.1632804,"Apparel","Myanmar Garment Manufacturers Association (MGMA) [Public List] (Myanmar Garment Manufacturers Association (Gathered March 2025))","","","","","","","False"
"MM2025087BEMC1C","2025-03-28","China National United Oil Corporation","Fl 20, Rom-1, 3/A, Junction City Tower, Bo Chout Aung San Rd, Pabedan, Yangon","MM","Myanmar",16.7792142,96.1548787,"Oil & Gas","Myanmar Trade Promotion Organization (Myantrade) [Public List] (Myantrade Directory of Exporters (as of March 2025))","","","","","","Crude Oil","False"
"MM2025087BEWAJ3","2025-03-28","Chaung Lair & Co Co., Ltd","138, Thu Mingalar Road, 12rd Ward, South Dagon, Yangon","MM","Myanmar",16.8392068,96.1849022,"Agriculture|Food|Food & Beverage","Myanmar Trade Promotion Organization (Myantrade) [Public List] (Myantrade Directory of Exporters (as of March 2025))","","","","","","Frozen Chilli","False"
"MM2025087BF8FGK","2025-03-28","A 39 Trading Company Limited.","No.(C), Room No.602, Pyinyar Wati, Yeiktha, Than Lwin Street, Yankin T/S, Yangon Region., Yankin, Yangong","MM","Myanmar",16.7573823,96.1480843,"Food|Food & Beverage","Myanmar Trade Promotion Organization (Myantrade) [Public List] (Myantrade Directory of Exporters (as of March 2025))","","","","","","Crab","False"
"MM2025087BG3VMZ","2025-03-28","Pyei Phyo Aung Co., Ltd.","No.4, 2/F, Wahdan Street, Lanmadaw Township, Yangon., Lanmadaw, Yangon","MM","Myanmar",16.7781232,96.14076940000001,"Food|Food & Beverage","Myanmar Trade Promotion Organization (Myantrade) [Public List] (Myantrade Directory of Exporters (as of March 2025))","","","","","","Sesame","False"
"MM2025087BH8HDM","2025-03-28","G.P.E Ltd","110/B, 1st Floor, Shwe Taung Dan Street, Middle Block, Lanmadaw, Yangon","MM","Myanmar",16.776408,96.1407844,"Agriculture|Food|Food & Beverage","Myanmar Trade Promotion Organization (Myantrade) [Public List] (Myantrade Directory of Exporters (as of March 2025))","","","","","","Tamarind","False"
"MM2025087BKGC0C","2025-03-28","AGT Foods Myanmar Co., Ltd","221, Rm +959-02, 9th Fl, Sule Pagoda Rd, Sule Square, Kyauktada, Yangon","MM","Myanmar",16.7772679,96.15867279999999,"Food|Food & Beverage","Myanmar Trade Promotion Organization (Myantrade) [Public List] (Myantrade Directory of Exporters (as of March 2025))","","","","","","Black Gram|Gram Whole","False"
"MM2025087BNPVKP","2025-03-28","Xiamen Morning (Myanmar) Co., Ltd","373, Daw Phwar Shin Street, Shwelinban Industrial Zone, Hlaingtharya, Yangon","MM","Myanmar",16.9086656,96.0762448,"Apparel","Myanmar Trade Promotion Organization (Myantrade) [Public List] (Myantrade Directory of Exporters (as of March 2025))","","","","","","Ladies Underwear|Baby Pants|Shirt","False"
"MM2025087BP5A35","2025-03-28","Shwe Myanmar Investment and Commercial Co., Ltd","No. 262, 286, Room no.6/7, Kone Zay Dan Road, Middle Block, Pabedan, Yangon","MM","Myanmar",16.7765744,96.1447123,"Food|Food & Beverage","Myanmar Trade Promotion Organization (Myantrade) [Public List] (Myantrade Directory of Exporters (as of March 2025))","","","","","","Beans|Grocery|Fish|Pulses","False"
"MM2025087BP9YSK","2025-03-28","Ko Ko Noni Co., Ltd","Building(4)-11, Malikha Housing Complex, Yadana Road, Thingangyun Tsp. Yangon., Thingangyun, Yangon","MM","Myanmar",16.8378405,96.1883458,"Beverages|Food & Beverage","Myanmar Trade Promotion Organization (Myantrade) [Public List] (Myantrade Directory of Exporters (as of March 2025))","","","","","","Dalvo Juice","False"
"MM2025087BQ7W90","2025-03-28","Myanmar Cresdev Co., Ltd","105, 1st Flr, 50th st, Middle Block, Pazundaung, Yangon","MM","Myanmar",16.7743443,96.1710208,"Food|Food & Beverage","Myanmar Trade Promotion Organization (Myantrade) [Public List] (Myantrade Directory of Exporters (as of March 2025))","","","","","","Black Gram","False"
"MM2025087BQ9H6M","2025-03-28","Ayeyar Naddy","Rm 13, 1st Flr, Saya San Rd., Co-operative Business Centre, Bahan, Yangon, Myanmar, Bahan, Yangon","MM","Myanmar",16.818613,96.1588334,"Apparel Accessories","Myanmar Trade Promotion Organization (Myantrade) [Public List] (Myantrade Directory of Exporters (as of March 2025))","","","","","","Gems","False"
"MM2025087BREQ3X","2025-03-28","World Jin Garment Co., Ltd","136, Padamyar Street, Thardukan Industrial Zone, Shwepyitha, Yangon","MM","Myanmar",16.9845706,96.09229219999999,"Apparel","Myanmar Trade Promotion Organization (Myantrade) [Public List] (Myantrade Directory of Exporters (as of March 2025))","","","","","","Pants|Blouse","False"
"MM2025087BRFWRR","2025-03-28","Linda & Joe's International Co., Ltd","Plot No(44), Myay Taing Block (19/2), Shwe Pouk Kan Industrial, North Okkalapa, Tsp, Yangon","MM","Myanmar",16.9197469,96.1686077,"Apparel","Myanmar Garment Manufacturers Association (MGMA) [Public List] (Myanmar Garment Manufacturers Association (Gathered March 2025))","","","","","","","False"
"MM2025087BRG9N3","2025-03-28","Kay Thi (Myawady) Co., Ltd","121/Bayintnaung Road, Near Chit Kyi Yay Bridge, Ward (1), Myawaddy, Myawaddy","MM","Myanmar",16.6842708,98.5007116,"Food|Food & Beverage","Myanmar Trade Promotion Organization (Myantrade) [Public List] (Myantrade Directory of Exporters (as of March 2025))","","","","","","Chilli|Green Gram|Onion","False"
"MM2025087BSZ7VQ","2025-03-28","333","13, Htar Nar Street, Ma Gyee Dan (North-East) Ward, Kyeemyindine, Yangon","MM","Myanmar",16.7879613,96.1285534,"Food|Food & Beverage","Myanmar Trade Promotion Organization (Myantrade) [Public List] (Myantrade Directory of Exporters (as of March 2025))","","","","","","Fish","False"
"MM2025087BVKB7X","2025-03-28","Reva Co.ltd","Building 7, Room-003/004, Nay Kyar Street, Anawrahta Housing, Pazundaung, Yangon","MM","Myanmar",16.7770503,96.17440470000001,"Footwear","Myanmar Trade Promotion Organization (Myantrade) [Public List] (Myantrade Directory of Exporters (as of March 2025))","","","","","","","False"
"MM2025087BY1X4X","2025-03-28","Bright Juan Company Limited.","No (494/495), Ward No (23), Mogoke Street, South Dagon Industrial Zone (1), South Dagon Township, Yangon.","MM","Myanmar",22.9246742,96.5063095,"Apparel","Myanmar Garment Manufacturers Association (MGMA) [Public List] (Myanmar Garment Manufacturers Association (Gathered March 2025))|Myanmar Trade Promotion Organization (Myantrade) [Public List] (Myantrade Directory of Exporters (as of March 2025))","","","","","","Warm Coat|Coat","False"
"MM2025087BYQP08","2025-03-28","Diamond Parawood Co., Ltd","KwinName (Kyay Taing Pyin Kwin), Kwin No. (O.S.S.-9) Oo Paing No. (1821), Thanphyuzayut T/s, Mon State., Thanphyuzayut, Yangon","MM","Myanmar",16.840939,96.173526,"Rubber Products","Myanmar Trade Promotion Organization (Myantrade) [Public List] (Myantrade Directory of Exporters (as of March 2025))","","","","","","Rubber","False"
"MM2025087BZ31CC","2025-03-28","Maung Sein Win & Brothers","937, Shu Khinn Thar Myoh Patt Rd., Ward (4-North), Thaketa, Yangon, Myanmar, Thaketa, Yangon","MM","Myanmar",16.8105886,96.2174752,"Machinery Manufacturing|Manufacturing","Myanmar Trade Promotion Organization (Myantrade) [Public List] (Myantrade Directory of Exporters (as of March 2025))","","","","","","Machinery","False"
"MM2025087BZG79W","2025-03-28","Indo Sina Trading Pte Ltd","1109, 11th Floor, 50th Street, Mahar Nawarat Condo, Botahtaung, Yangon","MM","Myanmar",16.7731375,96.1713365,"Food|Food & Beverage","Myanmar Trade Promotion Organization (Myantrade) [Public List] (Myantrade Directory of Exporters (as of March 2025))","","","","","","Beans|Rice|Pulses","False"
"MM2025087BZQ64X","2025-03-28","Unity Sports Company Limited.","No (397), Mya Taung Win Gyi U Mho Street, Shwe Lin Ban Industrial Zone, Hlaing Tharyar Township, Yangon.","MM","Myanmar",23.7211429,96.16065259999999,"Apparel","Myanmar Garment Manufacturers Association (MGMA) [Public List] (Myanmar Garment Manufacturers Association (Gathered March 2025))","","","","","","","False"
"MM2025087C0CTPT","2025-03-28","Cho Cho Phyu Industry & Manufacturing Company Limited.","No 225/3, Corner of Gayunar Street and Yadanar Bone Street, 114 Ward, South Dagaon.","MM","Myanmar",16.7941555,96.1447455,"Apparel","Myanmar Garment Manufacturers Association (MGMA) [Public List] (Myanmar Garment Manufacturers Association (Gathered March 2025))","","","","","","","False"
"MM2025087C13VXT","2025-03-28","Dagon Seikkan Garment Industry Company Limited.","No (137-B), Matkhayar Min Thargyi Street, Dagon Seikkan Industrial Zone (1), Dagon Seikkan Township, Yangon.","MM","Myanmar",16.8344399,96.2806526,"Apparel","Myanmar Garment Manufacturers Association (MGMA) [Public List] (Myanmar Garment Manufacturers Association (Gathered March 2025))|Myanmar Trade Promotion Organization (Myantrade) [Public List] (Myantrade Directory of Exporters (as of March 2025))","","","","","","Pants|Jackets","False"
"MM2025087C1R15X","2025-03-28","Crabs World Industries Co., Ltd.","MEC Road, Thida Myaing Quarter, Kyauktan T/S, Yangon Region., Kyauktan, Yangong","MM","Myanmar",16.5765342,96.4503434,"Food|Food & Beverage","Myanmar Trade Promotion Organization (Myantrade) [Public List] (Myantrade Directory of Exporters (as of March 2025))","","","","","","Crab","False"
"MM2025087C2DMVW","2025-03-28","Soe Than Brothers Co., Ltd","104, 112, Room 20, 2nd Floor, Anawrahta Road, Kyauktada, Yangon","MM","Myanmar",16.7767855,96.1612099,"Wood Products","Myanmar Trade Promotion Organization (Myantrade) [Public List] (Myantrade Directory of Exporters (as of March 2025))","","","","","","Laminated wood","False"
"MM2025087C486AT","2025-03-28","General Pharmaceutical & Trading Co., Ltd","Building P, Room-7, 3rd Floor, Shwe Zalat Street, Shwe Sabei Yeik Mon, Kamaryut, Yangon","MM","Myanmar",16.8291794,96.1227089,"Food|Food & Beverage","Myanmar Trade Promotion Organization (Myantrade) [Public List] (Myantrade Directory of Exporters (as of March 2025))","","","","","","Fish","False"
"MM2025087C4M12S","2025-03-28","Maha Yadana Manaung Co., Ltd","15, 3rd Floor, Nawady Street, Fantastic Condo, Yaw Min Gyi Ward, Dagon, Yangon","MM","Myanmar",16.7836508,96.1555178,"Wood Products","Myanmar Trade Promotion Organization (Myantrade) [Public List] (Myantrade Directory of Exporters (as of March 2025))","","","","","","Sawed Wood","False"
"MM2025087C5207C","2025-03-28","Beng Beng Trading Co., Ltd","Building 1, Room 004, 1st Floor, Botahtaung Pagoda Street, Anawrahta Housing, Pazundaung, Yangon","MM","Myanmar",16.8285318,96.13066459999999,"Footwear","Myanmar Trade Promotion Organization (Myantrade) [Public List] (Myantrade Directory of Exporters (as of March 2025))","","","","","","Shoes (Kids Wear)","False"
"MM2025087C75BF4","2025-03-28","Myanmar Pu Min Co., Ltd","24, Latha Street, Lower Block, Latha, Yangon","MM","Myanmar",16.7730458,96.1501043,"Food|Food & Beverage","Myanmar Trade Promotion Organization (Myantrade) [Public List] (Myantrade Directory of Exporters (as of March 2025))","","","","","","Black Gram|Maize|Green Gram","False"
"MM2025087C7QMK3","2025-03-28","Alliance Eagels Group Limited","Rm.910, Corner of Kabaraye Pagoda Road & West Shwe Gone Dine Road, Yuzana Tower, Bahan Township, Yangon., Bahan, Yangon","MM","Myanmar",16.8062505,96.15460410000001,"Agriculture|Food|Food & Beverage","Myanmar Trade Promotion Organization (Myantrade) [Public List] (Myantrade Directory of Exporters (as of March 2025))","","","","","","Sorghums","False"
"MM2025087C7V2BD","2025-03-28","Shwe Mya Yan Chael Co., Ltd","B/3, Naung Yoe Street, Bayint Naung Warehouses, Mayangone, Yangon","MM","Myanmar",16.8648837,96.10197319999999,"Food|Food & Beverage","Myanmar Trade Promotion Organization (Myantrade) [Public List] (Myantrade Directory of Exporters (as of March 2025))","","","","","","Sugar|Rice","False"
"MM2025087C83FF7","2025-03-28","Han Htoo Set Naing Co., Ltd","171, Seikkanthar Road, Kyauktada, Yangon","MM","Myanmar",16.7773219,96.1631177,"Agriculture|Food|Food & Beverage","Myanmar Trade Promotion Organization (Myantrade) [Public List] (Myantrade Directory of Exporters (as of March 2025))","","","","","","Beans|Ginger|Pulses|Onion","False"
"MM2025087C8EXF0","2025-03-28","Shwe Pu Zun Co., Ltd","246-248, Anawyahta Road, Lanmadaw Tsp, Yangon., Lanmadaw, Yangon","MM","Myanmar",16.777379,96.1390728,"Food|Food & Beverage","Myanmar Trade Promotion Organization (Myantrade) [Public List] (Myantrade Directory of Exporters (as of March 2025))","","","","","","","False"
"MM2025087C8NCZ6","2025-03-28","Myanmar Mindun Garment Mfg Co., Ltd","24, Khay Mar Thi Street, Industrial Ward, North Okkalapa, Yangon","MM","Myanmar",16.89863,96.1550249,"Apparel","Myanmar Garment Manufacturers Association (MGMA) [Public List] (Myanmar Garment Manufacturers Association (Gathered March 2025))|Myanmar Trade Promotion Organization (Myantrade) [Public List] (Myantrade Directory of Exporters (as of March 2025))","","","","","","Men's wear|Pit Shirt|Short Sleeve|Men Cotton Shirt","False"
"MM2025087C9520E","2025-03-28","Fudak Enterprise Co., Ltd","No-120/121, De Pe Yinn Wun Htauk U Mye St, IZ(2), Hlaingtharya, Yangon","MM","Myanmar",16.8819286,96.0573302,"Wood Products","Myanmar Trade Promotion Organization (Myantrade) [Public List] (Myantrade Directory of Exporters (as of March 2025))","","","","","","plywoods|Veneers","False"
"MM2025087CA5BF7","2025-03-28","Rahul Trading Co., Ltd","152/156, 4th Floor, Shwe Bon Thar Street, Lower Middle Block, Pabedan, Yangon","MM","Myanmar",16.7753594,96.15588,"Food|Food & Beverage","Myanmar Trade Promotion Organization (Myantrade) [Public List] (Myantrade Directory of Exporters (as of March 2025))","","","","","","Black Gram","False"
"MM2025087CAW5GS","2025-03-28","Pyae Thar Kaung","22/23, Livestock Products Zone, Hlaingtharya, Yangon","MM","Myanmar",16.8819286,96.0573302,"Animal Production|Food|Food & Beverage","Myanmar Trade Promotion Organization (Myantrade) [Public List] (Myantrade Directory of Exporters (as of March 2025))","","","","","","Cattle|Goat|Sheet","False"
"MM2025087CAXR30","2025-03-28","Thiri Tun International Cp., Ltd","224/226, RM 31/32, Mnha Bandula Road, Bo Aung Kyaw Tower, Botahtaung, Yangon","MM","Myanmar",16.7739071,96.1646562,"Food|Food & Beverage","Myanmar Trade Promotion Organization (Myantrade) [Public List] (Myantrade Directory of Exporters (as of March 2025))","","","","","","Black Gram|Green Gram","False"
"MM2025087CB03N1","2025-03-28","Ngwe Taung Tan Co-op Ltd","109, Bogyoke Road, Aung Thu Kha Ward, Kawthaung, Kawthaung","MM","Myanmar",9.9958108,98.5528746,"Food|Food & Beverage","Myanmar Trade Promotion Organization (Myantrade) [Public List] (Myantrade Directory of Exporters (as of March 2025))","","","","","","Prawn|Fish|Crab","False"
"MM2025087CB96TJ","2025-03-28","First Image Garment","No (15/16), Between the corner of Amayar Street & Kyan Sit Thar Street, North Okkalapa Industrial Zone, North Okkalapa Township, Yangon.","MM","Myanmar",16.8942528,96.1576122,"Apparel","Myanmar Garment Manufacturers Association (MGMA) [Public List] (Myanmar Garment Manufacturers Association (Gathered March 2025))|Myanmar Trade Promotion Organization (Myantrade) [Public List] (Myantrade Directory of Exporters (as of March 2025))","","","","","","Pants|Jackets","False"
"MM2025087CB9XM3","2025-03-28","TV Apparel Co., Ltd","304-B, 4 Main Rd, Industrial Zone - 1, Shwepyitha, Yangon","MM","Myanmar",16.8393657,96.22499309999999,"Apparel","Myanmar Trade Promotion Organization (Myantrade) [Public List] (Myantrade Directory of Exporters (as of March 2025))","","","","","","Pants|Jackets|T Shirt","False"
"MM2025087CBV8Q3","2025-03-28","The Tharyarwady District Myanmar General Trading Co.operative Society Ltd.","Zay Street, Thonese, Tharyarwaddy T/S, Bago., Tharyarwaddy, Bago","MM","Myanmar",17.3220711,96.4663286,"Food|Food & Beverage","Myanmar Trade Promotion Organization (Myantrade) [Public List] (Myantrade Directory of Exporters (as of March 2025))","","","","","","Rice","False"
"MM2025087CC4CKD","2025-03-28","Shweziwa Bioertilizer Production","Shweziwa biofertilizer Factory, Maw lamyine, Mawlamyine","MM","Myanmar",16.4543173,97.64396110000001,"Agriculture|Chemicals","Myanmar Trade Promotion Organization (Myantrade) [Public List] (Myantrade Directory of Exporters (as of March 2025))","","","","","","","False"
"MM2025087CDEQFZ","2025-03-28","Lay Mon Htway Mon Textile Shop","No (625), Corner of 84th Street & 45th Street, Near Shansu Post Office, Mandalay Region.","MM","Myanmar",21.5619058,95.89871389999999,"Apparel","Myanmar Garment Manufacturers Association (MGMA) [Public List] (Myanmar Garment Manufacturers Association (Gathered March 2025))","","","","","","","False"
"MM2025087CDP9P0","2025-03-28","Moe Mya Chai Co., Ltd","No-2 Min Nandar Rd., Beside Yangon Eastern Disrict Law Office, Set Hmu Let Hmu Ward, Thaketa, Yangon","MM","Myanmar",16.8003415,96.1969221,"Rubber Products","Myanmar Trade Promotion Organization (Myantrade) [Public List] (Myantrade Directory of Exporters (as of March 2025))","","","","","","Rubber","False"
"MM2025087CESYJN","2025-03-28","Kouwa Myanmar Co., Ltd","182/8, Phan Chat Wun U Shwe Oo Street, Shwelinban Industrial Zone, Hlaingtharya, Yangon","MM","Myanmar",16.914015,96.0652719,"Apparel Accessories","Myanmar Trade Promotion Organization (Myantrade) [Public List] (Myantrade Directory of Exporters (as of March 2025))","","","","","","Bag (Men & Women)","False"
"MM2025087CFFMJ2","2025-03-28","U Kyu Family Trading Co., Ltd","17-19, Hledan Street, Lanmadaw Township, Yangon., Lanmadaw, Yangon","MM","Myanmar",16.775815,96.14351730000001,"Food|Food & Beverage","Myanmar Trade Promotion Organization (Myantrade) [Public List] (Myantrade Directory of Exporters (as of March 2025))","","","","","","Rice","False"
"MM2025087CGCQ6Q","2025-03-28","AGGL","Rm 066, 2nd Flr, Bogyoke Aung San Rd., Corner of Shwe  Dagon Pagoda Rd., Junction City, Pabedan, Yangon, Myanmar, Pabedan, Yangon","MM","Myanmar",16.7773235,96.1532085,"Apparel Accessories","Myanmar Trade Promotion Organization (Myantrade) [Public List] (Myantrade Directory of Exporters (as of March 2025))","","","","","","Gems","False"
"MM2025087CGEN1J","2025-03-28","Pinnacle Venture Group Services Co., Ltd","No.425/430, Gandawin Street, Industrial Zone 5, Hlaing Thar Yar Tsp, Yangon","MM","Myanmar",16.8818961,96.0481081,"Apparel","Myanmar Garment Manufacturers Association (MGMA) [Public List] (Myanmar Garment Manufacturers Association (Gathered March 2025))","","","","","","","False"
"MM2025087CGEVKA","2025-03-28","JOC Myanmar Knitwear Co., Ltd","Plot No.84, Myay Taing Block 65, De Pe Yin U Myae Street, Industrial Zone (1) Shwe Pyi Thar Tsp","MM","Myanmar",16.9753379,96.07851040000001,"Apparel","Myanmar Garment Manufacturers Association (MGMA) [Public List] (Myanmar Garment Manufacturers Association (Gathered March 2025))","","","","","","","False"
"MM2025087CHBYF7","2025-03-28","N.L.M Myawaddy","36, Dartu Kakayar Street, Near Shwe Myin Wun Pagoda, Ward (4), Myawaddy, Myawaddy","MM","Myanmar",16.6842708,98.5007116,"Agriculture|Food|Food & Beverage","Myanmar Trade Promotion Organization (Myantrade) [Public List] (Myantrade Directory of Exporters (as of March 2025))","","","","","","Turmeric Fingers","False"
"MM2025087CHZP59","2025-03-28","Myatex","64/98, Cor of Pa Lae & U Shwe Oo Street, Industrial Zone - 3, South Dagon, Yangon","MM","Myanmar",16.8441352,96.22567599999999,"Apparel","Myanmar Trade Promotion Organization (Myantrade) [Public List] (Myantrade Directory of Exporters (as of March 2025))","","","","","","Shirt|Pantss|Blouse|Jackets","False"
"MM2025087CM4NFT","2025-03-28","Hydrodynamic Industrial (Myanmar) Company Limited.","Plot No (464/B), Myay Taing Quarter, No (25), Corner of Yaw Atwin Won U Phone Hlaing Street and Sate Kan Thar Street, Shwe Lin Ban Industrial Zone, Hlaing Tharyar Township, Yangon.","MM","Myanmar",16.9022615,96.0652719,"Apparel","Myanmar Garment Manufacturers Association (MGMA) [Public List] (Myanmar Garment Manufacturers Association (Gathered March 2025))","","","","","","","False"
"MM2025087CNPTMQ","2025-03-28","Robust Friendly Market Co., Ltd.","Tauk Tai Gone, Ayeyar Rural Area, Bogale Township, Pyapon District, Ayeyarwaddy Region., Bogale, Ayeyarwaddy","MM","Myanmar",16.2864333,95.40180869999999,"Food|Food & Beverage","Myanmar Trade Promotion Organization (Myantrade) [Public List] (Myantrade Directory of Exporters (as of March 2025))","","","","","","Crab","False"
"MM2025087CPB2CD","2025-03-28","Sein Family Export & Import Co., Ltd","189, Shwe Yin Aye Kyaung Street, Industrial Zone (5), Hlaingtharya, Yangon","MM","Myanmar",16.8227267,96.1222735,"Leather","Myanmar Trade Promotion Organization (Myantrade) [Public List] (Myantrade Directory of Exporters (as of March 2025))","","","","","","Cattle Leather","False"
"MM2025087CQYT4H","2025-03-28","New High Tide Int'l Trading Co., Ltd","39, Hla Theingi Street, Industrial Zone (3), Shwepyitha, Yangon","MM","Myanmar",16.9072153,96.0749208,"Food|Food & Beverage","Myanmar Trade Promotion Organization (Myantrade) [Public List] (Myantrade Directory of Exporters (as of March 2025))","","","","","","Black Gram|Pigeon Pea|Sesame","False"
"MM2025087CQZJY4","2025-03-28","Fidelity Garment Mfg Int'l Co., Ltd","125/126, Pearl Street, Thardukan Industrial Zone, Shwepyitha, Yangon","MM","Myanmar",16.9753379,96.07851040000001,"Apparel","Myanmar Trade Promotion Organization (Myantrade) [Public List] (Myantrade Directory of Exporters (as of March 2025))","","","","","","Underwear","False"
"MM2025087CRE64E","2025-03-28","Mandalay Rice Development Co., Ltd","50, Between 34th Street & 35th Street and Between 86th Street & 85th Street, Chanayethazan, Mandalay","MM","Myanmar",21.9780187,96.0741505,"Food|Food & Beverage","Myanmar Trade Promotion Organization (Myantrade) [Public List] (Myantrade Directory of Exporters (as of March 2025))|Myanmar Trade Promotion Organization (Myantrade) [Public List] (Myantrade Directory of Exporters (as of March 2025))","","","","","","Rice|Rice","False"
"MM2025087CRTWX9","2025-03-28","SKE Co., Ltd","57, Gandawin Street, Industrial Zone (5), Hlaingtharya, Yangon","MM","Myanmar",16.8889194,96.04638,"Food|Food & Beverage","Myanmar Trade Promotion Organization (Myantrade) [Public List] (Myantrade Directory of Exporters (as of March 2025))","","","","","","Anchovy|Dried Squid|Dried Prawn|Salted Mackerel","False"
"MM2025087CSKWAG","2025-03-28","United M.P Brothers International Co., Ltd","No.53, 27th Street, Lower Middle Block, Pabedan, Yangon","MM","Myanmar",16.7776497,96.1566754,"Animal Production|Food|Food & Beverage|Leather","Myanmar Trade Promotion Organization (Myantrade) [Public List] (Myantrade Directory of Exporters (as of March 2025))","","","","","","Broom|Joss Stick Powder","False"
"MM2025087CT2RBX","2025-03-28","Great Light Co., Ltd.","No.53(F), Sein Pan Street, Bayintnaung, Mayangone, Yangon., Mayangone, Yangon","MM","Myanmar",16.8638688,96.1049367,"Food|Food & Beverage","Myanmar Trade Promotion Organization (Myantrade) [Public List] (Myantrade Directory of Exporters (as of March 2025))","","","","","","Green Bean","False"
"MM2025087CTKR25","2025-03-28","Isquire Int'l Co., Ltd","247/C, Hlay Thin Atwin Wun U Chein Street, Industrial Zone (2), Hlaingtharya, Yangon","MM","Myanmar",16.9365602,96.0735871,"Footwear","Myanmar Trade Promotion Organization (Myantrade) [Public List] (Myantrade Directory of Exporters (as of March 2025))","","","","","","Shoes","False"
"MM2025087CTQZ4J","2025-03-28","Thamadi Family Trading Company Limited","No.151, U Tayokegyi St, Industrial Zone(4), HlaingTharyar Township, Yangon, Myanmar., HlaingTharyar, Yangon","MM","Myanmar",16.8819286,96.0573302,"Food|Food & Beverage","Myanmar Trade Promotion Organization (Myantrade) [Public List] (Myantrade Directory of Exporters (as of March 2025))","","","","","","Rice","False"
"MM2025087CV1W5V","2025-03-28","Sudey Industrial Myanmar Co., Ltd","No.(649) 11/4, Kali (Tap Kalay) Village Tract, Bago.","MM","Myanmar",23.1941702,94.0235718,"Apparel","Myanmar Garment Manufacturers Association (MGMA) [Public List] (Myanmar Garment Manufacturers Association (Gathered March 2025))","","","","","","","False"
"MM2025087CW0GW6","2025-03-28","Xing Jia (Myanmar) Shoes Co., Ltd","54, Pade Wun U Shwe Bin Street, Industrial Zone (1), Hlaingtharya, Yangon","MM","Myanmar",16.9126237,96.0530378,"Footwear","Myanmar Trade Promotion Organization (Myantrade) [Public List] (Myantrade Directory of Exporters (as of March 2025))","","","","","","Shoes","False"
"MM2025087CWC6R4","2025-03-28","A&T International Co., Ltd","153, Ahnawyathar Road, Industrial Zone (5) Hlaing Thar Yar Tsp, Yangon., Hlaing Thar Yar, Yangon","MM","Myanmar",16.8892395,96.04041869999999,"Food|Food & Beverage","Myanmar Trade Promotion Organization (Myantrade) [Public List] (Myantrade Directory of Exporters (as of March 2025))","","","","","","A&T Bakery","False"
"MM2025087CY33KN","2025-03-28","Weng Hong Hung Garment Manufacturing (Yangon) Company Limited.","No (78), U Shwe Oae Road, Hlaing Tharyar Industrial Zone (3), Hlaing Tharyar Township, Yangon.","MM","Myanmar",16.8785655,96.056975,"Apparel","Myanmar Garment Manufacturers Association (MGMA) [Public List] (Myanmar Garment Manufacturers Association (Gathered March 2025))","","","","","","","False"
"MM2025087CY9C2K","2025-03-28","Thitsar Tun Trading Co., Ltd","275, Sagawah Street, Aye Yeik Mon Housing, Hlaing, Yangon","MM","Myanmar",16.8379817,96.1199262,"Food|Food & Beverage","Myanmar Trade Promotion Organization (Myantrade) [Public List] (Myantrade Directory of Exporters (as of March 2025))","","","","","","Black Gram","False"
"MM2025087CYATEE","2025-03-28","US Trading Co., Ltd","155, 1t Floor, Bogyoke Aung San Road, Botahtaung, Yangon","MM","Myanmar",16.7852376,96.1827007,"Food|Food & Beverage","Myanmar Trade Promotion Organization (Myantrade) [Public List] (Myantrade Directory of Exporters (as of March 2025))","","","","","","Carrot","False"
"MM2025087CYHCRH","2025-03-28","Pyae Thar Phyo Co., Ltd","Rm 10, Mya Yee Pearl Road, Kan Hee Fishery Zone, Shwe Hinther Ward, Kawthaung, Kawthaung","MM","Myanmar",9.9958108,98.5528746,"Food|Food & Beverage","Myanmar Trade Promotion Organization (Myantrade) [Public List] (Myantrade Directory of Exporters (as of March 2025))","","","","","","Prown|Squid|Fish|Crab","False"
"MM2025087D0HJPR","2025-03-28","Maha Nadi International Co., Ltd","Building B, Room-803, 8th Floor, Pearl Condo, Bahan, Yangon","MM","Myanmar",16.8171048,96.1568412,"Wood Products","Myanmar Trade Promotion Organization (Myantrade) [Public List] (Myantrade Directory of Exporters (as of March 2025))","","","","","","Pyinkado|Htauk Kyant|Thityar-Ingyin|Rough Swan Timber of Teak","False"
"MM2025087D2HHTX","2025-03-28","Khiang Su Thu Industrial Co., Ltd","205, Myi Wun U Aung Thu Street, Industrial Zone - 2, Hlaingtharya, Yangon","MM","Myanmar",16.8819091,96.0573238,"Wood Products","Myanmar Trade Promotion Organization (Myantrade) [Public List] (Myantrade Directory of Exporters (as of March 2025))","","","","","","Teak","False"
"MM2025087D32KRF","2025-03-28","Best Industrial Company Limited.","No (42/107_A) Khayae Street, Shwe Pyi Thar Industrial Zone (1), Shwe Pyi Thar Township, Yangon.","MM","Myanmar",16.8625506,96.1022991,"Apparel","Myanmar Garment Manufacturers Association (MGMA) [Public List] (Myanmar Garment Manufacturers Association (Gathered March 2025))|Myanmar Trade Promotion Organization (Myantrade) [Public List] (Myantrade Directory of Exporters (as of March 2025))","","","","","","Uniform","False"
"MM2025087D36H92","2025-03-28","A A Pharmacy","No.81, Insein Road, Corner of Hleden Road, Kamayut Township, Yangon., Kamayut, Yangon","MM","Myanmar",16.8402026,96.1272417,"Pharmaceuticals","Myanmar Trade Promotion Organization (Myantrade) [Public List] (Myantrade Directory of Exporters (as of March 2025))","","","","","","Medicine","False"
"MM2025087D3KSDV","2025-03-28","MRTW Manufacturing & Inspection Company Limited","No.372, Daw Phwar Shin Street, Shwe Lin Ban Industrial Zone, Hlaing Tharyar Tsp.","MM","Myanmar",16.9087082,96.0762616,"Apparel","Myanmar Garment Manufacturers Association (MGMA) [Public List] (Myanmar Garment Manufacturers Association (Gathered March 2025))","","","","","","","False"
"MM2025087D5B3DZ","2025-03-28","Lin Sandar Aung Co., Ltd","350/354, Room-1, Anawrahta Road, Pwint Phyo Aung Compound, Lanmadaw, Yangon","MM","Myanmar",16.7775768,96.1428334,"Food|Food & Beverage","Myanmar Trade Promotion Organization (Myantrade) [Public List] (Myantrade Directory of Exporters (as of March 2025))","","","","","","Fish","False"
"MM2025087D8Q1TS","2025-03-28","Pro Cap Company Limited","No (162), U Aung Thu Road, Hlaing Tharyar Industrial Zone (2), Hlaing Tharyar Township, Yangon.","MM","Myanmar",16.8819091,96.0573238,"Apparel|Apparel Accessories","Myanmar Garment Manufacturers Association (MGMA) [Public List] (Myanmar Garment Manufacturers Association (Gathered March 2025))|Myanmar Trade Promotion Organization (Myantrade) [Public List] (Myantrade Directory of Exporters (as of March 2025))","","","","","","Hat","False"
"MM2025087D9Q1HH","2025-03-28","Tha Htay Kyite Co., Ltd","No.1296/A, Myin Taw Thar Rd, Tharketa, Yangon, Myanmar","MM","Myanmar",16.7904286,96.2016826,"Food|Food & Beverage","Myanmar Trade Promotion Organization (Myantrade) [Public List] (Myantrade Directory of Exporters (as of March 2025))","","","","","","Lu Tine Kyite fish sauce 1L|Lu Tine Kyite fish sauce 2L|Lu Tine Kyite fish sauce 300g|Fish Paste ( Tha Htay Kyite )|Fish Sauce ( Tha Htay Kyite )","False"
"MM2025087DAR56C","2025-03-28","Peninsula Enterprises Ltd.","529/3, 529/4, Pin Lon St., Industrial Zone (1), Ward (23), South Dagon, Yangon, Myanmar, South Dagon, Yangon","MM","Myanmar",16.8330415,96.21901369999999,"Consumer Products","Myanmar Trade Promotion Organization (Myantrade) [Public List] (Myantrade Directory of Exporters (as of March 2025))","","","","","","Kitchenware","False"
"MM2025087DD5PPX","2025-03-28","Farudas Co., Ltd","241/243, 40th Street, Upper Block, Kyauktada, Yangon","MM","Myanmar",16.7775488,96.1639045,"Beverages|Food|Food & Beverage","Myanmar Trade Promotion Organization (Myantrade) [Public List] (Myantrade Directory of Exporters (as of March 2025))","","","","","","Tea Mix|Mont Phat Chauk|Instant Mont Hin Kha","False"
"MM2025087DDGBEN","2025-03-28","Well Power Co., Ltd","19, Aye Yeik Moon Street, Aye Yeik Mon Housing, Hlaing, Yangon","MM","Myanmar",16.8367989,96.1187118,"Agriculture|Food|Food & Beverage|Textiles","Myanmar Trade Promotion Organization (Myantrade) [Public List] (Myantrade Directory of Exporters (as of March 2025))","","","","","","Cotton|Cotton Seed|Cotton Seed Oil Cake","False"
"MM2025087DDPRPG","2025-03-28","Tang Tea","Shwe Hin Thar, Hlaing, Yangon","MM","Myanmar",16.847948,96.13507179999999,"Beverages|Food|Food & Beverage|Packaging","Myanmar Trade Promotion Organization (Myantrade) [Public List] (Myantrade Directory of Exporters (as of March 2025))","","","","","","Turmeric palm jaggery|Palm Jaggery|Concentrated Juice|Turmeric powder","False"
"MM2025087DEH6HN","2025-03-28","U H S Co., ltd","223, Banyar Dala Road, Corner of 140th Street, Ma U Gon Ward, Tamwe, Yangon","MM","Myanmar",16.801016,96.1751559,"Wood Products","Myanmar Trade Promotion Organization (Myantrade) [Public List] (Myantrade Directory of Exporters (as of March 2025))","","","","","","Sawed Wood","False"
"MM2025087DG7CRT","2025-03-28","Mega Marine Frozen Sea Food Co., Ltd","No.174-B (2) Seik Kan Thar Street Industrial Zone 4, Hlaing Thar Yar Township, Yangon., Hlaing Thar Yar, Yangon","MM","Myanmar",16.8830095,96.0828097,"Aquaculture","Myanmar Trade Promotion Organization (Myantrade) [Public List] (Myantrade Directory of Exporters (as of March 2025))","","","","","","Aquatic Product","False"
"MM2025087DH1ZP6","2025-03-28","Kaung Yar Zar Trading Co., Ltd","73/79, Room - 402, Lanmadaw Street, 4 Floor, CMA Tower, Lanmadaw, Yangon","MM","Myanmar",16.7757237,96.1478796,"Food|Food & Beverage","Myanmar Trade Promotion Organization (Myantrade) [Public List] (Myantrade Directory of Exporters (as of March 2025))","","","","","","Crawfish|Fish","False"
"MM2025087DHYTEP","2025-03-28","Myanmar Chemical Engineers Group(3)Co., Ltd","No. 115, Ka Naung Min Thar Gyi Street, Zone (1), Hlaing Thar Yar Tsp, Yangon., Hlaing Thar Yar, Yangon","MM","Myanmar",16.9007941,96.0730316,"Food|Food & Beverage","Myanmar Trade Promotion Organization (Myantrade) [Public List] (Myantrade Directory of Exporters (as of March 2025))","","","","","","Alcohol Vegrage","False"
"MM2025087DJNGRE","2025-03-28","Vanam Co., Ltd","38/39, Tuangggyi Street, Industrial Zone (1), South Dagon, Yangon","MM","Myanmar",16.8330415,96.21901369999999,"Manufacturing|Metal Manufacturing","Myanmar Trade Promotion Organization (Myantrade) [Public List] (Myantrade Directory of Exporters (as of March 2025))","","","","","","Aluminium|Steel|Iron","False"
"MM2025087DMVSJS","2025-03-28","KHM Co., Ltd","563, Thiri Myaing, Htauk Kyant South Quarter, Mingalardon, Yangon","MM","Myanmar",17.0412816,96.13414309999999,"Apparel|Unspecified","Worldly|MADE (MADE facility list for November 2023)|Myanmar Garment Manufacturers Association (MGMA) [Public List] (Myanmar Garment Manufacturers Association (Gathered March 2025))|Myanmar Trade Promotion Organization (Myantrade) [Public List] (Myantrade Directory of Exporters (as of March 2025))|Worldly|Worldly","","","","","","Coat|Jackets|Pants","False"
"MM2025087DPA267","2025-03-28","Trade Friends Trading Co., Ltd","Room(11), 770/774, 11th Floor, Bogyoke Aung San Street, Lucky Condo, Lanmadaw, Yangon","MM","Myanmar",16.7781232,96.14076940000001,"Food|Food & Beverage","Myanmar Trade Promotion Organization (Myantrade) [Public List] (Myantrade Directory of Exporters (as of March 2025))","","","","","","Rice|Black Gram|Pigeon Pea|Green Gram","False"
"MM2025087DPPP56","2025-03-28","Myanmar Knitting Factory Limited","No (35, 36, 37 & 38), Ward No (13), Plot No (P-1, 52), Pathein Industrial Zone, Pathein Township, Ayeyarwaddy Region.","MM","Myanmar",16.7753609,94.7381013,"Apparel","Myanmar Garment Manufacturers Association (MGMA) [Public List] (Myanmar Garment Manufacturers Association (Gathered March 2025))|Myanmar Trade Promotion Organization (Myantrade) [Public List] (Myantrade Directory of Exporters (as of March 2025))","","","","","","Knitting wears","False"
"MM2025087DPTYBR","2025-03-28","Hein Soe Co., ltd","494/B, TCC Yeik Thar Street, Ward (8), Kamaryut, Yangon","MM","Myanmar",16.8224879,96.1310916,"Wood Products","Myanmar Trade Promotion Organization (Myantrade) [Public List] (Myantrade Directory of Exporters (as of March 2025))","","","","","","Laminated wood","False"
"MM2025087DPYSN1","2025-03-28","International Gate Way Co., Ltd","19, Kyaik Wine Pagoda Road, 8 miles, Myaing Hay Wun Housing, Mayangone, Yangon","MM","Myanmar",16.8648884,96.1406483,"Food|Food & Beverage","Myanmar Trade Promotion Organization (Myantrade) [Public List] (Myantrade Directory of Exporters (as of March 2025))","","","","","","Sugar","False"
"MM2025087DR9X96","2025-03-28","Pretty Fashion Myanmar","No (9), U Shwe Oh Street, Hlaing Tharyar Industrial Zone (2), Hlaing Tharyar Township, Yangon.","MM","Myanmar",16.8819286,96.0573302,"Apparel","Myanmar Garment Manufacturers Association (MGMA) [Public List] (Myanmar Garment Manufacturers Association (Gathered March 2025))","","","","","","","False"
"MM2025087DRZPFV","2025-03-28","NTC Interlining Myanmar Co., Ltd","No.167, Set Hmu (2) Street, Shwe Pyi Thar Industrial Zone (1), Shwe Pyi Thar Tsp, Yangon","MM","Myanmar",16.9337149,96.0872415,"Apparel","Myanmar Garment Manufacturers Association (MGMA) [Public List] (Myanmar Garment Manufacturers Association (Gathered March 2025))","","","","","","","False"
"MM2025087DS78MV","2025-03-28","Myanmar Toppy Limited","Plot No (278/8), Corner of Hlay Thin Ahtwin  Wun U Chain Street and Wun Saung Mhu Street, Myay Taing Block No (25), Shwe Lin Ban Industrial Zone, Hlaing Tharyar Township, Yangon.","MM","Myanmar",16.914015,96.0652719,"Apparel","Myanmar Garment Manufacturers Association (MGMA) [Public List] (Myanmar Garment Manufacturers Association (Gathered March 2025))","","","","","","","False"
"MM2025087DSYY2P","2025-03-28","Alpha Beta Co., ltd","62, 3rd Floor, Shwe Hnin Thar Road, 11st Quarter, Hlaing, Yangon","MM","Myanmar",16.8090234,96.1754634,"Apparel","Myanmar Trade Promotion Organization (Myantrade) [Public List] (Myantrade Directory of Exporters (as of March 2025))","","","","","","Jackets|T shirt","False"
"MM2025087DT4Q8W","2025-03-28","Hao Yuan Co., Ltd","Holding No.145, Milestone No.25, Naing Hlon Village Track, Mudon T/s, Mon State., Mudon, Mon","MM","Myanmar",16.2584167,97.725376,"Rubber Products","Myanmar Trade Promotion Organization (Myantrade) [Public List] (Myantrade Directory of Exporters (as of March 2025))","","","","","","Rubber","False"
"MM2025087DWJ7YJ","2025-03-28","Baw Ma Knitting (Myanmar) Co., Ltd","353, Kin Wun Min Gyi Rd, Shwelinban, Hlaingtharya, Yangon","MM","Myanmar",16.8895583,96.05123530000002,"Apparel","Myanmar Trade Promotion Organization (Myantrade) [Public List] (Myantrade Directory of Exporters (as of March 2025))","","","","","","Knitting wears","False"
"MM2025087DWWAPQ","2025-03-28","Asia Winner Co., Ltd (May Yu Trading Co., Ltd)","529, May Yu Street, Industrial Zone (1), South Dagon, Yangon","MM","Myanmar",16.8316454,96.2248735,"Food|Food & Beverage","Myanmar Trade Promotion Organization (Myantrade) [Public List] (Myantrade Directory of Exporters (as of March 2025))","","","","","","Beans|Freshwater Fish|Pulses","False"
"MM2025087DX2WF9","2025-03-28","Super Soe Co., Ltd","83, 2nd Floor, Yae Street, Kyi Taw Ward, Mingalar Taungnyunt, Yangon","MM","Myanmar",16.7830754,96.1733101,"Food|Food & Beverage","Myanmar Trade Promotion Organization (Myantrade) [Public List] (Myantrade Directory of Exporters (as of March 2025))","","","","","","Black Gram|Green Gram","False"
"MM2025087DXTBGH","2025-03-28","Rich Farm Co., Ltd","67, 3rd Floor, 10th Street, Phoh Myay Ward, Mingalar Taungnyunt, Yangon","MM","Myanmar",16.7852187,96.1681865,"Food|Food & Beverage","Myanmar Trade Promotion Organization (Myantrade) [Public List] (Myantrade Directory of Exporters (as of March 2025))","","","","","","Fish","False"
"MM2025087DYP9JE","2025-03-28","Gaiwach (Myanmar) Garment Co., Ltd","87/88 Block, Myay Taing 51, Kyauk Sein Street, Thardukan Industrial Zone, Shwepyitha, Yangon","MM","Myanmar",16.9881238,96.088104,"Apparel","Worldly|A Brand / Retailer|A Brand / Retailer|A Brand / Retailer|A Multi-Stakeholder Initiative|A Brand / Retailer|A Multi-Stakeholder Initiative|A Multi-Stakeholder Initiative|A Multi-Stakeholder Initiative|A Multi-Stakeholder Initiative|A Multi-Stakeholder Initiative|Myanmar Trade Promotion Organization (Myantrade) [Public List] (Myantrade Directory of Exporters (as of March 2025))|A Brand / Retailer|A Multi-Stakeholder Initiative|A Multi-Stakeholder Initiative|A Brand / Retailer|A Brand / Retailer|A Brand / Retailer|A Multi-Stakeholder Initiative|A Multi-Stakeholder Initiative|A Brand / Retailer|A Brand / Retailer|A Brand / Retailer|A Multi-Stakeholder Initiative|A Brand / Retailer|A Multi-Stakeholder Initiative|A Multi-Stakeholder Initiative|A Multi-Stakeholder Initiative|A Brand / Retailer|A Brand / Retailer|A Brand / Retailer|A Brand / Retailer|A Brand / Retailer|A Brand / Retailer|A Brand / Retailer|Myanmar Centre for Responsible Business (OAR facility list in Myanmar)|Wikirate International e.V. (2018 Apparel Suppliers on Wikirate part 7)|Wikirate International e.V. (2020 Apparel Suppliers on Wikirate part 11)","","","","","","Underwear","False"
"MM2025087DZ2DCS","2025-03-28","Onrush Manufacturing Co., Ltd","100/E, Bawga Bala Street, Industrial Zone, North Okkalapa, Yangon","MM","Myanmar",16.9197469,96.1686077,"Apparel","Myanmar Trade Promotion Organization (Myantrade) [Public List] (Myantrade Directory of Exporters (as of March 2025))","","","","","","Pants|Jackets","False"
"MM2025087DZ54KT","2025-03-28","Household Mill (Min Su)","Min Su Village, Kyaukse, Mandalay, Myanmar, Mandalay, Mandalay","MM","Myanmar",21.5133988,96.1328179,"Consumer Products","Myanmar Trade Promotion Organization (Myantrade) [Public List] (Myantrade Directory of Exporters (as of March 2025))","","","","","","Kitchenware","False"
"MM2025087E0HKGM","2025-03-28","Asahi Fan Garment Myanmar Company Limited.","Land No (24), Myay Taing Block No (112), East Dagon Industrial Zone, Dagon Myo Thit (East) Township, Yangon.","MM","Myanmar",16.8908169,96.2508702,"Apparel","Myanmar Garment Manufacturers Association (MGMA) [Public List] (Myanmar Garment Manufacturers Association (Gathered March 2025))","","","","","","","False"
"MM2025087E0X8PV","2025-03-28","Myanmar Korea Timber Int'L Ltd","Land Transportation Block, Corner of Oak Kyin Bu Tar Yone Street & Bayint Naung Street, 15th Ward, Hlaing, Yangon","MM","Myanmar",16.8372533,96.1275175,"Wood Products","Myanmar Trade Promotion Organization (Myantrade) [Public List] (Myantrade Directory of Exporters (as of March 2025))","","","","","","Veneer wood|Veneers|plywoods","False"
"MM2025087E390GW","2025-03-28","Yangtzekiang (Industrial Myanmar) Co., Ltd","7, Bago Industrial Zone, Bago, Bago","MM","Myanmar",17.281978,96.4542038,"Apparel","Myanmar Garment Manufacturers Association (MGMA) [Public List] (Myanmar Garment Manufacturers Association (Gathered March 2025))|Myanmar Trade Promotion Organization (Myantrade) [Public List] (Myantrade Directory of Exporters (as of March 2025))","","","","","","Shirt (Men)","False"
"MM2025087E3JCYZ","2025-03-28","Fair Silver Fashion Limited","341/A, Yaw Atwin Wun U Phoe Hlaing Street, Shwelinban Industrial Zone, Hlaingtharya, Yangon","MM","Myanmar",16.8502222,96.0849574,"Apparel","Myanmar Garment Manufacturers Association (MGMA) [Public List] (Myanmar Garment Manufacturers Association (Gathered March 2025))|Myanmar Trade Promotion Organization (Myantrade) [Public List] (Myantrade Directory of Exporters (as of March 2025))","","","","","","Evening Dress|ွ","False"
"MM2025087E7FA00","2025-03-28","Prettex Myanmar Co., Ltd","4, Thardukan Industrial Zone, Shwepyitha, Yangon","MM","Myanmar",16.9845706,96.09229219999999,"Apparel","Myanmar Garment Manufacturers Association (MGMA) [Public List] (Myanmar Garment Manufacturers Association (Gathered March 2025))|Myanmar Trade Promotion Organization (Myantrade) [Public List] (Myantrade Directory of Exporters (as of March 2025))","","","","","","Long Coat|Jackets","False"
"MM2025087E82XDM","2025-03-28","Myin Za Yi Co., Ltd","53/54, Kanaung Min Thar Gyi Street, Shwe Pauk Kan Industrial Zone, North Okkalapa, Yangon","MM","Myanmar",16.8918185,96.1919816,"Apparel","Myanmar Garment Manufacturers Association (MGMA) [Public List] (Myanmar Garment Manufacturers Association (Gathered March 2025))|Myanmar Trade Promotion Organization (Myantrade) [Public List] (Myantrade Directory of Exporters (as of March 2025))","","","","","","Kids Wear|Blouse|Pants","False"
"MM2025087EAQTZT","2025-03-28","Great Myanmar Insland Co., Ltd","63, Taunggyi Street, Industrial Zone (1), South Dagon, Yangon","MM","Myanmar",16.8399735,96.2188233,"Furniture|Wood Products","Myanmar Trade Promotion Organization (Myantrade) [Public List] (Myantrade Directory of Exporters (as of March 2025))","","","","","","Rattan Furniture","False"
"MM2025087ECWQ65","2025-03-28","WNT Garment Factory","No (570), San Pya Street, Sint Nguu Ward, Insein Township, Yangon.","MM","Myanmar",16.7834754,96.1871762,"Apparel","Myanmar Garment Manufacturers Association (MGMA) [Public List] (Myanmar Garment Manufacturers Association (Gathered March 2025))","","","","","","","False"
"MM2025087ED60YH","2025-03-28","HTM Garment (Shwe Sea Sar)","No. (84), Than Chat Wun U Nyunt Street, Shwe Pyi Thar Industrial Zone 2, Shwe Pyi Thar Tsp.","MM","Myanmar",16.9337149,96.0872415,"Apparel","Myanmar Garment Manufacturers Association (MGMA) [Public List] (Myanmar Garment Manufacturers Association (Gathered March 2025))","","","","","","","False"
"MM2025087ED6X1H","2025-03-28","Tun Tauk Naing Co., Ltd","No.102, Corner of U Tun Nyo Street & U Shwe Bin Street, Industry Zone(1), Hlaing Thar Yar Township.Yangon., Hlaing Thar Yar, Yangon","MM","Myanmar",16.9126237,96.0530378,"Food|Food & Beverage","Myanmar Trade Promotion Organization (Myantrade) [Public List] (Myantrade Directory of Exporters (as of March 2025))","","","","","","","False"
"MM2025087EDA4E9","2025-03-28","Prima Commercial Furnishing Co., Ltd","9, Kyaung Street, Myay Ni Gone (North) Ward, Sanchaung, Yangon","MM","Myanmar",16.8055056,96.13806199999999,"Home Accessories|Home Textiles","Myanmar Trade Promotion Organization (Myantrade) [Public List] (Myantrade Directory of Exporters (as of March 2025))","","","","","","Carpet","False"
"MM2025087EEWXJS","2025-03-28","Life Orient Trading Co., Ltd","104, 50 Street, Middle Block, Pazundaung, Yangon","MM","Myanmar",16.7748773,96.171194,"Apparel Accessories","Myanmar Trade Promotion Organization (Myantrade) [Public List] (Myantrade Directory of Exporters (as of March 2025))","","","","","","Pathein Umbrella","False"
"MM2025087EFFV1T","2025-03-28","Amber Store Co., Ltd","48, Twin Thin Taik Wun U Tun Nyo Street, Hlaingtharyar Industrial Zone (2), Hlaingtharya, Yangon","MM","Myanmar",16.8436582,96.08118429999999,"Apparel","Myanmar Trade Promotion Organization (Myantrade) [Public List] (Myantrade Directory of Exporters (as of March 2025))","","","","","","Women & Kids)|Style Pants (Men|Night Dress|Jackets","False"
"MM2025087EFNYFH","2025-03-28","Mother's Love Green Tea","Sa/2, Sein Pan St, Bayint Naung Borker's Sales Centre, Mayangone Tsp, Yangon, Mayangone, Yangon","MM","Myanmar",16.8630212,96.1049884,"Beverages|Food & Beverage","Myanmar Trade Promotion Organization (Myantrade) [Public List] (Myantrade Directory of Exporters (as of March 2025))","","","","","","Green Tea","False"
"MM2025087EJ5W7T","2025-03-28","Excellence Mineral Casting Co., Ltd","142, U Tayoke Gyi Street, Industrial Zone (4), Hlaingtharya, Yangon","MM","Myanmar",16.8571296,96.0602623,"Manufacturing|Metal Manufacturing","Myanmar Trade Promotion Organization (Myantrade) [Public List] (Myantrade Directory of Exporters (as of March 2025))","","","","","","Steel Product","False"
"MM2025087EJ79RT","2025-03-28","Clean Fisheries Co., Ltd","10, 1 Street Fl, 149th Street, Pyay Yae Gone Ward, Tamwe, Yangon","MM","Myanmar",16.8004142,96.1745723,"Food|Food & Beverage","Myanmar Trade Promotion Organization (Myantrade) [Public List] (Myantrade Directory of Exporters (as of March 2025))","","","","","","Prawn|Fish","False"
"MM2025087EJAV5W","2025-03-28","Htoo Wood Products Pte Co., Ltd","5, Pyay, 10 Ward, Hlaing, Yangon","MM","Myanmar",16.8403781,96.1349145,"Furniture|Wood Products","Myanmar Trade Promotion Organization (Myantrade) [Public List] (Myantrade Directory of Exporters (as of March 2025))","","","","","","Parquet Tongued & Grooved|Sawed Wood","False"
"MM2025087EJB2ED","2025-03-28","Myanmar Rice Mill Co., Ltd.","No.29, Minye Kyaw Swar Road, (7th Floor, UMFCCI Office Tower), Yangon Region, Myanmar., Yangon, Yangon","MM","Myanmar",16.7985835,96.1950172,"Food|Food & Beverage","Myanmar Trade Promotion Organization (Myantrade) [Public List] (Myantrade Directory of Exporters (as of March 2025))","","","","","","Rice","False"
"MM2025087EK0SKZ","2025-03-28","Best Vision Co., Ltd","No.335, Yaw Ah Twin Wun U Phoe Hlaing St., Shwe Lin Ban Industrial Zone, Hlaingtharya, Yangon","MM","Myanmar",16.914015,96.0652719,"Food|Food & Beverage","Myanmar Trade Promotion Organization (Myantrade) [Public List] (Myantrade Directory of Exporters (as of March 2025))","","","","","","Green Gram|Black Eye Bean","False"
"MM2025087EM0TAR","2025-03-28","Medihub Cdo., Ltd","B4-103, Shwe Gone Thu Housing, pan Hlaing Street, Kyeemyindaing Township, Yangon., Kyeemyindaing, Yangon","MM","Myanmar",16.7987178,96.12451229999999,"Agriculture|Food|Food & Beverage","Myanmar Trade Promotion Organization (Myantrade) [Public List] (Myantrade Directory of Exporters (as of March 2025))","","","","","","Sorghums|Rice","False"
"MM2025087EMBVC6","2025-03-28","First Top Co., Ltd.","No.11, Tower(A), 9th Floor, Myawaddy Luxury Comlex, Bogyoke Aung San Road, Lanmadaw Township, Yangon., Lanmadaw, Yangon","MM","Myanmar",16.6842708,98.5007116,"Food|Food & Beverage","Myanmar Trade Promotion Organization (Myantrade) [Public List] (Myantrade Directory of Exporters (as of March 2025))","","","","","","Sesame","False"
"MM2025087EN7C9H","2025-03-28","Westwood Myanmar Co., Ltd","Plot No.149/3-6, Myay Taing Block No.113, East Dagon Industrial Zone, Dagon Myo Thit (East) Tsp","MM","Myanmar",16.8704983,96.24290450000001,"Apparel","Myanmar Garment Manufacturers Association (MGMA) [Public List] (Myanmar Garment Manufacturers Association (Gathered March 2025))","","","","","","","False"
"MM2025087ENS0M2","2025-03-28","Aung Naing Thu Star Garment Co., ltd","142/A, Amara St, Industrial Zone, North Okkalapa, Yangon","MM","Myanmar",16.9586918,96.1632804,"Apparel","Myanmar Trade Promotion Organization (Myantrade) [Public List] (Myantrade Directory of Exporters (as of March 2025))","","","","","","Pants","False"
"MM2025087EQ29XZ","2025-03-28","Shwe Me' Co., Ltd","G/F & 1st Floor, Shwe Zabu River View Complex, Strand Road., Ahlone, Yangon","MM","Myanmar",16.7846709,96.1267093,"Food|Food & Beverage","Myanmar Trade Promotion Organization (Myantrade) [Public List] (Myantrade Directory of Exporters (as of March 2025))","","","","","","Black Gram|Pigeon Pea|Green Gram","False"
"MM2025087ERF9ZF","2025-03-28","Lin Dagon Garment Company Limited","No (14/15) U Aung Zaya Street, East Dagon Industrial Zone, East Dagon Township, Yangon.","MM","Myanmar",16.840939,96.173526,"Apparel","Myanmar Garment Manufacturers Association (MGMA) [Public List] (Myanmar Garment Manufacturers Association (Gathered March 2025))|Myanmar Trade Promotion Organization (Myantrade) [Public List] (Myantrade Directory of Exporters (as of March 2025))","","","","","","Coat (Men)|Trousers (Men)","False"
"MM2025087ESERQP","2025-03-28","Classic Home Co., Ltd","151, Twin Thin Tike Wun U Tun Nyo Street, Industrial Zone, Dagon Seikkan, Yangon","MM","Myanmar",16.8520683,96.26946079999999,"Wood Products","Myanmar Trade Promotion Organization (Myantrade) [Public List] (Myantrade Directory of Exporters (as of March 2025))","","","","","","Rattan","False"
"MM2025087ESMNDF","2025-03-28","Tet Nay Lin Trading Co., Ltd","11, Khwar Nyo 7th Street, Hla Wun Bae Ward, North Okkalapa, Yangon","MM","Myanmar",16.8723864,96.249459,"Unspecified","Myanmar Trade Promotion Organization (Myantrade) [Public List] (Myantrade Directory of Exporters (as of March 2025))","","","","","","Cosmetics|Artificial hair for women|Frontal|Closure","False"
"MM2025087ESMSRY","2025-03-28","Korea Sin Hwa Garment Co., Ltd","137, Padamyar Street, Thardukan Industrial Zone (1), Shwepyitha, Yangon","MM","Myanmar",16.9845706,96.09229219999999,"Apparel","Myanmar Garment Manufacturers Association (MGMA) [Public List] (Myanmar Garment Manufacturers Association (Gathered March 2025))|Myanmar Trade Promotion Organization (Myantrade) [Public List] (Myantrade Directory of Exporters (as of March 2025))","","","","","","Coat|Jackets","False"
"MM2025087ESPAHA","2025-03-28","Sun Good Garment (Myanamar)","Holding No. (42), Kwin No. (1167), Inndakaw North Kwin, Inndakaw Village Tract, Bago","MM","Myanmar",17.3220711,96.4663286,"Apparel","Myanmar Garment Manufacturers Association (MGMA) [Public List] (Myanmar Garment Manufacturers Association (Gathered March 2025))","","","","","","","False"
"MM2025087ETXXM8","2025-03-28","Hnin Wun Co., ltd","225/227, Room (601/602), 6 Floor, Bo Aung Kyaw Street, Olympic Tower, Kyauktada, Yangon","MM","Myanmar",16.7740517,96.16420749999999,"Food|Food & Beverage","Myanmar Trade Promotion Organization (Myantrade) [Public List] (Myantrade Directory of Exporters (as of March 2025))","","","","","","Black Gram","False"
"MM2025087EVBQNJ","2025-03-28","Jewoo Manufacturing Co., Ltd","104/107/108, Myanmarlar Street, Tharketa Industrial Zone, Thaketa, Yangon","MM","Myanmar",16.8085999,96.2017649,"Apparel","Myanmar Garment Manufacturers Association (MGMA) [Public List] (Myanmar Garment Manufacturers Association (Gathered March 2025))|Myanmar Trade Promotion Organization (Myantrade) [Public List] (Myantrade Directory of Exporters (as of March 2025))","","","","","","Pants|Long Jumper|Down Jumper|Jackets","False"
"MM2025087EVPRV4","2025-03-28","Standard Forever Co., Ltd","33/35, 7th Floor, Bogalay Zay Street, Botahtaung, Yangon","MM","Myanmar",16.7716266,96.1656263,"Food|Food & Beverage","Myanmar Trade Promotion Organization (Myantrade) [Public List] (Myantrade Directory of Exporters (as of March 2025))","","","","","","Betel Nut|Black Gram|Ginger|Green Gram","False"
"MM2025087EVWNS5","2025-03-28","Thein Ta Yar Rice Warehouse","86th Street, Between 29th Street & 30th Street, Chanayethazan, Mandalay","MM","Myanmar",21.9780187,96.0741505,"Food|Food & Beverage","Myanmar Trade Promotion Organization (Myantrade) [Public List] (Myantrade Directory of Exporters (as of March 2025))","","","","","","Rice","False"
"MM2025087EW2GS7","2025-03-28","San Lin Int'l Export & Import Co., Ltd","387, Room-15/27, 2nd Floor, Shwe Bon Thar Street, Upper Block, Pabedan, Yangon","MM","Myanmar",16.7753594,96.15588,"Mining","Myanmar Trade Promotion Organization (Myantrade) [Public List] (Myantrade Directory of Exporters (as of March 2025))","","","","","","Lead|Pure Iron|Pig Iron|Zinc","False"
"MM2025087EWQ25T","2025-03-28","Kyaw Kyaw Htun Co.Ltd","116/118-A, 4 Floor, Bogale Zay St, Lower Middle Block, Botahtaung, Yangon","MM","Myanmar",16.2864333,95.40180869999999,"Agriculture|Food|Food & Beverage","Myanmar Trade Promotion Organization (Myantrade) [Public List] (Myantrade Directory of Exporters (as of March 2025))","","","","","","Onion|Ginger|Pulses|Tamarind|Bean","False"
"MM2025087EXBBE1","2025-03-28","Sung Ba Int'l Co., Ltd","160, Shwe Yi Aye Kyaw Street, Industrial Zone (5), Hlaingtharya, Yangon","MM","Myanmar",16.8892395,96.04041869999999,"Apparel","Myanmar Trade Promotion Organization (Myantrade) [Public List] (Myantrade Directory of Exporters (as of March 2025))","","","","","","Jean Pants|Kids Wear|Jackets","False"
"MM2025087EXV30V","2025-03-28","Thidar Fsiheries Co., Ltd","350/354, RM 1/B, Anawrahta Road, Pwint Phyo Aung Compound, Lanmadaw, Yangon","MM","Myanmar",16.7775768,96.1428334,"Food|Food & Beverage","Myanmar Trade Promotion Organization (Myantrade) [Public List] (Myantrade Directory of Exporters (as of March 2025))","","","","","","Fish","False"
"MM2025087EYJRS1","2025-03-28","Myanmar Qun San Company Limited.","Myay Taing Block No (25), Plot No (64), Maung Than Street, Shwe Lin Ban Industrial Zone, Hlaing Tharyar Township, Yangon.","MM","Myanmar",16.914015,96.0652719,"Apparel","Myanmar Garment Manufacturers Association (MGMA) [Public List] (Myanmar Garment Manufacturers Association (Gathered March 2025))|Myanmar Trade Promotion Organization (Myantrade) [Public List] (Myantrade Directory of Exporters (as of March 2025))","","","","","","Pin Pants|Jackets|ွ","False"
"MM2025087EYK4RD","2025-03-28","Panko Bago Company Limited","U Paing (30+47+6+12+16+14), Field No (OSS 77, Kyae Taing Pyin Field), Nyaung Inn Village Tract, Bago Tsp and U Paing No.24, Field No.1174-B, Wa Sa Nel Field, Buuleinn Village Tract, Bago","MM","Myanmar",17.2504782,96.4532158,"Apparel","Myanmar Garment Manufacturers Association (MGMA) [Public List] (Myanmar Garment Manufacturers Association (Gathered March 2025))","","","","","","","False"
"MM2025087EZRANP","2025-03-28","Myo Thitsar Trading Co., Ltd","459, Anawrahta Road, Ward (14), East Dagon, Yangon","MM","Myanmar",16.8801849,96.208395,"Wood Products","Myanmar Trade Promotion Organization (Myantrade) [Public List] (Myantrade Directory of Exporters (as of March 2025))","","","","","","Sawed Wood","False"
"MM2025087F0GY1G","2025-03-28","Stone Gate Empine Co., Ltd","J/34, Ar Thaw Ka Street, Bayint Naung Warehouse, Mayangone, Yangon","MM","Myanmar",16.807785,96.1801208,"Food|Food & Beverage","Myanmar Trade Promotion Organization (Myantrade) [Public List] (Myantrade Directory of Exporters (as of March 2025))","","","","","","Black Gram","False"
"MM2025087F1Q8RS","2025-03-28","Golden Alliance Treasury Enterprise Co., Ltd.","No.79/81, Room No, 201/202, Central Tower, Anawrahta Road, Kyauktada T/S, Yangon., Kyauktada, Yangon","MM","Myanmar",16.7765363,96.16399589999999,"Food|Food & Beverage","Myanmar Trade Promotion Organization (Myantrade) [Public List] (Myantrade Directory of Exporters (as of March 2025))","","","","","","Green Bean","False"
"MM2025087F2VDFT","2025-03-28","Moe Thet Co., Ltd.","No.4(D/2), Bawdi Yeikthar Street, Bahan Township, Yangon., Bahan, Yangon","MM","Myanmar",16.882549,96.101772,"Food|Food & Beverage","Myanmar Trade Promotion Organization (Myantrade) [Public List] (Myantrade Directory of Exporters (as of March 2025))","","","","","","Green Bean","False"
"MM2025087F2WQH7","2025-03-28","Thiri Sandar Garment & General Trading Co-op Society Limited.","Aung San Ward, Lower Mingaladon Road, Insein Township, Yangon.","MM","Myanmar",16.9150759,96.09284900000002,"Apparel","Myanmar Garment Manufacturers Association (MGMA) [Public List] (Myanmar Garment Manufacturers Association (Gathered March 2025))","","","","","","","False"
"MM2025087F4K282","2025-03-28","Mingtex Myanmar Industrial Company Limited","No (197), Ahnawratha Street, Hlaing Tharyar Industrial Zone (5), Hlaing Tharyar Township, Yangon.","MM","Myanmar",16.8819286,96.0573302,"Apparel","Myanmar Garment Manufacturers Association (MGMA) [Public List] (Myanmar Garment Manufacturers Association (Gathered March 2025))|Myanmar Trade Promotion Organization (Myantrade) [Public List] (Myantrade Directory of Exporters (as of March 2025))","","","","","","Belt|Embroidery Lace|Veils|Wedding Dress|Embroidery Flower","False"
"MM2025087F54HTN","2025-03-28","Aung Kyun Thar","138/142, Room-8/B/C, White Cloud Condo, Thein Phyu Road, Botahtaung, Yangon","MM","Myanmar",16.7722412,96.1672268,"Food|Food & Beverage","Myanmar Trade Promotion Organization (Myantrade) [Public List] (Myantrade Directory of Exporters (as of March 2025))","","","","","","Lab Lab Beans|Green Gram|Black Eye Bean|Sesame","False"
"MM2025087F59K24","2025-03-28","Gabbathit Garment Industry","No, 1158, Pagoda Road, 63 Ward, Industrial zone 2, South Dagon Myo Thit Tsp, Yangon.","MM","Myanmar",16.78367,96.1533558,"Apparel","Myanmar Garment Manufacturers Association (MGMA) [Public List] (Myanmar Garment Manufacturers Association (Gathered March 2025))|Myanmar Trade Promotion Organization (Myantrade) [Public List] (Myantrade Directory of Exporters (as of March 2025))","","","","","","Shirt (Men)","False"
"MM2025087F5BMSY","2025-03-28","Laxmi Utensils","C-160/161/162/176/177, G Flr, D Shed, Shwe Dagon Pagoda Rd., Thein Gyi Market, Ward [2], Pabedan, Yangon, Myanmar, Pabedan, Yangon","MM","Myanmar",16.7747547,96.1533912,"Consumer Products","Myanmar Trade Promotion Organization (Myantrade) [Public List] (Myantrade Directory of Exporters (as of March 2025))","","","","","","Kitchenware","False"
"MM2025087F5QC1A","2025-03-28","Weng Hong Hung Garment Mfg (Yangon) Co., Ltd","78, Depeyin Wun Htauk U Myel Street, Industrial Zone (3), Hlaingtharya, Yangon","MM","Myanmar",16.8819286,96.0573302,"Apparel","Myanmar Trade Promotion Organization (Myantrade) [Public List] (Myantrade Directory of Exporters (as of March 2025))","","","","","","Shirt (Men)","False"
"MM2025087F67FZW","2025-03-28","Jun Sheng Garment Co., Ltd","No.482, Myay Taing Block No.25, Shwe Lin Ban Industrial Zone, Hlaing Thar Yar Tsp, Yangon","MM","Myanmar",16.914015,96.0652719,"Apparel","Myanmar Garment Manufacturers Association (MGMA) [Public List] (Myanmar Garment Manufacturers Association (Gathered March 2025))","","","","","","","False"
"MM2025087F87E0Y","2025-03-28","Shwe Ye Chan Thar Gems, Jewellery Shop","No.259, 34st: Bet: 85 x 86Sts, Chan Aye Thar Zan T/S Mandalay., Chan Aye Thar San, Mandalay","MM","Myanmar",21.9764442,96.09440029999999,"Apparel Accessories","Myanmar Trade Promotion Organization (Myantrade) [Public List] (Myantrade Directory of Exporters (as of March 2025))","","","","","","Gems|Jewellery","False"
"MM2025087F8CK9H","2025-03-28","Wormhole Seafood Co., Ltd","1069, Aung Theikdi Street, Ward (40), Dagon Seikkan, Yangon","MM","Myanmar",16.8520683,96.26946079999999,"Food|Food & Beverage","Myanmar Trade Promotion Organization (Myantrade) [Public List] (Myantrade Directory of Exporters (as of March 2025))","","","","","","Shrimp","False"
"MM2025087F8CQN1","2025-03-28","Real Star Manufacturing Company Limited","(1) No (2/26), Ka Naung Min Thargyi Road, Dagon Seikkan Industrial Zone (2), Dagon Seikkan Township, Yangon.  (2) No (52), Thama Degree Kawlate Street, Ahmuhatan Quarter, Thanlyin Township, Yangon.","MM","Myanmar",16.8344399,96.2806526,"Apparel","Myanmar Garment Manufacturers Association (MGMA) [Public List] (Myanmar Garment Manufacturers Association (Gathered March 2025))","","","","","","","False"
"MM2025087FANSNE","2025-03-28","Excellent Grade Agency","33/49, Room-35, 1st Floor, Mahar Bandoola Garden Street, Lower Block, Strand Condo, Kyauktada, Yangon","MM","Myanmar",16.7742379,96.1625789,"Machinery Manufacturing|Manufacturing","Myanmar Trade Promotion Organization (Myantrade) [Public List] (Myantrade Directory of Exporters (as of March 2025))","","","","","","Machinery Export","False"
"MM2025087FBWG5X","2025-03-28","Metahope (Myanmar) Company Limited","No(21, 22), Kyansitthar Yeikmon Ind'l Zone, South Dagon Myothit Tsp.Yangon.","MM","Myanmar",16.8317653,96.2294737,"Apparel","Myanmar Garment Manufacturers Association (MGMA) [Public List] (Myanmar Garment Manufacturers Association (Gathered March 2025))","","","","","","","False"
"MM2025087FCGVMC","2025-03-28","Tun Myat Thu International Co., Ltd.","No.139, 1st Floor, Anawrahta Road 7 Ward, Lanmadaw Township, Yangon","MM","Myanmar",16.7776332,96.14114389999999,"Food|Food & Beverage","Myanmar Trade Promotion Organization (Myantrade) [Public List] (Myantrade Directory of Exporters (as of March 2025))","","","","","","Pulses and Beans|Green Bean|Pigeon Pea","False"
"MM2025087FFJB1E","2025-03-28","Trendi Zone Co., Ltd","19/D-2, Kanbawza Street, Shwe Taung Kyar, Bahan, Yangon","MM","Myanmar",16.8092071,96.1508505,"Apparel","Myanmar Trade Promotion Organization (Myantrade) [Public List] (Myantrade Directory of Exporters (as of March 2025))","","","","","","Shirt|Denim|Jeans|Polo|Trousers & Short|Blouse|T shirt|Skirts|Dresses","False"
"MM2025087FFX1K1","2025-03-28","Excel Garment Mfg Co., Ltd","28/A/538-A, Cor of 4 Main Rd, Near Gate Hong Bus Streetop, Shwepyitha, Yangon","MM","Myanmar",16.9645932,96.0963285,"Apparel","Myanmar Trade Promotion Organization (Myantrade) [Public List] (Myantrade Directory of Exporters (as of March 2025))","","","","","","Coat|Pants","False"
"MM2025087FGJMA1","2025-03-28","Bruvo International Manufacturing","307/A, Ka Naung Min Thar Gyi 10th Street, Shwepaukkan Industrial Zone, North Okkalapa, Yangon","MM","Myanmar",16.920643,96.08881579999999,"Apparel","Myanmar Trade Promotion Organization (Myantrade) [Public List] (Myantrade Directory of Exporters (as of March 2025))","","","","","","Jackets|Pants","False"
"MM2025087FGKA9Q","2025-03-28","Wedtexfasho Co., Ltd","D-6, Middle Block, Mingalardon Industrial Zone, Mingalardon, Yangon","MM","Myanmar",16.9421429,96.1566754,"Apparel","Myanmar Garment Manufacturers Association (MGMA) [Public List] (Myanmar Garment Manufacturers Association (Gathered March 2025))|Myanmar Trade Promotion Organization (Myantrade) [Public List] (Myantrade Directory of Exporters (as of March 2025))","","","","","","Bride Dress","False"
"MM2025087FH6PXB","2025-03-28","Dammar Pine Family Co., Ltd","No.9, Tun Shwe War Street, Shwe Nantar Quarter, New Pale, Mingalardon T/s, Yangon., Mingalardon, Yangon","MM","Myanmar",16.9243499,96.1839872,"Rubber Products","Myanmar Trade Promotion Organization (Myantrade) [Public List] (Myantrade Directory of Exporters (as of March 2025))","","","","","","Rubber","False"
"MM2025087FP6EW7","2025-03-28","Panda Coldstore","Ahsin Village, Ye Township, Mon State., Ye, Mon","MM","Myanmar",15.3,97.966667,"Aquaculture","Myanmar Trade Promotion Organization (Myantrade) [Public List] (Myantrade Directory of Exporters (as of March 2025))","","","","","","Aquatic Product","False"
"MM2025087FPGZT0","2025-03-28","Blessing Trading Co., Ltd","136, Ground Floor, 27th Street, Upper Middle Block, Pabedan, Yangon","MM","Myanmar",16.7776497,96.1566754,"Food|Food & Beverage","Myanmar Trade Promotion Organization (Myantrade) [Public List] (Myantrade Directory of Exporters (as of March 2025))","","","","","","Bakery & Confectionery Products|Black Gram","False"
"MM2025087FQ0BKP","2025-03-28","Saiform Int'l Garment (Myanmar) Co., Ltd","37, Min Gyi Maha Min Khaung Street, Shwethalwin Industrial Zone, Hlaingtharya, Yangon","MM","Myanmar",16.8365715,96.0880741,"Apparel","Myanmar Trade Promotion Organization (Myantrade) [Public List] (Myantrade Directory of Exporters (as of March 2025))","","","","","","Jackets","False"
"MM2025087FQ8Y97","2025-03-28","Mingalar General Business Cooperative Ltd","253/2, Kyae Ta Mar Street, Shwe Pyi Soe Housing, South Okkalapa, Yangon","MM","Myanmar",16.8523207,96.1908316,"Food|Food & Beverage","Myanmar Trade Promotion Organization (Myantrade) [Public List] (Myantrade Directory of Exporters (as of March 2025))","","","","","","Thanakha|Cashew|Black Eye Bean","False"
"MM2025087FQHHRJ","2025-03-28","Rising White Tiger Manufacturing Company Limited","No (160), Mingyi Maha Mingaung Street, Shwe Lin Ban Industrial Zone, Hlaing Tharyar Township, Yangon.","MM","Myanmar",16.914015,96.0652719,"Apparel","Myanmar Garment Manufacturers Association (MGMA) [Public List] (Myanmar Garment Manufacturers Association (Gathered March 2025))","","","","","","","False"
"MM2025087FRDS0Z","2025-03-28","Myanmar Veneer and Plywood Private Co., Ltd","RM 502, 5th Floor, Kyan Taw Road, Crystal Tower, Ward (7), Kamaryut, Yangon","MM","Myanmar",16.8176923,96.1297147,"Wood Products","Myanmar Trade Promotion Organization (Myantrade) [Public List] (Myantrade Directory of Exporters (as of March 2025))","","","","","","plywoods|Veneers","False"
"MM2025087FTPBKF","2025-03-28","Huaxin Times","116, Wet Ma Sut Wun Htauk Street, Zone (4), Hlaingtharya, Yangon","MM","Myanmar",16.8576394,96.0581268,"Apparel","Myanmar Trade Promotion Organization (Myantrade) [Public List] (Myantrade Directory of Exporters (as of March 2025))","","","","","","Clothing","False"
"MM2025087FVENJH","2025-03-28","Yangon Panatex Apparel Company Limited.","Land No (4), Thardukan Road, Survey Block Nga/12, Thar Du Kan Industrial Zone, Shwe Pyi Thar Township, Yangon.","MM","Myanmar",16.9845706,96.09229219999999,"Apparel","Myanmar Garment Manufacturers Association (MGMA) [Public List] (Myanmar Garment Manufacturers Association (Gathered March 2025))|Myanmar Trade Promotion Organization (Myantrade) [Public List] (Myantrade Directory of Exporters (as of March 2025))","","","","","","Chef Wear","False"
"MM2025087FW40FG","2025-03-28","Myanmar Rice Trading Company Limited","No.82 to 88, The conrner of Bo Tike Chun Street and Than Din Street, War Ta Yar Industrial Zone, Shwe Pyi Thar Township, Yangon Region, Myanmar., Shwe Pyi Thar, Yangon","MM","Myanmar",16.9775125,96.0413906,"Food|Food & Beverage","Myanmar Trade Promotion Organization (Myantrade) [Public List] (Myantrade Directory of Exporters (as of March 2025))","","","","","","Rice","False"
"MM2025087FWERSW","2025-03-28","Mya Hnin Si Garment","C-E/2, No (18), Between 62x63, Ngu Shwe War Street, Chan Myae Thar Si Township, Mandalay Region.","MM","Myanmar",21.9477676,96.08457600000001,"Apparel","Myanmar Garment Manufacturers Association (MGMA) [Public List] (Myanmar Garment Manufacturers Association (Gathered March 2025))","","","","","","","False"
"MM2025087FXW0B5","2025-03-28","Ever Strong Group Ltd","27, 4th Floor, 28th Street, Pabedan, Yangon","MM","Myanmar",16.775683,96.1553942,"Agriculture|Food|Food & Beverage","Myanmar Trade Promotion Organization (Myantrade) [Public List] (Myantrade Directory of Exporters (as of March 2025))","","","","","","Cilantro seeds|Herbal medicine|Fennel Flower|Turmeric Fingers|Tamarind","False"
"MM2025087FYZEZB","2025-03-28","DJY Garment Co., Ltd","8, Kyansitthar Street & Nawaday Street, Zone (3), Hlaingtharya, Yangon","MM","Myanmar",16.8594042,96.2835458,"Apparel","Myanmar Trade Promotion Organization (Myantrade) [Public List] (Myantrade Directory of Exporters (as of March 2025))","","","","","","Tights (Women)|Sock","False"
"MM2025087FZ5W34","2025-03-28","Shwe Taung Koe Lone Brothers Co., Ltd","No(Nga.2/73) Bet: 62& 63St; Thumalar St; Chanmyatharsi Tsp, Mandalay, Myanmar., Chan Aye Thar San, Mandalay","MM","Myanmar",21.9764442,96.09440029999999,"Beverages|Food & Beverage","Myanmar Trade Promotion Organization (Myantrade) [Public List] (Myantrade Directory of Exporters (as of March 2025))","","","","","","Pu'er Tea|Kokang Tea","False"
"MM2025087G125X7","2025-03-28","PyiPhyoTun Int'l Co., Ltd.","Sinma Yin Thar, PahteKyun, Kyun Su Township, Tanitharyii Region, Myanmar., Kyun Su, Tanitharyii","MM","Myanmar",12.4703705,98.45269859999999,"Food|Food & Beverage","Myanmar Trade Promotion Organization (Myantrade) [Public List] (Myantrade Directory of Exporters (as of March 2025))","","","","","","Shrimp Meat","False"
"MM2025087G25BPA","2025-03-28","San Pya Nwe Co., Ltd","86th Street, Between 33rd Street & 34th Street, Chanayethazan, Mandalay","MM","Myanmar",21.9780187,96.0741505,"Food|Food & Beverage","Myanmar Trade Promotion Organization (Myantrade) [Public List] (Myantrade Directory of Exporters (as of March 2025))","","","","","","Rice","False"
"MM2025087G3JHCM","2025-03-28","ZMM International Trading","212, Bogyoke Street, Monywa South Ward, Monywa, Monywa","MM","Myanmar",22.1215513,95.15363269999999,"Food|Food & Beverage","Myanmar Trade Promotion Organization (Myantrade) [Public List] (Myantrade Directory of Exporters (as of March 2025))","","","","","","Black Gram|Gram Whole|Green Gram|Pigeon Pea","False"
"MM2025087G43Y4B","2025-03-28","La Min Thazin Co., Ltd","3, 23rd Street, Between 80th Street & 81st Street, Aungmyaythazan, Mandalay","MM","Myanmar",21.9932295,96.0834592,"Food|Food & Beverage","Myanmar Trade Promotion Organization (Myantrade) [Public List] (Myantrade Directory of Exporters (as of March 2025))","","","","","","Sugar","False"
"MM2025087G6RS70","2025-03-28","Sea Horse Trading Ltd","63, 1st Floor, 29th Street, Lower Middle Block, Pabedan, Yangon","MM","Myanmar",16.8021992,96.13233129999999,"Food|Food & Beverage","Myanmar Trade Promotion Organization (Myantrade) [Public List] (Myantrade Directory of Exporters (as of March 2025))","","","","","","Vegetables|Cheese Roll|Black Gram|Broom","False"
"MM2025087G725R8","2025-03-28","Myanmar D System Company Limited","Kwin No (520), No (47/5, 47/6, 49/4), Yangon Pyay Road, Kyat Phyu Kan (East) Village, Thandaepin Village Tract, Hmawbi Township, Yangon.","MM","Myanmar",17.1007999,96.0451559,"Apparel","Myanmar Garment Manufacturers Association (MGMA) [Public List] (Myanmar Garment Manufacturers Association (Gathered March 2025))","","","","","","","False"
"MM2025087G73EXQ","2025-03-28","New Golden Gate (1991) Co., Ltd","57, 4th Street, Lanmadaw, Yangon","MM","Myanmar",16.7767561,96.13889859999999,"Food|Food & Beverage","Myanmar Trade Promotion Organization (Myantrade) [Public List] (Myantrade Directory of Exporters (as of March 2025))","","","","","","Black Gram|Green Gram|Pigeon Pea","False"
"MM2025087G7585V","2025-03-28","Top Direction Industry Co., Ltd","92, Pyin Sin Min Thar Gyi Street, Hlaingtharyar Industrial Zone (4), Hlaingtharya, Yangon","MM","Myanmar",16.8880467,96.04835899999999,"Apparel","Myanmar Garment Manufacturers Association (MGMA) [Public List] (Myanmar Garment Manufacturers Association (Gathered March 2025))|Myanmar Trade Promotion Organization (Myantrade) [Public List] (Myantrade Directory of Exporters (as of March 2025))","","","","","","Thread","False"
"MM2025087G8B9EC","2025-03-28","Huasheng International Limited.","1249 Gway Chaung Kwin, Holding No.116/1, Conmin Myaung Village, Tharyar Waddy Tsp, Bago","MM","Myanmar",17.6701725,96.7806398,"Apparel","Wikirate International e.V. (2020 Apparel Suppliers on Wikirate part 1)|Myanmar Garment Manufacturers Association (MGMA) [Public List] (Myanmar Garment Manufacturers Association (Gathered March 2025))|A Brand / Retailer|A Brand / Retailer|A Brand / Retailer|A Brand / Retailer|Myanmar Centre for Responsible Business (OAR facility list in Myanmar)","","","","","","","False"
"MM2025087G932CW","2025-03-28","T.K Bakery","No.995, Mya Kan Thar (1) Lane, 63 Quarter, Industrial Zone (2) South Dagon Tsp, Yangon., South Dagon, Yangon","MM","Myanmar",16.8352631,96.12947989999999,"Food|Food & Beverage","Myanmar Trade Promotion Organization (Myantrade) [Public List] (Myantrade Directory of Exporters (as of March 2025))","","","","","","T.K Bakery","False"
"MM2025087G9ET8V","2025-03-28","Grand Twin Brothers Co., Ltd","38, 67th Street, Botahtaung, Yangon","MM","Myanmar",16.7729404,96.1812568,"Food|Food & Beverage","Myanmar Trade Promotion Organization (Myantrade) [Public List] (Myantrade Directory of Exporters (as of March 2025))","","","","","","Fish|Prawn","False"
"MM2025087G9VGVH","2025-03-28","Zayar Moe Myint Co., Ltd","Room-7/A, Merchant Road, Royal River View Condo, Pabedan, Yangon","MM","Myanmar",16.7720834,96.1565492,"Wood Products","Myanmar Trade Promotion Organization (Myantrade) [Public List] (Myantrade Directory of Exporters (as of March 2025))","","","","","","Teak","False"
"MM2025087GACD38","2025-03-28","Galaxy 7 Trading Co., Ltd","423, 4th Floor, 12nd Ward, Yadanar Street, South Okkalapa, Yangon","MM","Myanmar",16.9368225,96.1941571,"Wood Products","Myanmar Trade Promotion Organization (Myantrade) [Public List] (Myantrade Directory of Exporters (as of March 2025))","","","","","","Laminated wood","False"
"MM2025087GAFP6Q","2025-03-28","Golden Sparrow Trading Co., Ltd","459/469, Room-7/B, 6th Floor, Lower Pazutaung Road, Yadanar Myaing Condo, Pazundaung, Yangon","MM","Myanmar",16.7761023,96.1689619,"Food|Food & Beverage","Myanmar Trade Promotion Organization (Myantrade) [Public List] (Myantrade Directory of Exporters (as of March 2025))","","","","","","Black Gram|Pigeon Pea","False"
"MM2025087GB90A0","2025-03-28","Golden Flower Co., Ltd","214, Wahdan Road, Lanmadaw, Yangon","MM","Myanmar",16.7781232,96.14076940000001,"Chemicals","Myanmar Trade Promotion Organization (Myantrade) [Public List] (Myantrade Directory of Exporters (as of March 2025))","","","","","","palm stearin (Soap Raw Material)","False"
"MM2025087GB9RK1","2025-03-28","Kyal Sin Wine Manufacturing","5/6, Myitkyinor Street, b 23 Ward, South Dagon Industrial Zone (1), South Dagon, Yangon","MM","Myanmar",16.8330415,96.21901369999999,"Apparel","Myanmar Trade Promotion Organization (Myantrade) [Public List] (Myantrade Directory of Exporters (as of March 2025))","","","","","","Clothing","False"
"MM2025087GBHV81","2025-03-28","Vintel Exports (S) Pte Ltd","220/222, 1st Floor, Botahtaung Pagoda Street, Upper Middle Block, Pazundaung, Yangon","MM","Myanmar",16.7755106,96.172653,"Food|Food & Beverage","Myanmar Trade Promotion Organization (Myantrade) [Public List] (Myantrade Directory of Exporters (as of March 2025))","","","","","","Black Gram|Green Gram|Pigeon Pea","False"
"MM2025087GEF368","2025-03-28","New World Trading Co., Ltd","504, Strand Road, Lanmadaw, Yangon","MM","Myanmar",16.7724359,96.1467182,"Food|Food & Beverage","Myanmar Trade Promotion Organization (Myantrade) [Public List] (Myantrade Directory of Exporters (as of March 2025))","","","","","","Black Gram|Green Gram","False"
"MM2025087GEREXK","2025-03-28","Myanmar Food Processors and Exporters Association","Office 29, Level 7, UMFCCI Office Tower, 29, Min Ye Kyaw Swar St; Kanmadaw Tsp, Yangon, Kanmadaw, Yangon","MM","Myanmar",16.7985835,96.1950172,"Food|Food & Beverage","Myanmar Trade Promotion Organization (Myantrade) [Public List] (Myantrade Directory of Exporters (as of March 2025))","","","","","","Food Sample","False"
"MM2025087GF2DWW","2025-03-28","Myanmar Xiang He Garment Company Limited.","Plot No (5/Ka) + (234/Ka), Inn Wa Street, Myay Taing Block No (18), Shwe Pauk Kan Industrial Zone, North Okkalapa Township, Yangon.","MM","Myanmar",16.907816,96.168351,"Apparel","Myanmar Garment Manufacturers Association (MGMA) [Public List] (Myanmar Garment Manufacturers Association (Gathered March 2025))|Myanmar Trade Promotion Organization (Myantrade) [Public List] (Myantrade Directory of Exporters (as of March 2025))|An Auditor / Certification Scheme / Service Provider","","","","","","Kitchen Shirt|T shirt|Jackets|Casual Rouser","False"
"MM2025087GGZ3J6","2025-03-28","White Sky Co., Ltd","138, No(3) Main Road, Kyaung Gyi Ward, Mingalardon, Yangon","MM","Myanmar",17.0003147,96.1445461,"Agriculture|Food|Food & Beverage","Myanmar Trade Promotion Organization (Myantrade) [Public List] (Myantrade Directory of Exporters (as of March 2025))","","","","","","Roselle cardamom|Plum Kernels","False"
"MM2025087GK9DBP","2025-03-28","Shwe Wah Yaung Agriculture Production Co., Ltd","J/73, Yuzana Street, Bayintnaung Warehouse, Mayangone, Yangon","MM","Myanmar",16.8605238,96.1068995,"Food|Food & Beverage","Myanmar Trade Promotion Organization (Myantrade) [Public List] (Myantrade Directory of Exporters (as of March 2025))","","","","","","Rice","False"
"MM2025087GMBMC1","2025-03-28","SG Next Co., Ltd","86, Set Hmu 4th Street, Myinttar Nyunt Quarter, Tamwe, Yangon","MM","Myanmar",16.8140348,96.1841773,"Wood Products","Myanmar Trade Promotion Organization (Myantrade) [Public List] (Myantrade Directory of Exporters (as of March 2025))","","","","","","Laminated wood","False"
"MM2025087GN29XZ","2025-03-28","Thone Pwint Hsain Co., Ltd","Building 89/90, Basosi Housing, Lanmadaw, Yangon","MM","Myanmar",16.7781232,96.14076940000001,"Food|Food & Beverage","Myanmar Trade Promotion Organization (Myantrade) [Public List] (Myantrade Directory of Exporters (as of March 2025))","","","","","","Fish","False"
"MM2025087GQKM22","2025-03-28","Third Generation Trading Co. Ltd","Building 57/58, 2nd Floor, Bahosi Housing, Lanmadaw, Yangon","MM","Myanmar",16.7792342,96.1404381,"Rubber Products","Myanmar Trade Promotion Organization (Myantrade) [Public List] (Myantrade Directory of Exporters (as of March 2025))","","","","","","Rubber","False"
"MM2025087GSG0AN","2025-03-28","Green Peak Trading Co., ltd","276, Anawrahtar Road, Lanmadaw, Yangon","MM","Myanmar",16.7773791,96.1390718,"Food|Food & Beverage","Myanmar Trade Promotion Organization (Myantrade) [Public List] (Myantrade Directory of Exporters (as of March 2025))","","","","","","Black Gram|Green Gram","False"
"MM2025087GTBPEB","2025-03-28","Golden Sea Cold Store & Processing Plant","No.9, 3D, Twin Thin Wunn U Tun Nyo Street, Industrial Zone (6), Hlaing Thar Yar Township, Yangon Region., Hlaing Thar Yar, Yangon","MM","Myanmar",16.850826,96.11559319999999,"Aquaculture|Food|Food & Beverage","Myanmar Trade Promotion Organization (Myantrade) [Public List] (Myantrade Directory of Exporters (as of March 2025))|Myanmar Trade Promotion Organization (Myantrade) [Public List] (Myantrade Directory of Exporters (as of March 2025))","","","","","","Aquatic Product|Shrimp Meat","False"
"MM2025087GTS0J7","2025-03-28","Apave Myanmar Company","192, 3rd Flr, Bogyoke Aung San Rd., Ward (10), Botahtaung, Yangon, Myanmar, Botahtaung, Yangon","MM","Myanmar",16.7635259,96.1871735,"Oil & Gas","Myanmar Trade Promotion Organization (Myantrade) [Public List] (Myantrade Directory of Exporters (as of March 2025))","","","","","","","False"
"MM2025087GVW6HG","2025-03-28","Kanbawza Thitsar Hlaing Co., Ltd","75~77, 2nd Street, Yangon Industrial Zone, Mingalardon, Yangon","MM","Myanmar",16.7773887,96.13805819999999,"Wood Products","Myanmar Trade Promotion Organization (Myantrade) [Public List] (Myantrade Directory of Exporters (as of March 2025))","","","","","","","False"
"MM2025087GWTQEX","2025-03-28","Sun & Sky Co., Ltd","Rm 6, Mya Yee Pearl Road, Kan Hee Fishery Zone, Shwe Hinther Ward, Kawthaung, Kawthaung","MM","Myanmar",9.9958108,98.5528746,"Food|Food & Beverage","Myanmar Trade Promotion Organization (Myantrade) [Public List] (Myantrade Directory of Exporters (as of March 2025))","","","","","","Crab|Fish|Prawn","False"
"MM2025087GWV9XZ","2025-03-28","Bawga Mandaing Mfg Co., Ltd","42/201, Kanaung Min Thar Gyi Street, Industrial Zone (1), Shwepyitha, Yangon","MM","Myanmar",16.9188097,96.083001,"Apparel","Myanmar Trade Promotion Organization (Myantrade) [Public List] (Myantrade Directory of Exporters (as of March 2025))","","","","","","Coat|Pants","False"
"MM2025087GWVJT5","2025-03-28","Green Garment Co., Ltd","No.52, Thama Degree Kaw Late Street, Ahmu Htan Quarter, Thanlyin Tsp, Yangon","MM","Myanmar",16.7587537,96.2482149,"Apparel","Myanmar Garment Manufacturers Association (MGMA) [Public List] (Myanmar Garment Manufacturers Association (Gathered March 2025))","","","","","","","False"
"MM2025087GWY725","2025-03-28","Min Latt Co., Ltd","63, 1st Floor, 29th Street, Pabedan, Yangon","MM","Myanmar",16.774962,96.1564081,"Agriculture","Myanmar Trade Promotion Organization (Myantrade) [Public List] (Myantrade Directory of Exporters (as of March 2025))","","","","","","Broom","False"
"MM2025087GXABQB","2025-03-28","Sakura Garment Company Limited","No (74), Phan Chet Wun U Shwe Owe Street, Hlaing Tharyar Industrial Zone (3), Hlaing Tharyar Township, Yangon.","MM","Myanmar",16.8819286,96.0573302,"Apparel","Myanmar Garment Manufacturers Association (MGMA) [Public List] (Myanmar Garment Manufacturers Association (Gathered March 2025))|Myanmar Trade Promotion Organization (Myantrade) [Public List] (Myantrade Directory of Exporters (as of March 2025))","","","","","","Uniform","False"
"MM2025087H22QNK","2025-03-28","Able Glad Myanmar Co., Ltd","42/53A, Ka Naung Min Thar Gyi Street, Industrial Zone (1), Shwepyitha, Yangon","MM","Myanmar",16.9013356,96.07288109999999,"Apparel","Myanmar Trade Promotion Organization (Myantrade) [Public List] (Myantrade Directory of Exporters (as of March 2025))","","","","","","Jackets","False"
"MM2025087H76QRZ","2025-03-28","Myint Makha Int'l Trading Co., Ltd","24, Bayintnaung Road, Corner of Thiri Mon 8th Street, Ward (15), Hlaing, Yangon","MM","Myanmar",16.8227524,96.1229286,"Furniture|Wood Products","Myanmar Trade Promotion Organization (Myantrade) [Public List] (Myantrade Directory of Exporters (as of March 2025))","","","","","","Teak (Furniture)|Teak (Sawed wood)","False"
"MM2025087HAYX2A","2025-03-28","Ngwe Yi Pale Co., Ltd","F/1, 62, Industrial Park Street, Sa Ward, Pyigyitagon, Mandalay","MM","Myanmar",21.965231,96.1122025,"Food|Food & Beverage","Myanmar Trade Promotion Organization (Myantrade) [Public List] (Myantrade Directory of Exporters (as of March 2025))","","","","","","Sugar","False"
"MM2025087HBXB7X","2025-03-28","Myat Mon Yadanar Co., Ltd","E/42-B, 1st Floor, Ngu War Street, Bayintnaung Warehouse, Mayangone, Yangon","MM","Myanmar",16.8377955,96.1193845,"Food|Food & Beverage","Myanmar Trade Promotion Organization (Myantrade) [Public List] (Myantrade Directory of Exporters (as of March 2025))","","","","","","Black Gram|Green Gram|Sesame|Rice","False"
"MM2025087HDWTFN","2025-03-28","Myanma Overseas Commodity Inspection Company Limited","No (6), Myaing Marlar Road, Ward (15), Yankin Township, Yangon.","MM","Myanmar",16.8070877,96.133924,"Apparel","Myanmar Garment Manufacturers Association (MGMA) [Public List] (Myanmar Garment Manufacturers Association (Gathered March 2025))","","","","","","","False"
"MM2025087HE7Q2H","2025-03-28","Hla Baik Hman Int'l Trading","70, Thit Taw Street, Saw Yan Paing (East), Ahlone, Yangon","MM","Myanmar",16.782314,96.1277358,"Food|Food & Beverage","Myanmar Trade Promotion Organization (Myantrade) [Public List] (Myantrade Directory of Exporters (as of March 2025))","","","","","","Black Gram","False"
"MM2025087HEKYKN","2025-03-28","Zin Yaw Food Production","No.202, Zay Ya Waddy Ward, Aung Lan, Magway, Myanmar., Aung Lan, Magway","MM","Myanmar",20.1544305,94.9454803,"Food|Food & Beverage","Myanmar Trade Promotion Organization (Myantrade) [Public List] (Myantrade Directory of Exporters (as of March 2025))","","","","","","Snack Food","False"
"MM2025087HHS6N8","2025-03-28","New KMC Apparrel Co., ltd","84, Than Chat Wun U Nyunt Street, Shwepyithar Industrial Zone (2), Shwepyitha, Yangon","MM","Myanmar",16.8026851,96.133844,"Apparel","Myanmar Trade Promotion Organization (Myantrade) [Public List] (Myantrade Directory of Exporters (as of March 2025))","","","","","","Down|Clothing|Pants|Wallon|Jackets","False"
"MM2025087HJ4H6G","2025-03-28","Ananda Steel Co., Ltd","167/171, Room 6/B, 6th Floor, 50th Street, Upper Block, Pazundaung, Yangon","MM","Myanmar",16.7786958,96.171425,"Food|Food & Beverage","Myanmar Trade Promotion Organization (Myantrade) [Public List] (Myantrade Directory of Exporters (as of March 2025))","","","","","","Black Gram|Rice|Pigeon Pea","False"
"MM2025087HJCQE6","2025-03-28","Asia Myint Group Co., Ltd.","No.Nya/43, Yuzana Street, Bayintnaing, Mayangone Township, Yangon., Mayangone, Yangon","MM","Myanmar",16.860949,96.10687779999999,"Food|Food & Beverage","Myanmar Trade Promotion Organization (Myantrade) [Public List] (Myantrade Directory of Exporters (as of March 2025))","","","","","","Green Bean","False"
"MM2025087HMAYED","2025-03-28","Rosman Co., Ltd","No.26, U Ta Yoke Kyi St, Shwe Pyi Thar Ind'l Zone 2, Shwe Pyi Thar Tsp, Yangon","MM","Myanmar",16.8571296,96.0602623,"Apparel","Myanmar Garment Manufacturers Association (MGMA) [Public List] (Myanmar Garment Manufacturers Association (Gathered March 2025))","","","","","","","False"
"MM2025087HMCRRK","2025-03-28","Myanmar Padauk Trading Co., Ltd","12/ Da Dwe, Inya Yeik Thar St, Ward(10), Mayangone, Yangon","MM","Myanmar",16.8382625,96.1544619,"Food|Food & Beverage","Myanmar Trade Promotion Organization (Myantrade) [Public List] (Myantrade Directory of Exporters (as of March 2025))","","","","","","Black Gram|Pigeon Pea|Butter Bean|Bamboo Bean","False"
"MM2025087HN1RTB","2025-03-28","Octagon Int'l Co., Ltd","1/34-A, Khattar Street, Bayintnaung Warehouse, Mayangone, Yangon","MM","Myanmar",16.8006512,96.12818,"Food|Food & Beverage","Myanmar Trade Promotion Organization (Myantrade) [Public List] (Myantrade Directory of Exporters (as of March 2025))","","","","","","Fish","False"
"MM2025087HNHEWK","2025-03-28","Agribiz Int'l Private Ltd","33/A, Yae Ku Butar Yone Street, Ward (8), Mayangone, Yangon","MM","Myanmar",16.8063722,96.1256944,"Food|Food & Beverage","Myanmar Trade Promotion Organization (Myantrade) [Public List] (Myantrade Directory of Exporters (as of March 2025))","","","","","","Black Gram|Rice","False"
"MM2025087HPVPNZ","2025-03-28","Toe Tet International Co., Ltd.","No.1355, Bo Gyoke Aung San Road, (5) Ward, Hlaing Thar Yar Township, Yangon, Hlaing Thar Yar, Yangon","MM","Myanmar",16.8676243,96.0778589,"Aquaculture","Myanmar Trade Promotion Organization (Myantrade) [Public List] (Myantrade Directory of Exporters (as of March 2025))","","","","","","Aquatic Product","False"
"MM2025087HRSFHM","2025-03-28","Sujin Company Limited","Plot No.21, Myay Taing Block No. Yangon Industrial Zone, Mingalardon, Yangon","MM","Myanmar",16.9969497,96.1420947,"Apparel","Myanmar Garment Manufacturers Association (MGMA) [Public List] (Myanmar Garment Manufacturers Association (Gathered March 2025))","","","","","","","False"
"MM2025087HSTHPX","2025-03-28","Beaume (Hong Kong) International Co., Ltd","No.25, Phan Chet Wun U Shwe Oh St, Hlaing Thar Yar Industrial Zone (2), Hlaing Thar Yar Tsp, Yangon","MM","Myanmar",16.8547146,96.07126249999999,"Apparel","An Auditor / Certification Scheme / Service Provider|Myanmar Garment Manufacturers Association (MGMA) [Public List] (Myanmar Garment Manufacturers Association (Gathered March 2025))","","","","","","","False"
"MM2025087HSXVC0","2025-03-28","Kaung Kyo Chan Than Co., Ltd","812/5, Lower Mingalardon 3rd Street, Aung San Quarter, Insein, Yangon","MM","Myanmar",16.9323199,96.1017265,"Consumer Products","Myanmar Trade Promotion Organization (Myantrade) [Public List] (Myantrade Directory of Exporters (as of March 2025))","","","","","","Art|Moringa Product|Authentic.handmade Pottery","False"
"MM2025087HT0VWM","2025-03-28","Co Co Leaf Co., Ltd","Ma-336, North Ward, Muse, Muse","MM","Myanmar",23.9932884,97.9102647,"Agriculture|Food|Food & Beverage","Myanmar Trade Promotion Organization (Myantrade) [Public List] (Myantrade Directory of Exporters (as of March 2025))","","","","","","Cumin Seed","False"
"MM2025087HV2P2R","2025-03-28","U Sein Co., Ltd","36, 24th Street, Latha, Yangon","MM","Myanmar",16.7744796,96.15264069999999,"Food|Food & Beverage","Myanmar Trade Promotion Organization (Myantrade) [Public List] (Myantrade Directory of Exporters (as of March 2025))","","","","","","Pulses and Beans","False"
"MM2025087HVESKR","2025-03-28","Cheen Cheen Co., Ltd","No.200, Phan Chet Wun U Shwe Oh Street, Shwe Linn Bann Industrial Zone, Shwe Linn Bann Ward, Hlaing Thar Yar Township/No.31, 5th Street(Ground Floor), Lanmadaw Township, Yangon., Lanmadaw, Yangon","MM","Myanmar",16.8545449,96.0712046,"Food|Food & Beverage","Myanmar Trade Promotion Organization (Myantrade) [Public List] (Myantrade Directory of Exporters (as of March 2025))","","","","","","Roasted Cahew Nut","False"
"MM2025087HVTB9C","2025-03-28","Myanmar Thai Rubber Joint Corporation Ltd","96/C, Lan Thit Road, Nant Thar Gone Ward, Insein, Yangon","MM","Myanmar",16.8916824,96.1052387,"Rubber Products","Myanmar Trade Promotion Organization (Myantrade) [Public List] (Myantrade Directory of Exporters (as of March 2025))","","","","","","Rubber Liquid","False"
"MM2025087HVWTJ6","2025-03-28","Myanmar Wan Li Garment Limited","Plot No (46), Myaungtagar Steel Industrial Zone, Hmawbi Tsp","MM","Myanmar",17.1813044,95.9753267,"Apparel","Myanmar Garment Manufacturers Association (MGMA) [Public List] (Myanmar Garment Manufacturers Association (Gathered March 2025))","","","","","","","False"
"MM2025087HVXSK7","2025-03-28","MAK (Myanmar) Plywood Industry Private Ltd","15, Thu Khi Tar Street, Industrial Zone (2), Dagon Seikkan, Yangon","MM","Myanmar",16.853725,96.2748808,"Wood Products","Myanmar Trade Promotion Organization (Myantrade) [Public List] (Myantrade Directory of Exporters (as of March 2025))","","","","","","Veneers|Plywood","False"
"MM2025087HX0C9N","2025-03-28","Chan Brothers","34/36, G Flr, Kwet Thit St., Near YMBA, Pazundaung, Yangon, Myanmar, Pazundaung, Yangon","MM","Myanmar",16.7820434,96.1731465,"Machinery Manufacturing|Manufacturing","Myanmar Trade Promotion Organization (Myantrade) [Public List] (Myantrade Directory of Exporters (as of March 2025))","","","","","","Machinery","False"
"MM2025087HXKTV8","2025-03-28","Myanmar Makro Industry Co., Ltd","No.82, Myamarlar Street, Industrial Zone, Tharketa Township, Yangon., Tharketa, Yangon","MM","Myanmar",16.8080032,96.1979734,"Food|Food & Beverage","Myanmar Trade Promotion Organization (Myantrade) [Public List] (Myantrade Directory of Exporters (as of March 2025))","","","","","","Cannde Food","False"
"MM2025087HYJANJ","2025-03-28","Fitex (Myanmar) Garment Manufacturing Co.Ltd","Plot No.107+108, Myay Taing Block No.25, Shwe Lin Ban Industrial Zone, Hlaing Thar Yar Tsp, Yangon","MM","Myanmar",16.914015,96.0652719,"Apparel","Myanmar Garment Manufacturers Association (MGMA) [Public List] (Myanmar Garment Manufacturers Association (Gathered March 2025))","","","","","","","False"
"MM2025087HYW4AB","2025-03-28","Haine Co., ltd","245 Tharaphi(3th)street, 34wards, North Dagon township, Yangon, North Dagon, Yangon","MM","Myanmar",16.8778611,96.1753684,"Food|Food & Beverage","Myanmar Trade Promotion Organization (Myantrade) [Public List] (Myantrade Directory of Exporters (as of March 2025))","","","","","","fruit juice|Instant porridge","False"
"MM2025087HZCJ66","2025-03-28","Myanmar Wacoal Co., Ltd","31/2, Thilawa Special Economic Zone (A), Thanlyin, Yangon","MM","Myanmar",16.6699485,96.27489469999999,"Apparel","Myanmar Trade Promotion Organization (Myantrade) [Public List] (Myantrade Directory of Exporters (as of March 2025))","","","","","","Underwear","False"
"MM2025087J0N7GG","2025-03-28","Bao Heng Myanmar Furniture Co., Ltd","Olympic Hotel, National Swimming Pool Compound, U Wisara Road, Dangon T/s, Yangon., Dangon, Yangon","MM","Myanmar",16.7836577,96.1513586,"Rubber Products","Myanmar Trade Promotion Organization (Myantrade) [Public List] (Myantrade Directory of Exporters (as of March 2025))","","","","","","Rubber","False"
"MM2025087J13CG4","2025-03-28","Myanstar Garment Company Limited","No (1), Theik Gyi-Phaung Gyi Road, Nyaung Inn Junction, Ward (9), Oakha Myothit, Bago Industrial Zone, Bago Division.","MM","Myanmar",17.2877977,96.4343621,"Apparel","Myanmar Garment Manufacturers Association (MGMA) [Public List] (Myanmar Garment Manufacturers Association (Gathered March 2025))","","","","","","","False"
"MM2025087J16M65","2025-03-28","LEO","13, Rm 9/10, Pearl 7th St., Corner of Padamyar St., Sawbwargyi Gone Compound, Insein, Yangon, Myanmar, Insein, Yangon","MM","Myanmar",16.8942261,96.1209107,"Machinery Manufacturing|Manufacturing","Myanmar Trade Promotion Organization (Myantrade) [Public List] (Myantrade Directory of Exporters (as of March 2025))","","","","","","Machinery","False"
"MM2025087J1B0ZF","2025-03-28","Top Food Manufacturing Co., Ltd","27, De Pe Yin Won Htauk U Mye Street, Industrial Zone (4), Hlaing Thar Yar Tsp, Yangon., Hlaing Thar Yar, Yangon","MM","Myanmar",16.8594225,96.12915129999999,"Food|Food & Beverage","Myanmar Trade Promotion Organization (Myantrade) [Public List] (Myantrade Directory of Exporters (as of March 2025))","","","","","","Want Want Food","False"
"MM2025087J3682Q","2025-03-28","Lucky Silver Star Trading Co., Ltd.","No.196/B, Sabai Chan 4th Street, (11) Quarter, Hlaing T/S, Yangon Region., Hlaing, Yangong","MM","Myanmar",16.8607542,96.1130515,"Food|Food & Beverage","Myanmar Trade Promotion Organization (Myantrade) [Public List] (Myantrade Directory of Exporters (as of March 2025))","","","","","","Crab","False"
"MM2025087J51NWV","2025-03-28","Dream Seed Company Limited.","No (42/251), Inngyin Myaing Street, Shwe Pyi Tar Industrial Zone (1), Shwe Pyi Thar Township, Yangon.","MM","Myanmar",16.9579037,96.0884207,"Apparel|Apparel Accessories|Footwear","Myanmar Garment Manufacturers Association (MGMA) [Public List] (Myanmar Garment Manufacturers Association (Gathered March 2025))|Myanmar Trade Promotion Organization (Myantrade) [Public List] (Myantrade Directory of Exporters (as of March 2025))","","","","","","Bag|Boots (Gift)","False"
"MM2025087J561M4","2025-03-28","Ye Mhan Thitsar Co., Ltd","29th Street, Between 88th Street & 89th Street, Down Yoe Ward, Chanayethazan, Mandalay","MM","Myanmar",21.9702429,96.0669061,"Food|Food & Beverage","Myanmar Trade Promotion Organization (Myantrade) [Public List] (Myantrade Directory of Exporters (as of March 2025))","","","","","","Rice","False"
"MM2025087J57X3G","2025-03-28","Zwe Khant Aung Trading Co., Ltd.","No.12, Mandalay Street, Myaynigone (North), Sanchaung Township, Yangon., Sanchaung, Yangon","MM","Myanmar",16.80471,96.1354683,"Agriculture|Food|Food & Beverage","Myanmar Trade Promotion Organization (Myantrade) [Public List] (Myantrade Directory of Exporters (as of March 2025))","","","","","","Sorghums","False"
"MM2025087J5KR8W","2025-03-28","Myanmar Diamond Hill Co., Ltd","159, Shwe Yin Aye Kyaung St, IZ (5), Hlaingtharya, Yangon","MM","Myanmar",16.8227267,96.1222735,"Food|Food & Beverage","Myanmar Trade Promotion Organization (Myantrade) [Public List] (Myantrade Directory of Exporters (as of March 2025))","","","","","","Green Gram","False"
"MM2025087J9MX20","2025-03-28","Ubetter (Myanmar) Fashion Co., Ltd","No.5, Plot No.P2, Myay Taing Block No20, Anawrahta Industrial Zone, Hlaing Tharyar Tsp, Yangon","MM","Myanmar",16.8819286,96.0573302,"Apparel","Myanmar Garment Manufacturers Association (MGMA) [Public List] (Myanmar Garment Manufacturers Association (Gathered March 2025))","","","","","","","False"
"MM2025087J9QFM7","2025-03-28","Aye Yar Phoenix Trading Co., Ltd","47, Rm 3/B, 2nd Fl, Thate Pan Street, Sin Min Ward, Ahlone, Yangon","MM","Myanmar",16.7828822,96.1288426,"Wood Products","Myanmar Trade Promotion Organization (Myantrade) [Public List] (Myantrade Directory of Exporters (as of March 2025))","","","","","","Flitches|Sawed Wood|Veneer wood","False"
"MM2025087J9T42D","2025-03-28","Shwe Sin Nan Taw Trading Co., Ltd","Block No.70, 14th Street, Between 86th Street & 87th Street, Aungmyaythazan, Mandalay","MM","Myanmar",22.0040716,96.0825236,"Food|Food & Beverage|Rubber Products","Myanmar Trade Promotion Organization (Myantrade) [Public List] (Myantrade Directory of Exporters (as of March 2025))|Myanmar Trade Promotion Organization (Myantrade) [Public List] (Myantrade Directory of Exporters (as of March 2025))","","","","","","Sugar|Rubber","False"
"MM2025087JA5KV1","2025-03-28","YUHUA Company Limited","No (42), Bamaw Ahtwin Wun Street, Hlaing Tharyar Industrial Zone (3), Hlaing Tharyar Township, Yangon.","MM","Myanmar",16.8819286,96.0573302,"Apparel","Myanmar Garment Manufacturers Association (MGMA) [Public List] (Myanmar Garment Manufacturers Association (Gathered March 2025))","","","","","","","False"
"MM2025087JAJ347","2025-03-28","Taung Pyar Dan Co., Ltd","N0.105/106, Cherry Street, Zone(1), Shwe Pyi Thar Township, Yangon., Shwe Pyi Thar, Yangon","MM","Myanmar",17.0065317,96.0705583,"Food|Food & Beverage","Myanmar Trade Promotion Organization (Myantrade) [Public List] (Myantrade Directory of Exporters (as of March 2025))","","","","","","Curry Powder","False"
"MM2025087JB3B0X","2025-03-28","Chan Myae Kant Kaw Trading Co., Ltd","265, 2nd Floor, 39th Street, Upper Block, Kamaryut, Yangon","MM","Myanmar",16.774209,96.1634589,"Pharmaceuticals","Myanmar Trade Promotion Organization (Myantrade) [Public List] (Myantrade Directory of Exporters (as of March 2025))","","","","","","Honey|Morinda|Traditional medicine","False"
"MM2025087JC2D21","2025-03-28","Ziwaka Trading Co., Ltd","No.262/286, Rm-2, G/F, Konezeydan Street, Pabedan Township, Yangon, Myanmar., Pabedan, Yangon","MM","Myanmar",16.7776497,96.1566754,"Pharmaceuticals","Myanmar Trade Promotion Organization (Myantrade) [Public List] (Myantrade Directory of Exporters (as of March 2025))","","","","","","Medicine","False"
"MM2025087JCEKK4","2025-03-28","Success Creator Company Limited.","No (Sa/ 316, 317), Phayar Zawdi Street, Ward (6), 8 Miles, Near Pouk Saydi Pagoda, Mayangone Township, Yangon.","MM","Myanmar",16.8648884,96.1406483,"Apparel","Myanmar Garment Manufacturers Association (MGMA) [Public List] (Myanmar Garment Manufacturers Association (Gathered March 2025))|Myanmar Trade Promotion Organization (Myantrade) [Public List] (Myantrade Directory of Exporters (as of March 2025))","","","","","","Pantss|Uniform|Jackets","False"
"MM2025087JCHK8W","2025-03-28","Dana Arr Man Co., Ltd","485, Khwar Nyo Street, Aung Thu Kha Ward, Kawthaung, Kawthaung","MM","Myanmar",10.0084284,98.56268349999999,"Food|Food & Beverage","Myanmar Trade Promotion Organization (Myantrade) [Public List] (Myantrade Directory of Exporters (as of March 2025))","","","","","","Crab|Fish|Shells|Prawn","False"
"MM2025087JCVMFE","2025-03-28","Centre of New Myanmar Trading Export & Import Co., Ltd","51/D, Kabar Aye Pagoda Road, Ward (10), Mayangone, Yangon","MM","Myanmar",16.8468073,96.15695869999999,"Food|Food & Beverage","Myanmar Trade Promotion Organization (Myantrade) [Public List] (Myantrade Directory of Exporters (as of March 2025))","","","","","","Fish|Yam","False"
"MM2025087JFY2RB","2025-03-28","Na Rain Dara Co., Ltd","No.(704), Building (A) Aung Chan Tha Condo, Aung Chan Tha Road, Yankin Township, Yangon., Yankin, Yangon","MM","Myanmar",16.7942535,96.1915978,"Food|Food & Beverage","Myanmar Trade Promotion Organization (Myantrade) [Public List] (Myantrade Directory of Exporters (as of March 2025))","","","","","","Dried Bamboo","False"
"MM2025087JFYK37","2025-03-28","Kai Cheng Garment Co., Ltd","349, Myay Taing Blk, Kin Wun Min Gyi, Shwelinban Industrial Zone, Hlaingtharya, Yangon","MM","Myanmar",16.9022615,96.0652719,"Apparel","Myanmar Trade Promotion Organization (Myantrade) [Public List] (Myantrade Directory of Exporters (as of March 2025))","","","","","","Jackets|Blouse","False"
"MM2025087JG4VQA","2025-03-28","Hnin Kay Zin Co., Ltd","15, Chin Su Street, Block 32, Nawaday Garden Housing, Hlaingtharya, Yangon","MM","Myanmar",16.8616315,96.06886430000002,"Food|Food & Beverage","Myanmar Trade Promotion Organization (Myantrade) [Public List] (Myantrade Directory of Exporters (as of March 2025))","","","","","","Green Gram|Groudnut|Black Eye Bean","False"
"MM2025087JJ8C4E","2025-03-28","Kaixi (Myanmar) Lingerie Industrial Co., Ltd","58, Ngwe Pin Lae Industrial Zone, 2nd Street, Hlaingtharya, Yangon","MM","Myanmar",16.8819286,96.0573302,"Apparel","Myanmar Trade Promotion Organization (Myantrade) [Public List] (Myantrade Directory of Exporters (as of March 2025))","","","","","","Lingerie","False"
"MM2025087JJ8E4G","2025-03-28","Manufacturing G & T Enterprise Co., Ltd","26, 4th Street, Yangon Industrial Zone, Mingalardon, Yangon","MM","Myanmar",16.77582,96.1389365,"Apparel","Myanmar Trade Promotion Organization (Myantrade) [Public List] (Myantrade Directory of Exporters (as of March 2025))","","","","","","Coat|Jackets","False"
"MM2025087JJW8ME","2025-03-28","Myanmar Traditional Mfg Co., Ltd","104, 50 Street, Middle Block, Pazundaung, Yangon","MM","Myanmar",16.7748773,96.171194,"Apparel Accessories","Myanmar Trade Promotion Organization (Myantrade) [Public List] (Myantrade Directory of Exporters (as of March 2025))","","","","","","Pathein Umbrella","False"
"MM2025087JKE69M","2025-03-28","Oumi Fashion Myanmar Company Limited","No (68), Corner of Depeyin Win Htauk U Mye Street and Pyin Si Min Thargyi Street, Hlaing Tharyar Industrial Zone (4), Hlaing Tharyar Township, Yangon.","MM","Myanmar",16.8880467,96.04835899999999,"Apparel","Myanmar Garment Manufacturers Association (MGMA) [Public List] (Myanmar Garment Manufacturers Association (Gathered March 2025))","","","","","","","False"
"MM2025087JPBED0","2025-03-28","Kai Yue Wedding Dress (Myanmar) Co., Ltd","No.F5, Plot No.20, Anawrahta Industrial Zone, Hlaing Thar Yar Tsp, Yangon","MM","Myanmar",16.7763514,96.17460039999999,"Apparel","Myanmar Garment Manufacturers Association (MGMA) [Public List] (Myanmar Garment Manufacturers Association (Gathered March 2025))","","","","","","","False"
"MM2025087JS1S5W","2025-03-28","So Zo Food Production Co., Ltd","No.119, Bokalay Zay Street, Botataung Township, Yangon, Myanmar., Botataung, Yangon","MM","Myanmar",16.7728419,96.1655346,"Food|Food & Beverage","Myanmar Trade Promotion Organization (Myantrade) [Public List] (Myantrade Directory of Exporters (as of March 2025))","","","","","","Frozen Bakery Food","False"
"MM2025087JSSCQS","2025-03-28","Gold Delta Company Limited","No(1), Kanaung Minthar Gyi St., Shwe Lin Pan Industrial Zone, Hlaing Thar Yar Tsp., Yangon, Myanmar., Hlaing Thar Yar, Yangon","MM","Myanmar",16.895999,96.06737140000001,"Agriculture|Food|Food & Beverage","Myanmar Trade Promotion Organization (Myantrade) [Public List] (Myantrade Directory of Exporters (as of March 2025))|Myanmar Rice Federation [Public List] (Registered companies as of April 2025)","","","","","","Rice|Rice","False"
"MM2025087JWK0WF","2025-03-28","X.Y Trading Co., Ltd.","No.(H-24), Padauk St., Bayint Naung Pwe Yone Dan, Mayangone T/S, Yangon., Mayangone, Yangon","MM","Myanmar",16.8624173,96.1052765,"Food|Food & Beverage","Myanmar Trade Promotion Organization (Myantrade) [Public List] (Myantrade Directory of Exporters (as of March 2025))","","","","","","Rice","False"
"MM2025087JX5WRT","2025-03-28","Myanmar Sakichi","141, Wai Za Yan Dar Street, North Okkalapa Industrial Zone, North Okkalapa, Yangon","MM","Myanmar",16.8942528,96.1576122,"Apparel","Myanmar Garment Manufacturers Association (MGMA) [Public List] (Myanmar Garment Manufacturers Association (Gathered March 2025))|Myanmar Trade Promotion Organization (Myantrade) [Public List] (Myantrade Directory of Exporters (as of March 2025))","","","","","","Lady Inner","False"
"MM2025087JXERBJ","2025-03-28","Lita Myanmar Company Limited","Plot No. 51/52, Set Sayar U Tun Street, Industrial Zone (4), Shwe Pyi Thar Township, Yangon.","MM","Myanmar",16.9220133,96.0840662,"Apparel","A Brand / Retailer|Wikirate International e.V.|Wikirate International e.V. (2019 Apparel Suppliers on Wikirate part 5)|Myanmar Garment Manufacturers Association (MGMA) [Public List] (Myanmar Garment Manufacturers Association (Gathered March 2025))|A Brand / Retailer|Myanmar Centre for Responsible Business (OAR facility list in Myanmar)|Wikirate International e.V. (2020 Apparel Suppliers on Wikirate part 7)","1229|1229","","","","","","False"
"MM2025087JZ5GC4","2025-03-28","Golden Trogon Industry Co., Ltd (Shwe Zarmani Garment)","42/49, Corner of Satmu 6th Street & Ka Naung Min Thar Gyi Street, Shwepyithar Industrial Zone (1), Shwepyitha, Yangon","MM","Myanmar",16.9015352,96.0728256,"Apparel|Apparel Accessories","Myanmar Trade Promotion Organization (Myantrade) [Public List] (Myantrade Directory of Exporters (as of March 2025))","","","","","","Hats & Caps|Shirt (Men & Women)|Apron|Pants (Men & Women)","False"
"MM2025087JZC7C2","2025-03-28","Maxomi Holdings Ltd","No-745, Yamanay 6th st. Sittaung Bus Stop, 34 Ward, North Dagon, Yangon","MM","Myanmar",16.8729722,96.1965889,"Agriculture|Food|Food & Beverage","Myanmar Trade Promotion Organization (Myantrade) [Public List] (Myantrade Directory of Exporters (as of March 2025))","","","","","","Yam Powder","False"
"MM2025087K09XN0","2025-03-28","Tha Ha Soe San Production Co., Ltd.","No (68) A Kanaung Min Thar Gyi Street, Shwe Pyi Thar Township, Yangon Region, Myanmar., Shwe Pyi Thar Township, Yangon","MM","Myanmar",16.9188097,96.083001,"Food|Food & Beverage","Myanmar Trade Promotion Organization (Myantrade) [Public List] (Myantrade Directory of Exporters (as of March 2025))","","","","","","Rice","False"
"MM2025087K0ET0D","2025-03-28","Shan State (Northern) Rice And Paddy Development Public Company Limited","New Starlight, Muse Central Business District, Zone(4).No-114, Taw Ywat Qr, Muse Township, Shan State, Myanmar., Muse Township, Yangon","MM","Myanmar",16.840939,96.173526,"Food|Food & Beverage","Myanmar Trade Promotion Organization (Myantrade) [Public List] (Myantrade Directory of Exporters (as of March 2025))","","","","","","Rice","False"
"MM2025087K3833P","2025-03-28","Lucky Fortune Co., Ltd","Plot No.36, Myay Taing Block, No.24 Ngwe Pin Lae Ind'l, Hlaing Tharyar Tsp, Yangon.","MM","Myanmar",16.8819286,96.0573302,"Apparel","Myanmar Garment Manufacturers Association (MGMA) [Public List] (Myanmar Garment Manufacturers Association (Gathered March 2025))","","","","","","","False"
"MM2025087K394AZ","2025-03-28","Shwe Zalat Industrial Co., Ltd","454, Ba Nyar Dala Street, Infront of Shin Par Ku Hosptal, Byine Yay Oh Sin Kwet Thit Ward, Tamwe, Yangon","MM","Myanmar",16.806542,96.1721944,"Wood Products","Myanmar Trade Promotion Organization (Myantrade) [Public List] (Myantrade Directory of Exporters (as of March 2025))","","","","","","Laminated wood","False"
"MM2025087K3K623","2025-03-28","Enjoy Fashion Co.Ltd","Plot No.101, Myay Taing Block No.14, Shwe Than Lwin, Hlaing Tharyar Tsp. Yangon.","MM","Myanmar",16.8819286,96.0573302,"Apparel","Myanmar Garment Manufacturers Association (MGMA) [Public List] (Myanmar Garment Manufacturers Association (Gathered March 2025))","","","","","","","False"
"MM2025087K4QNE3","2025-03-28","Triple Fish Co., Ltd","211, Ingyin Myaing lane (2), Su Paung Ward, Thingangyun, Yangon","MM","Myanmar",16.8182874,96.19002680000001,"Food|Food & Beverage","Myanmar Trade Promotion Organization (Myantrade) [Public List] (Myantrade Directory of Exporters (as of March 2025))","","","","","","Black Gram|Green Gram","False"
"MM2025087K5FB15","2025-03-28","Hein Htet San Trading Co., ltd","92, 3rd Floor, 94th Street, Kan Daw Kalay East Ward, Mingalar Taungnyunt, Yangon","MM","Myanmar",23.1941702,94.0235718,"Food|Food & Beverage","Myanmar Trade Promotion Organization (Myantrade) [Public List] (Myantrade Directory of Exporters (as of March 2025))","","","","","","Black Gram|Gram Whole","False"
"MM2025087K6RXHH","2025-03-28","Myanmar Nice Garment Co., Ltd","Plot No.271, Myay Taing Block No.25, Shwe Lin Ban Industrial Zone, Hlaing Tharyar Tsp, Yangon","MM","Myanmar",16.914015,96.0652719,"Apparel","Myanmar Garment Manufacturers Association (MGMA) [Public List] (Myanmar Garment Manufacturers Association (Gathered March 2025))","","","","","","","False"
"MM2025087K6VAEY","2025-03-28","Barket Myanmar Trading Co., Ltd","240, Bo Soon Pat Street, Upper Block, Pabedan, Yangon","MM","Myanmar",16.7761962,96.1572947,"Agriculture|Food & Beverage","Myanmar Trade Promotion Organization (Myantrade) [Public List] (Myantrade Directory of Exporters (as of March 2025))","","","","","","Rubber|Corn Seed|Rubber ProductsFood","False"
"MM2025087K73GBA","2025-03-28","Thein Min Industry Group Co., Ltd","299/301, Pansoedan St., Kyauktada, Yangon","MM","Myanmar",16.7761126,96.1615338,"Apparel","Myanmar Trade Promotion Organization (Myantrade) [Public List] (Myantrade Directory of Exporters (as of March 2025))","","","","","","Tyre","False"
"MM2025087K7X9N7","2025-03-28","Thuriya Co., Ltd","162/A, De Pe' Yinn Wun Htauk, U Mye' Street, Industrial Zone (4), Hlaingtharya, Yangon","MM","Myanmar",16.8819286,96.0573302,"Food|Food & Beverage","Myanmar Trade Promotion Organization (Myantrade) [Public List] (Myantrade Directory of Exporters (as of March 2025))","","","","","","Black Gram|Black Eye Bean","False"
"MM2025087KAGFGY","2025-03-28","Great Monmentum Int'l Trading Co., Ltd","Building 29, Room 12, 1st Floor, Yan Shi Street, Golden Housing (2), Yankin, Yangon","MM","Myanmar",16.8817085,96.0953926,"Food|Food & Beverage","Myanmar Trade Promotion Organization (Myantrade) [Public List] (Myantrade Directory of Exporters (as of March 2025))","","","","","","Corn|Rice","False"
"MM2025087KB3H48","2025-03-28","Shwe Lathar Co., Ltd","814, Maha Bandula Road, Lanmadaw, Yangon","MM","Myanmar",16.7748715,96.144173,"Food|Food & Beverage","Myanmar Trade Promotion Organization (Myantrade) [Public List] (Myantrade Directory of Exporters (as of March 2025))","","","","","","Black Gram|Pigeon Pea","False"
"MM2025087KC16ZQ","2025-03-28","Htoo Family International Trading Co., Ltd","520/D-1, Gabaraye Pagoda Road, Near Shwe Taung Gone Yeik Thar, Bahan, Yangon","MM","Myanmar",16.8298532,96.1552318,"Food|Food & Beverage","Myanmar Trade Promotion Organization (Myantrade) [Public List] (Myantrade Directory of Exporters (as of March 2025))","","","","","","Fish|Prawn","False"
"MM2025087KCGDGY","2025-03-28","Maco Ltd","106, 49th Street, Middle Block, Pazundaung, Yangon","MM","Myanmar",16.7753499,96.17063139999999,"Wood Products","Myanmar Trade Promotion Organization (Myantrade) [Public List] (Myantrade Directory of Exporters (as of March 2025))","","","","","","Bamboo|Rattan","False"
"MM2025087KE4M0B","2025-03-28","Sunkid Myanmar Company Limited","No.(116 A+B), Myay Taing Ward No.42, Shwe Pyi Thar Industrial Zone (1), Shwe Pyi Thar Tsp","MM","Myanmar",16.9753379,96.07851040000001,"Apparel","Myanmar Garment Manufacturers Association (MGMA) [Public List] (Myanmar Garment Manufacturers Association (Gathered March 2025))","","","","","","","False"
"MM2025087KH3S3N","2025-03-28","Yangon Nadia-Pacific Clothing Co., Ltd","Plot No. 64/65, Myay Taing Block No, Industrial Zone (4), Hlaing Tharyar Tsp, Yangon","MM","Myanmar",16.8819286,96.0573302,"Apparel","Myanmar Garment Manufacturers Association (MGMA) [Public List] (Myanmar Garment Manufacturers Association (Gathered March 2025))","","","","","","","False"
"MM2025087KHJJ93","2025-03-28","Hone Shin II Cold Store","No.524, Moe Koke Street, No-23 Quarter Industrial Zone 1, South Dagon Township, Yangon., South Dagon, Yangon","MM","Myanmar",16.8393657,96.22499309999999,"Aquaculture","Myanmar Trade Promotion Organization (Myantrade) [Public List] (Myantrade Directory of Exporters (as of March 2025))","","","","","","Aquatic Product","False"
"MM2025087KKRV2D","2025-03-28","Export Trading Commodities Pte Ltd","387/395, Room B/C, 10th Floor, Bo Aung Kyaw Street, City Shine Tower, Kyauktada, Yangon","MM","Myanmar",16.7742121,96.164351,"Food|Food & Beverage","Myanmar Trade Promotion Organization (Myantrade) [Public List] (Myantrade Directory of Exporters (as of March 2025))","","","","","","Black Gram|Green Gram","False"
"MM2025087KKRVCQ","2025-03-28","Asia Shwe Wah Trading Co., Ltd","Nya-73, Yu Za Na St, Bayintnaung commodity centre, Mayangone, Yangon","MM","Myanmar",16.8616276,96.1473964,"Food|Food & Beverage","Myanmar Trade Promotion Organization (Myantrade) [Public List] (Myantrade Directory of Exporters (as of March 2025))","","","","","","Rice","False"
"MM2025087KMXPAP","2025-03-28","Myanmar Tah Hsin Industrial Company Limited","Plot No (D1-D2), Mingaladon Industrial Park, Mingaladon Township, Yangon.","MM","Myanmar",16.9421429,96.1566754,"Apparel|Textiles|Unspecified","A Multi-Stakeholder Initiative|A Civil Society Organization|Partnership for Sustainable Textiles (PST) (PST Aug 2025 - H-P)|A Civil Society Organization|A Civil Society Organization|Fair Wear Foundation (Fair Wear Oct 2025)|FOND OF GmbH  (Fond-Of June 2021 facility list)|A Multi-Stakeholder Initiative|A Multi-Stakeholder Initiative|A Civil Society Organization|A Multi-Stakeholder Initiative|Fair Wear Foundation (Fair Wear Aug 2024)|A Civil Society Organization|A Multi-Stakeholder Initiative|Myanmar Garment Manufacturers Association (MGMA) [Public List] (Myanmar Garment Manufacturers Association (Gathered March 2025))|Worldwide Responsible Accredited Production (WRAP Facility List 04222025)|Vaude [Public List] (Vaude 2020 facility list)|Gorewear [Public List] (Gorewear 2021 facility list)|A Multi-Stakeholder Initiative|A Multi-Stakeholder Initiative|A Multi-Stakeholder Initiative|A Multi-Stakeholder Initiative|MADE (MADE facility list for November 2023)|Worldwide Responsible Accredited Production (WRAP Facility List December 2024)|Fair Wear Foundation (Fair Wear Apr 2025)","1699|1000|1283|1000|1091|1000-16000","","Packaging|Cut & Sew|Screen Printing|Cutting|Embroidery","Final Product Assembly|Printing, Product Dyeing and Laundering|Final Product Assembly|Final Product Assembly|Final Product Assembly|Final Product Assembly|Textile or Material Production|Printing, Product Dyeing and Laundering","Cut & Sew|Screen Printing|Cutting|Packaging|Cutting|Cut & Sew|Embroidery|Screen Printing|Embroidery|Screen Printing|Cut & Sew|Cutting|Packaging|Cutting|Screen Printing|Packaging|Embroidery|Cut & Sew","Sportswear|Sports & activewear|Garments|fashion apparel|clothing|Sports & activewear|Garments| fashion apparel| clothing","False"
"MM2025087KMZS8S","2025-03-28","Shwe Latt Ein Trading Co., Ltd","1109, 11 Floor, 50 Street, Maharnawarat Condo, Botahtaung, Yangon","MM","Myanmar",16.7635259,96.1871735,"Food|Food & Beverage","Myanmar Trade Promotion Organization (Myantrade) [Public List] (Myantrade Directory of Exporters (as of March 2025))","","","","","","Rice|Broken Rice|Beans","False"
"MM2025087KN9WCB","2025-03-28","Myanmar Agri-Business Public Corporation","100, Strand Roiad, Corner of Wardan Street, Mawtin Ward, Seikkan, Yangon","MM","Myanmar",16.7692369,96.16214939999999,"Food|Food & Beverage","Myanmar Trade Promotion Organization (Myantrade) [Public List] (Myantrade Directory of Exporters (as of March 2025))|Myanmar Trade Promotion Organization (Myantrade) [Public List] (Myantrade Directory of Exporters (as of March 2025))","","","","","","Rice|Rice","False"
"MM2025087KPG6H2","2025-03-28","Direct Target Trading","Chit Kyi Yay Street, West Bayintnaung Market, Ward (4), Myawaddy, Myawaddy","MM","Myanmar",16.6842708,98.5007116,"Food|Food & Beverage","Myanmar Trade Promotion Organization (Myantrade) [Public List] (Myantrade Directory of Exporters (as of March 2025))","","","","","","Black Gram|Onion|Ground Nut","False"
"MM2025087KPWT6Q","2025-03-28","Cherry Thin Manufacturing Company Limited.","No (163), Myin Wun U Aung Thu Street, Hlaing Tharyar Industrial Zone (2), Hlaing Tharyar Township, Yangon.","MM","Myanmar",16.8488631,96.0774712,"Apparel","Myanmar Garment Manufacturers Association (MGMA) [Public List] (Myanmar Garment Manufacturers Association (Gathered March 2025))","","","","","","","False"
"MM2025087KQ0X5Y","2025-03-28","Full Rong Garment Co., Ltd","Plot No.195, Myay Taing Block No.25, Shwe Lin Ban Industrial Zone, Hlaing Thar Yar Tsp","MM","Myanmar",16.914015,96.0652719,"Apparel","Myanmar Garment Manufacturers Association (MGMA) [Public List] (Myanmar Garment Manufacturers Association (Gathered March 2025))","","","","","","","False"
"MM2025087KQP6WM","2025-03-28","Shwe Manaw Myay Trading Co., Ltd","G/45, 1st Floor, Padauk Street, Bayint Naung Warehouses, Mayangone, Yangon","MM","Myanmar",16.8500546,96.10945339999999,"Agriculture|Food|Food & Beverage","Myanmar Trade Promotion Organization (Myantrade) [Public List] (Myantrade Directory of Exporters (as of March 2025))|Myanmar Trade Promotion Organization (Myantrade) [Public List] (Myantrade Directory of Exporters (as of March 2025))|Myanmar Rice Federation [Public List] (Registered companies as of April 2025)","","","","","","Rice|Rice|Broken Rice|Rice","False"
"MM2025087KQSX5Q","2025-03-28","Myanmar Golden Phorenix industrial Co., Ltd","No.82m Mya Malar St, IZ, Thaketa, Yangon","MM","Myanmar",16.8449394,96.0934286,"Food|Food & Beverage","Myanmar Trade Promotion Organization (Myantrade) [Public List] (Myantrade Directory of Exporters (as of March 2025))","","","","","","Fish","False"
"MM2025087KR86HW","2025-03-28","Atsumi Myanmar Co., Ltd","B-5, Thilawa SEZ A, Thanlyin, Yangon","MM","Myanmar",16.6713428,96.2788925,"Apparel","Myanmar Garment Manufacturers Association (MGMA) [Public List] (Myanmar Garment Manufacturers Association (Gathered March 2025))|Myanmar Trade Promotion Organization (Myantrade) [Public List] (Myantrade Directory of Exporters (as of March 2025))","","","","","","Underwear","False"
"MM2025087KR90GP","2025-03-28","Jade Blue Co., Ltd","No. (62), Sepcial Zone (2), Okkthar (9) quarter, Bago Tsp","MM","Myanmar",17.3220711,96.4663286,"Apparel","Myanmar Garment Manufacturers Association (MGMA) [Public List] (Myanmar Garment Manufacturers Association (Gathered March 2025))","","","","","","","False"
"MM2025087KRZK4K","2025-03-28","Shwe Pyi Hein (Pwal Yone)","Nya/78, Thitsar Street, Oo-Gyi-Kham Quarter, Taunggyi, Soythern Shan State., Taunggyi, Shan","MM","Myanmar",20.7855735,97.0339639,"Agriculture|Food|Food & Beverage","Myanmar Trade Promotion Organization (Myantrade) [Public List] (Myantrade Directory of Exporters (as of March 2025))","","","","","","Sorghums","False"
"MM2025087KTYTSG","2025-03-28","Southen Myanmar Timber Co., Ltd","57, 12 Street, Lanmadaw Township, Yangon., Lanmadaw, Yangon","MM","Myanmar",16.7767354,96.1442881,"Beverages|Food & Beverage","Myanmar Trade Promotion Organization (Myantrade) [Public List] (Myantrade Directory of Exporters (as of March 2025))","","","","","","Liquer","False"
"MM2025087KVFXT6","2025-03-28","Honeys Garment Industry Limited","132, Yangon Industrial Zone (1), Mingalardon Garden City, Mingalardon, Yangon","MM","Myanmar",16.929374,96.11693540000002,"Apparel","Myanmar Trade Promotion Organization (Myantrade) [Public List] (Myantrade Directory of Exporters (as of March 2025))","","","","","","Skirt|Woven Pant|Jackets|Shirt","False"
"MM2025087KVR844","2025-03-28","Myanmar Mayson Industries Co., Ltd.","No.1, Bo Aung Kyaw Street, Industrial Zone (4), Hlaing Thar Yar Tsp, Yangon., Hlaing Thar Yar, Yangon","MM","Myanmar",16.8748111,96.0514342,"Food|Food & Beverage","Myanmar Trade Promotion Organization (Myantrade) [Public List] (Myantrade Directory of Exporters (as of March 2025))","","","","","","Good Morning","False"
"MM2025087KWFTER","2025-03-28","Eaindra Network Co., Ltd/Eaindra Int'l Co., Ltd","36/A, 120th Street, Yae Twin Gone Ward, Mingalar Taungnyunt, Yangon","MM","Myanmar",16.7908541,96.17351509999999,"Agriculture|Food|Food & Beverage","Myanmar Trade Promotion Organization (Myantrade) [Public List] (Myantrade Directory of Exporters (as of March 2025))","","","","","","Salad Toppings|Tea Leaves|Fruits Jam Products","False"
"MM2025087KZ1T54","2025-03-28","EO Yangon Co.Ltd","Yangon-Pyay Road, Pyinmabin Industrial Zone, Mingaladon Township, Yangon.","MM","Myanmar",16.9995776,96.1301227,"Apparel","Myanmar Garment Manufacturers Association (MGMA) [Public List] (Myanmar Garment Manufacturers Association (Gathered March 2025))","","","","","","","False"
"MM2025087KZ7YR1","2025-03-28","Myanmar Liwayway Food Industries, Ltd","474, Corner of Yauk Kaw Street & Yangon Street, Ward No.23, Industrial Zone (1), South Dagon Township, Yangon, South Dagon, Yangon","MM","Myanmar",16.8331901,96.2190635,"Beverages|Food & Beverage","Myanmar Trade Promotion Organization (Myantrade) [Public List] (Myantrade Directory of Exporters (as of March 2025))","","","","","","Oishi Snacks","False"
"MM2025087KZ9ERK","2025-03-28","Sein Myin Pyan Industrial Co., Ltd","57, Min Theiddi Kyaw Swar Street, Industrial Zone (3), Hlaingtharya, Yangon","MM","Myanmar",16.8815705,96.0466821,"Food|Food & Beverage","Myanmar Trade Promotion Organization (Myantrade) [Public List] (Myantrade Directory of Exporters (as of March 2025))","","","","","","Green Gram","False"
"MM2025087M473PA","2025-03-28","Khit Sun Sein Co., Ltd","AA-31, 105 miles, Mine Yu Village, Muse, Muse","MM","Myanmar",23.9808991,97.9783593,"Food|Food & Beverage","Myanmar Trade Promotion Organization (Myantrade) [Public List] (Myantrade Directory of Exporters (as of March 2025))","","","","","","Rice|Yellow Maize|Pulses|Beans","False"
"MM2025087M4YJSK","2025-03-28","Shwe Tun Co., Ltd.","No.242, 33rd St., Bet:82 St., x 83 St., Chan Aye Thar Zan T/S, Mandalay., Chan Aye Thar Zan, Yangon","MM","Myanmar",21.9764442,96.09440029999999,"Food|Food & Beverage","Myanmar Trade Promotion Organization (Myantrade) [Public List] (Myantrade Directory of Exporters (as of March 2025))","","","","","","Rice","False"
"MM2025087M57EFF","2025-03-28","Thein Thiha Industrial Co., Ltd","134, Baho Road, Upper, Corner of U Yay Khae St. Ward (2), Mayangone, Yangon","MM","Myanmar",16.8259991,96.12511219999999,"Apparel","Myanmar Trade Promotion Organization (Myantrade) [Public List] (Myantrade Directory of Exporters (as of March 2025))","","","","","","Pants|Knitting Wear|Jackets","False"
"MM2025087M5R2FM","2025-03-28","Sino Protection (Yangon) Non-Woven Products Co., Ltd","Plot 18, U Shwe Bin Street, Myay Taing Block (25(, Shwe Lin Ban Industrial Zone, Hlaing Tharyar Tsp, Yangon.","MM","Myanmar",16.914015,96.0652719,"Apparel","Myanmar Garment Manufacturers Association (MGMA) [Public List] (Myanmar Garment Manufacturers Association (Gathered March 2025))","","","","","","","False"
"MM2025087M74RHT","2025-03-28","Sandhi Borther Trading Co., Ltd","No.238/240, Konzaydan Street, Pabedan Township, Yangon, Myanmar., Pabedan, Yangon","MM","Myanmar",16.7759192,96.1547477,"Pharmaceuticals","Myanmar Trade Promotion Organization (Myantrade) [Public List] (Myantrade Directory of Exporters (as of March 2025))","","","","","","Medicine","False"
"MM2025087M7E0D8","2025-03-28","Golden Lace Posco International Co., Ltd.","No.322/323, Kanaung Min Thar Gyi Road, Shwe Lin Ban Industrial Zone, Hlaing Thar Yar Tsp, Yangon, Myanmar., Hlaing Thar Yar, Yangon","MM","Myanmar",16.914015,96.0652719,"Food|Food & Beverage","Myanmar Trade Promotion Organization (Myantrade) [Public List] (Myantrade Directory of Exporters (as of March 2025))","","","","","","Rice","False"
"MM2025087M8QEAX","2025-03-28","Early Bird Trading Co., Ltd","10/E, Taw Win Rose (1) Road, North Dagon, Yangon","MM","Myanmar",16.8991459,96.2003945,"Food|Food & Beverage","Myanmar Trade Promotion Organization (Myantrade) [Public List] (Myantrade Directory of Exporters (as of March 2025))","","","","","","Cooking Powder","False"
"MM2025087M8QZRW","2025-03-28","Phado U Kyaw Co., Ltd","2886/2887, South Dagon Myopat Industrial Zone (2) Street, 63 Ward, South Dagon, Yangon","MM","Myanmar",16.8394848,96.22521359999999,"Wood Products","Myanmar Trade Promotion Organization (Myantrade) [Public List] (Myantrade Directory of Exporters (as of March 2025))","","","","","","Raw Timber","False"
"MM2025087M90Y0D","2025-03-28","Medical World Company Ltd","No.(107/5), Ngwe Sabae, Aung San Ward, Insein Township, Yangon.","MM","Myanmar",16.9041792,96.0996978,"Apparel","Myanmar Garment Manufacturers Association (MGMA) [Public List] (Myanmar Garment Manufacturers Association (Gathered March 2025))","","","","","","","False"
"MM2025087M9CQH3","2025-03-28","Ake Si Tan General Trading Co., Ltd","Nya618, Ar Thaw Ka Street, Bayintnaung, Mayangone, Yangon","MM","Myanmar",16.8075119,96.1797274,"Food|Food & Beverage","Myanmar Trade Promotion Organization (Myantrade) [Public List] (Myantrade Directory of Exporters (as of March 2025))","","","","","","Black Gram|Green Gram|Pigeon Pea","False"
"MM2025087M9ZXMZ","2025-03-28","Grand Enterprise Garment Company Limited.","Plot No (61+62), Myay Taing Quarter No (133), KaStreet, East Dagon Industrial Zone, Dagon Myothit (East) Township, Yangon.","MM","Myanmar",16.9333352,96.30134319999999,"Apparel","Myanmar Garment Manufacturers Association (MGMA) [Public List] (Myanmar Garment Manufacturers Association (Gathered March 2025))","","","","","","","False"
"MM2025087MBE9PY","2025-03-28","Shwe Wood Industries Co., Ltd","163, Min Gyi Maha Min Khaung Street, Industrial Zone, Dagon Seikkan, Yangon","MM","Myanmar",16.8688761,96.2573497,"Wood Products","Myanmar Trade Promotion Organization (Myantrade) [Public List] (Myantrade Directory of Exporters (as of March 2025))","","","","","","Sawed Wood","False"
"MM2025087MBVNCD","2025-03-28","Charming Garment Manufacturing Co., Ltd","38, Seikkan Thar Street, Hlaingtharyar Industrial Zone (2), Hlaingtharya, Yangon","MM","Myanmar",16.7720932,96.163063,"Apparel","Myanmar Garment Manufacturers Association (MGMA) [Public List] (Myanmar Garment Manufacturers Association (Gathered March 2025))|Myanmar Trade Promotion Organization (Myantrade) [Public List] (Myantrade Directory of Exporters (as of March 2025))","","","","","","Short Pants|Jackets|Sport Wear|Long Pants","False"
"MM2025087MCT5WD","2025-03-28","Shwe Academy Co., Ltd","6, 1st Floor, 138th Street, Ma U Gone Ward, Tamwe, Yangon","MM","Myanmar",16.7938954,96.1745033,"Food|Food & Beverage","Myanmar Trade Promotion Organization (Myantrade) [Public List] (Myantrade Directory of Exporters (as of March 2025))","","","","","","Cattle|Fish","False"
"MM2025087MCVXAM","2025-03-28","United K.M.K Cold Storage","No.5-A, Sat San Lane, (8) Quarter Mingalar Taung Nyunt Township Yangon","MM","Myanmar",16.8393754,96.17205799999999,"Food|Food & Beverage","Myanmar Trade Promotion Organization (Myantrade) [Public List] (Myantrade Directory of Exporters (as of March 2025))","","","","","","Shrimp Meat","False"
"MM2025087METNSW","2025-03-28","MSL Industries Co., Ltd","22, Bayintnaung Road, Fishers Dept. Compound, Gyoh Gone (West) Ward, Insein, Yangon","MM","Myanmar",16.8849456,96.09786129999999,"Food|Food & Beverage","Myanmar Trade Promotion Organization (Myantrade) [Public List] (Myantrade Directory of Exporters (as of March 2025))","","","","","","Fish|Prawn","False"
"MM2025087MGXJV0","2025-03-28","Diamond Arrow General Trading","797, Room B/001, Bogyoke Aung San Road, MAC Tower II, Lanmadaw, Yangon","MM","Myanmar",16.8836309,96.0747873,"Food|Food & Beverage","Myanmar Trade Promotion Organization (Myantrade) [Public List] (Myantrade Directory of Exporters (as of March 2025))","","","","","","Black Gram|Sesame","False"
"MM2025087MH0DVZ","2025-03-28","Yangong Oscar Fashion Co., Ltd","Plot No.173A, Myay Taing Block No.113, Phan Chat Wun U Shwe Oh Street, East Dagon Industrial Zone, East Dagon Tsp, Yangon","MM","Myanmar",16.9333352,96.30134319999999,"Apparel","Myanmar Garment Manufacturers Association (MGMA) [Public List] (Myanmar Garment Manufacturers Association (Gathered March 2025))","","","","","","","False"
"MM2025087MHMFYR","2025-03-28","Twin Brothers Co, Ltd","50/51, Yan Hlaing Swe 2nd Street, Industrial Zone, Thaketa, Yangon","MM","Myanmar",16.8395554,96.1256901,"Food|Food & Beverage","Myanmar Trade Promotion Organization (Myantrade) [Public List] (Myantrade Directory of Exporters (as of March 2025))","","","","","","Fish|Prawn","False"
"MM2025087MP7D1H","2025-03-28","Jeong Ho International Company Limited","Holding No.46, Kha/1, Kwin No (252A/S), Daedaye TawKyaik Village, Dedaye Tsp, Pyapon District, Ayarwaday.","MM","Myanmar",16.4084134,95.8855146,"Apparel","Myanmar Garment Manufacturers Association (MGMA) [Public List] (Myanmar Garment Manufacturers Association (Gathered March 2025))","","","","","","","False"
"MM2025087MQ4R1T","2025-03-28","New Yadanar Steel Co., Ltd.","120/B, Amara St., Industrial Zone, North Okkalapa, Yangon, Myanmar, North Okkalapa, Yangon","MM","Myanmar",16.8957507,96.1588376,"Machinery Manufacturing|Manufacturing","Myanmar Trade Promotion Organization (Myantrade) [Public List] (Myantrade Directory of Exporters (as of March 2025))","","","","","","Machinery","False"
"MM2025087MRBEB2","2025-03-28","Glorious Family Co., Ltd","576/E, Damayone Street, 6 miles, Hlaing, Yangon","MM","Myanmar",16.8406431,96.1295319,"Furniture|Wood Products","Myanmar Trade Promotion Organization (Myantrade) [Public List] (Myantrade Directory of Exporters (as of March 2025))","","","","","","Cane Furniture","False"
"MM2025087MYFS1D","2025-03-28","Amava Apparel Limited","Plot No (24-25), Delta Industrial Zone, Pathein Township, Ayeyarwaddy Region, Myanmar. (Factory 1)","MM","Myanmar",16.7977121,94.76829649999999,"Apparel","Myanmar Garment Manufacturers Association (MGMA) [Public List] (Myanmar Garment Manufacturers Association (Gathered March 2025))","","","","","","","False"
"MM2025087MZ4S46","2025-03-28","Golden Trogon Industry Company Limited (Shwe Zarmany Garment)","No(42/99), Corner of Satmu (6) Street & Ka Naung Minn Thar Gyi Street, Shwe Pyi Thar Industrial (1), Shwe Pyi Thar","MM","Myanmar",16.9753379,96.07851040000001,"Apparel","Myanmar Garment Manufacturers Association (MGMA) [Public List] (Myanmar Garment Manufacturers Association (Gathered March 2025))","","","","","","","False"
"MM2025087N0H967","2025-03-28","Tell Int'l Co., Ltd","113, Ananda Thuriya Street, 10 miles, Saw Bwar Gyi Gone Ward, Insein, Yangon","MM","Myanmar",16.8942261,96.1209107,"Food|Food & Beverage","Myanmar Trade Promotion Organization (Myantrade) [Public List] (Myantrade Directory of Exporters (as of March 2025))","","","","","","Fish","False"
"MM2025087N0K7JK","2025-03-28","Fuu Baii Houng Industrial Company Limited","Plot No.4, Myay Taing Block No.113, Dagon East Industrial Zone, East Dagon Tsp, Yangon","MM","Myanmar",16.8317653,96.2294737,"Apparel","Myanmar Garment Manufacturers Association (MGMA) [Public List] (Myanmar Garment Manufacturers Association (Gathered March 2025))","","","","","","","False"
"MM2025087N0Y52C","2025-03-28","Fuxin Fuyi Industry","29, Than Chet Wun U Mue Street, East Dagon Industrial Zone, East Dagon, Yangon","MM","Myanmar",16.8908169,96.2508702,"Apparel","Myanmar Garment Manufacturers Association (MGMA) [Public List] (Myanmar Garment Manufacturers Association (Gathered March 2025))|Myanmar Trade Promotion Organization (Myantrade) [Public List] (Myantrade Directory of Exporters (as of March 2025))","","","","","","Duty Coat|Shirt","False"
"MM2025087N16SV2","2025-03-28","Yangon City Red Sun Co., Ltd","186, Pade Wun U Shwe Bin Street, Industrial Zone, East Dagon, Yangon","MM","Myanmar",16.9126237,96.0530378,"Wood Products","Myanmar Trade Promotion Organization (Myantrade) [Public List] (Myantrade Directory of Exporters (as of March 2025))","","","","","","Artificial Wood","False"
"MM2025087N1EVBW","2025-03-28","Zawtika Thingan General Trading","No (53), Bahan 3rd Street, Bahan Township, Yangon.","MM","Myanmar",16.7980475,96.1555472,"Apparel","Myanmar Garment Manufacturers Association (MGMA) [Public List] (Myanmar Garment Manufacturers Association (Gathered March 2025))","","","","","","","False"
"MM2025087N20D3S","2025-03-28","Sway Tin Family Trading Co., Ltd","33, Nawaday Street, Yaw Min Gyi Ward, Dagon, Yangon","MM","Myanmar",16.7833191,96.1552932,"Food|Food & Beverage","Myanmar Trade Promotion Organization (Myantrade) [Public List] (Myantrade Directory of Exporters (as of March 2025))","","","","","","Rice","False"
"MM2025087N21J62","2025-03-28","Eastern Power Int'l Ltd.","No.212, D.o.F Compound, Bayintnaung Road, West Gyogone, Insein Township, Yangon, Myanmar., Insein, Yangon","MM","Myanmar",16.873332,96.11195280000001,"Food|Food & Beverage","Myanmar Trade Promotion Organization (Myantrade) [Public List] (Myantrade Directory of Exporters (as of March 2025))","","","","","","Shrimp Meat","False"
"MM2025087N28DXV","2025-03-28","Xin Mei Manufacture Myanmar Co., Ltd","No (122), Corner of Min Ayeyar Street & Than Lwin Street, Shwe Than Lwin Industrial Zone, Hlaing Tharyar Township, Yangon.","MM","Myanmar",16.866343,96.0347413,"Apparel","Myanmar Garment Manufacturers Association (MGMA) [Public List] (Myanmar Garment Manufacturers Association (Gathered March 2025))","","","","","","","False"
"MM2025087N2TPTK","2025-03-28","Nay Phyo Trading Co., ltd","27, Room-4, 3rd Floor, 28th Street, Middle Block, Pabedan, Yangon","MM","Myanmar",16.775683,96.1553942,"Agriculture|Food|Food & Beverage","Myanmar Trade Promotion Organization (Myantrade) [Public List] (Myantrade Directory of Exporters (as of March 2025))","","","","","","Ginger|Fennel Flower|Tumeric Finger","False"
"MM2025087N4DKJX","2025-03-28","Sen Hui Yuan International Trading Co., Ltd","Holding No.570, Kyaik Kha Mee Road, Mawlamyine T/S, Mon State, Mawlamyine, Mon","MM","Myanmar",16.0949258,97.70887549999999,"Rubber Products","Myanmar Trade Promotion Organization (Myantrade) [Public List] (Myantrade Directory of Exporters (as of March 2025))","","","","","","Rubber","False"
"MM2025087N4EJV6","2025-03-28","Great Wall Int'l Co., Ltd","F/79, Sein Pan Street, Bayintnaung Warehouse, Mayangone, Yangon","MM","Myanmar",16.8638688,96.1049367,"Rubber Products|Wood Products","Myanmar Trade Promotion Organization (Myantrade) [Public List] (Myantrade Directory of Exporters (as of March 2025))","","","","","","Rubber Wood","False"
"MM2025087N52K34","2025-03-28","Control Star Export & Import","J/55, 2nd Floor, Yuzana Street, Bayintnaung Warehouse, Mayangone, Yangon","MM","Myanmar",16.8642964,96.1067996,"Food|Food & Beverage","Myanmar Trade Promotion Organization (Myantrade) [Public List] (Myantrade Directory of Exporters (as of March 2025))","","","","","","Sugar","False"
"MM2025087N5X4M1","2025-03-28","Myo Zin Zar Co., Ltd","No.23/D, Saw Maha St., Bo Cho Ward (2), Bahan, Yangon","MM","Myanmar",16.8266597,96.16264129999999,"Consumer Products","Myanmar Trade Promotion Organization (Myantrade) [Public List] (Myantrade Directory of Exporters (as of March 2025))","","","","","","Ginger|Tamarind|Artificial hair for women|Tumeric Finger","False"
"MM2025087N7RA2J","2025-03-28","Myanmar S.M.C. Garment Limited","Block No (574), Plot No (2/3 Ka + 3/1 Ka + 2/4 Ka), Kyun Taw North Block, Satthwardaw Village, Hmawbi Township, Yangon.","MM","Myanmar",17.16311,95.8934338,"Apparel","Myanmar Garment Manufacturers Association (MGMA) [Public List] (Myanmar Garment Manufacturers Association (Gathered March 2025))|Myanmar Trade Promotion Organization (Myantrade) [Public List] (Myantrade Directory of Exporters (as of March 2025))","","","","","","Pantss|Jackets","False"
"MM2025087N8JZCC","2025-03-28","Top Myanmar Company Limited. (Top Banner Company Limited)","No (173), Corner of Myawaddy Min Gyi Street & Seik Kan Thar Street, Hlaing Tharyar Industrial Zone (4), Hlaing Tharyar Township, Yangon.","MM","Myanmar",16.8365715,96.0880741,"Apparel","Myanmar Garment Manufacturers Association (MGMA) [Public List] (Myanmar Garment Manufacturers Association (Gathered March 2025))","","","","","","","False"
"MM2025087N9EJDX","2025-03-28","Asian Just Company Limited.","Plot(64), (Sethmu) Land No(150/151), Industrial zone3, Shwe Pyi Thar Tsp, Yangon.","MM","Myanmar",16.969617,96.0732146,"Apparel","Myanmar Garment Manufacturers Association (MGMA) [Public List] (Myanmar Garment Manufacturers Association (Gathered March 2025))|Myanmar Trade Promotion Organization (Myantrade) [Public List] (Myantrade Directory of Exporters (as of March 2025))","","","","","","Coat (Men)|Pants","False"
"MM2025087N9HV73","2025-03-28","Hein Myannmar Co., Ltd","167, Set Hmu 3rd Street, Myittar Nyunt Ward, Tamwe, Yangon","MM","Myanmar",16.8163789,96.1824511,"Apparel Accessories","Myanmar Trade Promotion Organization (Myantrade) [Public List] (Myantrade Directory of Exporters (as of March 2025))","","","","","","Umbrella","False"
"MM2025087NARWX2","2025-03-28","Integrated Business Success","118, Makhayar Min Thar Gyi Maung Pyoe Street, Industrial Zone (2), Hlaingtharya, Yangon","MM","Myanmar",16.8880467,96.04835899999999,"Food|Food & Beverage","Myanmar Trade Promotion Organization (Myantrade) [Public List] (Myantrade Directory of Exporters (as of March 2025))","","","","","","Black Gram|Rice","False"
"MM2025087NB0KNT","2025-03-28","Thezin Nwe Family Trading Co., Ltd","72, 29th Street, Seiktaramah Ward, Chanayethazan, Mandalay","MM","Myanmar",21.9779647,96.09552699999999,"Food|Food & Beverage","Myanmar Trade Promotion Organization (Myantrade) [Public List] (Myantrade Directory of Exporters (as of March 2025))","","","","","","Fresh Mango|Mango Puree","False"
"MM2025087NBFEYD","2025-03-28","TV Apparel Company Limited.","No 304(B), No (4) Main Road, Shwe Pyi Thar Industrial Zone (1), Shwe Pyi Thar Township, Yangon.","MM","Myanmar",16.9337149,96.0872415,"Apparel","Myanmar Garment Manufacturers Association (MGMA) [Public List] (Myanmar Garment Manufacturers Association (Gathered March 2025))","","","","","","","False"
"MM2025087NED26A","2025-03-28","W & F Group Company Limited","Plot No.252+253, Sethmu (1) Street, 23 Wards, Myay Taing Block No.49, Wartayar Industrial Zone, Shwe Pyi Thar Tsp, Yangon","MM","Myanmar",16.9753379,96.07851040000001,"Apparel","Myanmar Garment Manufacturers Association (MGMA) [Public List] (Myanmar Garment Manufacturers Association (Gathered March 2025))","","","","","","","False"
"MM2025087NEWYM3","2025-03-28","Thuriya Win Co., Ltd","42, Building F/S, Shwe Tharaphy Yeik Mon, Bayint Naung Road, Kamaryut, Yangon","MM","Myanmar",16.8363612,96.12687439999999,"Agriculture|Beverages|Food|Food & Beverage","Myanmar Trade Promotion Organization (Myantrade) [Public List] (Myantrade Directory of Exporters (as of March 2025))|Myanmar Trade Promotion Organization (Myantrade) [Public List] (Myantrade Directory of Exporters (as of March 2025))","","","","","","Rice|Blended Tea","False"
"MM2025087NGEXDF","2025-03-28","Star Dragon 1","152, Anawrahtar Street, Industrial Zone - 5, Hlaingtharya, Yangon","MM","Myanmar",16.8776567,96.2127459,"Apparel","Myanmar Trade Promotion Organization (Myantrade) [Public List] (Myantrade Directory of Exporters (as of March 2025))","","","","","","Wedding Dress","False"
"MM2025087NGTN39","2025-03-28","New Golden Gate (1991) Co., Ltd.","No.6, 19th Street, Latha Township, Yangon., Latha, Yangon","MM","Myanmar",16.7755583,96.14957930000001,"Food|Food & Beverage","Myanmar Trade Promotion Organization (Myantrade) [Public List] (Myantrade Directory of Exporters (as of March 2025))|Myanmar Trade Promotion Organization (Myantrade) [Public List] (Myantrade Directory of Exporters (as of March 2025))","","","","","","Green Bean|Sesame","False"
"MM2025087NHSSDQ","2025-03-28","Bamar Commodity Trading Co., Ltd.","No.(14/B), Shwe Taung Kyar (2) Ward, Shwe Taung Kyar Street, Bahan T/S, Yangon., Bahan, Yangon","MM","Myanmar",16.8084164,96.15059769999999,"Food|Food & Beverage","Myanmar Trade Promotion Organization (Myantrade) [Public List] (Myantrade Directory of Exporters (as of March 2025))","","","","","","Rice","False"
"MM2025087NHVSS5","2025-03-28","Lightcraft","Building 4, 1-1, GEM Condo, Thazin Street, Hlaing, Yangon","MM","Myanmar",16.8427371,96.1274428,"Wood Products","Myanmar Trade Promotion Organization (Myantrade) [Public List] (Myantrade Directory of Exporters (as of March 2025))","","","","","","Metal Embossed|Art|Rattan material|Sand painting Accessories|Wood art","False"
"MM2025087NHZ8RQ","2025-03-28","Texchem Food (Myanmar) Limited","565/A, Than Thu Mar Road, Ward (10), South Dagon, Yangon","MM","Myanmar",16.851147,96.18738959999999,"Food|Food & Beverage","Myanmar Trade Promotion Organization (Myantrade) [Public List] (Myantrade Directory of Exporters (as of March 2025))","","","","","","Prawn|Fish","False"
"MM2025087NMEH2W","2025-03-28","Wa Minn Co., Ltd","116, Thamaing Butar Yon Rd, Ward (2), Mayangone, Yangon","MM","Myanmar",16.8266597,96.16264129999999,"Apparel|Consumer Products","Myanmar Garment Manufacturers Association (MGMA) [Public List] (Myanmar Garment Manufacturers Association (Gathered March 2025))|Myanmar Trade Promotion Organization (Myantrade) [Public List] (Myantrade Directory of Exporters (as of March 2025))","","","","","","Bowl|Style Pants|Kitchenware|Enamel Tiffin food carrier|Wedding Dress|Underwear","False"
"MM2025087NMFA3Q","2025-03-28","Tin Ye Win Manufacturing Co., Ltd","No.310, Room(502), Win Shwe War Housing, Lanmadaw Township, Yangon., Lanmadaw, Yangon","MM","Myanmar",16.8142462,96.1714105,"Food|Food & Beverage","Myanmar Trade Promotion Organization (Myantrade) [Public List] (Myantrade Directory of Exporters (as of March 2025))","","","","","","Yesss Candy","False"
"MM2025087NMK6N9","2025-03-28","Da Mei Garment Company Limited","No.55, Gandawin St, Ind'l Zone(5), Hlaing Tharyar Tsp, Yangon","MM","Myanmar",16.7806092,96.15576519999999,"Apparel","Myanmar Garment Manufacturers Association (MGMA) [Public List] (Myanmar Garment Manufacturers Association (Gathered March 2025))","","","","","","","False"
"MM2025087NN099E","2025-03-28","Myanmar combiz Trading Co., Ltd","No.5 kanbawza Yeik Thar St, Shwe Taung Gyar ward (1), Bahan, Yangon","MM","Myanmar",16.8226031,96.1524349,"Agriculture|Food|Food & Beverage","Myanmar Trade Promotion Organization (Myantrade) [Public List] (Myantrade Directory of Exporters (as of March 2025))|Myanmar Rice Federation [Public List] (Registered companies as of April 2025)","","","","","","Rice|Rice","False"
"MM2025087NN5YA9","2025-03-28","Yadanar Mandalay Co., Ltd","Sa/57, 7th Street, Kywal Se Kan Street, Chan Mya Thar Yar Ward, Pyigyitagon, Mandalay","MM","Myanmar",21.9233316,96.0898818,"Food|Food & Beverage","Myanmar Trade Promotion Organization (Myantrade) [Public List] (Myantrade Directory of Exporters (as of March 2025))","","","","","","Rice","False"
"MM2025087NNBNYT","2025-03-28","Hubo Jia Mei Garment","859, Shwe Baho Palt Street, 1 Ward, Shwepyitha, Yangon","MM","Myanmar",16.9934324,96.0698026,"Apparel","Myanmar Trade Promotion Organization (Myantrade) [Public List] (Myantrade Directory of Exporters (as of March 2025))","","","","","","Pants|Jackets","False"
"MM2025087NNS9XV","2025-03-28","Northern Dragon Trading Co., Ltd","112/113/114, Bamaw Atwin Wun Street, Industrial Zone (2), Shwepyitha, Yangon","MM","Myanmar",16.920505,96.0597943,"Wood Products","Myanmar Trade Promotion Organization (Myantrade) [Public List] (Myantrade Directory of Exporters (as of March 2025))","","","","","","Laminated wood","False"
"MM2025087NP1277","2025-03-28","Step Gao Mei Co., Ltd","Plot No.24-Ka, Myay Taing Block No.21, Mya Sein Yaung Industrial Zone, Hlaing Thar Yar Tsp, Yangon","MM","Myanmar",16.8792057,96.00182889999999,"Apparel","Myanmar Garment Manufacturers Association (MGMA) [Public List] (Myanmar Garment Manufacturers Association (Gathered March 2025))","","","","","","","False"
"MM2025087NPW6HG","2025-03-28","Great International Fisheries Limited.","No.46/47 Corna of Myawaddy Min Gyi Street, King Wun Min Gyi Street Industrial Zone-4, Hlaing Thar Yar Township, Yangon, Myanmar., Hlaing Tharyar, Yangon","MM","Myanmar",16.8365715,96.0880741,"Food|Food & Beverage","Myanmar Trade Promotion Organization (Myantrade) [Public List] (Myantrade Directory of Exporters (as of March 2025))","","","","","","Shrimp Meat","False"
"MM2025087NQGRZ5","2025-03-28","Seinn (U) Co., Ltd","145, Makhayar Min Thar Gyi Street, Shwe Linban Industrial Zone, Hlaingtharya, Yangon","MM","Myanmar",16.8880467,96.04835899999999,"Food|Food & Beverage","Myanmar Trade Promotion Organization (Myantrade) [Public List] (Myantrade Directory of Exporters (as of March 2025))","","","","","","Green Gram","False"
"MM2025087NQX5AA","2025-03-28","Aquatic Ornamentals Co., Ltd","199, Pyu Saw Htee Street, Ward (10), East Dagon, Yangon","MM","Myanmar",16.8847219,96.2097253,"Aquaculture","Myanmar Trade Promotion Organization (Myantrade) [Public List] (Myantrade Directory of Exporters (as of March 2025))","","","","","","Aquatic Ornamentals","False"
"MM2025087NSDDJC","2025-03-28","Dynamic Growing Co., Ltd","23, 3rd Floor, Thukha Street, Kyauk Myaung Gyi Ward, Tamwe, Yangon","MM","Myanmar",16.800605,96.1787448,"Wood Products","Myanmar Trade Promotion Organization (Myantrade) [Public List] (Myantrade Directory of Exporters (as of March 2025))","","","","","","Teak","False"
"MM2025087NSZ7PW","2025-03-28","Pho La Min Trading Co., Ltd","No.26, Nwal Ni St, Saw Yan Paing (West) Ward, Ahlone, Yangon","MM","Myanmar",16.6739313,96.1405236,"Rubber Products","Myanmar Trade Promotion Organization (Myantrade) [Public List] (Myantrade Directory of Exporters (as of March 2025))","","","","","","Rubber","False"
"MM2025087NT8TRV","2025-03-28","Glamoroso Apparel (Myanmar) Co., Ltd","Plot No.48Kha, 49, 50, 51, 60Ka, Special Zone 3, Oakthar Ward 9, Bago Region","MM","Myanmar",17.3250247,96.4949649,"Apparel","Myanmar Garment Manufacturers Association (MGMA) [Public List] (Myanmar Garment Manufacturers Association (Gathered March 2025))","","","","","","","False"
"MM2025087NTEA3W","2025-03-28","Yee Shin Co., Ltd","Building 25/26, Bahosi Housing, Lanmadaw, Yangon","MM","Myanmar",16.7792342,96.1404381,"Food|Food & Beverage|Wood Products","Myanmar Trade Promotion Organization (Myantrade) [Public List] (Myantrade Directory of Exporters (as of March 2025))","","","","","","Laminated wood|Broken Rice|Pulses|Beans|Sesame|Rice","False"
"MM2025087NXR9TZ","2025-03-28","Myanmar Sinyoung Fashion Clothers Co., Ltd","No(12A), Myay Taing Block No.363, AhSuGyi Village Group, Htan Ta Bin Tsp, Yangon","MM","Myanmar",16.9676227,95.94097099999999,"Apparel","Myanmar Garment Manufacturers Association (MGMA) [Public List] (Myanmar Garment Manufacturers Association (Gathered March 2025))","","","","","","","False"
"MM2025087NXYJAY","2025-03-28","Sun Flower Co., Ltd","130/A, Kone Baung 1st Street, Industrial Zone (7), Hlaingtharya, Yangon","MM","Myanmar",16.9341679,96.1865737,"Food|Food & Beverage","Myanmar Trade Promotion Organization (Myantrade) [Public List] (Myantrade Directory of Exporters (as of March 2025))","","","","","","Soft-shell Crab|Prawn","False"
"MM2025087NY172F","2025-03-28","Heshan (Myanmar) Garments Company Limited.","Plot No (16), U Pine No (P-3), (52), Quarter (13), Pathein Industrial Zone, Pathein District, Pathein Township, Ayeyarwaddy Division.","MM","Myanmar",16.7995933,94.7668092,"Apparel","Myanmar Garment Manufacturers Association (MGMA) [Public List] (Myanmar Garment Manufacturers Association (Gathered March 2025))","","","","","","","False"
"MM2025087NY6MA9","2025-03-28","International Brilliant Power Co., Ltd","55th & 56th Street, Pazundaung, Yangon","MM","Myanmar",16.7749232,96.1743054,"Agriculture|Food|Food & Beverage","Myanmar Trade Promotion Organization (Myantrade) [Public List] (Myantrade Directory of Exporters (as of March 2025))","","","","","","Ginger|Broom|Tumeric","False"
"MM2025087NYAW1C","2025-03-28","Shwe Taw Win International Trading","57/59, 4th Street, Lanmadaw, Yangon","MM","Myanmar",16.7767561,96.13889859999999,"Food|Food & Beverage","Myanmar Trade Promotion Organization (Myantrade) [Public List] (Myantrade Directory of Exporters (as of March 2025))","","","","","","Black Gram|Butter Bean|Green Gram","False"
"MM2025087NZCZ8S","2025-03-28","Myanmar Pyi Thar Co., Ltd","333, Ka Naung Min Thar Gyi Street, Shwe Pauk Kan Industrial Zone, Yangon., Shwe Pauk Kan, Yangon","MM","Myanmar",16.900401,96.07314149999999,"Food|Food & Beverage","Myanmar Trade Promotion Organization (Myantrade) [Public List] (Myantrade Directory of Exporters (as of March 2025))","","","","","","Food Stuff","False"
"MM2025087P0CBFE","2025-03-28","Global Asia Co., Ltd","78, Daw Thein Tin Street, Kan Daw Kalay (North) Ward, Mingalar Taungnyunt, Yangon","MM","Myanmar",16.7892568,96.1632537,"Agriculture|Food|Food & Beverage","Myanmar Trade Promotion Organization (Myantrade) [Public List] (Myantrade Directory of Exporters (as of March 2025))","","","","","","Onion|Ginger|Pulses|Beans|Garlic|Tamarind","False"
"MM2025087P23VPY","2025-03-28","Maruman (Kaung Myat Co., Ltd)","131/Pan Tin Won U Shwe Din St, East Dagon, Yangon","MM","Myanmar",16.969727,96.1908321,"Wood Products","Myanmar Trade Promotion Organization (Myantrade) [Public List] (Myantrade Directory of Exporters (as of March 2025))","","","","","","plywoods|Veneers","False"
"MM2025087P3GFER","2025-03-28","Willian (Myanmar) Industrial Co., Ltd","A-8, Mingalardon Industrial Park, Corner of No.3 Highway Rd & Khayaybin Rd, Mingalardon, Yangon","MM","Myanmar",16.9421429,96.1566754,"Footwear","Myanmar Trade Promotion Organization (Myantrade) [Public List] (Myantrade Directory of Exporters (as of March 2025))","","","","","","Shoes","False"
"MM2025087P3JM0H","2025-03-28","World Fashion Company Limited.","No (84), Than Chat Wun U Nyunt Street, Shwe Pyi Thar Industrial Zone (2), Shwe Pyi Thar Township, Yangon.","MM","Myanmar",16.9337149,96.0872415,"Apparel","Myanmar Garment Manufacturers Association (MGMA) [Public List] (Myanmar Garment Manufacturers Association (Gathered March 2025))","","","","","","","False"
"MM2025087P50Q04","2025-03-28","Saiyo Engineering Co., Ltd","182/194/F, Ground Floor, Botahtaung Pagoda Street, Hnin Si Condo, Pazundaung, Yangon","MM","Myanmar",16.7748648,96.1728838,"Manufacturing|Metal Manufacturing","Myanmar Trade Promotion Organization (Myantrade) [Public List] (Myantrade Directory of Exporters (as of March 2025))","","","","","","Iron Scrap","False"
"MM2025087P5NETA","2025-03-28","JMKS Company Limited.","No.89, Kwin 1, Ayar Street, Ayemyatharyar Village, Okkpho, Tharyarwaddy Division, Bago.","MM","Myanmar",17.3220711,96.4663286,"Apparel","Myanmar Garment Manufacturers Association (MGMA) [Public List] (Myanmar Garment Manufacturers Association (Gathered March 2025))","","","","","","","False"
"MM2025087P7QA0G","2025-03-28","Asia Wood Co., Ltd","24, Myawaddy Min Gyi Road, Industrial Zone (4), Hlaingtharya, Yangon","MM","Myanmar",16.8737591,96.0384587,"Furniture|Wood Products","Myanmar Trade Promotion Organization (Myantrade) [Public List] (Myantrade Directory of Exporters (as of March 2025))","","","","","","Parquet","False"
"MM2025087P7QCE0","2025-03-28","Shwe Sin Nan Taw Trading Co., Ltd","RM, 207, 2nd Floor, Lower Kyee Myin Daing Road, Shwe Gone Thu Housing, Kyeemyindine, Yangon","MM","Myanmar",16.7987178,96.12451229999999,"Food|Food & Beverage","Myanmar Trade Promotion Organization (Myantrade) [Public List] (Myantrade Directory of Exporters (as of March 2025))","","","","","","Sugar|Rice","False"
"MM2025087P8SSEG","2025-03-28","Rainbowtec (Myanmar) Manufacturer Co., Ltd","Plot No.2011, Myay Taing Block No. Zone 2, Hlaing Thar Yar Industrial Zone, Hlaing Thar Yar Tsp, Yangon","MM","Myanmar",16.8594225,96.12915129999999,"Apparel","Myanmar Garment Manufacturers Association (MGMA) [Public List] (Myanmar Garment Manufacturers Association (Gathered March 2025))","","","","","","","False"
"MM2025087PA72B6","2025-03-28","Myanmar Luxury Group Co., Ltd","90/42, Set Hmu Paday Thar Street, Shwepyithar Industrial Zone (1), Shwepyitha, Yangon","MM","Myanmar",16.9337149,96.0872415,"Apparel","Myanmar Trade Promotion Organization (Myantrade) [Public List] (Myantrade Directory of Exporters (as of March 2025))","","","","","","Jackets","False"
"MM2025087PBD7PX","2025-03-28","Y.J Co., Ltd","5, Kyansitthar Rd, Hlaingtharyar Industrial Zone (3), Hlaingtharya, Yangon","MM","Myanmar",16.8594042,96.2835458,"Apparel","Myanmar Trade Promotion Organization (Myantrade) [Public List] (Myantrade Directory of Exporters (as of March 2025))","","","","","","Clothing|Kid Wear","False"
"MM2025087PCGFWF","2025-03-28","Angel General Trading & Business Co.op Ltd","658/A, Thayay Khittayar Street, Ward (133), East Dagon, Yangon","MM","Myanmar",16.9281437,96.230958,"Consumer Products","Myanmar Trade Promotion Organization (Myantrade) [Public List] (Myantrade Directory of Exporters (as of March 2025))","","","","","","Picture|Sculpture","False"
"MM2025087PDJ8R7","2025-03-28","Nang Sein A Kar Re Family Company Limited","No(H-6/7), Homon Quarter, Muse, Shan State, Myanmar., Muse, Yangon","MM","Myanmar",23.9932884,97.9102647,"Food|Food & Beverage","Myanmar Trade Promotion Organization (Myantrade) [Public List] (Myantrade Directory of Exporters (as of March 2025))","","","","","","Rice","False"
"MM2025087PDMY8F","2025-03-28","Khit Mya Service Co., Ltd","440, Waizayantar Road, 3 Ward, South Okkalapa, Yangon","MM","Myanmar",16.8524361,96.1673771,"Agriculture|Food|Food & Beverage","Myanmar Trade Promotion Organization (Myantrade) [Public List] (Myantrade Directory of Exporters (as of March 2025))|Myanmar Rice Federation [Public List] (Registered companies as of April 2025)","","","","","","Rice|Rice|Corn","False"
"MM2025087PF0MQ2","2025-03-28","Win Lat Wadi Co., Ltd","Room-103, Building 41, 3rd Floor, Thiri Street, Ward (2), Hlaing, Yangon","MM","Myanmar",16.8266597,96.16264129999999,"Food|Food & Beverage","Myanmar Trade Promotion Organization (Myantrade) [Public List] (Myantrade Directory of Exporters (as of March 2025))","","","","","","Fruits","False"
"MM2025087PFW60S","2025-03-28","Zayangyi Co., Ltd","29x83 Corner, Zayangyi Company Limited, Mandalay, Myanmar., Mandalay, Mandalay","MM","Myanmar",21.964359,96.130939,"Beverages|Food & Beverage","Myanmar Trade Promotion Organization (Myantrade) [Public List] (Myantrade Directory of Exporters (as of March 2025))","","","","","","Picked Tea Leaf","False"
"MM2025087PGWDNP","2025-03-28","Fu Xing Brother Group of Companies","16/17, U Chit Maung Housing, Tamwe, Yangon","MM","Myanmar",16.8156406,96.1686568,"Rubber Products","Myanmar Trade Promotion Organization (Myantrade) [Public List] (Myantrade Directory of Exporters (as of March 2025))","","","","","","Rubber","False"
"MM2025087PHW975","2025-03-28","Hanjen Manufacturing Company Limited.","No (306), Ward (42), No. (4) Road, Kyaung Street, Shwe Pyi Thar Township, Yangon.","MM","Myanmar",17.0310842,96.1358945,"Apparel","Myanmar Garment Manufacturers Association (MGMA) [Public List] (Myanmar Garment Manufacturers Association (Gathered March 2025))|Worldwide Responsible Accredited Production (WRAP Facility List 04222025)","1800","","","","","","False"
"MM2025087PJE77P","2025-03-28","M.Buwon Electronic Co., Ltd","149, Knaung Min Thar Gyi Street, Industrial Zone, East Dagon, Yangon","MM","Myanmar",16.9188097,96.083001,"Electronics","Myanmar Trade Promotion Organization (Myantrade) [Public List] (Myantrade Directory of Exporters (as of March 2025))","","","","","","Earphone|Small Speaker","False"
"MM2025087PJGHPH","2025-03-28","Sandian & Group of Co., Ltd","143, Thudhamar Road, Nga Ward, North Okkalapa, Yangon","MM","Myanmar",16.9197469,96.1686077,"Apparel","Myanmar Trade Promotion Organization (Myantrade) [Public List] (Myantrade Directory of Exporters (as of March 2025))","","","","","","Jackets","False"
"MM2025087PKFDD4","2025-03-28","Anita Asia Limited","137B, Thudama Main Rd, North Okkalapa, Yangon","MM","Myanmar",16.911598,96.166139,"Apparel","Myanmar Garment Manufacturers Association (MGMA) [Public List] (Myanmar Garment Manufacturers Association (Gathered March 2025))|Myanmar Trade Promotion Organization (Myantrade) [Public List] (Myantrade Directory of Exporters (as of March 2025))","","","","","","Swim Suit|Underwear|Sport Wear","False"
"MM2025087PM6RTM","2025-03-28","Lighthouse Mfg.Ltd","Building 57/58, Bahosi Housing, Lanmadaw, Yangon","MM","Myanmar",16.7792342,96.1404381,"Rubber Products","Myanmar Trade Promotion Organization (Myantrade) [Public List] (Myantrade Directory of Exporters (as of March 2025))","","","","","","Rubber","False"
"MM2025087PN5G1K","2025-03-28","Phone Pyae Mhan Co., Ltd","No.1 Yangon-Mandalay Road, Kyun Thar Yar Ward, Bago, Bago","MM","Myanmar",19.4029639,96.26483549999999,"Rubber Products","Myanmar Trade Promotion Organization (Myantrade) [Public List] (Myantrade Directory of Exporters (as of March 2025))","","","","","","Rubber","False"
"MM2025087PP1V60","2025-03-28","Oumi Fashion Myanmar Co., Ltd","153, Twin Thin Tike Wun U Tun Nyo Street, Industrial Zone (1), Hlaingtharya, Yangon","MM","Myanmar",16.8330415,96.21901369999999,"Apparel","Myanmar Trade Promotion Organization (Myantrade) [Public List] (Myantrade Directory of Exporters (as of March 2025))","","","","","","Coat|Jackets","False"
"MM2025087PP2R7Z","2025-03-28","Quality Apperal Co., Ltd","112/A, Amara Street, North Okkalapa Industrial Zone, Mingalardon, Yangon","MM","Myanmar",16.9197469,96.1686077,"Apparel","Myanmar Garment Manufacturers Association (MGMA) [Public List] (Myanmar Garment Manufacturers Association (Gathered March 2025))|Myanmar Trade Promotion Organization (Myantrade) [Public List] (Myantrade Directory of Exporters (as of March 2025))","","","","","","Shirt|Pants|Jackets","False"
"MM2025087PQ7VKM","2025-03-28","Aye Nyein Thar Co., Ltd","Bldg R/4, Rm 302, 3rd Fl, Pan Hlaing Street, Pan Hlaing Ward, Sanchaung, Yangon","MM","Myanmar",16.7979426,96.1280156,"Food|Food & Beverage","Myanmar Trade Promotion Organization (Myantrade) [Public List] (Myantrade Directory of Exporters (as of March 2025))","","","","","","Soft-shell Crab|Fish","False"
"MM2025087PR2CXB","2025-03-28","Fullway Myanmar Clothing Company Limited.","No (83), Block No (14), Min Ayeyar Street, Shwe Than Lwin Industrial Zone, Hlaing Tharyar Township, Yangon.","MM","Myanmar",16.8819286,96.0573302,"Apparel","Myanmar Garment Manufacturers Association (MGMA) [Public List] (Myanmar Garment Manufacturers Association (Gathered March 2025))|Myanmar Trade Promotion Organization (Myantrade) [Public List] (Myantrade Directory of Exporters (as of March 2025))","","","","","","Rain Coat|Pants (Men & Women)","False"
"MM2025087PS6A8S","2025-03-28","United Marketing Co., Ltd","238/240, 1st Floor, Kone Zay Dan Street, Upper Middle Block, Pabedan, Yangon","MM","Myanmar",16.7814112,96.1707856,"Agriculture|Food|Food & Beverage","Myanmar Trade Promotion Organization (Myantrade) [Public List] (Myantrade Directory of Exporters (as of March 2025))","","","","","","Dried Ginger|Tumeric Fingers|Pulses|Beans|Soap Nut|Rice","False"
"MM2025087PSF3E1","2025-03-28","Orient Pearls Co., Ltd","Room-4/A/B/F, 4th Floor, Bo Myat Tun Street, Bo Myat Tun Housing, Pazundaung, Yangon","MM","Myanmar",16.7741971,96.1703179,"Apparel Accessories","Myanmar Trade Promotion Organization (Myantrade) [Public List] (Myantrade Directory of Exporters (as of March 2025))","","","","","","Pearls","False"
"MM2025087PSYJ8S","2025-03-28","Ayeyarwaddy Ground Oil","41-42, 2 Street, Lanmadaw Tsp, Yangon., Lanmadaw, Yangon","MM","Myanmar",16.7770095,96.1380403,"Oil & Gas","Myanmar Trade Promotion Organization (Myantrade) [Public List] (Myantrade Directory of Exporters (as of March 2025))","","","","","","","False"
"MM2025087PTHSW8","2025-03-28","Ayar Thukha San Pulses, Beans Trading Co., Ltd","B/4, Naung Yoe Street, Bayintnaung Warehouse, Mayangone, Yangon","MM","Myanmar",16.8648837,96.10197319999999,"Food|Food & Beverage","Myanmar Trade Promotion Organization (Myantrade) [Public List] (Myantrade Directory of Exporters (as of March 2025))","","","","","","Yellow Corn|Black Gram|Rice","False"
"MM2025087PWNCY3","2025-03-28","Falcon Engineering Co., Ltd","95, Yangon Insein Road, New Khawal Chan Bus Stop Ward (3), Mayangone, Yangon","MM","Myanmar",16.8676122,96.1201255,"Rubber Products","Myanmar Trade Promotion Organization (Myantrade) [Public List] (Myantrade Directory of Exporters (as of March 2025))","","","","","","Rubber","False"
"MM2025087PWPFAK","2025-03-28","Dawei Top Interior Co., Ltd","No.1, Arzarni Road, Shanmalalswal Quarter, Dawei T/s, Taninthary Region., Dawei, Yangon","MM","Myanmar",14.0733476,98.2006176,"Rubber Products","Myanmar Trade Promotion Organization (Myantrade) [Public List] (Myantrade Directory of Exporters (as of March 2025))","","","","","","Rubber","False"
"MM2025087PWYW42","2025-03-28","CMF Myanmar Co., Ltd","250/D, Seikkan Thar Street, Industrial Zone (2), New Zone Market, Hlaingtharya, Yangon","MM","Myanmar",16.7776209,96.163482,"Apparel Accessories","Myanmar Trade Promotion Organization (Myantrade) [Public List] (Myantrade Directory of Exporters (as of March 2025))","","","","","","Handall Bag","False"
"MM2025087PXSSG7","2025-03-28","Kaung Aunt Garment mfg Co., Ltd","44/B, 3, Main Rd, Pyinmabin Industrial Zone, Mingalardon, Yangon","MM","Myanmar",17.0003147,96.1445461,"Apparel","Myanmar Trade Promotion Organization (Myantrade) [Public List] (Myantrade Directory of Exporters (as of March 2025))","","","","","","Boxer|Pants|Jackets","False"
"MM2025087PYJGJT","2025-03-28","Mega Marine Frozen Seafood Co., ltd","81, Thein Phyu Rd, Lower Block, Botahtaung, Yangon","MM","Myanmar",16.7703664,96.16675529999999,"Food|Food & Beverage","Myanmar Trade Promotion Organization (Myantrade) [Public List] (Myantrade Directory of Exporters (as of March 2025))","","","","","","Black Gram|Green Gram|Fish|Gram Whole","False"
"MM2025087Q10TEJ","2025-03-28","Myanmar Artisans","No.14-16, lower 21 street, Latha Tsp, Yangon.","MM","Myanmar",16.7746602,96.1509038,"Apparel","Myanmar Garment Manufacturers Association (MGMA) [Public List] (Myanmar Garment Manufacturers Association (Gathered March 2025))","","","","","","","False"
"MM2025087Q1GDX4","2025-03-28","Known You Seed (Myanmar) Co., Ltd","1/B, Room - 103/104/A/B, Pyay Road, Yandanar Housing, Mayangone, Yangon","MM","Myanmar",16.8761272,96.1372604,"Agriculture|Food|Food & Beverage","Myanmar Trade Promotion Organization (Myantrade) [Public List] (Myantrade Directory of Exporters (as of March 2025))","","","","","","Watermelon Seeds|Melon Seeds","False"
"MM2025087Q2JF1D","2025-03-28","Myanmar S.Flamingo Garment Co., Ltd","Plot No.165, MyayTaing Block 113, East Dagon Myo Thit Tsp. Yangon","MM","Myanmar",16.8520683,96.26946079999999,"Apparel","Myanmar Garment Manufacturers Association (MGMA) [Public List] (Myanmar Garment Manufacturers Association (Gathered March 2025))","","","","","","","False"
"MM2025087Q4T73H","2025-03-28","Fastpoint Co., Ltd.","No.(592), Bo Aung Kyaw Street, Yangon-Pathein Highway Road, Hlaing Thar Yar T/S, Yangon., Hlaing Thar Yar, Yangon","MM","Myanmar",16.7788947,96.1644257,"Food|Food & Beverage","Myanmar Trade Promotion Organization (Myantrade) [Public List] (Myantrade Directory of Exporters (as of March 2025))","","","","","","Rice","False"
"MM2025087Q50J00","2025-03-28","Sewell Garment (Myanmar) Industrial Co., Ltd","17/19, 2nd Street, Ngwe Pin Lae Industrial Zone, Hlaingtharya, Yangon","MM","Myanmar",16.7765003,96.1493922,"Apparel","Myanmar Garment Manufacturers Association (MGMA) [Public List] (Myanmar Garment Manufacturers Association (Gathered March 2025))|Myanmar Trade Promotion Organization (Myantrade) [Public List] (Myantrade Directory of Exporters (as of March 2025))","","","","","","Pajamas|Underwears|Jackets|Animal Suit","False"
"MM2025087Q57RW9","2025-03-28","Snowflake Trading Co., Ltd","P/7, Yamonnar Road, Yamonnar Housing, Dawbon, Yangon","MM","Myanmar",16.7801793,96.19134269999999,"Food|Food & Beverage","Myanmar Trade Promotion Organization (Myantrade) [Public List] (Myantrade Directory of Exporters (as of March 2025))","","","","","","Black Gram|Pigeon Pea|Fishes","False"
"MM2025087Q87FAH","2025-03-28","Three Red Stars Co., Ltd (TRS)","52, Kyan Sit Thar Road, Industrial Zone, East Dagon, Yangon","MM","Myanmar",16.8683943,96.25749719999999,"Consumer Products","Myanmar Trade Promotion Organization (Myantrade) [Public List] (Myantrade Directory of Exporters (as of March 2025))","","","","","","Rattan Furniture|Rattan Handicrafts","False"
"MM2025087Q88575","2025-03-28","Kaung Ko Group Co., Ldt","No.10, Mya Wutt Yee Lane(2), Parami Ave, Ward (9), Mayangone, Yangon","MM","Myanmar",16.8545074,96.14280869999999,"Food|Food & Beverage","Myanmar Trade Promotion Organization (Myantrade) [Public List] (Myantrade Directory of Exporters (as of March 2025))","","","","","","Sesame Powder","False"
"MM2025087Q88WNA","2025-03-28","United Eastern Commerce Ltd (UEC Ltd)","Building 212 (A), RM 403, 3rd Floor, Shwe Gone Daing Road, Shwe Gone Daing Tower, Bahan, Yangon","MM","Myanmar",16.8069274,96.15699070000001,"Wood Products","Myanmar Trade Promotion Organization (Myantrade) [Public List] (Myantrade Directory of Exporters (as of March 2025))","","","","","","Timber|Wood","False"
"MM2025087Q934B4","2025-03-28","Moe Moe Kyaw Co., Ltd","Building 299, 32nd Street, Between 84th Street & 85th Street, Chanayethazan, Mandalay","MM","Myanmar",21.9586016,96.07631239999999,"Food|Food & Beverage","Myanmar Trade Promotion Organization (Myantrade) [Public List] (Myantrade Directory of Exporters (as of March 2025))","","","","","","Sugar","False"
"MM2025087Q98N3J","2025-03-28","Myanmar Pivot Construction & Trading Co., Ltd","504/506, Merchant Street, Corner of 39th Street, 4th Floor, Shwe Myanmar Condo, Kyauktada, Yangon","MM","Myanmar",16.774209,96.1634589,"Food|Food & Beverage","Myanmar Trade Promotion Organization (Myantrade) [Public List] (Myantrade Directory of Exporters (as of March 2025))","","","","","","Black Gram|cigarette|Green Gram|Black Eye Bean","False"
"MM2025087Q9JC0G","2025-03-28","SYSMM Apparel Manufacturing Co., Ltd","No.40, Pabe Kaung Mg Khet Street, Industrial 4, Shwe Pyi Thar Tsp, Yangon.","MM","Myanmar",16.969617,96.0732146,"Apparel","Myanmar Garment Manufacturers Association (MGMA) [Public List] (Myanmar Garment Manufacturers Association (Gathered March 2025))","","","","","","","False"
"MM2025087Q9V3K3","2025-03-28","Mode Boutique","No(288/290), Room(101), 1st floor, MWEA Tower, Shwedagon Pagoda Road, Dagon Tsp.Yangon","MM","Myanmar",16.7822324,96.15377559999999,"Apparel","Myanmar Garment Manufacturers Association (MGMA) [Public List] (Myanmar Garment Manufacturers Association (Gathered March 2025))","","","","","","","False"
"MM2025087QA6BW0","2025-03-28","Silver Way Co., Ltd","170/176, Room 706, 7th Floor, Bo Aung Kyaw Street, MGW Centre, Botahtaung, Yangon","MM","Myanmar",16.7724909,96.1646322,"Food|Food & Beverage","Myanmar Trade Promotion Organization (Myantrade) [Public List] (Myantrade Directory of Exporters (as of March 2025))","","","","","","Ginger|Black Gram|Fishes","False"
"MM2025087QAHB6N","2025-03-28","Kyun Shwe Wah Co., Ltd","151, Room - 901/902/903/904, 9 Floor, Wardan Street, Myawaddy Luxury Complex, Lanmadaw, Yangon","MM","Myanmar",16.7780609,96.14076399999999,"Food|Food & Beverage","Myanmar Trade Promotion Organization (Myantrade) [Public List] (Myantrade Directory of Exporters (as of March 2025))","","","","","","Black Gram|Green Gram|Sesame","False"
"MM2025087QAJ139","2025-03-28","King Kaytumati Garment Co., Ltd","No.291, 292, 288, Mingyiswe Ward, Kaytumati Myothit, Taungoo, Yangon-Mandalay Highway Road, 154 miles. Bago","MM","Myanmar",19.1399571,96.3508526,"Apparel","Myanmar Garment Manufacturers Association (MGMA) [Public List] (Myanmar Garment Manufacturers Association (Gathered March 2025))","","","","","","","False"
"MM2025087QD80RP","2025-03-28","Huafa (Myanmar) Garment Company Limited","Myay Taing Block No 143/3, Kyansitthar Yeik Mon Industrial Zone, South DagonTsp, Yangon.","MM","Myanmar",16.8594042,96.2835458,"Apparel","Myanmar Garment Manufacturers Association (MGMA) [Public List] (Myanmar Garment Manufacturers Association (Gathered March 2025))","","","","","","","False"
"MM2025087QE3071","2025-03-28","Kaung Hlyan Family Co., Ltd.","No.1213, Nay Myo Thura Street, Myittar Nyunt Ward, Tamwe T/S, Yangon., Tamwe, Yangon","MM","Myanmar",16.8115241,96.18053289999999,"Food|Food & Beverage","Myanmar Trade Promotion Organization (Myantrade) [Public List] (Myantrade Directory of Exporters (as of March 2025))","","","","","","Green Bean","False"
"MM2025087QECHRC","2025-03-28","Mianyi Manufacturing Co., Ltd","66, Min Theikdi Kyaw Swar Street, Zone (3), Hlaingtharya, Yangon","MM","Myanmar",16.8546709,96.0688165,"Apparel","Myanmar Trade Promotion Organization (Myantrade) [Public List] (Myantrade Directory of Exporters (as of March 2025))","","","","","","Jackets","False"
"MM2025087QH589G","2025-03-28","Manaw Myay (Shwe War Yong Co., Ltd)","465/466, Yaw Atwin Wun U Phoe Hlaing Street, Shwelinban Industrial Zone, Hlaingtharya, Yangon","MM","Myanmar",16.8502222,96.0849574,"Food|Food & Beverage","Myanmar Trade Promotion Organization (Myantrade) [Public List] (Myantrade Directory of Exporters (as of March 2025))","","","","","","Rice","False"
"MM2025087QJ8MRF","2025-03-28","Grate Wall Willmar Holdings Co., Ltd","D/3, 62nd Street, Industrial Zone, Pyigyitagon, Mandalay","MM","Myanmar",21.9483773,96.11124099999999,"Food|Food & Beverage","Myanmar Trade Promotion Organization (Myantrade) [Public List] (Myantrade Directory of Exporters (as of March 2025))","","","","","","Sugar","False"
"MM2025087QJK5M7","2025-03-28","First Rice & Paddy Trading Company Limited","No.45, 1st Floor, 2nd St, Lanmadaw Tsp, Yangon., Lanmadaw, Yangon","MM","Myanmar",16.7770151,96.1380406,"Food|Food & Beverage","Myanmar Trade Promotion Organization (Myantrade) [Public List] (Myantrade Directory of Exporters (as of March 2025))","","","","","","Rice","False"
"MM2025087QKQ4YN","2025-03-28","Kyarlay Apparel Company Limited","No (164, 166 & 167), Saya San Street, Hlaing Tharyar Industrial Zone (2), Hlaing Tharyar Township, Yangon.","MM","Myanmar",16.8819286,96.0573302,"Apparel","Myanmar Garment Manufacturers Association (MGMA) [Public List] (Myanmar Garment Manufacturers Association (Gathered March 2025))","","","","","","","False"
"MM2025087QNM5F6","2025-03-28","Myanmar May Kaung Wood Based Industry Co., Ltd","905/906, 9th Flr, Shwe Dagon Pagoda Rd, Awea Tower, Dagon, Yangon","MM","Myanmar",16.78367,96.1533558,"Wood Products","Myanmar Trade Promotion Organization (Myantrade) [Public List] (Myantrade Directory of Exporters (as of March 2025))","","","","","","Sawed Wood","False"
"MM2025087QNTA46","2025-03-28","D Frederick Int'l Co., Ltd","41, Min Theikdi Kyaw Swar Street, 2 Ward, Dagon Seikkan Industrial Zone, Dagon Seikkan, Yangon","MM","Myanmar",16.8344399,96.2806526,"Apparel","Myanmar Trade Promotion Organization (Myantrade) [Public List] (Myantrade Directory of Exporters (as of March 2025))","","","","","","Jackets","False"
"MM2025087QP04PS","2025-03-28","Green Villa Co., Ltd","59/A, 2 Floor, 27 Street, Lower Block, Pabedan, Yangon","MM","Myanmar",16.7769571,96.1550291,"Food|Food & Beverage","Myanmar Trade Promotion Organization (Myantrade) [Public List] (Myantrade Directory of Exporters (as of March 2025))","","","","","","Black Gram|Green Gram","False"
"MM2025087QPN8B7","2025-03-28","Kyun Shwe Wah Co., Ltd","42/49/50/51, Set Hmu 3 Street, Industrial Zone - 1, Shwepyitha, Yangon","MM","Myanmar",16.8141062,96.1834233,"Food|Food & Beverage","Myanmar Trade Promotion Organization (Myantrade) [Public List] (Myantrade Directory of Exporters (as of March 2025))","","","","","","Sesame","False"
"MM2025087QPNNJV","2025-03-28","Midas Industry Co., Ltd","236, Corner of Kanaung Min Thar Gyi Street & Twin Thin Tight Wun Htauk U Tun Nyo Street, Zone (2), Hlaing, Yangon","MM","Myanmar",16.850826,96.11559319999999,"Apparel","Myanmar Trade Promotion Organization (Myantrade) [Public List] (Myantrade Directory of Exporters (as of March 2025))","","","","","","Jackets","False"
"MM2025087QPP6C7","2025-03-28","New Forest Co., Ltd","378, Hla Thheingi Street, Karin Village, Shwe Lin Ban Industrial Zone, Hlaingtharya, Yangon","MM","Myanmar",16.914015,96.0652719,"Apparel","Myanmar Garment Manufacturers Association (MGMA) [Public List] (Myanmar Garment Manufacturers Association (Gathered March 2025))|Myanmar Trade Promotion Organization (Myantrade) [Public List] (Myantrade Directory of Exporters (as of March 2025))|An Auditor / Certification Scheme / Service Provider","","","","","","Pants|Blouse|Dress|Peacock feather Coat","False"
"MM2025087QPZ5X0","2025-03-28","Aung Hein Thar Co., Ltd","Between 30th Street & 31st Street and 86th Street & 87th Street, Chanayethazan, Mandalay","MM","Myanmar",21.9780187,96.0741505,"Food|Food & Beverage","Myanmar Trade Promotion Organization (Myantrade) [Public List] (Myantrade Directory of Exporters (as of March 2025))","","","","","","Rice","False"
"MM2025087QQ7PDA","2025-03-28","Sein Than Agro Industry Co., Ltd","Building 17/18, Bahosi Housing, Lanmadaw, Yangon","MM","Myanmar",16.7792342,96.1404381,"Food|Food & Beverage","Myanmar Trade Promotion Organization (Myantrade) [Public List] (Myantrade Directory of Exporters (as of March 2025))","","","","","","Green Gram|Sesame","False"
"MM2025087QQDVZ7","2025-03-28","Kyaw Annawah Co., Ltd","Room-7, Kan Nee Fishery Zone, Shwe Hinthar Ward, Kawthaung, Kawthaung","MM","Myanmar",9.9834116,98.5489463,"Food|Food & Beverage","Myanmar Trade Promotion Organization (Myantrade) [Public List] (Myantrade Directory of Exporters (as of March 2025))","","","","","","Fish","False"
"MM2025087QQFJEF","2025-03-28","Tokyo In Myanmar Co., Ltd","A-10, Mingaladon Industrial Park, Mingalardon, Yangon","MM","Myanmar",16.9421429,96.1566754,"Apparel","Myanmar Garment Manufacturers Association (MGMA) [Public List] (Myanmar Garment Manufacturers Association (Gathered March 2025))|Myanmar Trade Promotion Organization (Myantrade) [Public List] (Myantrade Directory of Exporters (as of March 2025))","","","","","","Dresses (Japanese traditional)","False"
"MM2025087QR4AZE","2025-03-28","Mirae Myanmar Company Limited","Plot No (180-D), Kyan Sit Thar Street, Hlaing Tharyar Industrial Zone (4), Hlaing Tharyar Township, Yangon.","MM","Myanmar",16.8455937,96.2123489,"Apparel","Myanmar Garment Manufacturers Association (MGMA) [Public List] (Myanmar Garment Manufacturers Association (Gathered March 2025))|Myanmar Trade Promotion Organization (Myantrade) [Public List] (Myantrade Directory of Exporters (as of March 2025))","","","","","","Golf Pantss|Jackets|T shirt","False"
"MM2025087QRYC8K","2025-03-28","Mis Bloy traditional cloth bag manufacturing","5/41, Maharvihara street, Ywalut village, Choung Zone Twnship, Mon State, Choung Zone, Choung Zone","MM","Myanmar",16.4382501,97.5220167,"Apparel Accessories","Myanmar Trade Promotion Organization (Myantrade) [Public List] (Myantrade Directory of Exporters (as of March 2025))","","","","","","","False"
"MM2025087QS19YA","2025-03-28","National Wood Industry Ltd","111~113, Pade Wun U Shwe Bin Street, Industrial Zone, East Dagon, Yangon","MM","Myanmar",16.9126237,96.0530378,"Wood Products","Myanmar Trade Promotion Organization (Myantrade) [Public List] (Myantrade Directory of Exporters (as of March 2025))","","","","","","Laminated wood|Parquet","False"
"MM2025087QV089N","2025-03-28","Top Galaxy (Myanmar) Apparel Limited","Yenimyaung Taung Kwin, Holding No, (1, 2)Kwin No.1481, Bawnat Kyee Village Tract, Bago","MM","Myanmar",17.2953565,96.4666372,"Apparel","Myanmar Garment Manufacturers Association (MGMA) [Public List] (Myanmar Garment Manufacturers Association (Gathered March 2025))","","","","","","","False"
"MM2025087QW7ERJ","2025-03-28","Myanmar Postarion Co., Ltd Factory (2) (The Red Hone)","42, 152/153/160, Set Hmu 3rd Street, Zone (1), Shwepyitha, Yangon","MM","Myanmar",16.8141062,96.1834233,"Apparel","Myanmar Trade Promotion Organization (Myantrade) [Public List] (Myantrade Directory of Exporters (as of March 2025))","","","","","","Uniform","False"
"MM2025087QXADPK","2025-03-28","Suitstar Garment Company Limited.","No (1), Theikgyi-Phaungyi Road, Nyaung Inn Junction Ward (9), Okatha Myint, Bago Township, Bago Division.","MM","Myanmar",17.3221255,96.4663546,"Apparel","Myanmar Garment Manufacturers Association (MGMA) [Public List] (Myanmar Garment Manufacturers Association (Gathered March 2025))|Myanmar Trade Promotion Organization (Myantrade) [Public List] (Myantrade Directory of Exporters (as of March 2025))","","","","","","Pants|Coat|Jackets","False"
"MM2025087QXBTQ2","2025-03-28","Huasheng Myanmar Co., Ltd","17, 2, 18/1, Kwin No.(184), Kan Gyi Daung (EaStreet), Blk (4), Kang Gyi Daung, Kangyidaunt, Pathein","MM","Myanmar",16.9431579,94.8455517,"Apparel","Myanmar Trade Promotion Organization (Myantrade) [Public List] (Myantrade Directory of Exporters (as of March 2025))","","","","","","Coat|Jackets|Style Pan|Sport Wear","False"
"MM2025087QXFCKM","2025-03-28","Forerunner Int'l Co., Ltd","No.96, 14th St, Middle Block, Lanmadaw, Yangon","MM","Myanmar",16.7781232,96.14076940000001,"Food|Food & Beverage","Myanmar Trade Promotion Organization (Myantrade) [Public List] (Myantrade Directory of Exporters (as of March 2025))","","","","","","Black Gram|Fish","False"
"MM2025087QXQKEY","2025-03-28","Myanmar Garuda Trading Co., Ltd","9, 18th St, Lower Blk, Latha, Yangon","MM","Myanmar",16.7756783,96.1485596,"Food|Food & Beverage","Myanmar Trade Promotion Organization (Myantrade) [Public List] (Myantrade Directory of Exporters (as of March 2025))","","","","","","Green Gram","False"
"MM2025087QXS1HH","2025-03-28","T.A.T Royal Family Jewellewry Shop","No.285, Yone Thar Ward Magar Aung Myae, Mandalay., Chan Aye Thar San, Mandalay","MM","Myanmar",21.9932777,96.0693804,"Apparel Accessories","Myanmar Trade Promotion Organization (Myantrade) [Public List] (Myantrade Directory of Exporters (as of March 2025))","","","","","","Jewellery|Gems","False"
"MM2025087QYM8MQ","2025-03-28","Sun Impex Co., Ltd","225/227, Room-802, 8th Floor, Bo Aung Kyaw Street, Olympic Tower, Kyauktada, Yangon","MM","Myanmar",16.7740517,96.16420749999999,"Food|Food & Beverage","Myanmar Trade Promotion Organization (Myantrade) [Public List] (Myantrade Directory of Exporters (as of March 2025))","","","","","","Black Gram|Green Gram","False"
"MM2025087QYP2SR","2025-03-28","Triple Nine Great Integrity Trading Co., Ltd.","No.6/63, 15st, Myingyan, Mandalay., Myingyan, Mandalay","MM","Myanmar",21.9980875,96.113838,"Agriculture|Food|Food & Beverage","Myanmar Trade Promotion Organization (Myantrade) [Public List] (Myantrade Directory of Exporters (as of March 2025))","","","","","","Sorghums","False"
"MM2025087QYRN9X","2025-03-28","Nyi Paung Export & Import Co., Ltd.","No.313 Kyan Sit Thar Street, Bayintnaung, Mayangone T/S, Yangon Region., Mayangone, Yangong","MM","Myanmar",16.8449009,96.2119282,"Food|Food & Beverage","Myanmar Trade Promotion Organization (Myantrade) [Public List] (Myantrade Directory of Exporters (as of March 2025))","","","","","","Crab","False"
"MM2025087R05BJC","2025-03-28","Swiss Singapore Overseas Enterprise Pte Ltd","Room-1/2/3, 19th Floor, Sule Square, Kyauktada, Yangon","MM","Myanmar",16.7772679,96.15867279999999,"Food|Food & Beverage","Myanmar Trade Promotion Organization (Myantrade) [Public List] (Myantrade Directory of Exporters (as of March 2025))","","","","","","Rice","False"
"MM2025087R0GQG1","2025-03-28","MSL Industries Fisheries Limited.","Department of Fisheries Compound Insein Township, Yangon, Myanmar., Insein, Yangon","MM","Myanmar",16.8750496,96.1026655,"Food|Food & Beverage","Myanmar Trade Promotion Organization (Myantrade) [Public List] (Myantrade Directory of Exporters (as of March 2025))","","","","","","Shrimp Meat","False"
"MM2025087R0N289","2025-03-28","Tharmardi Orchard Co., Ltd","286, Corner of 84th Street & 37th Street, Maharaungmyay, Mandalay","MM","Myanmar",21.9658245,96.0916748,"Food|Food & Beverage","Myanmar Trade Promotion Organization (Myantrade) [Public List] (Myantrade Directory of Exporters (as of March 2025))","","","","","","Fresh Mango|Banana|Lemon","False"
"MM2025087R13YDS","2025-03-28","Delta World Trading Co., Ltd","110, Bo Aung Kyaw Street, Shwe Than Lwin Industrial Zone, Hlaingtharya, Yangon","MM","Myanmar",16.7735465,96.1645394,"Food|Food & Beverage","Myanmar Trade Promotion Organization (Myantrade) [Public List] (Myantrade Directory of Exporters (as of March 2025))","","","","","","Black Gram|Green Gram|Sesame","False"
"MM2025087R1MWD8","2025-03-28","Shwe Si Sar Co., Ltd","368, 12 Ward, Set Hmu Day Tha Street, Shwepyitha, Yangon","MM","Myanmar",16.9404059,96.0750729,"Apparel","Myanmar Trade Promotion Organization (Myantrade) [Public List] (Myantrade Directory of Exporters (as of March 2025))","","","","","","Hoodie|Woven Knicker","False"
"MM2025087R3218R","2025-03-28","Agrocrop Yangon Co., Ltd","186, Rm 503, 4th Fl, Maharbandoola Rd, Nawarat Center, Pazundaung, Yangon","MM","Myanmar",16.774259,96.17228019999999,"Food|Food & Beverage","Myanmar Trade Promotion Organization (Myantrade) [Public List] (Myantrade Directory of Exporters (as of March 2025))","","","","","","Black Gram|Pigeon Pea","False"
"MM2025087R3CW9Y","2025-03-28","Blessing Intertrade Co., Ltd","51/24+25, Mya Street, Thardukan Industrial Zone, Shwepyitha, Yangon","MM","Myanmar",16.9845706,96.09229219999999,"Apparel","Myanmar Trade Promotion Organization (Myantrade) [Public List] (Myantrade Directory of Exporters (as of March 2025))","","","","","","Pants|Coat|Jackets|Blouse","False"
"MM2025087R4CTQB","2025-03-28","MNAC Co., Ltd","3B/65-C, Eiaksathaya Street, Thumingalar Ward, Thingangyun, Yangon","MM","Myanmar",16.8407245,96.1836875,"Wood Products","Myanmar Trade Promotion Organization (Myantrade) [Public List] (Myantrade Directory of Exporters (as of March 2025))","","","","","","Laminated Ratten","False"
"MM2025087R4GJBV","2025-03-28","Pink Purple Blue Co., Ltd","90th Street, Between 32×33 Street, Mandalay, Aungmyaythazan, Mandalay","MM","Myanmar",21.9694127,96.0649827,"Apparel","Myanmar Trade Promotion Organization (Myantrade) [Public List] (Myantrade Directory of Exporters (as of March 2025))","","","","","","Longyi|Woven","False"
"MM2025087R4W9RB","2025-03-28","Shwin Chang Lone Manufacturing Co., Ltd","G/2, Sein Pan St., Bayint Naung Warehouses, Mayangone, Yangon, Myanmar., Mayangone, Yangon","MM","Myanmar",16.8630212,96.1049884,"Beverages|Food & Beverage","Myanmar Trade Promotion Organization (Myantrade) [Public List] (Myantrade Directory of Exporters (as of March 2025))","","","","","","Green Tea","False"
"MM2025087R51Q18","2025-03-28","Attractive World Co., Ltd","273, Corner of Pinlon Street & Anaw Yahta Street, 37th Ward, North Dagon, Yangon","MM","Myanmar",16.8690778,96.18914869999999,"Agriculture","Myanmar Trade Promotion Organization (Myantrade) [Public List] (Myantrade Directory of Exporters (as of March 2025))","","","","","","Betel Leaf","False"
"MM2025087R54BZX","2025-03-28","Running Tex Co., Ltd","51, Seikkan Thar Street, Ngwe Pin Lae Industrial Zone, Hlaingtharya, Yangon","MM","Myanmar",16.7720932,96.163063,"Apparel","Myanmar Garment Manufacturers Association (MGMA) [Public List] (Myanmar Garment Manufacturers Association (Gathered March 2025))|Myanmar Trade Promotion Organization (Myantrade) [Public List] (Myantrade Directory of Exporters (as of March 2025))","","","","","","Pants|Jackets","False"
"MM2025087R649FC","2025-03-28","Matsuya R& D Myanmar Co., Ltd","A/712, No, (3) Main Rd, Mingalardon Industrial Park, Mingalardon, Yangon","MM","Myanmar",16.9421429,96.1566754,"Unspecified","Myanmar Trade Promotion Organization (Myantrade) [Public List] (Myantrade Directory of Exporters (as of March 2025))","","","","","","Blood Pleasure Armband|Medical Equipment & Supplies","False"
"MM2025087R6YD50","2025-03-28","Rose Yadanar Co., Ltd","134, 2nd Floor, 40th Street, Lower Middle Block, Kyauktada, Yangon","MM","Myanmar",16.7891054,96.1701276,"Wood Products","Myanmar Trade Promotion Organization (Myantrade) [Public List] (Myantrade Directory of Exporters (as of March 2025))","","","","","","Splits in wood|Bamboo sticks","False"
"MM2025087R7ZQ4B","2025-03-28","Win Ocean Trading Co., Ltd","79/81, Room-1503, 15 Floor, Anawrahta Road, Central Tower, Kyauktada, Yangon","MM","Myanmar",16.7765363,96.16399589999999,"Food|Food & Beverage","Myanmar Trade Promotion Organization (Myantrade) [Public List] (Myantrade Directory of Exporters (as of March 2025))","","","","","","Fish","False"
"MM2025087R8DH0G","2025-03-28","Authentic Timber Technology Co., Ltd (Thazin Oo Co., Ltd)","31, Shan Yeik Thar Street, Pann Hlaing Ward, Sanchaung, Yangon","MM","Myanmar",16.7969469,96.1300842,"Agriculture","Myanmar Trade Promotion Organization (Myantrade) [Public List] (Myantrade Directory of Exporters (as of March 2025))","","","","","","Hemp","False"
"MM2025087R9WAB4","2025-03-28","Myint Mar Taung Trading Co., ltd (MMT Trading)","25/B, 87th Street, Between 32nd Street & 33rd Street, Chanayethazan, Mandalay","MM","Myanmar",21.9841724,96.07479339999999,"Food|Food & Beverage","Myanmar Trade Promotion Organization (Myantrade) [Public List] (Myantrade Directory of Exporters (as of March 2025))","","","","","","Black Gram|Green Gram","False"
"MM2025087RAKX26","2025-03-28","White Crane Textile Company Limited","No (92/93), Ka Naung Min Thargyi Street, Hlaing Tharyar Industrial Zone (1), Hlaing Tharyar Township, Yangon.","MM","Myanmar",16.920643,96.08881579999999,"Apparel","Myanmar Garment Manufacturers Association (MGMA) [Public List] (Myanmar Garment Manufacturers Association (Gathered March 2025))|Myanmar Trade Promotion Organization (Myantrade) [Public List] (Myantrade Directory of Exporters (as of March 2025))","","","","","","Pants|Coat|Jackets","False"
"MM2025087RB2AEF","2025-03-28","Yathar Cho Industry Ltd","104, Nwe Khway, Htauk Kyant, Mingalardon Tsp, Mingalardon, Yangon","MM","Myanmar",17.0263881,96.1432736,"Food|Food & Beverage","Myanmar Trade Promotion Organization (Myantrade) [Public List] (Myantrade Directory of Exporters (as of March 2025))","","","","","","Yum Yum Instant Noodle","False"
"MM2025087RCFVVV","2025-03-28","Bright Time Trading Co., Ltd","790, Room (203), 2nd Floor, Bogyoke Aung San Road, Danathiha Centre, Lanmadaw, Yangon","MM","Myanmar",16.7802397,96.1397594,"Food|Food & Beverage","Myanmar Trade Promotion Organization (Myantrade) [Public List] (Myantrade Directory of Exporters (as of March 2025))","","","","","","Corn|Rice","False"
"MM2025087RCHE7W","2025-03-28","Myint Htet Wai Co., Ltd","186, Room-403, 3rd Floor, Mahar Bandoola Road, Nawarat Centre, Pazundaung, Yangon","MM","Myanmar",16.774259,96.17228019999999,"Food|Food & Beverage","Myanmar Trade Promotion Organization (Myantrade) [Public List] (Myantrade Directory of Exporters (as of March 2025))","","","","","","Betel Nut|Black Gram|Tamarind","False"
"MM2025087RDTDKH","2025-03-28","DT","42/69, Kanaung Min Thar Gyi Street, Industrial Zone (1), Shwepyitha, Yangon","MM","Myanmar",16.9188097,96.083001,"Food|Food & Beverage","Myanmar Trade Promotion Organization (Myantrade) [Public List] (Myantrade Directory of Exporters (as of March 2025))","","","","","","Fish","False"
"MM2025087RE7NF3","2025-03-28","High Win International Co., Ltd.","No.107/110 Bamaw Ahtwinwun Street Industrial Zone (2) (39) Sethmu Quarter, Shwe Pyi Thar Township, Yangon, Myanmar., Shwe Pyi Thar, Yangon","MM","Myanmar",16.969617,96.0732146,"Food|Food & Beverage","Myanmar Trade Promotion Organization (Myantrade) [Public List] (Myantrade Directory of Exporters (as of March 2025))","","","","","","Shrimp Meat","False"
"MM2025087REC6T4","2025-03-28","Linda Fashion (Myanmar) Co., Ltd","C/3, No. (3), Main Road, Mingalardon Industrial Park, Mingalardon, Yangon","MM","Myanmar",16.9421429,96.1566754,"Apparel","Myanmar Garment Manufacturers Association (MGMA) [Public List] (Myanmar Garment Manufacturers Association (Gathered March 2025))|Myanmar Trade Promotion Organization (Myantrade) [Public List] (Myantrade Directory of Exporters (as of March 2025))","","","","","","Wedding Dress","False"
"MM2025087REMZR3","2025-03-28","Tri Diamond Trading Co., Ltd","414~422, Strand Road, Latha, Yangon","MM","Myanmar",16.7722557,96.14831029999999,"Food|Food & Beverage","Myanmar Trade Promotion Organization (Myantrade) [Public List] (Myantrade Directory of Exporters (as of March 2025))","","","","","","Black Gram|Ground Nuts|Cow Pea|Soy Bean","False"
"MM2025087RHTCJK","2025-03-28","Moe Mya Chai Co., Ltd","Innwa 3rd St, 372 A, South Okkalapa T/s, Yangon., South Okkalapa, Yangon","MM","Myanmar",16.8453813,96.1740389,"Rubber Products","Myanmar Trade Promotion Organization (Myantrade) [Public List] (Myantrade Directory of Exporters (as of March 2025))","","","","","","Rubber","False"
"MM2025087RHWVTC","2025-03-28","Stylis Star Co., Ltd","44, Thit Taw Street, Saw Yan Paing (East) Ward, Ahlone, Yangon","MM","Myanmar",16.782314,96.1277358,"Unspecified","Myanmar Trade Promotion Organization (Myantrade) [Public List] (Myantrade Directory of Exporters (as of March 2025))","","","","","","Cosmetics|Comestics","False"
"MM2025087RJG3EX","2025-03-28","White Owl Fashion Company Limited.","No.62/63, Myay Taing Quarter, NO.143/1Kyan Sitthar Housing, Industrial Zone (2), South Dagon Tsp.","MM","Myanmar",16.8704983,96.24290450000001,"Apparel","Myanmar Garment Manufacturers Association (MGMA) [Public List] (Myanmar Garment Manufacturers Association (Gathered March 2025))|Myanmar Trade Promotion Organization (Myantrade) [Public List] (Myantrade Directory of Exporters (as of March 2025))","","","","","","Shirt (Men)","False"
"MM2025087RJTKS2","2025-03-28","Ko Pya Gyi Trading Company Limited","R(3, 204), Panhlaing Housing, Panhlaing Street, Sanchaung Township, Yangon, Myanmar., Sanchaung, Yangon","MM","Myanmar",16.7994946,96.1284656,"Food|Food & Beverage","Myanmar Trade Promotion Organization (Myantrade) [Public List] (Myantrade Directory of Exporters (as of March 2025))","","","","","","Rice","False"
"MM2025087RMBSFH","2025-03-28","AT Diamond","West D Shed, Rm 58/59, Bogyoke Aung San Market, Pabedan, Yangon, Myanmar, Pabedan, Yangon","MM","Myanmar",16.7802529,96.1558196,"Apparel Accessories","Myanmar Trade Promotion Organization (Myantrade) [Public List] (Myantrade Directory of Exporters (as of March 2025))","","","","","","Gems","False"
"MM2025087RPHH35","2025-03-28","Lin Htet Aung Myin Co., Ltd","No(54), Khine Shwe War Street, Chan Myae Thazi Township, Mandalay.","MM","Myanmar",21.937224,96.090631,"Apparel","Myanmar Garment Manufacturers Association (MGMA) [Public List] (Myanmar Garment Manufacturers Association (Gathered March 2025))","","","","","","","False"
"MM2025087RPN3MC","2025-03-28","Sonata","157/169, Rm E-1, 36th St., Middle Block, Kyauktada, Yangon, Myanmar, Kyauktada, Yangon","MM","Myanmar",16.7764409,96.1611296,"Consumer Products","Myanmar Trade Promotion Organization (Myantrade) [Public List] (Myantrade Directory of Exporters (as of March 2025))","","","","","","Kitchenware","False"
"MM2025087RQEFWT","2025-03-28","Greenply Inudstries (Myanmar) Co., Ltd","6/7, Thukhitar Street, Industrial Zone, Dagon Seikkan, Yangon","MM","Myanmar",16.853725,96.2748808,"Wood Products","Myanmar Trade Promotion Organization (Myantrade) [Public List] (Myantrade Directory of Exporters (as of March 2025))","","","","","","plywoods|Veneers","False"
"MM2025087RRKQN1","2025-03-28","Tai Yi Int'l Co., Ltd","92/94, 2nd Floor, Bogalay Zay Street, Lower Middle Block, Botahtaung, Yangon","MM","Myanmar",16.7716266,96.1656263,"Footwear","Myanmar Trade Promotion Organization (Myantrade) [Public List] (Myantrade Directory of Exporters (as of March 2025))","","","","","","Shoes","False"
"MM2025087RSYH0J","2025-03-28","Circus Foodstuff Co-op Ltd","108, Insein Road, Kamayut Township, Yangon., Kamayut, Yangon","MM","Myanmar",16.8460731,96.1255941,"Beverages|Food & Beverage","Myanmar Trade Promotion Organization (Myantrade) [Public List] (Myantrade Directory of Exporters (as of March 2025))","","","","","","Marina Bakery","False"
"MM2025087RTFTCS","2025-03-28","Shwe Myinn Cold Store","No.304, Taitamingyi Road, Shwe Lin Ban Industrial Zone, Hlaing Tar Yar Township, Yangon, Hlaing Thar Yar, Yangon","MM","Myanmar",16.914015,96.0652719,"Aquaculture","Myanmar Trade Promotion Organization (Myantrade) [Public List] (Myantrade Directory of Exporters (as of March 2025))","","","","","","Aquatic Product","False"
"MM2025087RWTYFD","2025-03-28","Cobes Industries (Myanmar) Co., Ltd","109, Bo Aung Kyaw Street, Shwe Than Lwin Indusrtrial Zone, Hlaingtharya, Yangon","MM","Myanmar",16.7708886,96.1642162,"Apparel","Myanmar Trade Promotion Organization (Myantrade) [Public List] (Myantrade Directory of Exporters (as of March 2025))","","","","","","Operation Suit","False"
"MM2025087RY4A9Z","2025-03-28","Green Hardwood Enterprises Co., Ltd","90/Kanaung Minthargyi Street, Industrial Zone - 1, Hlaingtharya, Yangon","MM","Myanmar",16.8819286,96.0573302,"Food|Food & Beverage|Wood Products","Myanmar Trade Promotion Organization (Myantrade) [Public List] (Myantrade Directory of Exporters (as of March 2025))","","","","","","Black Gram|Rice|Gram Whole","False"
"MM2025087S0AV3K","2025-03-28","Myanmar SLP Wood Co., Ltd","No.5/B, Bo Tayza St, Yangon Industrial Zone, Mingalardon, Yangon","MM","Myanmar",17.0335369,96.1381374,"Wood Products","Myanmar Trade Promotion Organization (Myantrade) [Public List] (Myantrade Directory of Exporters (as of March 2025))","","","","","","Laminated wood","False"
"MM2025087S169B6","2025-03-28","Diamond Crown Co., Ltd","70, 29th Street, Lower Block, Pabedan, Yangon","MM","Myanmar",16.7737782,96.1564837,"Food|Food & Beverage","Myanmar Trade Promotion Organization (Myantrade) [Public List] (Myantrade Directory of Exporters (as of March 2025))","","","","","","Black Gram|Green Gram|Pigeon Pea","False"
"MM2025087S1F904","2025-03-28","Special Jewellery","Rm Counter 7, G Flr, Kabar Aye Gem Musium and Gem Mart, Mayangone, Yangon, Myanmar, Mayangone, Yangon","MM","Myanmar",16.8616276,96.1473964,"Apparel Accessories","Myanmar Trade Promotion Organization (Myantrade) [Public List] (Myantrade Directory of Exporters (as of March 2025))","","","","","","Gems","False"
"MM2025087S2AK3D","2025-03-28","Aung Moe Khine Manufacturing Co., Ltd.","No.12, Aye Yeik Mon 1st Street, Ward No.32, Hlaing T/S, Yangon Region., Hlaing, Yangong","MM","Myanmar",16.8348733,96.11525329999999,"Food|Food & Beverage","Myanmar Trade Promotion Organization (Myantrade) [Public List] (Myantrade Directory of Exporters (as of March 2025))","","","","","","Crab","False"
"MM2025087S2EY6Z","2025-03-28","Win & Win Co., Ltd","6, Pyay Road, Ward (10), Hlaing, Yangon","MM","Myanmar",16.8403781,96.1349145,"Wood Products","Myanmar Trade Promotion Organization (Myantrade) [Public List] (Myantrade Directory of Exporters (as of March 2025))","","","","","","Sawed Wood|Teak","False"
"MM2025087S4YQDH","2025-03-28","Yangon Technical And Trading Co., Ltd.","No.(531), Room No.(1104), Yetagon Tower, Lower Kyeemyindine Street, Kyeemyindine T/S, Yangon., Kyeemyindine, Yangon","MM","Myanmar",16.7978227,96.12600409999999,"Food|Food & Beverage","Myanmar Trade Promotion Organization (Myantrade) [Public List] (Myantrade Directory of Exporters (as of March 2025))","","","","","","Rice","False"
"MM2025087S5DEW7","2025-03-28","Yee Shin Bakery and Confectionery","4, Corner of Bo Aung Kyaw Street & Depe Yin Won Htauk U Mye Street, Industrial Zone (4) Hlaing Thar Yar Tsp, Yangon., Hlaing Thar Yar, Yangon","MM","Myanmar",16.850826,96.11559319999999,"Beverages|Food & Beverage","Myanmar Trade Promotion Organization (Myantrade) [Public List] (Myantrade Directory of Exporters (as of March 2025))","","","","","","Noodle","False"
"MM2025087S6EGWB","2025-03-28","Best A Garment Co., Ltd","403, Blk (25), Myay Taing Wun Gyi U Hmo Street, Shwelinban, Hlaingtharya, Yangon","MM","Myanmar",16.9022615,96.0652719,"Apparel","Myanmar Trade Promotion Organization (Myantrade) [Public List] (Myantrade Directory of Exporters (as of March 2025))","","","","","","Sweater","False"
"MM2025087S70E44","2025-03-28","Famous Duwon Trading Co., ltd","H/66, Ahthawka Street, Bayintnaung, Mayangone, Yangon","MM","Myanmar",16.8621821,96.10795449999999,"Food|Food & Beverage","Myanmar Trade Promotion Organization (Myantrade) [Public List] (Myantrade Directory of Exporters (as of March 2025))","","","","","","Black Gram|Green Gram|Pigeon Pea","False"
"MM2025087S8D5PV","2025-03-28","MAPCO Golden Lace Co., Ltd","100, Strand Rd, Corner of War Dan St, Maw Tin Ward, Lanmadaw, Yangon","MM","Myanmar",16.7692369,96.16214939999999,"Food|Food & Beverage","Myanmar Trade Promotion Organization (Myantrade) [Public List] (Myantrade Directory of Exporters (as of March 2025))","","","","","","Rice","False"
"MM2025087S8R89W","2025-03-28","Padamyar Co., Ltd","No.72, U Ba Han St, Near Than Lan, Lay Daunt Kan Ward, Thingangyun, Yangon","MM","Myanmar",16.8327406,96.1989832,"Food|Food & Beverage","Myanmar Trade Promotion Organization (Myantrade) [Public List] (Myantrade Directory of Exporters (as of March 2025))","","","","","","Black Gram|Yellow Bean|Green Gram|Pigeon Pea","False"
"MM2025087S96WXK","2025-03-28","Glamour Garment Co., Ltd","158, Shwe Yin Aye Kyaun Street, Zone (5), Hlaingtharya, Yangon","MM","Myanmar",16.8943257,96.0450374,"Apparel","Myanmar Garment Manufacturers Association (MGMA) [Public List] (Myanmar Garment Manufacturers Association (Gathered March 2025))|Myanmar Trade Promotion Organization (Myantrade) [Public List] (Myantrade Directory of Exporters (as of March 2025))","","","","","","Wedding Dress","False"
"MM2025087S9CA2C","2025-03-28","Star Dragon (Myanmar) Enterprise Limited.","No (179+180), Corner of Ngu War Street & Hnin Si Street, Hlaing Tharyar Industrial Zone (5), Hlaing Tharyar Township, Yangon.","MM","Myanmar",16.8819286,96.0573302,"Apparel","Myanmar Garment Manufacturers Association (MGMA) [Public List] (Myanmar Garment Manufacturers Association (Gathered March 2025))","","","","","","","False"
"MM2025087SC587B","2025-03-28","Anawa Devi Fishing & General Trading Co., Ltd","136/A, Myoh Patt Street, Thin Baw Kyin Ward, Dawbon, Yangon","MM","Myanmar",16.7826503,96.1858472,"Food|Food & Beverage","Myanmar Trade Promotion Organization (Myantrade) [Public List] (Myantrade Directory of Exporters (as of March 2025))","","","","","","Fish","False"
"MM2025087SCB6X5","2025-03-28","Blue Bird Co., Ltd","9/11, Room 302/E, 3rd Floor, 36th Street, Lower Block, Kyauktada, Yangon","MM","Myanmar",16.77345,96.14633959999999,"Agriculture|Tobacco Products","Myanmar Trade Promotion Organization (Myantrade) [Public List] (Myantrade Directory of Exporters (as of March 2025))","","","","","","Tobacco","False"
"MM2025087SCH7WB","2025-03-28","UHS Myanmar Co., Ltd","5, 140th Street, Ma U Gone Ward, Tamwe, Yangon","MM","Myanmar",16.7960202,96.1750271,"Wood Products","Myanmar Trade Promotion Organization (Myantrade) [Public List] (Myantrade Directory of Exporters (as of March 2025))","","","","","","Laminated wood","False"
"MM2025087SD5WTK","2025-03-28","Road To Success","28, Ngu War Street, Aye Yeik Mon Housing, Hlaing, Yangon","MM","Myanmar",16.8379817,96.1199262,"Food|Food & Beverage","Myanmar Trade Promotion Organization (Myantrade) [Public List] (Myantrade Directory of Exporters (as of March 2025))","","","","","","Rice|Green Gram","False"
"MM2025087SDFWBE","2025-03-28","Golden & Five Myanmar Co., Ltd","Plot No.53, Myay Taing Block No.21, Mya Sein Yaung Industrial Zone, Hlaing Thar Yar Tsp, Yangon","MM","Myanmar",16.8792057,96.00182889999999,"Apparel","Myanmar Garment Manufacturers Association (MGMA) [Public List] (Myanmar Garment Manufacturers Association (Gathered March 2025))","","","","","","","False"
"MM2025087SDSJ47","2025-03-28","Myanmar Tencent Fashion Co., Ltd","No.42/86, Cherry Street, Shwe Pyi Thar Industrial Zone 1, Shwe Pyi Thar Tsp","MM","Myanmar",16.9337149,96.0872415,"Apparel","Myanmar Garment Manufacturers Association (MGMA) [Public List] (Myanmar Garment Manufacturers Association (Gathered March 2025))","","","","","","","False"
"MM2025087SEHE1S","2025-03-28","Tosevaq Timber Pte Ltd","422/426, Strand Road, International Commercial Centre, Botahtaung, Yangon","MM","Myanmar",16.7691861,96.17543020000001,"Wood Products","Myanmar Trade Promotion Organization (Myantrade) [Public List] (Myantrade Directory of Exporters (as of March 2025))","","","","","","plywoods|Veneers|Wood","False"
"MM2025087SF12DA","2025-03-28","Bamaw Veneer & Timber Products Co., Ltd","44, Mya Taung Wun Gyi U Hmo Street, Industrial Zone (3), Shwepyitha, Yangon","MM","Myanmar",16.8337041,96.2817994,"Wood Products","Myanmar Trade Promotion Organization (Myantrade) [Public List] (Myantrade Directory of Exporters (as of March 2025))","","","","","","Plywood|Veneers","False"
"MM2025087SFB0MS","2025-03-28","Shwe Pan Co., Ltd","207/243, Myat Lay Street, Nyar Na Ward, Mingalardon, Yangon","MM","Myanmar",16.9741855,96.1507877,"Food|Food & Beverage","Myanmar Trade Promotion Organization (Myantrade) [Public List] (Myantrade Directory of Exporters (as of March 2025))","","","","","","Honey|Apiculture","False"
"MM2025087SFT0M8","2025-03-28","Myanmar CNFC Cold Storage","Plot No.23, No. Part-3, Hlaing Tharyar Industrial Zone, Hlaing Tharyar Township, Yangon, Myanmar., Hlaing Tharyar, Yangon","MM","Myanmar",16.8819286,96.0573302,"Food|Food & Beverage","Myanmar Trade Promotion Organization (Myantrade) [Public List] (Myantrade Directory of Exporters (as of March 2025))","","","","","","Shrimp Meat","False"
"MM2025087SFV3KB","2025-03-28","Melody Global Co., Ltd","26-28, Tike Gyi- Bago Road, Oak Thar Myoe Thit (7) Ward, Bago, Bago","MM","Myanmar",17.3220711,96.4663286,"Footwear","Myanmar Trade Promotion Organization (Myantrade) [Public List] (Myantrade Directory of Exporters (as of March 2025))","","","","","","","False"
"MM2025087SK4125","2025-03-28","Tin Win Tun Production","96/987/98, Yaw Ah Twin Wun U Poe Hlaing Street, Dagon Seikkan, Yangon","MM","Myanmar",16.8286886,96.2331044,"Wood Products","Myanmar Trade Promotion Organization (Myantrade) [Public List] (Myantrade Directory of Exporters (as of March 2025))","","","","","","Timber|Wood","False"
"MM2025087SM4PA3","2025-03-28","YST Co., Ltd","195, Min Gyi Mahar Min Khaung Street & U Yay Paw Street, Shwelinban, Hlaingtharya, Yangon","MM","Myanmar",16.9022615,96.0652719,"Apparel","Myanmar Trade Promotion Organization (Myantrade) [Public List] (Myantrade Directory of Exporters (as of March 2025))","","","","","","Pants|Clothing","False"
"MM2025087SNGTX7","2025-03-28","Power Maw Shan Co., Ltd","340, Baydar Street, Corner of Aung Thapyay Street, Pearl Myoe Thit Word (2), Mingalardon, Yangon","MM","Myanmar",16.8552525,96.2123725,"Agriculture|Food|Food & Beverage","Myanmar Trade Promotion Organization (Myantrade) [Public List] (Myantrade Directory of Exporters (as of March 2025))","","","","","","Tea Leaves|Organic Tea Leaf|Dried Tea Leaves","False"
"MM2025087STT6SY","2025-03-28","Great Apex Int'l Co., Ltd","71-73, Malikha Street, Industrial Zone (5), Hlaingtharya, Yangon","MM","Myanmar",16.8819286,96.0573302,"Furniture|Wood Products","Myanmar Trade Promotion Organization (Myantrade) [Public List] (Myantrade Directory of Exporters (as of March 2025))","","","","","","plywoods|Veneers","False"
"MM2025087SVMQCX","2025-03-28","JTY (Myanmar) Company Limited","Plot No (37), Middle Street, Ngwe Pin Lae Industrial Zone, Hlaing Tharyar Township, Yangon.","MM","Myanmar",16.8819286,96.0573302,"Apparel","Myanmar Garment Manufacturers Association (MGMA) [Public List] (Myanmar Garment Manufacturers Association (Gathered March 2025))","","","","","","","False"
"MM2025087SVVE8Q","2025-03-28","Tea Art Co., Ltd","No(18/A) Koh Min Koh Chin Road, Bahan Tsp, Yangon., Bahan, Yangon","MM","Myanmar",16.8978016,96.1077366,"Beverages|Food & Beverage","Myanmar Trade Promotion Organization (Myantrade) [Public List] (Myantrade Directory of Exporters (as of March 2025))","","","","","","Pu'er Tea|Green Tea","False"
"MM2025087SWK9Y1","2025-03-28","Myanmar Hua Qiang Wood Industrial Co., Ltd","Kyae Taing Pyin Kwin, Oo Paing No.838, Kwin O.S.S. (9), Thanphyuzayat T/s, Mon State., Thanphyuzayat, Mon","MM","Myanmar",15.8543003,97.76340189999999,"Rubber Products","Myanmar Trade Promotion Organization (Myantrade) [Public List] (Myantrade Directory of Exporters (as of March 2025))","","","","","","Rubber","False"
"MM2025087SX6TQZ","2025-03-28","Myanmar King Fish Ltd","4/64, Min Gyi Maha Min Khaung St, IZ (3), Shwepyitha, Yangon","MM","Myanmar",16.9575267,96.0766582,"Food|Food & Beverage","Myanmar Trade Promotion Organization (Myantrade) [Public List] (Myantrade Directory of Exporters (as of March 2025))|Myanmar Trade Promotion Organization (Myantrade) [Public List] (Myantrade Directory of Exporters (as of March 2025))","","","","","","Fish|Shrimp Meat","False"
"MM2025087SXDPBP","2025-03-28","Sky Seagull Trading Co., Ltd","No.(61), RoomNo. (601/602), Kyaung Gyi St., Dagon Tsp., Yangon., Dagon, Yangon","MM","Myanmar",16.9194736,96.1679671,"Food|Food & Beverage","Myanmar Trade Promotion Organization (Myantrade) [Public List] (Myantrade Directory of Exporters (as of March 2025))","","","","","","Food Stuff","False"
"MM2025087SXSEEX","2025-03-28","Mori's Myanmar Co., Ltd","1/B, Winkabar St, Bo Cho Ward (1), Bahan, Yangon","MM","Myanmar",16.8025814,96.1618765,"Apparel Accessories","Myanmar Trade Promotion Organization (Myantrade) [Public List] (Myantrade Directory of Exporters (as of March 2025))","","","","","","Gem","False"
"MM2025087SXTD4K","2025-03-28","Thantwe Marine Products Co., Ltd","170, U Tayoke Gyi Street, Industrial Zone (4), Hlaingtharya, Yangon","MM","Myanmar",16.8571296,96.0602623,"Food|Food & Beverage","Myanmar Trade Promotion Organization (Myantrade) [Public List] (Myantrade Directory of Exporters (as of March 2025))","","","","","","Crab|Fish|Prawn","False"
"MM2025087SYBKEN","2025-03-28","Myanmar Paddy Producers Association","Office 2 & 4, Level 5, UMFCCI Officer Tower, 29, Min Ye Kyaw Swar St; Kanmadaw Tsp, Yangon, Kanmadaw, Yangon","MM","Myanmar",16.7985835,96.1950172,"Food|Food & Beverage","Myanmar Trade Promotion Organization (Myantrade) [Public List] (Myantrade Directory of Exporters (as of March 2025))","","","","","","Paddy & Rice","False"
"MM2025087T01K77","2025-03-28","Kojima Iryo (Myanmar) Company Limited","No.(89), Ayar Road, Aye Mya Tharyar Myo Thit, Oakpho Tsp, Tharyar Waddy Region, Bago","MM","Myanmar",18.0932365,95.7405139,"Apparel","Myanmar Garment Manufacturers Association (MGMA) [Public List] (Myanmar Garment Manufacturers Association (Gathered March 2025))","","","","","","","False"
"MM2025087T2EWB3","2025-03-28","Eastern Ocean Company Limited","No.A/170 Yoe Gyi Chaung Part Street Bayint Naung Pwe Yone, Ma Yan Gone Township Yangon., Ma Yan Gone, Yangon","MM","Myanmar",16.8616276,96.1473964,"Aquaculture","Myanmar Trade Promotion Organization (Myantrade) [Public List] (Myantrade Directory of Exporters (as of March 2025))","","","","","","Aquatic Product","False"
"MM2025087T2G8SZ","2025-03-28","Taw Win Myanmar","41, Kanaungminthargyi Rd, Industrial Zone - 1, Hlaingtharya, Yangon","MM","Myanmar",16.8819286,96.0573302,"Apparel","Myanmar Trade Promotion Organization (Myantrade) [Public List] (Myantrade Directory of Exporters (as of March 2025))","","","","","","woven pant (Men & Women/kids)|Jackets|Jean Pants","False"
"MM2025087T2JDN2","2025-03-28","Three Millet Garment Co., Ltd","No. (220/221), Myay Taing Block No.18, Bo Tayza Road, Shwe Pauk Kan Industrial Zone, North Okkalapa Tsp, Yangon","MM","Myanmar",16.9197469,96.1686077,"Apparel","Myanmar Garment Manufacturers Association (MGMA) [Public List] (Myanmar Garment Manufacturers Association (Gathered March 2025))","","","","","","","False"
"MM2025087T4QRPN","2025-03-28","Aung Kyun Thar Co., Ltd.","No.61/4. Yaw Min Gyi Street, Dagon Township, Yangon., Dagon, Yangon","MM","Myanmar",16.7828867,96.1585364,"Food|Food & Beverage","Myanmar Trade Promotion Organization (Myantrade) [Public List] (Myantrade Directory of Exporters (as of March 2025))","","","","","","Sesame","False"
"MM2025087T4TXPX","2025-03-28","Myanmar Yangon Richang Apparel Co., Ltd (NISHO)","230, U Yin Baw Street, Shwe Lin Ban Industrial Zone, Hlaingtharya, Yangon","MM","Myanmar",16.914015,96.0652719,"Apparel","Myanmar Garment Manufacturers Association (MGMA) [Public List] (Myanmar Garment Manufacturers Association (Gathered March 2025))|Myanmar Trade Promotion Organization (Myantrade) [Public List] (Myantrade Directory of Exporters (as of March 2025))","","","","","","Skirt|Pantss","False"
"MM2025087T4WEKD","2025-03-28","Myanmar Sincerece Company Limited.","No (10), Seikkan Thar Street, Shwe Than Lwin Industrial Zone, Hlaing Tharyar Township, Yangon.","MM","Myanmar",16.866343,96.0347413,"Apparel","Myanmar Garment Manufacturers Association (MGMA) [Public List] (Myanmar Garment Manufacturers Association (Gathered March 2025))","","","","","","","False"
"MM2025087T5E605","2025-03-28","Shunrong Garments Myanmar Co., Ltd","No-77, 78, Myay Taing Block No. Section (B), Industrial Zone, Hlaing Tharyar Tsp","MM","Myanmar",16.8565476,96.0670174,"Apparel","Myanmar Garment Manufacturers Association (MGMA) [Public List] (Myanmar Garment Manufacturers Association (Gathered March 2025))","","","","","","","False"
"MM2025087T5TWZ6","2025-03-28","Pioneer Power Tools Co., Ltd.","113, G Flr, Shwe Dagon Pagoda Rd., Latha, Yangon, Myanmar, Latha, Yangon","MM","Myanmar",16.7773235,96.1532085,"Machinery Manufacturing|Manufacturing","Myanmar Trade Promotion Organization (Myantrade) [Public List] (Myantrade Directory of Exporters (as of March 2025))","","","","","","Machinery","False"
"MM2025087T68ZF8","2025-03-28","Billion Bay Co., Ltd","Holding No.60, Kwin 1333 Bo Kyee Kone, Ma Kyee Kwin Village Group, Tharyarwaddy Tsp, Bago","MM","Myanmar",17.3220711,96.4663286,"Apparel","Myanmar Garment Manufacturers Association (MGMA) [Public List] (Myanmar Garment Manufacturers Association (Gathered March 2025))","","","","","","","False"
"MM2025087T6EB7J","2025-03-28","TMO Co., Ltd","37, Kyauk Yay Twin, North Okkalapa, Yangon","MM","Myanmar",16.8832041,96.15311179999999,"Food|Food & Beverage","Myanmar Trade Promotion Organization (Myantrade) [Public List] (Myantrade Directory of Exporters (as of March 2025))","","","","","","Fish|Crab","False"
"MM2025087T6YT4E","2025-03-28","Ngwe Moe Family Co., Ltd","No.13 Maha Thuka St., Pazundaung, Yangon","MM","Myanmar",16.7829886,96.1718337,"Food|Food & Beverage","Myanmar Trade Promotion Organization (Myantrade) [Public List] (Myantrade Directory of Exporters (as of March 2025))","","","","","","Black Gram","False"
"MM2025087T746WS","2025-03-28","Shwe Kasone Co., Ltd","G/3, Kanaung Min Thar Gyi Street, Corner of Yangon-Pathein Road, Hlaingtharya, Yangon","MM","Myanmar",16.8880467,96.04835899999999,"Agriculture|Food|Food & Beverage","Myanmar Trade Promotion Organization (Myantrade) [Public List] (Myantrade Directory of Exporters (as of March 2025))","","","","","","Elephant Foot Yam","False"
"MM2025087T7CY30","2025-03-28","Rain Mart Enterprise Corporation","17, 4th Street (Zaykabar), Yangon Industrial Zone, Mingalardon, Yangon","MM","Myanmar",16.7772353,96.1389153,"Apparel","Myanmar Trade Promotion Organization (Myantrade) [Public List] (Myantrade Directory of Exporters (as of March 2025))","","","","","","Rain Coats|Jackets|Knitter Wear|Down Jackets|Sport Wear","False"
"MM2025087T8XTP1","2025-03-28","Tough Way Garment Manufacturing Company Limited.","No (42/52) (A+B), Ka Naung Min Thargyi Street, Shwe Pyi Thar Industrial Zone (1), Shwe Pyi Thar Township, Yangon.","MM","Myanmar",16.920643,96.08881579999999,"Apparel","Myanmar Garment Manufacturers Association (MGMA) [Public List] (Myanmar Garment Manufacturers Association (Gathered March 2025))|Myanmar Trade Promotion Organization (Myantrade) [Public List] (Myantrade Directory of Exporters (as of March 2025))","","","","","","Pantss|Coat|Shirt|T shirt","False"
"MM2025087T9EZ13","2025-03-28","Golden Everest Co., Ltd","139, 1st Floor, 27th Street, Upper Middle Block, Pabedan, Yangon","MM","Myanmar",16.8021992,96.13233129999999,"Food|Food & Beverage","Myanmar Trade Promotion Organization (Myantrade) [Public List] (Myantrade Directory of Exporters (as of March 2025))","","","","","","Black Gram|Sesame","False"
"MM2025087TBJ7AT","2025-03-28","TK-Interiors Co., Ltd","3, Ingyin Street, Nyar Na Ward, Pearl Myo Thit, Mingalardon, Yangon","MM","Myanmar",16.8211249,96.1932382,"Wood Products","Myanmar Trade Promotion Organization (Myantrade) [Public List] (Myantrade Directory of Exporters (as of March 2025))","","","","","","Rattan Semi-Products|Rattan Handicrafts","False"
"MM2025087TCA0NQ","2025-03-28","Pan Lay Pyay Co., Ltd","15/16, Ar Zarni Street, Ward (3), Shwepyitha, Yangon","MM","Myanmar",16.7873772,96.19323709999999,"Apparel","Myanmar Trade Promotion Organization (Myantrade) [Public List] (Myantrade Directory of Exporters (as of March 2025))","","","","","","Blouse|Skirt","False"
"MM2025087TCEJD5","2025-03-28","Myan Yi MFG Co., Ltd","66, Min Thitdi Kyaw Swar Street, Zone (3), Hlaingtharya, Yangon","MM","Myanmar",16.8815705,96.0466821,"Apparel","Myanmar Trade Promotion Organization (Myantrade) [Public List] (Myantrade Directory of Exporters (as of March 2025))","","","","","","Long Coat|Safety Wears Reflective","False"
"MM2025087TEMXN0","2025-03-28","Anawar Hlwan Co., Ltd","584, Hlaing River Road, Hlaingtharyar Indusrtial Zone (1), Hlaingtharya, Yangon","MM","Myanmar",16.8763589,96.0672247,"Food|Food & Beverage","Myanmar Trade Promotion Organization (Myantrade) [Public List] (Myantrade Directory of Exporters (as of March 2025))","","","","","","Fish","False"
"MM2025087TFHE5Z","2025-03-28","Topline Global Co.Ltd","Plot No(245), Myay Taing, Shwe Lin Ban Industrial Zone, Hlaing Tharyar Tsp, Yangon","MM","Myanmar",16.914015,96.0652719,"Apparel","Myanmar Garment Manufacturers Association (MGMA) [Public List] (Myanmar Garment Manufacturers Association (Gathered March 2025))","","","","","","","False"
"MM2025087TGEAYJ","2025-03-28","United K.M.K Co., Ltd","S/A, Set San 1st Street, Set San Ward, Mingalar Taungnyunt, Yangon","MM","Myanmar",16.7899188,96.18113969999999,"Food|Food & Beverage","Myanmar Trade Promotion Organization (Myantrade) [Public List] (Myantrade Directory of Exporters (as of March 2025))","","","","","","Shrimp","False"
"MM2025087TGF8N8","2025-03-28","Myat Tagon Trading Co., Ltd.","122, Thudhamar Rd., Hta Wun Bae Ward, North Okkalapa, Yangon, Myanmar, North Okkalapa, Yangon","MM","Myanmar",16.8957507,96.1588376,"Oil & Gas","Myanmar Trade Promotion Organization (Myantrade) [Public List] (Myantrade Directory of Exporters (as of March 2025))","","","","","","","False"
"MM2025087THFPDF","2025-03-28","Booming Luck Co., Ltd","119, Lower Kyee Myin Daing Road, Saw Yan Paing (East) Ward, Ahlone, Yangon","MM","Myanmar",16.8086025,96.1228751,"Food|Food & Beverage","Myanmar Trade Promotion Organization (Myantrade) [Public List] (Myantrade Directory of Exporters (as of March 2025))|Myanmar Trade Promotion Organization (Myantrade) [Public List] (Myantrade Directory of Exporters (as of March 2025))","","","","","","Green Bean|Onion|Brown Bean|Tamarind|Green Gram|Red Kidney Bean|Black Eye Bean|Black gram","False"
"MM2025087TJK8YQ","2025-03-28","Myanbisco Food Industries Co., Ltd","109/110, Pearl Road, Industrial Zone - 3, Shwepyitha, Yangon","MM","Myanmar",16.9753379,96.07851040000001,"Food|Food & Beverage","Myanmar Trade Promotion Organization (Myantrade) [Public List] (Myantrade Directory of Exporters (as of March 2025))","","","","","","Cookies|Crackers|Biscuits","False"
"MM2025087TJW161","2025-03-28","Htun International Manufacturing Co., Ltd","190/B, Seikkanthar Street, Industrial Zone - 1, Hlaingtharya, Yangon","MM","Myanmar",16.777319,96.16311759999999,"Footwear","Myanmar Trade Promotion Organization (Myantrade) [Public List] (Myantrade Directory of Exporters (as of March 2025))","","","","","","Shoes","False"
"MM2025087TKGB3X","2025-03-28","O.K Brothers Enterprise Ltd","17/19, Heldan Street, Lower Block, Lanmadaw, Yangon","MM","Myanmar",16.77345,96.14633959999999,"Food|Food & Beverage","Myanmar Trade Promotion Organization (Myantrade) [Public List] (Myantrade Directory of Exporters (as of March 2025))","","","","","","Green Gram","False"
"MM2025087TKM7NF","2025-03-28","Padamyar Yaung Chi Co., Ltd","Between parami and Corner of Waizayandar Rd, No.1, South Okkalapa, Yangon","MM","Myanmar",16.856815,96.173069,"Animal Production|Food|Food & Beverage","Myanmar Trade Promotion Organization (Myantrade) [Public List] (Myantrade Directory of Exporters (as of March 2025))","","","","","","Edible Bird's Nest","False"
"MM2025087TP8TDH","2025-03-28","Shwe Super Light Co., Ltd","No.715, Merchant Street, Pabedan Township, Yangon Region., Pabedan, Yangon","MM","Myanmar",16.772028,96.15421459999999,"Beverages|Food & Beverage","Myanmar Trade Promotion Organization (Myantrade) [Public List] (Myantrade Directory of Exporters (as of March 2025))","","","","","","Super Coffee Mix","False"
"MM2025087TPGE33","2025-03-28","China Morning (Myanmar) Company Limited.","Plot No (25), No (373), Daw Phwar Shin Street, Shwe Lin Ban Industrial Zone, Hlaing Tharyar Township, Yangon.","MM","Myanmar",16.914015,96.0652719,"Apparel","Myanmar Garment Manufacturers Association (MGMA) [Public List] (Myanmar Garment Manufacturers Association (Gathered March 2025))|Myanmar Trade Promotion Organization (Myantrade) [Public List] (Myantrade Directory of Exporters (as of March 2025))","","","","","","Shirt","False"
"MM2025087TPJZE1","2025-03-28","Shwe Taung koe lone Brothers Co., Ltd","105th Street x 53th (A) Corner, Chan Mya Thar Si Township, Mandalay., Chan Mya Thar Si, Yangon","MM","Myanmar",21.9404277,96.1049958,"Beverages|Food & Beverage","Myanmar Trade Promotion Organization (Myantrade) [Public List] (Myantrade Directory of Exporters (as of March 2025))","","","","","","Green Tea","False"
"MM2025087TRMNN2","2025-03-28","Thwin Su Htwe Fashion & Design","1, Thamardi Street, 14 Ward, Kyauk Kone, Yankin, Yangon","MM","Myanmar",16.8040669,96.1743291,"Apparel","Myanmar Trade Promotion Organization (Myantrade) [Public List] (Myantrade Directory of Exporters (as of March 2025))","","","","","","Wedding Dress|Evening Dress","False"
"MM2025087TS2KNF","2025-03-28","Maou Ouk Shaung International Co., Ltd.","No.12-194, Room 3D, E & F, Botahtaung Pagoda Road, Pazundaung Township, Yangon., Pazundaung, Yangon","MM","Myanmar",16.7757971,96.1726638,"Food|Food & Beverage","Myanmar Trade Promotion Organization (Myantrade) [Public List] (Myantrade Directory of Exporters (as of March 2025))","","","","","","Sesame","False"
"MM2025087TSPJZC","2025-03-28","Latt Aung Kyaw Zaw Co., Ltd","16, 1 Floor, Sagaing Street, Lin Lon (North) Ward, Sanchaung, Yangon","MM","Myanmar",16.8080763,96.1273401,"Agriculture|Food|Food & Beverage","Myanmar Trade Promotion Organization (Myantrade) [Public List] (Myantrade Directory of Exporters (as of March 2025))","","","","","","Noni Fruit","False"
"MM2025087TTQF4G","2025-03-28","Aung Myint Marr Co., Ltd","7/D, Aye Tharyar Street, Man Aung Ward, Tamwe, Yangon","MM","Myanmar",16.8251892,96.1729192,"Food|Food & Beverage","Myanmar Trade Promotion Organization (Myantrade) [Public List] (Myantrade Directory of Exporters (as of March 2025))","","","","","","Black Gram","False"
"MM2025087TV42K0","2025-03-28","LP (Myanmar) Industrial Manufacturing Co., Ltd","Plot No.41, Myay Taing Block No.50, Thardukkan Industrial Zone, Shwe Pyi Thar, Yangon., Shwe Pyi Thar, Yangon","MM","Myanmar",17.0065317,96.0705583,"Rubber Products","Myanmar Trade Promotion Organization (Myantrade) [Public List] (Myantrade Directory of Exporters (as of March 2025))","","","","","","Rubber","False"
"MM2025087TWGEGP","2025-03-28","Lucky Circle Trading Co., Ltd","G/62-B, Padauk Street, Bayintnaung, Mayangone, Yangon","MM","Myanmar",16.8584851,96.1087208,"Food|Food & Beverage","Myanmar Trade Promotion Organization (Myantrade) [Public List] (Myantrade Directory of Exporters (as of March 2025))","","","","","","Pigeon Pea|Black Gram|Green Gram","False"
"MM2025087TWK8RV","2025-03-28","Kyal Sone Lucky Company Limited","No(B/79), Corner of Kyun Shwe Wah Street and Kargyiwon Park Street, Bayint Naung, Mayangone Yangon Region Township, Yangon., Mayangone, Yangon","MM","Myanmar",16.8621821,96.10795449999999,"Aquaculture","Myanmar Trade Promotion Organization (Myantrade) [Public List] (Myantrade Directory of Exporters (as of March 2025))","","","","","","Aquatic Product","False"
"MM2025087TWM4FF","2025-03-28","Jiaxi Yangon Garment Co., Ltd","511/A, Har Khor Street, Zone (1), South Dagon, Yangon","MM","Myanmar",16.8704983,96.24290450000001,"Apparel","Myanmar Trade Promotion Organization (Myantrade) [Public List] (Myantrade Directory of Exporters (as of March 2025))","","","","","","Underwear|Brassier","False"
"MM2025087TWNBMW","2025-03-28","Ya Nant Thit Fashion","No.10, 25*26, 62*63, Myasadar Street, Zayar Bone, Maharaung Myay, Mandalay.","MM","Myanmar",21.965231,96.1122025,"Apparel","Myanmar Garment Manufacturers Association (MGMA) [Public List] (Myanmar Garment Manufacturers Association (Gathered March 2025))","","","","","","","False"
"MM2025087TYW028","2025-03-28","Fulltex Co., Ltd","4/5/27/40, Blk (1098/Ka), Hpa An Hlaingbwe Rd, Hpa An Industrial Zone (1), Hpa-An, Hpa-An","MM","Myanmar",16.875913,97.64396110000001,"Apparel","Myanmar Trade Promotion Organization (Myantrade) [Public List] (Myantrade Directory of Exporters (as of March 2025))","","","","","","Knitting Wear|Sweater","False"
"MM2025087TZ468X","2025-03-28","Top Partner Company Limited","No(56), 6th Floor, 6th Street, Lanmadaw Tsp, Yangon, Myanmar., Lanmadaw, Yangon","MM","Myanmar",16.7766296,96.1403387,"Food|Food & Beverage","Myanmar Trade Promotion Organization (Myantrade) [Public List] (Myantrade Directory of Exporters (as of March 2025))","","","","","","Rice","False"
"MM2025087V03YM2","2025-03-28","ZPG Zay Pharmaceutical Group Company","No 580, Minyaekyawsaw Street, 3 Quater, Hmawbi Township, Yangon., Hmawbi, Hmawbi","MM","Myanmar",17.1005634,96.04375069999999,"Pharmaceuticals","Myanmar Trade Promotion Organization (Myantrade) [Public List] (Myantrade Directory of Exporters (as of March 2025))","","","","","","Povidone iodine Solution|Methylated Spirit|Povidone iodine Surgical Scrub|Zinc Oxide ointment|Detergent Solution","False"
"MM2025087V086B6","2025-03-28","Toe Tet Linn Co., Ltd","797, Room B/001, Bogyoke Aung San Road, MAC Tower II, Lanmadaw, Yangon","MM","Myanmar",16.8836309,96.0747873,"Food|Food & Beverage","Myanmar Trade Promotion Organization (Myantrade) [Public List] (Myantrade Directory of Exporters (as of March 2025))|Myanmar Trade Promotion Organization (Myantrade) [Public List] (Myantrade Directory of Exporters (as of March 2025))","","","","","","Sesame|Butter Bean|Green Gram|Sesame","False"
"MM2025087V1HH2J","2025-03-28","Hla Yin Kyay Co., Ltd","27/B, Aung Zeya Lane - 2, Shwe Taung Gyar 1 Ward, Bahan, Yangon","MM","Myanmar",16.8181338,96.152839,"Furniture|Wood Products","Myanmar Trade Promotion Organization (Myantrade) [Public List] (Myantrade Directory of Exporters (as of March 2025))","","","","","","Art & Craft","False"
"MM2025087V1YPDF","2025-03-28","Ideal Business Success Co., Ltd","118, Makhayar Minthargyi Maugn Pyo Street, Industrial Zoen - 2, Hlaingtharya, Yangon","MM","Myanmar",16.8394848,96.22521359999999,"Food|Food & Beverage","Myanmar Trade Promotion Organization (Myantrade) [Public List] (Myantrade Directory of Exporters (as of March 2025))","","","","","","Beans|Sesame|Maize|Rice|Pulses","False"
"MM2025087V4G629","2025-03-28","Yar 4 Star Trading Co., Ltd","14, 5th Floor, Tha Pyay Gone Ward, Mingalar Taungnyunt, Yangon","MM","Myanmar",16.7911817,96.1705966,"Food|Food & Beverage","Myanmar Trade Promotion Organization (Myantrade) [Public List] (Myantrade Directory of Exporters (as of March 2025))","","","","","","Fish","False"
"MM2025087V4ZB83","2025-03-28","Phyo Hein Htet Trading Co., Ltd","No.21/23, 5 Flr, 60 St, Botahtaung, Yangon","MM","Myanmar",16.7635259,96.1871735,"Food|Food & Beverage","Myanmar Trade Promotion Organization (Myantrade) [Public List] (Myantrade Directory of Exporters (as of March 2025))","","","","","","Ginger|Pigeon Pea|Tamarind|Black Gram|Green Gram","False"
"MM2025087V5AG4G","2025-03-28","Htike Htike Garment Myanmar Co., Ltd","Sagaing Street, South Dagon Industrial Zone (1), South Dagon, Yangon","MM","Myanmar",16.833343,96.22006619999999,"Apparel","Myanmar Trade Promotion Organization (Myantrade) [Public List] (Myantrade Directory of Exporters (as of March 2025))","","","","","","T Shirt|Shirt|Men's wear","False"
"MM2025087V66DRY","2025-03-28","Cobes Industries (Bago) Company Limited","Plot No(13), Special Zone (2), Oak Thar(8)Ward, Local Industrial, Nyaung Inn Village, Bago","MM","Myanmar",17.3082622,96.4507184,"Apparel","Myanmar Garment Manufacturers Association (MGMA) [Public List] (Myanmar Garment Manufacturers Association (Gathered March 2025))","","","","","","","False"
"MM2025087V6AE4F","2025-03-28","Golden Sparkles Co., Ltd","Building E, Room-5, 2nd Floor, Shwe Sabei Street, Shwe Sabei Yeik Mon, Kamaryut, Yangon","MM","Myanmar",16.8434441,96.13021839999999,"Food|Food & Beverage","Myanmar Trade Promotion Organization (Myantrade) [Public List] (Myantrade Directory of Exporters (as of March 2025))","","","","","","Pigeon Pea|Black Gram","False"
"MM2025087V6HWMM","2025-03-28","Willow Oriental(Myanmar) Textile Co., Ltd","Plot No.B-7, Myay Taing Block No.175, Dagon Seikan Tsp, Yangon","MM","Myanmar",16.8520683,96.26946079999999,"Apparel","Myanmar Garment Manufacturers Association (MGMA) [Public List] (Myanmar Garment Manufacturers Association (Gathered March 2025))","","","","","","","False"
"MM2025087V77XB3","2025-03-28","Lujee Myanmar Int'l Co., Ltd","28/30, 2nd Floor, Banyardala Road, Mingalar Taungnyunt, Yangon","MM","Myanmar",16.799949,96.1755872,"Food|Food & Beverage","Myanmar Trade Promotion Organization (Myantrade) [Public List] (Myantrade Directory of Exporters (as of March 2025))","","","","","","Betel Nut|Black Gram|Green Gram","False"
"MM2025087V7F1SX","2025-03-28","Best Maker Company Limited.","No (61), Gandawin Road, Hlaing Tharyar Zone (5), Hlaing Tharyar Township, Yangon.","MM","Myanmar",16.8819286,96.0573302,"Apparel","Myanmar Garment Manufacturers Association (MGMA) [Public List] (Myanmar Garment Manufacturers Association (Gathered March 2025))","","","","","","","False"
"MM2025087V7MA7S","2025-03-28","Myanmar Asia Optical Int'l Co., Ltd","A-1/2/3, No.(3) Main Road, Mingalardon Industrial Park, Mingalardon, Yangon","MM","Myanmar",16.953877,96.1524013,"Manufacturing","Myanmar Trade Promotion Organization (Myantrade) [Public List] (Myantrade Directory of Exporters (as of March 2025))","","","","","","Optical Lens","False"
"MM2025087V7Y781","2025-03-28","World Full's Mfg Co., Ltd (Classita Myanmar)","35/A, Bamaw Atwin Wun Street, Industrial Zone, Dagon Seikkan, Yangon","MM","Myanmar",16.9212186,96.0568096,"Apparel","Myanmar Trade Promotion Organization (Myantrade) [Public List] (Myantrade Directory of Exporters (as of March 2025))","","","","","","Underwear","False"
"MM2025087V83TXF","2025-03-28","Shwe Sin Nan Taw Trading Company Limited","Akwet No.7, U Paing 8/E, 14th St, Between 86th & 87th St, Pyi Gyi Yan Lon Quarter, Aung Myay Thar Zan T/S, mandalay, Myanmar., Aung Myay Thar Zan, Mandalay","MM","Myanmar",21.9873667,96.0743917,"Food|Food & Beverage","Myanmar Trade Promotion Organization (Myantrade) [Public List] (Myantrade Directory of Exporters (as of March 2025))","","","","","","Rice","False"
"MM2025087V8SSGQ","2025-03-28","SGS Myanmar Co.Ltd","No.(79/D), Bo Chain Road, 6 Half of Six, Hlaing Tsp, Yangon","MM","Myanmar",16.8452911,96.1385198,"Apparel","Myanmar Garment Manufacturers Association (MGMA) [Public List] (Myanmar Garment Manufacturers Association (Gathered March 2025))","","","","","","","False"
"MM2025087VAQ59W","2025-03-28","Kyone Doe Group of Companies","22, 104th Street, Mingalar Taungnyunt, Yangon","MM","Myanmar",16.7850314,96.1700638,"Food|Food & Beverage","Myanmar Trade Promotion Organization (Myantrade) [Public List] (Myantrade Directory of Exporters (as of March 2025))","","","","","","Cooking Oil","False"
"MM2025087VCD1NW","2025-03-28","Man Sum (Myanmar) Garment Co., Ltd","20, Depaeyin Wun Htauk U Myay Street, Industrial Zone (2), Hlaingtharya, Yangon","MM","Myanmar",16.8341487,96.230958,"Apparel","Myanmar Trade Promotion Organization (Myantrade) [Public List] (Myantrade Directory of Exporters (as of March 2025))","","","","","","Underwear|Baby Wear|Pajamas","False"
"MM2025087VCEWQT","2025-03-28","Arkar Oo Co., Ltd","24, Wetmasutt Wun Htaut Street, Industrial Zone (4), Hlaing Thar Yar Tsp, Yangon., Hlaing Thar Yar, Yangon","MM","Myanmar",16.8594225,96.12915129999999,"Food|Food & Beverage","Myanmar Trade Promotion Organization (Myantrade) [Public List] (Myantrade Directory of Exporters (as of March 2025))","","","","","","Green Bean","False"
"MM2025087VED8J2","2025-03-28","World King International Construction & Trading Co., Ltd","259/261, Room-3/A, Royal Shwe Bon Thar Condo, Shwe Bon Thar Road, 4th Ward, Pabedan, Yangon","MM","Myanmar",16.7753594,96.15588,"Animal Production|Food|Food & Beverage","Myanmar Trade Promotion Organization (Myantrade) [Public List] (Myantrade Directory of Exporters (as of March 2025))","","","","","","Cattle|Prawn","False"
"MM2025087VH2WFB","2025-03-28","Min Hla Agricultural Products Trading Special Rice Paddy Co., Ltd.","No-125, Thanchatwun U Nyunt St, Zone(2), Shwe Pyi Thar Tsp, Yangon, Myanmar., Shwe Pyi Thar, Yangon","MM","Myanmar",17.0065317,96.0705583,"Food|Food & Beverage","Myanmar Trade Promotion Organization (Myantrade) [Public List] (Myantrade Directory of Exporters (as of March 2025))","","","","","","Rice","False"
"MM2025087VHXFW6","2025-03-28","Hsu Lett Toe Co.ltd","Room - 6, Bayintnaung Road, Bayintnaung Tower 1/B, Kamaryut, Yangon","MM","Myanmar",16.8362128,96.11398740000001,"Agriculture|Food|Food & Beverage","Myanmar Trade Promotion Organization (Myantrade) [Public List] (Myantrade Directory of Exporters (as of March 2025))","","","","","","Dehydrated Taro","False"
"MM2025087VJ15FM","2025-03-28","Annawah Tun Co., Ltd","130, 3rd Floor, Shwe Gon Daing Road, Tae Tar Shay Ward, Bahan, Yangon","MM","Myanmar",16.8047497,96.1502994,"Chemicals","Myanmar Trade Promotion Organization (Myantrade) [Public List] (Myantrade Directory of Exporters (as of March 2025))","","","","","","Crude Palm Kernel Oil (CPKO)","False"
"MM2025087VJPEX0","2025-03-28","Myanmar Agri-Business Group Co., Ltd","70/71/B, Mingyi Mahar Min Ghaung Street, Industrial Zone - 3, Hlaingtharya, Yangon","MM","Myanmar",16.8628053,96.0598854,"Agriculture|Food|Food & Beverage","Myanmar Trade Promotion Organization (Myantrade) [Public List] (Myantrade Directory of Exporters (as of March 2025))","","","","","","Ginger|Tumeric Fingers","False"
"MM2025087VJQSQ6","2025-03-28","Global Eye Manufacturing & Distribution Co., Ltd","A/23, Ba Yint Naung Road, Aung Chan Thar 3 Wards, Thanhlyin Tsp, Ygn","MM","Myanmar",16.8688194,96.1947393,"Apparel","Myanmar Garment Manufacturers Association (MGMA) [Public List] (Myanmar Garment Manufacturers Association (Gathered March 2025))","","","","","","","False"
"MM2025087VJRW0K","2025-03-28","Mascot Co., Ltd","No-44, Room 2, Kyi Taw Housing, Mingalar Taungnyunt, Yangon","MM","Myanmar",16.783442,96.1729096,"Wood Products","Myanmar Trade Promotion Organization (Myantrade) [Public List] (Myantrade Directory of Exporters (as of March 2025))","","","","","","Broom","False"
"MM2025087VK0ZVT","2025-03-28","U & G Myanmar Fashion.","Plot No (140), Myay Taing Block No (49), Wartayar Industrial Zone, Shwe Pyi Thar Township, Yangon.","MM","Myanmar",16.9753379,96.07851040000001,"Apparel","Myanmar Garment Manufacturers Association (MGMA) [Public List] (Myanmar Garment Manufacturers Association (Gathered March 2025))","","","","","","","False"
"MM2025087VK9Y5C","2025-03-28","Tae Hyun (Myanmar) Industry Co., Ltd","Plot No.139, Myay Taing Block No.Part 4, Industrial Zone, Hlaing Thar Yar Tsp, Yangon","MM","Myanmar",16.8819286,96.0573302,"Apparel","Myanmar Garment Manufacturers Association (MGMA) [Public List] (Myanmar Garment Manufacturers Association (Gathered March 2025))","","","","","","","False"
"MM2025087VKKYAV","2025-03-28","TAS Co., Ltd","270, Room-1/A, Pyay Road, Myae Ni Gone (North) Ward, Sanchaung, Yangon","MM","Myanmar",16.8229079,96.1316519,"Food|Food & Beverage","Myanmar Trade Promotion Organization (Myantrade) [Public List] (Myantrade Directory of Exporters (as of March 2025))","","","","","","Rice|Yellow Maize","False"
"MM2025087VNJQ5G","2025-03-28","Pucca","697, Maha Bandoola Rd., Corner of Sint Oh Dan St., Latha, Yangon, Myanmar, Latha, Yangon","MM","Myanmar",16.7744954,96.1493333,"Apparel Accessories","Myanmar Trade Promotion Organization (Myantrade) [Public List] (Myantrade Directory of Exporters (as of March 2025))","","","","","","Gems","False"
"MM2025087VPGN5D","2025-03-28","Ever Sunny Industrial Co., Ltd","89, Matkhayar Min Thar Gyi Maung Pyoe Street, Industrial Zone (2), Hlaing Thar Yar Tsp, Hlaing Thar Yar, Yangon","MM","Myanmar",16.8880467,96.04835899999999,"Food|Food & Beverage","Myanmar Trade Promotion Organization (Myantrade) [Public List] (Myantrade Directory of Exporters (as of March 2025))","","","","","","Shalala Candy","False"
"MM2025087VQDPBJ","2025-03-28","Rain Dragon Co., Ltd","141/145, United Condo (7/B), Kyauktada, Yangon","MM","Myanmar",16.7746387,96.17060169999999,"Food|Food & Beverage","Myanmar Trade Promotion Organization (Myantrade) [Public List] (Myantrade Directory of Exporters (as of March 2025))","","","","","","Black Gram|Green Gram","False"
"MM2025087VRFX4N","2025-03-28","Ayeyarwaddy Ground Oil 108","Min Gyi Maha Min Gaung Street, Shwe Pyi Thar Industry Zone (3), Yangon., Shwe Pyi Thar, Yangon","MM","Myanmar",16.969617,96.0732146,"Oil & Gas","Myanmar Trade Promotion Organization (Myantrade) [Public List] (Myantrade Directory of Exporters (as of March 2025))","","","","","","","False"
"MM2025087VSTQE5","2025-03-28","Lin Aung Industry & Production Co., Ltd","60(A/B), Htan Ta Pin Street, Ward I, Aung Myay Tharsi Housing, Kamaryut, Yangon","MM","Myanmar",16.492282,96.20640829999999,"Food|Food & Beverage","Myanmar Trade Promotion Organization (Myantrade) [Public List] (Myantrade Directory of Exporters (as of March 2025))","","","","","","Fish|Prawn","False"
"MM2025087VTR4BE","2025-03-28","Linn Yaung Ni Company Limited","No.183, Shu Khin Thar Street, Nga Quarter, North Okkalapa, Yangon., North Okkalapa, Yangon","MM","Myanmar",16.9197469,96.1686077,"Aquaculture","Myanmar Trade Promotion Organization (Myantrade) [Public List] (Myantrade Directory of Exporters (as of March 2025))","","","","","","Aquatic Product","False"
"MM2025087VW0DC2","2025-03-28","Myanmar Good Wood Trading Co., Ltd","16, 4th Flr, Mya Yar Gone St, Shwe Mya Yar Housing, Mingalar Taungnyunt, Yangon","MM","Myanmar",16.7878684,96.1709281,"Wood Products","Myanmar Trade Promotion Organization (Myantrade) [Public List] (Myantrade Directory of Exporters (as of March 2025))","","","","","","Laminated Wood|Plywood|Sawed Wood","False"
"MM2025087VW7WCR","2025-03-28","Great Lucky Star Garment Manufacturing Company Limited.","Plot No (24+25), Myay Taing Block No (42), Set Hmu Road, Shwe Pyi Thar Industrial Zone (1), Shwe Pyi Thar Township, Yangon.","MM","Myanmar",16.9500625,96.05543750000001,"Apparel","Myanmar Garment Manufacturers Association (MGMA) [Public List] (Myanmar Garment Manufacturers Association (Gathered March 2025))","","","","","","","False"
"MM2025087W02XZC","2025-03-28","Feng Teng Garment Company Limited","No. 163, Sapal St, Ind'l Zone(5), Hlaing Thar Yar Tsp.","MM","Myanmar",16.7938229,96.1765329,"Apparel","Myanmar Garment Manufacturers Association (MGMA) [Public List] (Myanmar Garment Manufacturers Association (Gathered March 2025))","","","","","","","False"
"MM2025087W1X33J","2025-03-28","Maung Oo &Brother Co., Ltd","Bldgs/10, West Race Course Rd, U Chit Maung Housing, Tamwe, Yangon","MM","Myanmar",16.8147519,96.170874,"Food|Food & Beverage","Myanmar Trade Promotion Organization (Myantrade) [Public List] (Myantrade Directory of Exporters (as of March 2025))","","","","","","Pigeon Pea|Black Gram|Green Gram","False"
"MM2025087W1ZQ5A","2025-03-28","Htoo Htoo Toe International Co., Ltd","BOC Street, Inn Lay Myaing Industrial Zone, Myeik, Myeik","MM","Myanmar",12.4492291,98.62706279999999,"Food|Food & Beverage","Myanmar Trade Promotion Organization (Myantrade) [Public List] (Myantrade Directory of Exporters (as of March 2025))","","","","","","Fish Powder","False"
"MM2025087W2MSMH","2025-03-28","Golden October Co., Ltd.","No.655/A, Taninthary Street, 19 Quarter, South Dagon Myothit Township, Yangon., South Dagon  Myothit, Yangon","MM","Myanmar",16.8704983,96.24290450000001,"Food|Food & Beverage","Myanmar Trade Promotion Organization (Myantrade) [Public List] (Myantrade Directory of Exporters (as of March 2025))","","","","","","Green Bean","False"
"MM2025087W5QY08","2025-03-28","1st San Chain Oo","55/65, Shwe Dagon Pagoda Rd., Lower Block, Latha, Yangon, Myanmar, Latha, Yangon","MM","Myanmar",16.7754167,96.1531393,"Machinery Manufacturing|Manufacturing","Myanmar Trade Promotion Organization (Myantrade) [Public List] (Myantrade Directory of Exporters (as of March 2025))","","","","","","Machinery","False"
"MM2025087W8JW37","2025-03-28","Midland Shwepyi Trading Co., Ltd","Building 1, Room-301, 3rd Floor, Bayintnaung Road, Zeyar Mon Housing, Mayangone, Yangon","MM","Myanmar",16.8763138,96.1011471,"Agriculture|Food|Food & Beverage","Myanmar Trade Promotion Organization (Myantrade) [Public List] (Myantrade Directory of Exporters (as of March 2025))","","","","","","Cardamom|Plum Seed|Dehydrated Taro","False"
"MM2025087W8Y0PA","2025-03-28","Bci Hong Co., Ltd","No-4, Kanaung Min Thar Gyi St, Corner Thanched Wun U Mya St, East Dagon, Yangon","MM","Myanmar",16.8776142,96.2533713,"Apparel","Myanmar Trade Promotion Organization (Myantrade) [Public List] (Myantrade Directory of Exporters (as of March 2025))","","","","","","Shirt|Suits (Men-Woman)|T shirt","False"
"MM2025087WARATM","2025-03-28","Maximas Int'l Co., Ltd","No 19, Rm 1/A Sanyay Twin St, Sanchaung (North ward), Sanchaung, Yangon","MM","Myanmar",16.8219357,96.1640534,"Food|Food & Beverage","Myanmar Trade Promotion Organization (Myantrade) [Public List] (Myantrade Directory of Exporters (as of March 2025))","","","","","","Garlic|Black Gram|Green Gram|Tamarind","False"
"MM2025087WAWD34","2025-03-28","Thuka San Trading","B-4, Naungyoe Street, Bayintnaung, Mayangone, Yangon","MM","Myanmar",16.8648837,96.10197319999999,"Food|Food & Beverage","Myanmar Trade Promotion Organization (Myantrade) [Public List] (Myantrade Directory of Exporters (as of March 2025))","","","","","","Pigeon Pea|Black Gram|Green Gram","False"
"MM2025087WBZ7A9","2025-03-28","CYT Industrial Limited.","G-3A, Yaw Min Gyi Street, San Pya Industrial Zone, Pyi Gyi Tagon Township, Mandalay Region.","MM","Myanmar",21.9048038,96.1049958,"Apparel","Myanmar Garment Manufacturers Association (MGMA) [Public List] (Myanmar Garment Manufacturers Association (Gathered March 2025))","","","","","","","False"
"MM2025087WCEXW1","2025-03-28","Hon Xiang Co., Ltd.","No.67, Corner of U Shwe Bin Street & Matkhayar Min Thar Gyi Street, Dagon Seikkan Industrial Zone (1), Yangon, Myanmar., Dagon, Yangon","MM","Myanmar",16.8344399,96.2806526,"Food|Food & Beverage","Myanmar Trade Promotion Organization (Myantrade) [Public List] (Myantrade Directory of Exporters (as of March 2025))","","","","","","Shrimp Meat","False"
"MM2025087WDG6XE","2025-03-28","Pep Oversea Co., Ltd","45, Lathe Street, Lower Block, Latha, Yangon","MM","Myanmar",16.77345,96.14633959999999,"Food|Food & Beverage","Myanmar Trade Promotion Organization (Myantrade) [Public List] (Myantrade Directory of Exporters (as of March 2025))","","","","","","Black Gram|Green Gram","False"
"MM2025087WEG1ZC","2025-03-28","Real Star Manufacturing Co., Ltd","2/26, Kanaung Min Thar Gyi Street, Dagon Seikkan Industrial Zone, Dagon Seikkan, Yangon","MM","Myanmar",16.8344399,96.2806526,"Apparel","Myanmar Trade Promotion Organization (Myantrade) [Public List] (Myantrade Directory of Exporters (as of March 2025))","","","","","","Pants|Coat","False"
"MM2025087WF3N9Y","2025-03-28","Than Lwin Aye Industrial Co., Ltd","787, Lower Main Road, Mawlamyine, Mawlamyaing","MM","Myanmar",16.4555182,97.6261081,"Food|Food & Beverage","Myanmar Trade Promotion Organization (Myantrade) [Public List] (Myantrade Directory of Exporters (as of March 2025))","","","","","","Fish","False"
"MM2025087WGJNHP","2025-03-28","Htoonk Main Hilang Company Limited","No(MaWa/480), Swansaw Quarter, m Mantwein Region, Muse Township, Shan State, Myanmar., Muse Township, Yangon","MM","Myanmar",16.840939,96.173526,"Food|Food & Beverage","Myanmar Trade Promotion Organization (Myantrade) [Public List] (Myantrade Directory of Exporters (as of March 2025))","","","","","","Rice","False"
"MM2025087WGZG0D","2025-03-28","GU Family Enterprise Limited","Taunggyi, Shan State, Taunggyi, Shan","MM","Myanmar",20.7887571,97.0337141,"Agriculture|Food|Food & Beverage","Myanmar Trade Promotion Organization (Myantrade) [Public List] (Myantrade Directory of Exporters (as of March 2025))","","","","","","Sorghums","False"
"MM2025087WHCN99","2025-03-28","Saw Bwar Gyee & Sons General Trading Co., Ltd","459/469, Room-7/B, Lower Pazuntaung Road, Yadanar Myaing Condo, Pazundaung, Yangon","MM","Myanmar",16.7748334,96.1795174,"Food|Food & Beverage","Myanmar Trade Promotion Organization (Myantrade) [Public List] (Myantrade Directory of Exporters (as of March 2025))","","","","","","Pigeon Pea|Black Gram","False"
"MM2025087WHVMV9","2025-03-28","Myeik Zenith Industrial Co., Ltd","Bay Kyin Street, Myanmar Fisheries Federation Compound, Gyoh Gone (West) Ward, Insein, Yangon","MM","Myanmar",16.8705492,96.10397309999999,"Food|Food & Beverage","Myanmar Trade Promotion Organization (Myantrade) [Public List] (Myantrade Directory of Exporters (as of March 2025))","","","","","","Fish","False"
"MM2025087WJ1S0T","2025-03-28","Huan Yao Manufacturing (Myanmar) Limited","No.23, East Dagon Industrial Zone, Min Theikdi Kyaw Swear Street, Dagon Myo Thit (East) Tsp, Yangon","MM","Myanmar",16.8908169,96.2508702,"Apparel","Myanmar Garment Manufacturers Association (MGMA) [Public List] (Myanmar Garment Manufacturers Association (Gathered March 2025))","","","","","","","False"
"MM2025087WKXG0E","2025-03-28","The Jewelry Gold and Gems","61, 1st Flr, Ma Kyee Kyee St., Sanchaung, Yangon, Myanmar, Sanchaung, Yangon","MM","Myanmar",16.8086006,96.1330621,"Apparel Accessories","Myanmar Trade Promotion Organization (Myantrade) [Public List] (Myantrade Directory of Exporters (as of March 2025))","","","","","","Gems","False"
"MM2025087WMTSF4","2025-03-28","Successful Trade Co., Ltd","116/118, Room 11/B, 11th Floor, Bo Myat Tun Street, Lower Middle Block, Cherry Condo, Botahtaung, Yangon","MM","Myanmar",16.7635259,96.1871735,"Rubber Products","Myanmar Trade Promotion Organization (Myantrade) [Public List] (Myantrade Directory of Exporters (as of March 2025))","","","","","","Rubber","False"
"MM2025087WMTTC2","2025-03-28","Yoma Top Co.Ltd","No.6/A, 4 Street, Ease Gyo Kone Ward, Insein Tsp, Yangon.","MM","Myanmar",16.8787529,96.11278659999999,"Apparel","Myanmar Garment Manufacturers Association (MGMA) [Public List] (Myanmar Garment Manufacturers Association (Gathered March 2025))","","","","","","","False"
"MM2025087WP8X5E","2025-03-28","Diamond Prize Co., Ltd","J/134, Arr Thaw Ka Street, Bayintnaung Warehouse, Mayangone, Yangon","MM","Myanmar",16.7580536,96.5229159,"Food|Food & Beverage","Myanmar Trade Promotion Organization (Myantrade) [Public List] (Myantrade Directory of Exporters (as of March 2025))","","","","","","Black Gram|Sesame","False"
"MM2025087WPAE62","2025-03-28","Yangon Young Clothig Ltd","Plot No.126, MyayTaingBlock(51), Thardukan Ind'l Zone, Shwe Pyi Thar Tsp, Yangon","MM","Myanmar",16.9845706,96.09229219999999,"Apparel","Myanmar Garment Manufacturers Association (MGMA) [Public List] (Myanmar Garment Manufacturers Association (Gathered March 2025))","","","","","","","False"
"MM2025087WSWRD8","2025-03-28","Golden Crop Co., Ltd","Room-406, 4th Floor, Bo Aung Kyaw Street, Olympic Tower, Kyauktada, Yangon","MM","Myanmar",16.7740517,96.16420749999999,"Agriculture|Food|Food & Beverage","Myanmar Trade Promotion Organization (Myantrade) [Public List] (Myantrade Directory of Exporters (as of March 2025))","","","","","","Onion|Beans|Pulses|Tamarind","False"
"MM2025087WTM2DB","2025-03-28","Shan Yoma Co., Ltd","72, Aung Mingalar Street, Tamwe, Yangon","MM","Myanmar",16.8011596,96.1803103,"Agriculture|Food|Food & Beverage","Myanmar Trade Promotion Organization (Myantrade) [Public List] (Myantrade Directory of Exporters (as of March 2025))","","","","","","Fresh Ginger|Garlic|Dried Ginger|Turmeric Fingers","False"
"MM2025087WWHCDM","2025-03-28","Thein Than Trading Co., Ltd.","No.33 Rm No.FMI City, Bandar Street, 4 Quarter, Hlaing Tharyar Township, Yangon., Hlaing Tharyar, Yangon","MM","Myanmar",16.8649487,96.0851307,"Food|Food & Beverage","Myanmar Trade Promotion Organization (Myantrade) [Public List] (Myantrade Directory of Exporters (as of March 2025))","","","","","","Green Bean","False"
"MM2025087WWHT4S","2025-03-28","City Mate General Trading Co., Ltd","67, 27th Street, Lower Middle Block, Pabedan, Yangon","MM","Myanmar",16.7776497,96.1566754,"Food|Food & Beverage","Myanmar Trade Promotion Organization (Myantrade) [Public List] (Myantrade Directory of Exporters (as of March 2025))","","","","","","Pigeon Pea|Black Gram","False"
"MM2025087WWX0X4","2025-03-28","Top MTP Co., Ltd.","397, Mandalay St., Corner of Yauk Kaw St., Industrial Zone (1), Ward (23), South Dagon, Yangon, Myanmar, South Dagon, Yangon","MM","Myanmar",16.8331901,96.2190635,"Consumer Products","Myanmar Trade Promotion Organization (Myantrade) [Public List] (Myantrade Directory of Exporters (as of March 2025))","","","","","","Kitchenware","False"
"MM2025087WXVZJQ","2025-03-28","King Kaytumadi Garment Co., Ltd","291/292, Mingyi Swe Ward, Kayfumadi Myothit, Taungoo, Yangon-Mandalay Highway Rd, 154 miles, Toungoo, Bago","MM","Myanmar",19.1399571,96.3508526,"Apparel","Myanmar Trade Promotion Organization (Myantrade) [Public List] (Myantrade Directory of Exporters (as of March 2025))","","","","","","Kid Wear","False"
"MM2025087WXZN54","2025-03-28","Mahar December Family Co., Ltd","118, Makhayar Min Thar Gyi Maung Pyoe Street, Industrial Zone (2), Hlaingtharya, Yangon","MM","Myanmar",16.8880467,96.04835899999999,"Food|Food & Beverage","Myanmar Trade Promotion Organization (Myantrade) [Public List] (Myantrade Directory of Exporters (as of March 2025))","","","","","","Rice|Beans|Pulses|Sesame|Onion|Yellow Maize","False"
"MM2025087WY3MDG","2025-03-28","Well Being Co., Ltd","5/F, Room-502, 5th Floor, Masgin Kyaung Street, Ywar Ma (East) Ward, Insein, Yangon","MM","Myanmar",16.9041792,96.0996978,"Food|Food & Beverage","Myanmar Trade Promotion Organization (Myantrade) [Public List] (Myantrade Directory of Exporters (as of March 2025))","","","","","","Black Eye Bean|Black Gram|Coffee","False"
"MM2025087WYSS0Y","2025-03-28","Royal Moon Star Garment Manufacturing Company Limited.","No (479), Padamyar Road, Shwe Paukkan Myo Thit Ward, North Okkalapa Tsp, Ygn","MM","Myanmar",16.9197469,96.1686077,"Apparel","Myanmar Garment Manufacturers Association (MGMA) [Public List] (Myanmar Garment Manufacturers Association (Gathered March 2025))","","","","","","","False"
"MM2025087X05S9P","2025-03-28","Kaung Myat Co., Ltd","131/132, Pade Wun U Shwe Bin Street, East Dagon, Yangon","MM","Myanmar",16.9126237,96.0530378,"Wood Products","Myanmar Trade Promotion Organization (Myantrade) [Public List] (Myantrade Directory of Exporters (as of March 2025))","","","","","","Veneers|plywoods","False"
"MM2025087X2GQH9","2025-03-28","Shan International Trading Co., Ltd","149, 3rd Floor, Bogalayzay Street, Lower Middle Block, Botahtaung, Yangon","MM","Myanmar",16.7716266,96.1656263,"Food|Food & Beverage","Myanmar Trade Promotion Organization (Myantrade) [Public List] (Myantrade Directory of Exporters (as of March 2025))","","","","","","Fish","False"
"MM2025087X2N25D","2025-03-28","Rainbow Ltd.","No.59, Shwe Hin Tha St., 6 1/2 Miles, Hlaing T/S, Yangon., Hlaing, Yangon","MM","Myanmar",16.8469718,96.13412369999999,"Food|Food & Beverage","Myanmar Trade Promotion Organization (Myantrade) [Public List] (Myantrade Directory of Exporters (as of March 2025))","","","","","","Rice","False"
"MM2025087X2N3W5","2025-03-28","Point Star (Super Trading Co., Ltd)","78/79, 7th Street, Yangon Industrial Zone, Mingalardon, Yangon","MM","Myanmar",16.7779426,96.14125489999999,"Food|Food & Beverage","Myanmar Trade Promotion Organization (Myantrade) [Public List] (Myantrade Directory of Exporters (as of March 2025))","","","","","","Fish","False"
"MM2025087X35NQ3","2025-03-28","Eurogate Sportwear Ltd","473(A-3/4), Mogoke Street, Industrial Zone (1), South Dagon, Yangon","MM","Myanmar",16.8704983,96.24290450000001,"Apparel","Myanmar Trade Promotion Organization (Myantrade) [Public List] (Myantrade Directory of Exporters (as of March 2025))","","","","","","Jackets|Sport Wear (Men & Women)","False"
"MM2025087X3XGZY","2025-03-28","Southland Myanmar Rubber Co., ltd","15/16, Kanaung Min Thar Gyi Street, Thilawa Industrial Zone, Thanlyin, Yangon","MM","Myanmar",16.6722723,96.29337110000002,"Rubber Products","Myanmar Trade Promotion Organization (Myantrade) [Public List] (Myantrade Directory of Exporters (as of March 2025))","","","","","","Rubber","False"
"MM2025087X6153Y","2025-03-28","Da Qian Woods Production Co., Ltd.","No.19/B, O.S.S, Yu Myaung Ywar Ma, Tu Myaung Village Group, Mon State., Tu Myaung, Mon","MM","Myanmar",15.2796597,97.883045,"Rubber Products","Myanmar Trade Promotion Organization (Myantrade) [Public List] (Myantrade Directory of Exporters (as of March 2025))","","","","","","Rubber","False"
"MM2025087X7RYX9","2025-03-28","Han Yadanar Tin Co., Ltd","Myawady Min Gyi Street, Industrial Zone (4), Shwepyitha, Yangon","MM","Myanmar",16.9753379,96.07851040000001,"Food|Food & Beverage","Myanmar Trade Promotion Organization (Myantrade) [Public List] (Myantrade Directory of Exporters (as of March 2025))","","","","","","Rice|Black Gram","False"
"MM2025087X85XVM","2025-03-28","High Win Family Co., Ltd","275, U Wisara Rad, Myaenigone (North) Ward, Sanchaung, Yangon","MM","Myanmar",16.8074753,96.1400446,"Rubber Products","Myanmar Trade Promotion Organization (Myantrade) [Public List] (Myantrade Directory of Exporters (as of March 2025))","","","","","","Rubber","False"
"MM2025087X8EEG3","2025-03-28","TMR Myanmar Co., Ltd","278, Shwe Lin Ban Industrial Zone, Hlaingtharya, Yangon","MM","Myanmar",16.914015,96.0652719,"Apparel","Myanmar Trade Promotion Organization (Myantrade) [Public List] (Myantrade Directory of Exporters (as of March 2025))","","","","","","Shirt|Coat|Pants","False"
"MM2025087X8TPKT","2025-03-28","Shwe Hinthar Yeik Mon Co., Ltd","No.77/D, Shin Saw Pu Street, Aung Chan Thar Quarter, Sanchaung Tsp, Yangon, Sanchaung, Yangon","MM","Myanmar",16.7980913,96.1332315,"Food|Food & Beverage","Myanmar Trade Promotion Organization (Myantrade) [Public List] (Myantrade Directory of Exporters (as of March 2025))","","","","","","Sea Food","False"
"MM2025087XB3ZEA","2025-03-28","Cho Cho Industry Ltd","Bldg 3, Rm 5/6/7, 1Street Fl, MICT Park, Hlaing, Yangon","MM","Myanmar",16.8496403,96.12921519999999,"Food|Food & Beverage","Myanmar Trade Promotion Organization (Myantrade) [Public List] (Myantrade Directory of Exporters (as of March 2025))","","","","","","Instant Vermicelli","False"
"MM2025087XB9D2J","2025-03-28","Inter Asia Co., Ltd.","Plot 39, No.3, Trunk Rd., Pyinmabin Industrial Zone, Mingalardon, Yangon, Myanmar, Mingalardon, Yangon","MM","Myanmar",16.9969497,96.1420947,"Energy","Myanmar Trade Promotion Organization (Myantrade) [Public List] (Myantrade Directory of Exporters (as of March 2025))","","","","","","","False"
"MM2025087XBFBK7","2025-03-28","Angle Star Co., Ltd","21, 5th Fl, Htee Tan Thit Street, Kyeemyindine, Yangon","MM","Myanmar",16.8018686,96.17600569999999,"Agriculture|Tobacco Products","Myanmar Trade Promotion Organization (Myantrade) [Public List] (Myantrade Directory of Exporters (as of March 2025))","","","","","","Tobacco","False"
"MM2025087XC7BFW","2025-03-28","Sinma Furnishings Co., Ltd (Mah Sing Co., Ltd)","3rd, Floor, Thiri Mingalar Old Market, Kyeemyindine, Yangon","MM","Myanmar",16.7934966,96.1227905,"Wood Products","Myanmar Trade Promotion Organization (Myantrade) [Public List] (Myantrade Directory of Exporters (as of March 2025))","","","","","","Laminated Wood|Veneers|plywoods","False"
"MM2025087XCGGGB","2025-03-28","Henhui Fangzhi Co., Ltd","Plot No.352, Myay Taing Block No.25, Shwe Lin Ban Industrial Zone, Hlaing Tharyar Tsp, Yangon","MM","Myanmar",16.914015,96.0652719,"Apparel","Myanmar Garment Manufacturers Association (MGMA) [Public List] (Myanmar Garment Manufacturers Association (Gathered March 2025))","","","","","","","False"
"MM2025087XF1AV4","2025-03-28","Tissuue World MFG & Trading Co., Ltd","100, 4th Floor, Bogyote Aung San Road, Corner of 49th Street, Pazundaung, Yangon","MM","Myanmar",16.7852376,96.1827007,"Consumer Products","Myanmar Trade Promotion Organization (Myantrade) [Public List] (Myantrade Directory of Exporters (as of March 2025))","","","","","","Tissue","False"
"MM2025087XGEQDH","2025-03-28","Asia Myint Moh Co., Ltd","170/176, Room 406, 4th Floor, Bo Aung Kyaw Street, MGW Centre, Botahtaung, Yangon","MM","Myanmar",16.7724909,96.1646322,"Agriculture|Apparel","Myanmar Trade Promotion Organization (Myantrade) [Public List] (Myantrade Directory of Exporters (as of March 2025))","","","","","","Tea Leaves|Clothing","False"
"MM2025087XGQ4QH","2025-03-28","Global Apparel Textile (Myanmar) Mfg Co., Ltd","42, Blk (143/1), Kyansitthar Yeik Mon Industrial Zone, South Dagon, Yangon","MM","Myanmar",16.8594042,96.2835458,"Apparel","Myanmar Trade Promotion Organization (Myantrade) [Public List] (Myantrade Directory of Exporters (as of March 2025))","","","","","","Sweater|Pants (Men)|Jackets|Polo Shirts","False"
"MM2025087XJFX1E","2025-03-28","Zhong Xin Auto Machinery Trading Co., Ltd.","FS (15), G Flr, Bayint Naung Rd., Shwe Sabei Yeikmon, Ward (4), Kamaryut, Yangon, Myanmar, Kamaryut, Yangon","MM","Myanmar",16.8290031,96.12211130000001,"Machinery Manufacturing|Manufacturing","Myanmar Trade Promotion Organization (Myantrade) [Public List] (Myantrade Directory of Exporters (as of March 2025))","","","","","","Machinery","False"
"MM2025087XK4SWV","2025-03-28","Yuan Hong Garment Company Limited","Plot No (94+95), Block No (25), Shwe Lin Ban Industrial Zone, Hlaing Tharyar Township, Yangon.","MM","Myanmar",16.914015,96.0652719,"Apparel","Myanmar Garment Manufacturers Association (MGMA) [Public List] (Myanmar Garment Manufacturers Association (Gathered March 2025))","","","","","","","False"
"MM2025087XKJ90X","2025-03-28","Min Nwe Trading Co., Ltd","126/A, 4th Floor, Dhama Zayti Road, Business Alliance Hotel, Shwe Gon Daing (West) Ward, Bahan, Yangon","MM","Myanmar",16.8058176,96.1456187,"Unspecified","Myanmar Trade Promotion Organization (Myantrade) [Public List] (Myantrade Directory of Exporters (as of March 2025))","","","","","","Cosmetics|Cotton|Artificial hair for women","False"
"MM2025087XPB5E3","2025-03-28","Yadanar Theingi Industrial Co., Ltd.","No.9, BayintNaung Road, West Gyogone, DOF Compound, Insein Township, Yangon, Myanmar, Insein, Yangon","MM","Myanmar",16.873332,96.11195280000001,"Aquaculture|Food|Food & Beverage","Myanmar Trade Promotion Organization (Myantrade) [Public List] (Myantrade Directory of Exporters (as of March 2025))|Myanmar Trade Promotion Organization (Myantrade) [Public List] (Myantrade Directory of Exporters (as of March 2025))","","","","","","Aquatic Product|Shrimp Meat","False"
"MM2025087XPSSKA","2025-03-28","Aung Thiha Co., Ltd","5, Sagawah Street, Aye Yeik Mon Housing, Hlaing, Yangon","MM","Myanmar",16.8379817,96.1199262,"Food|Food & Beverage","Myanmar Trade Promotion Organization (Myantrade) [Public List] (Myantrade Directory of Exporters (as of March 2025))","","","","","","Green Gram|Rice|Black Gram","False"
"MM2025087XQTNE3","2025-03-28","A & Z International Co., Ltd","46/B, Rm 4/C, 4th Floor, Pan Tro Street, Phayargyi Ward, Dagon, Yangon","MM","Myanmar",16.6556717,96.0185137,"Food|Food & Beverage","Myanmar Trade Promotion Organization (Myantrade) [Public List] (Myantrade Directory of Exporters (as of March 2025))","","","","","","Prawn|Fish|Crop","False"
"MM2025087XRS5X2","2025-03-28","Gaurav Int'l Ltd","429/437, Room-5/E, 6th Floor, Merchant Road, Yadanar Myaing Condo, Botahtaung, Yangon","MM","Myanmar",16.7761023,96.1689619,"Food|Food & Beverage","Myanmar Trade Promotion Organization (Myantrade) [Public List] (Myantrade Directory of Exporters (as of March 2025))","","","","","","Green Gram|Black Gram|Pigeon Pea","False"
"MM2025087XRTXB9","2025-03-28","Ayeyar Hinthar Holding Co., ltd","No 531, Room (1103-1106) 11th Flr, Lower Kyee Myin Daing Rd, Ye Ta Khon Tower, Kyeemyindine, Yangon","MM","Myanmar",16.8086025,96.1228751,"Food|Food & Beverage","Myanmar Trade Promotion Organization (Myantrade) [Public List] (Myantrade Directory of Exporters (as of March 2025))|Myanmar Trade Promotion Organization (Myantrade) [Public List] (Myantrade Directory of Exporters (as of March 2025))","","","","","","Rice|Rice","False"
"MM2025087XRZ8FX","2025-03-28","Aung Moe Khine Manufacturing Co., Ltd.","Aquaculture Zone, Thida Myaing Quarter, Kyauk Tan Township, Yangon., Kyauk Tan, Yangon","MM","Myanmar",16.6223145,96.29602829999999,"Aquaculture","Myanmar Trade Promotion Organization (Myantrade) [Public List] (Myantrade Directory of Exporters (as of March 2025))","","","","","","Aquatic Product","False"
"MM2025087XS30R3","2025-03-28","Nadi Pacific Apparel Co., Ltd","No.107 Twin Thin Tike Wun U Tun Nyo St., Industrial Zone (2), Hlaingtharya, Yangon","MM","Myanmar",16.9013508,96.2369004,"Apparel","Myanmar Garment Manufacturers Association (MGMA) [Public List] (Myanmar Garment Manufacturers Association (Gathered March 2025))|Myanmar Trade Promotion Organization (Myantrade) [Public List] (Myantrade Directory of Exporters (as of March 2025))|An Auditor / Certification Scheme / Service Provider","","","","","","Warm Coat|Seamsealing Jacket and Pants|Down Jackets|Padding Jacket","False"
"MM2025087XWKX50","2025-03-28","Yoyika Garment Co., Ltd","Plot No 339, Myay Taing Block (YaLaPa-25), Shwe Lin Ban Industrial Zone, Hlaing Tharyar Tsp, Yangon.","MM","Myanmar",16.914015,96.0652719,"Apparel","Myanmar Garment Manufacturers Association (MGMA) [Public List] (Myanmar Garment Manufacturers Association (Gathered March 2025))","","","","","","","False"
"MM2025087XXGNCX","2025-03-28","Anawar Fisheries Holdings Ltd","Nyaung Dan Jetty, Lower Pazuntaung Road, Pazuntaung Township, Yangon, Myanmar., Pazuntaung, Yangon","MM","Myanmar",16.7748334,96.1795174,"Food|Food & Beverage","Myanmar Trade Promotion Organization (Myantrade) [Public List] (Myantrade Directory of Exporters (as of March 2025))","","","","","","Shrimp Meat","False"
"MM2025087XXJJEY","2025-03-28","Ngwe San Eain Cotton (Taungyi) Company Limited","No (2/335), Ngwe Sandar Street, Phayar Phyu Quarter, Taungyi Township, Southern Shan State","MM","Myanmar",20.8158883,97.0445653,"Apparel","Myanmar Garment Manufacturers Association (MGMA) [Public List] (Myanmar Garment Manufacturers Association (Gathered March 2025))","","","","","","","False"
"MM2025087XXQ86H","2025-03-28","Ocean Harvest (Myanmar) Ltd","118/B, Yadanar Street, Shwe Pauk Kan Industrial Zone, North Okkalapa, Yangon","MM","Myanmar",16.9145451,96.1498024,"Food|Food & Beverage","Myanmar Trade Promotion Organization (Myantrade) [Public List] (Myantrade Directory of Exporters (as of March 2025))","","","","","","Prawn|Fish","False"
"MM2025087XZDXSH","2025-03-28","Happy Star Co., Ltd","26/B, Ah Wai Yar Street, Ward (15), Yankin, Yangon","MM","Myanmar",16.8313127,96.1709944,"Food|Food & Beverage","Myanmar Trade Promotion Organization (Myantrade) [Public List] (Myantrade Directory of Exporters (as of March 2025))","","","","","","Ginger|Gram Whole|Black Gram","False"
"MM2025087XZT0PY","2025-03-28","Myan Kor Global Holding Services Co., Ltd","803, Wai Za Yan Dar 18th Street, 6th East Ward, Thaketa, Yangon","MM","Myanmar",16.7940862,96.2091457,"Food|Food & Beverage","Myanmar Trade Promotion Organization (Myantrade) [Public List] (Myantrade Directory of Exporters (as of March 2025))","","","","","","Fish|Squid|Crab|Prawn|Winkle","False"
"MM2025087XZXSZ3","2025-03-28","Yangon Fishery Development Co., Ltd","2/24/A, Bay Kyin Street, Gyoh Gone (West) Ward, Insein, Yangon","MM","Myanmar",16.6739313,96.1405236,"Food|Food & Beverage","Myanmar Trade Promotion Organization (Myantrade) [Public List] (Myantrade Directory of Exporters (as of March 2025))","","","","","","Fish Flour|Fish|Prawn","False"
"MM2025087Y2RFZR","2025-03-28","Asia Guiding Star Services Co., Ltd.","83, Rm 5/A, Dhama Zayti Rd., Sanchaung, Yangon, Myanmar, Sanchaung, Yangon","MM","Myanmar",16.8062178,96.13414309999999,"Oil & Gas","Myanmar Trade Promotion Organization (Myantrade) [Public List] (Myantrade Directory of Exporters (as of March 2025))","","","","","","","False"
"MM2025087Y3GVGE","2025-03-28","Smile Happy Co., Ltd","478, Kyansitthar Street, Shwelinban Industrial Zone, Hlaingtharya, Yangon","MM","Myanmar",16.914015,96.0652719,"Food|Food & Beverage","Myanmar Trade Promotion Organization (Myantrade) [Public List] (Myantrade Directory of Exporters (as of March 2025))","","","","","","Honey|Apiculture","False"
"MM2025087Y3H0X1","2025-03-28","San Htoo San Export & Import Co., Ltd.","No.(387), Lower Pazundaung Street, Pazundaung T/S, Yangon., Pazundaung, Yangon","MM","Myanmar",16.7752703,96.1782476,"Food|Food & Beverage","Myanmar Trade Promotion Organization (Myantrade) [Public List] (Myantrade Directory of Exporters (as of March 2025))","","","","","","Green Bean","False"
"MM2025087Y49A4B","2025-03-28","Kripa Trading Co., Ltd","Km-405, 4th Flr, La Pyi Wun Plaza, Dagon, Yangon","MM","Myanmar",16.8269515,96.12782639999999,"Wood Products","Myanmar Trade Promotion Organization (Myantrade) [Public List] (Myantrade Directory of Exporters (as of March 2025))","","","","","","Veneers|plywoods","False"
"MM2025087Y4W17R","2025-03-28","KM Healthcare Myanmar Company Limited","No (35), Special Zone (3), Nyaung Inn Village, Bago Industrial Zone, Bago Division.","MM","Myanmar",17.2504782,96.4532158,"Apparel","An Auditor / Certification Scheme / Service Provider|Myanmar Garment Manufacturers Association (MGMA) [Public List] (Myanmar Garment Manufacturers Association (Gathered March 2025))","","","","","","","False"
"MM2025087Y5G6CQ","2025-03-28","Versatile Company Limited.","221, Myinwun U Ag Thu Street, Hlaing Tharyar Industrial Zone (2), Hlaing Tharyar Township, Yangon.","MM","Myanmar",16.8064449,96.1798337,"Apparel","Myanmar Garment Manufacturers Association (MGMA) [Public List] (Myanmar Garment Manufacturers Association (Gathered March 2025))","","","","","","","False"
"MM2025087Y7MF60","2025-03-28","Mandalay Shwe Yi Co., Ltd","No.34, Ma Naw Hari Road, Dagon Tsp, Yangon., Dagon, Yangon","MM","Myanmar",16.7913077,96.13905559999999,"Food|Food & Beverage","Myanmar Trade Promotion Organization (Myantrade) [Public List] (Myantrade Directory of Exporters (as of March 2025))","","","","","","provides healthy foods","False"
"MM2025087Y7RTBM","2025-03-28","Nine Seas Trading Co., Ltd","79/81, Room-2006, 2nd Floor, Anawrahta Road, Central Tower, Kyauktada, Yangon","MM","Myanmar",16.7765363,96.16399589999999,"Food|Food & Beverage","Myanmar Trade Promotion Organization (Myantrade) [Public List] (Myantrade Directory of Exporters (as of March 2025))","","","","","","Rice","False"
"MM2025087Y7XZAX","2025-03-28","Shwe Myanmar Oo Rice Warehouse","Corner of 85th Street, 33rd Street, West of Aung Nan Yeik Thar, Chanayethazan, Mandalay","MM","Myanmar",21.9764442,96.09440029999999,"Food|Food & Beverage","Myanmar Trade Promotion Organization (Myantrade) [Public List] (Myantrade Directory of Exporters (as of March 2025))","","","","","","Rice","False"
"MM2025087Y8EC3N","2025-03-28","929 Co., Ltd","17/18, Balar Kon Htoke Street, Balar Village, Hlegu, Yangon","MM","Myanmar",17.0948072,96.21105209999999,"Apparel","Myanmar Trade Promotion Organization (Myantrade) [Public List] (Myantrade Directory of Exporters (as of March 2025))","","","","","","Skirt|Pants","False"
"MM2025087Y8HGPF","2025-03-28","Gold Yacht Company Limited.","No (82), Twin Thin Taik Wun U Tun Nyo Street, Hlaing Tharyar Industrial Zone (1), Hlaing Tharyar Township, Yangon.","MM","Myanmar",16.8436582,96.08118429999999,"Apparel","Myanmar Garment Manufacturers Association (MGMA) [Public List] (Myanmar Garment Manufacturers Association (Gathered March 2025))","","","","","","","False"
"MM2025087Y901VN","2025-03-28","The K-world Co., Ltd","120, Shwe Bo Street, Zone (7), Hlaingtharya, Yangon","MM","Myanmar",16.8830095,96.0791184,"Apparel","Myanmar Trade Promotion Organization (Myantrade) [Public List] (Myantrade Directory of Exporters (as of March 2025))","","","","","","Jackets","False"
"MM2025087Y9QM26","2025-03-28","OM Diamond & Jewellery","1, Than Phyu Shed, Bogyoke Aung San Market, East Wing, Pabedan, Yangon, Myanmar, Pabedan, Yangon","MM","Myanmar",16.7802529,96.1558196,"Apparel Accessories","Myanmar Trade Promotion Organization (Myantrade) [Public List] (Myantrade Directory of Exporters (as of March 2025))","","","","","","Gems","False"
"MM2025087YAFFYP","2025-03-28","Direct 2U (US products)","Unit 02-01, 2nd Flr, Pyay Rd., Corner of Min Ye Kyaw Swar Rd., City Mall (St.John), IT Zone, Lanmadaw, Yangon, Myanmar, Lanmadaw, Yangon","MM","Myanmar",16.7828925,96.14430519999999,"Consumer Products","Myanmar Trade Promotion Organization (Myantrade) [Public List] (Myantrade Directory of Exporters (as of March 2025))","","","","","","Kitchenware","False"
"MM2025087YAGNYX","2025-03-28","Top Form Myanmar Co., Ltd","No.614, Myitta Lin Myaing Rd, Aung Chan Tha Quarter, Myitta Lin Myaing Village, Myawaddy","MM","Myanmar",16.6842708,98.5007116,"Apparel","Myanmar Garment Manufacturers Association (MGMA) [Public List] (Myanmar Garment Manufacturers Association (Gathered March 2025))","","","","","","","False"
"MM2025087YB46KR","2025-03-28","Su Zhong Clothing Limited","Plot No.35, Myay Taing Block No.25, Min Theikdi Kyaw Swar Street, Shwe Lin Ban Industrial Zone, Hlaing Thar Yar Tsp, Yangon","MM","Myanmar",16.914015,96.0652719,"Apparel","Myanmar Garment Manufacturers Association (MGMA) [Public List] (Myanmar Garment Manufacturers Association (Gathered March 2025))","","","","","","","False"
"MM2025087YC3NH5","2025-03-28","Hanboom(Myanmar) Garment Co., Ltd","Plot No.480, Wat Ma Soot Win Htauk Street Myay Taing Block No.25, Shwe Lin Ban Industrial Zone, Hlaing Thar Yar Tsp, Yangon.","MM","Myanmar",16.914015,96.0652719,"Apparel","Myanmar Garment Manufacturers Association (MGMA) [Public List] (Myanmar Garment Manufacturers Association (Gathered March 2025))","","","","","","","False"
"MM2025087YCH2H0","2025-03-28","Atelier E & M International Company Limited.","No (214), Kant Kaw Street, South Dagon Industrial Zone (3), South Dagon Township, Yangon.","MM","Myanmar",16.8411913,96.2243034,"Apparel","Myanmar Garment Manufacturers Association (MGMA) [Public List] (Myanmar Garment Manufacturers Association (Gathered March 2025))|Myanmar Trade Promotion Organization (Myantrade) [Public List] (Myantrade Directory of Exporters (as of March 2025))","","","","","","Petticoat|Bolero|Veil|Wedding Dress","False"
"MM2025087YD8ZBF","2025-03-28","Bailongma Co., Ltd","No.16, Weilk Zar Nyi Naung Street, 9 miles, Mayangone Township, Yangon, Mayangone, Yangon","MM","Myanmar",16.8648837,96.10197319999999,"Agriculture|Food|Food & Beverage","Myanmar Trade Promotion Organization (Myantrade) [Public List] (Myantrade Directory of Exporters (as of March 2025))","","","","","","Sorghums","False"
"MM2025087YDTVN7","2025-03-28","Bravo International Manufacturing Company Limited.","No. (172-A), U Shwe Bin St, 113 Quarter, East Dagon, Yangon","MM","Myanmar",16.8879224,96.210629,"Apparel","Myanmar Garment Manufacturers Association (MGMA) [Public List] (Myanmar Garment Manufacturers Association (Gathered March 2025))","","","","","","","False"
"MM2025087YECYMW","2025-03-28","Myanmar Yulin Co., Ltd","Plot No(C-10), Myay Taing Block No.(175), Kyi Su Industrial Zone, Dagon Myo Thit (Seikkan) T/s, Yangon., Dagon Myo Thit  (Seikkan), Yangon","MM","Myanmar",16.7688409,96.1566754,"Rubber Products","Myanmar Trade Promotion Organization (Myantrade) [Public List] (Myantrade Directory of Exporters (as of March 2025))","","","","","","Rubber","False"
"MM2025087YFVWF5","2025-03-28","Jerry Textile Co., Ltd","Plot No.210, Myay Taing block No.25, Shwe Lin Ban Industrial Zone, Hlaing Thar Yar Tsp, Yangon.","MM","Myanmar",16.914015,96.0652719,"Apparel","Myanmar Garment Manufacturers Association (MGMA) [Public List] (Myanmar Garment Manufacturers Association (Gathered March 2025))","","","","","","","False"
"MM2025087YGYNQA","2025-03-28","Win Glory Int'l Mfg Co., Ltd","42, Bamaw Atwin Wun St, Industrial Zone (3), Hlaingtharya, Yangon","MM","Myanmar",16.9212186,96.0568096,"Apparel","Myanmar Trade Promotion Organization (Myantrade) [Public List] (Myantrade Directory of Exporters (as of March 2025))","","","","","","Pajamas|Baby Wear","False"
"MM2025087YHBMDD","2025-03-28","Eastern Silver Star Co., Ltd","8th Floor, 38th Street, Palaza, Kyauktada, Yangon","MM","Myanmar",16.7779548,96.1629009,"Food|Food & Beverage","Myanmar Trade Promotion Organization (Myantrade) [Public List] (Myantrade Directory of Exporters (as of March 2025))","","","","","","Salts|Pomelo|Cucumber","False"
"MM2025087YHMYH4","2025-03-28","CMS Apparel Yangon Company Limited","No.(278/1), Cornor of Hlay Athinwin Wun U Chain street and Wun Saung Mhu Street, Shwe Lin Ban Industrial Zone, Hlaing Tharyar Tsp","MM","Myanmar",16.914015,96.0652719,"Apparel","Myanmar Garment Manufacturers Association (MGMA) [Public List] (Myanmar Garment Manufacturers Association (Gathered March 2025))|Myanmar Trade Promotion Organization (Myantrade) [Public List] (Myantrade Directory of Exporters (as of March 2025))","","","","","","Pants|Sport Wear","False"
"MM2025087YHVR8W","2025-03-28","Golden Orient Co., Ltd (GOC)","112, Yadanar Theingi Street, Industrial Zone (7), Hlaingtharya, Yangon","MM","Myanmar",16.8830095,96.0791184,"Food|Food & Beverage","Myanmar Trade Promotion Organization (Myantrade) [Public List] (Myantrade Directory of Exporters (as of March 2025))|Myanmar Trade Promotion Organization (Myantrade) [Public List] (Myantrade Directory of Exporters (as of March 2025))","","","","","","Crab|Fish|Prawn|Shrimp Meat","False"
"MM2025087YMJTM4","2025-03-28","Myanmar Pharmaceuticals & Medical Equipment Entrepreneurs Association","No(29), 6th Floor, UMFCCI Tower, Min Ye Kyaw Swar Road, Lanmadaw Township, Yangon., Lanmadaw, Yangon","MM","Myanmar",16.7829978,96.1413678,"Pharmaceuticals","Myanmar Trade Promotion Organization (Myantrade) [Public List] (Myantrade Directory of Exporters (as of March 2025))","","","","","","Medicine","False"
"MM2025087YNCF22","2025-03-28","Pro Myanmar Trading Co., Ltd","54, Hla Theingi Street, Industrial Zone, Dagon Seikkan, Yangon","MM","Myanmar",16.8520683,96.26946079999999,"Wood Products","Myanmar Trade Promotion Organization (Myantrade) [Public List] (Myantrade Directory of Exporters (as of March 2025))","","","","","","","False"
"MM2025087YNK8TT","2025-03-28","Mahar Hpa An Production","Plot (1, 2, 3, 4), Hpa An Industrial Zone (2), Group of San Pharee Village, Hpa-An, Hpa-An","MM","Myanmar",16.9482233,97.70061100000001,"Apparel","Myanmar Trade Promotion Organization (Myantrade) [Public List] (Myantrade Directory of Exporters (as of March 2025))","","","","","","Brasiar (Girl)|Underwear","False"
"MM2025087YP91G0","2025-03-28","Gold Yacht Co., Ltd (Shwe Ywet Hlay)","82, Twin Thin Taik Wun U Tun Nyo Street, Hlaingthatyar Industrial Zone (1), Hlaingtharya, Yangon","MM","Myanmar",16.8436582,96.08118429999999,"Apparel","Myanmar Trade Promotion Organization (Myantrade) [Public List] (Myantrade Directory of Exporters (as of March 2025))","","","","","","Jackets|Pants|Brassiere & Biref","False"
"MM2025087YPJASV","2025-03-28","Goldenberg Myanmar Int'l Co., Ltd","284/285/277, Set Hmu 6th Street, Industrial Zone (1), Shwepyitha, Yangon","MM","Myanmar",16.8330415,96.21901369999999,"Apparel Accessories","Myanmar Trade Promotion Organization (Myantrade) [Public List] (Myantrade Directory of Exporters (as of March 2025))","","","","","","Hand Bag|Wallet","False"
"MM2025087YQ199T","2025-03-28","Shwe Pyi Ya Trading Co., Ltd","21, Corner of 88th Street & 11st Street, Aungmyaythazan, Mandalay","MM","Myanmar",21.9992205,96.0739222,"Food|Food & Beverage","Myanmar Trade Promotion Organization (Myantrade) [Public List] (Myantrade Directory of Exporters (as of March 2025))","","","","","","Sugar","False"
"MM2025087YQVFSA","2025-03-28","Zhen Dan (Myanmar) Knitting Industry Co., Ltd","Plot No.367, Myay Taing Block No.49, Wartayar Industrial Zone, Shwe Pyi Thar Tsp, Yangon","MM","Myanmar",16.9753379,96.07851040000001,"Apparel","Myanmar Garment Manufacturers Association (MGMA) [Public List] (Myanmar Garment Manufacturers Association (Gathered March 2025))","","","","","","","False"
"MM2025087YRPY3Z","2025-03-28","Ah Yee Taung Pickted Tea Leaves","No(181)/5, 86 Street, 24x25 between Yae Kyi Ward, Mandalay, Myanmar., Mandalay, Mandalay","MM","Myanmar",21.9889231,96.077445,"Beverages|Food & Beverage","Myanmar Trade Promotion Organization (Myantrade) [Public List] (Myantrade Directory of Exporters (as of March 2025))","","","","","","Tea Leaves","False"
"MM2025087YRRXZW","2025-03-28","Brothers(Myanmar) Co., Ltd","Plot (21), Myay Taing Block No.(24), Ngwe Pin Lal Industrial Zone, Hlaing Tharyar Tsp, Ygn.","MM","Myanmar",16.9274,96.0656,"Apparel","Myanmar Garment Manufacturers Association (MGMA) [Public List] (Myanmar Garment Manufacturers Association (Gathered March 2025))|Myanmar Trade Promotion Organization (Myantrade) [Public List] (Myantrade Directory of Exporters (as of March 2025))","","","","","","Long Pants|Woven Wear","False"
"MM2025087YSETVC","2025-03-28","New Generation Star Company Limited","No(100).MAPCO Building, Between, Between Lanthit Street & Wardan Street, Seik-Kan Port Area, Seik-Kan Township, Yangon., Seik, Yangon","MM","Myanmar",16.7754921,96.1421346,"Food|Food & Beverage","Myanmar Trade Promotion Organization (Myantrade) [Public List] (Myantrade Directory of Exporters (as of March 2025))","","","","","","Rice","False"
"MM2025087YTKM0H","2025-03-28","Thwin International Co., Ltd","RM (6), 2nd floor, 57 59, Yaw Min Gyi Street, Dagon, Yangon","MM","Myanmar",16.781861,96.1549019,"Food|Food & Beverage","Myanmar Trade Promotion Organization (Myantrade) [Public List] (Myantrade Directory of Exporters (as of March 2025))","","","","","","Rice|Black Gram|Maize|Tamarind|Rubber","False"
"MM2025087YTW4KX","2025-03-28","New Asia Co., Ltd","65, Seikkan Thar Street, Ngwe Pin Lae Industrial Zone, Hlaingtharya, Yangon","MM","Myanmar",16.7720932,96.163063,"Food|Food & Beverage","Myanmar Trade Promotion Organization (Myantrade) [Public List] (Myantrade Directory of Exporters (as of March 2025))","","","","","","Green Gram|Pigeon Pea","False"
"MM2025087YV0N33","2025-03-28","Lin Aung Industrial & Production Co., Ltd.","Lin Thar Village, Thanttwe Township, Yangon, Myanmar., Thanttwe, Rakhine","MM","Myanmar",18.4289182,94.3282595,"Food|Food & Beverage","Myanmar Trade Promotion Organization (Myantrade) [Public List] (Myantrade Directory of Exporters (as of March 2025))","","","","","","Shrimp Meat","False"
"MM2025087YWM2KN","2025-03-28","Happy Sky Co., Ltd","42/50, Room-6/B, 6th Floor, Shwe Bon Thar Street, Diamond Condo, Pabedan, Yangon","MM","Myanmar",16.7726556,96.15605719999999,"Food|Food & Beverage","Myanmar Trade Promotion Organization (Myantrade) [Public List] (Myantrade Directory of Exporters (as of March 2025))","","","","","","Black Eye Bean|Green Gram|Black Gram","False"
"MM2025087YWMDXA","2025-03-28","Myanmar GF Company Limited.","No (95), Set Mhu 6 Street, Shwe Pyi Thar Industrial Zone (1), Shwe Pyi Thar Township, Yangon.","MM","Myanmar",16.9337149,96.0872415,"Apparel","Myanmar Garment Manufacturers Association (MGMA) [Public List] (Myanmar Garment Manufacturers Association (Gathered March 2025))","","","","","","","False"
"MM2025087YY3RKW","2025-03-28","Shwe Thazin Syndicate Ltd","17/18, Bahosi Housing Estate, Bogyoke Aung San Street, Lanmadaw, Yangon","MM","Myanmar",16.7792342,96.1404381,"Food|Food & Beverage","Myanmar Trade Promotion Organization (Myantrade) [Public List] (Myantrade Directory of Exporters (as of March 2025))","","","","","","Green Gram|Black Gram|Sesame","False"
"MM2025087YYFSVH","2025-03-28","Well Bom Int'l Ltd","59, 1st Floor, 28th Street, Lower Middle Block, Pabedan, Yangon","MM","Myanmar",16.8021992,96.13233129999999,"Food|Food & Beverage","Myanmar Trade Promotion Organization (Myantrade) [Public List] (Myantrade Directory of Exporters (as of March 2025))","","","","","","Green Gram|Black Gram|Pigeon Pea","False"
"MM2025087YZ4TZC","2025-03-28","Needle Art Garment","23, Daw Hla Khin Street, Baho Road, Mayangone, Yangon","MM","Myanmar",16.8533446,96.1168601,"Apparel","Myanmar Trade Promotion Organization (Myantrade) [Public List] (Myantrade Directory of Exporters (as of March 2025))","","","","","","Suits|Underwears","False"
"MM2025087YZAC49","2025-03-28","Ashro Co., Ltd (VE)","79, B/1, B/2, Shwe Gone Daing Road, Near S.S.C Hospital, Shwe Gone Daing (East) Ward, Bahan, Yangon","MM","Myanmar",16.8105428,96.1605383,"Food|Food & Beverage","Myanmar Trade Promotion Organization (Myantrade) [Public List] (Myantrade Directory of Exporters (as of March 2025))","","","","","","Rice|Sugar","False"
"MM2025087YZP84H","2025-03-28","Aye Nyein Thar Co., Ltd.","Bldg;No.(15), Road No.(5/B), Ashae Kone Street, Sanchaung T/S, Yangon Region., Sanchaung, Yangong","MM","Myanmar",16.8062445,96.1387686,"Food|Food & Beverage","Myanmar Trade Promotion Organization (Myantrade) [Public List] (Myantrade Directory of Exporters (as of March 2025))","","","","","","Crab","False"
"MM2025087Z1XCQJ","2025-03-28","UBH Co., Ltd","No.49/51, (31) Street, Lower Block, (9) Ward, Pabedan, YANGON","MM","Myanmar",16.7776497,96.1566754,"Food|Food & Beverage","Myanmar Trade Promotion Organization (Myantrade) [Public List] (Myantrade Directory of Exporters (as of March 2025))","","","","","","Rice","False"
"MM2025087Z3FBFX","2025-03-28","Win Win Vermicelli Industry Co., Ltd","No.28, Upper Pansodan Street, Aung San Stadium Easterwing, Mingalar Taung Nyunt Township, Yangon, Myanmar., Mingalar Taung Nyunt, Yangon","MM","Myanmar",16.7838551,96.160731,"Food|Food & Beverage","Myanmar Trade Promotion Organization (Myantrade) [Public List] (Myantrade Directory of Exporters (as of March 2025))","","","","","","Vermicelli","False"
"MM2025087Z40J6D","2025-03-28","Ngwe Tike Soe Co., Ltd","7/D, Aye Tharyar Street, Man Aung Ward, Tamwe, Yangon","MM","Myanmar",16.8251892,96.1729192,"Food|Food & Beverage","Myanmar Trade Promotion Organization (Myantrade) [Public List] (Myantrade Directory of Exporters (as of March 2025))","","","","","","Gram Whole|Pigeon Pea","False"
"MM2025087Z4D4QX","2025-03-28","Coastline Princess Co., Ltd","No.44, 1st Floor, Bogalay Zay Street, Botahtaung, Yangon","MM","Myanmar",16.7716266,96.1656263,"Agriculture|Food|Food & Beverage","Myanmar Trade Promotion Organization (Myantrade) [Public List] (Myantrade Directory of Exporters (as of March 2025))","","","","","","Tumeric Fingers|Ginger","False"
"MM2025087Z4NH61","2025-03-28","Sun Flower Lace Co., Ltd","D-7/D-9, Mingalardon Industrial Zone, Mingalardon, Yangon","MM","Myanmar",16.9421429,96.1566754,"Apparel","Myanmar Garment Manufacturers Association (MGMA) [Public List] (Myanmar Garment Manufacturers Association (Gathered March 2025))|Myanmar Trade Promotion Organization (Myantrade) [Public List] (Myantrade Directory of Exporters (as of March 2025))","","","","","","Crochet","False"
"MM2025087Z5X64X","2025-03-28","Yong Xin Co., Ltd","279, U Wisara Road, Corner of Shan Kone Street, Myay Ni Gone (North) Ward, Sanchaung, Yangon","MM","Myanmar",16.8073003,96.1398356,"Rubber Products","Myanmar Trade Promotion Organization (Myantrade) [Public List] (Myantrade Directory of Exporters (as of March 2025))","","","","","","Rubber","False"
"MM2025087Z76N8V","2025-03-28","Shwe Pwint Ngwe Pwint Co., Ltd","16, Bogyoke Road, Near Shwe Wut Hlwar Motel, Ward (5), Myawaddy, Myawaddy","MM","Myanmar",16.6891571,98.50228709999999,"Agriculture|Food|Food & Beverage","Myanmar Trade Promotion Organization (Myantrade) [Public List] (Myantrade Directory of Exporters (as of March 2025))","","","","","","Cashew Nuts|Onion|Ground Nuts|Broken Rice","False"
"MM2025087Z85211","2025-03-28","Myanmar Nyunt Co., Ltd","106/108, 93th St, Kan Daw Kalay (east), Mingalar Taungnyunt, Yangon","MM","Myanmar",16.7874914,96.1712596,"Food|Food & Beverage","Myanmar Trade Promotion Organization (Myantrade) [Public List] (Myantrade Directory of Exporters (as of March 2025))","","","","","","Bamboo Bean|Butter Bean|Black Gram|Pigeon Pea","False"
"MM2025087ZA41QQ","2025-03-28","Gaotai Garment (Myanmar) Co., Ltd","Myay Taing Block No.42, No72, Shwe Pyi Thar Tsp.","MM","Myanmar",16.9806142,96.0722441,"Apparel","Myanmar Garment Manufacturers Association (MGMA) [Public List] (Myanmar Garment Manufacturers Association (Gathered March 2025))","","","","","","","False"
"MM2025087ZADQ76","2025-03-28","Seven Tigers Trading Co., Ltd","4/ Thiri Myaing Street, Htauk Kyat (South) Ward, Mingalardon, Yangon","MM","Myanmar",16.8501147,96.1186319,"Agriculture|Food|Food & Beverage","Myanmar Trade Promotion Organization (Myantrade) [Public List] (Myantrade Directory of Exporters (as of March 2025))","","","","","","Maize","False"
"MM2025087ZDJ04M","2025-03-28","Blue Sky Myanmar (Apparel Myanmar)Co., Ltd","ShweYinAye(1)Street, No.128, Ind'l Zone(5), Hlaing Tharyar Tsp, Yangon","MM","Myanmar",16.8819286,96.0573302,"Apparel","Myanmar Garment Manufacturers Association (MGMA) [Public List] (Myanmar Garment Manufacturers Association (Gathered March 2025))","","","","","","","False"
"MM2025087ZEN570","2025-03-28","Phoe Pyone Cho Co., Ltd","No(1), Pyaw Bawel Ward, Wundwin, Mandalay","MM","Myanmar",21.5290175,95.9885456,"Apparel","Myanmar Garment Manufacturers Association (MGMA) [Public List] (Myanmar Garment Manufacturers Association (Gathered March 2025))","","","","","","","False"
"MM2025087ZFEYHX","2025-03-28","Jingphaw City Development Co., Ltd","No.766, Myaymyint 13 street, Myitkyina, Myitkyina, Kachin State","MM","Myanmar",25.3864765,97.37698239999999,"Agriculture|Food|Food & Beverage","Myanmar Trade Promotion Organization (Myantrade) [Public List] (Myantrade Directory of Exporters (as of March 2025))","","","","","","Shao Kaw ( Black Cardammon )|Cordcypes Traditional Gin ( Shipidi Syrup )|Grapefruit|Pickled Onion","False"
"MM2025087ZG0K4R","2025-03-28","Y & S Co., Ltd","Unit B-10 & B-14, skytech Ind'l Park, No. 5&8, Kyansitthar Rd, Kyansitthar Ind'l Zone, 143/1 War, South Dagon Myo Thit, Tsp, Ygn","MM","Myanmar",16.8520683,96.26946079999999,"Apparel","Myanmar Garment Manufacturers Association (MGMA) [Public List] (Myanmar Garment Manufacturers Association (Gathered March 2025))|Myanmar Trade Promotion Organization (Myantrade) [Public List] (Myantrade Directory of Exporters (as of March 2025))","","","","","","Pets Clothes","False"
"MM2025087ZHXBCP","2025-03-28","UMHC Co., Ltd","538-Ka, Block No - 28/Gha, 4 Highway Rd, Shwepyitha, Yangon","MM","Myanmar",16.7827801,96.15066329999999,"Apparel","Myanmar Trade Promotion Organization (Myantrade) [Public List] (Myantrade Directory of Exporters (as of March 2025))","","","","","","Air Bag","False"
"MM2025087ZJF950","2025-03-28","Shwe Naga Minn Group of Companies","101, 1st Floor, Between 39th Street & 40th Street, Anawrahta Road, Central Tower, Kyauktada, Yangon","MM","Myanmar",16.7765363,96.16399589999999,"Food|Food & Beverage","Myanmar Trade Promotion Organization (Myantrade) [Public List] (Myantrade Directory of Exporters (as of March 2025))","","","","","","Rice","False"
"MM2025087ZMRTQE","2025-03-28","Shwe Phone Pyae Shan General Eonomic Cooperative Ltd","92, Min Ye Kyaw Swar 8th Street, Ward (7), South Okkalapa, Yangon","MM","Myanmar",16.8548431,96.18213840000001,"Food|Food & Beverage","Myanmar Trade Promotion Organization (Myantrade) [Public List] (Myantrade Directory of Exporters (as of March 2025))","","","","","","Black Gram|Rice|Pigeon Pea","False"
"MM2025087ZR78ZQ","2025-03-28","Myanmar C & N Company Limited.","No (41/42), Shwe Yin Aye Kyaung Road, Hlaing Tharyar Industrial Zone (5), Hlaing Tharyar Township, Yangon.","MM","Myanmar",16.7859671,96.128909,"Apparel","Myanmar Garment Manufacturers Association (MGMA) [Public List] (Myanmar Garment Manufacturers Association (Gathered March 2025))|Myanmar Trade Promotion Organization (Myantrade) [Public List] (Myantrade Directory of Exporters (as of March 2025))","","","","","","T shirt|Shirt|Kid Wear","False"
"MM2025087ZREYF4","2025-03-28","Htoo San Linn Let Trading Company Limited","No.(Kala-546)Pang Lone Kwet Thit, Kaung Hmu Lwel Quarter, Muse Tsp, Shan State, Myanmar., Muse Tsp, Yangon","MM","Myanmar",23.9932884,97.9102647,"Food|Food & Beverage","Myanmar Trade Promotion Organization (Myantrade) [Public List] (Myantrade Directory of Exporters (as of March 2025))","","","","","","Rice","False"
"MM2025087ZTX9P7","2025-03-28","Shwe Sakar Co., Ltd","18/19, Thilawa Street, Alwan Soake Village, Thanlyin, Yangon","MM","Myanmar",16.6836797,96.260638,"Apparel","Myanmar Trade Promotion Organization (Myantrade) [Public List] (Myantrade Directory of Exporters (as of March 2025))","","","","","","Jackets|Dresses|Pants","False"
"MM2025087ZVF779","2025-03-28","Myanmar Full Win Safety Co., Ltd","76, Corner of U Tun Nyunt Street & Pyin Si Min Thar Gyi Street, Shwelinban Industrial Zone, Hlaingtharya, Yangon","MM","Myanmar",16.9022615,96.0652719,"Apparel|Apparel Accessories","Myanmar Garment Manufacturers Association (MGMA) [Public List] (Myanmar Garment Manufacturers Association (Gathered March 2025))|Myanmar Trade Promotion Organization (Myantrade) [Public List] (Myantrade Directory of Exporters (as of March 2025))","","","","","","Glove","False"
"MM2025087ZW6YWD","2025-03-28","Sunrise (Myanmar) Fashion Co., Ltd","No.81, Myay Taing Block No.51, Thardukan Ind'l Zone, Shwe Pyi Thar Tsp","MM","Myanmar",16.991312,96.084688,"Apparel","Myanmar Garment Manufacturers Association (MGMA) [Public List] (Myanmar Garment Manufacturers Association (Gathered March 2025))","","","","","","","False"
"MM2025087ZWVGE6","2025-03-28","Rose Golden Mountain Trading Co., Ltd","13/B, Tharyar Shwe Pyi Street, Ward (16), Yankin, Yangon","MM","Myanmar",16.8900966,96.1676251,"Apparel","Myanmar Trade Promotion Organization (Myantrade) [Public List] (Myantrade Directory of Exporters (as of March 2025))","","","","","","Shirt","False"
"MM2025087ZY1TQ1","2025-03-28","Four Nines Co., Ltd","No-80, 1St Flr, 29th Street, Lower Middle Block, Pabedan, Yangon","MM","Myanmar",16.7776497,96.1566754,"Food|Food & Beverage","Myanmar Trade Promotion Organization (Myantrade) [Public List] (Myantrade Directory of Exporters (as of March 2025))","","","","","","Pigeon Pea","False"
"MM2025087ZYWM0Z","2025-03-28","Tha Shu (Myanmar) Glory Fashion Co., Ltd","Plot No.123, Myay Taing No.14, Shwe Thanlwin Industrial Zone, Hlaing Tharyar Tsp, Yangon","MM","Myanmar",16.8819286,96.0573302,"Apparel","Myanmar Garment Manufacturers Association (MGMA) [Public List] (Myanmar Garment Manufacturers Association (Gathered March 2025))","","","","","","","False"
"MM2025087ZZF3BD","2025-03-28","Mandalay Rice Miller's Development Company Limited","No(86/9) 86 St, Between 16 and 17St, Aung Myay Thar Zan Tsp, Mandalay., Aung Myay Thar Zan, Mandalay","MM","Myanmar",22.000769,96.07276399999999,"Food|Food & Beverage","Myanmar Trade Promotion Organization (Myantrade) [Public List] (Myantrade Directory of Exporters (as of March 2025))","","","","","","Rice","False"
"MM20250881Z03J8","2025-03-28","Hlaing Htate Khaung Co., Ltd","449/A, Seikkanthar Street, Shwe Lin Ban Industrial Zone, Hlaingtharya, Yangon","MM","Myanmar",16.914015,96.0652719,"Animal Production|Fishing|Food|Food & Beverage|Food Industry","European Commission: TRACES – TRAde Control and Expert System [Public List]|Myanmar Trade Promotion Organization (Myantrade) [Public List] (Myantrade Directory of Exporters (as of March 2025))","","","","","","Fish","False"
"MM20250886KBAPQ","2025-03-28","Nantong Great One Myanmar Co., Ltd","70, Twin Thin Wun U Tun Nyo Street, Industrial Zone (2), Hlaingtharya, Yangon","MM","Myanmar",16.8341487,96.230958,"Apparel","Myanmar Trade Promotion Organization (Myantrade) [Public List] (Myantrade Directory of Exporters (as of March 2025))","","","","","","Warm Coat","False"
"MM2025088DZ68JZ","2025-03-28","Mya Ayar Manufacturing Co., Ltd","55, Bagan - Naung Oo Street, East Dagon Extended Industrial Zone - 2, South Dagon, Yangon","MM","Myanmar",16.8341487,96.230958,"Consumer Products|Personal Care Products","Myanmar Trade Promotion Organization (Myantrade) [Public List] (Myantrade Directory of Exporters (as of March 2025))","","","","","","Coconut Oil|Coconut Powder|Coconut Product : Copra Coconut Oil (CNO)|Hair Oil Bottles","False"
"MM2025088KX44DR","2025-03-28","Myanmar Handsome Garment Co., Ltd","107, Padaewon U Shwe Pyin Street, EaStreet Dagon Industrial Zone (1), East Dagon, Yangon","MM","Myanmar",16.9333352,96.30134319999999,"Apparel","Myanmar Trade Promotion Organization (Myantrade) [Public List] (Myantrade Directory of Exporters (as of March 2025))","","","","","","Staff Wear (Uniform)|Jackets","False"
"MM2025088MYEF02","2025-03-28","Wege Garment Co., Ltd","11, Lower Mingalardon Td, Sint Ngu Ward, Insein, Yangon","MM","Myanmar",16.932332,96.10173119999999,"Apparel","Myanmar Trade Promotion Organization (Myantrade) [Public List] (Myantrade Directory of Exporters (as of March 2025))","","","","","","Swim Suit|Jackets|Long Pants","False"
"MM2025088NXQ03Z","2025-03-28","Myanmar Tah Hsin Industrial Co., Ltd","No.3 Main Rd, Mingalardon Industrial ParK, Mingalardon, Yangon","MM","Myanmar",16.9421429,96.1566754,"Apparel","Myanmar Trade Promotion Organization (Myantrade) [Public List] (Myantrade Directory of Exporters (as of March 2025))","","","","","","Sport Wear|Rain Coat","False"
"MM2025088PAJ2RZ","2025-03-28","Min Zarni Co., Ltd","4/Kha-1, Hlaing River Street, Thaung Gyi Ward, Industrial Zone (1), Hlaingtharya, Yangon","MM","Myanmar",16.8888315,96.10887079999999,"Food|Food & Beverage","Myanmar Trade Promotion Organization (Myantrade) [Public List] (Myantrade Directory of Exporters (as of March 2025))","","","","","","Crab|Fish|Prawn","False"
"MM2025088X66RZK","2025-03-28","Mingalar Sumbiri Garment Co., Ltd","27, 7th Street, Yangon Industrial Park, Mingalardon, Yangon","MM","Myanmar",16.9969497,96.1420947,"Apparel","Myanmar Trade Promotion Organization (Myantrade) [Public List] (Myantrade Directory of Exporters (as of March 2025))","","","","","","Underwear","False"
"MM2025088Y2B1ED","2025-03-28","JOC Myanmar Garment Co., Ltd","Plot (5), Myay Taing Blk (E-12), Thardukan Industrial Zone, Shwepyitha, Yangon","MM","Myanmar",16.9845706,96.09229219999999,"Apparel","Myanmar Trade Promotion Organization (Myantrade) [Public List] (Myantrade Directory of Exporters (as of March 2025))|Myanmar Garment Manufacturers Association (MGMA) [Public List] (Myanmar Garment Manufacturers Association (Gathered March 2025))","","","","","","Coat (Men)|Jackets","False"
"MM20250918PABXX","2025-04-01","Honeys Garment Company Limited. (Factory 2)","No (B-4), Mingaladon Industrial Zone Park, Mingaladon Township, Yangon","MM","Myanmar",16.9969115,96.14212529999999,"Apparel|Textiles","Myanmar Garment Manufacturers Association (MGMA) [Public List]","","","","","","","False"
"MM2025091HPA0GE","2025-04-01","Htike Htike Company Limited 2","No (30), 76th Street, Between 9th & 10th Street, Myout Pyin Side, Mandalay Region","MM","Myanmar",22.0150902,96.092379,"Apparel|Textiles","Myanmar Garment Manufacturers Association (MGMA) [Public List]","","","","","","","False"
"MM2025091SCYDGD","2025-04-01","Honeys Garment Company Limited (Factory 1)","No (132), Yangon Industrial Zone (1), Mingaladon Garden City, Yangon, Myanmar","MM","Myanmar",16.9969497,96.1420947,"Apparel|Textiles","Myanmar Garment Manufacturers Association (MGMA) [Public List]","","","","","","","False"
"MM20250932DDATF","2025-04-03","E ENTERPRISES LTD. (MYANMAR) - YANGON","No.27, Than Chat Wun U Myu Road, East Dagon Industrial Zone, Yangon","MM","Myanmar",16.8908169,96.2508702,"Warehousing","Open Supply Hub Research Team [Public Data]|Open Supply Hub Research Team [Public Data]","","Elan Group|Elan Group","null","","null|null","","False"
"MM20250933648AE","2025-04-03","E ENTERPRISES LTD. (MYANMAR) - MANDALAY","Corner of 43rd and 53rd Street, No.M-38, Ye Mon Taung Ward, Maharaungmyae Tsp, Mandalay","MM","Myanmar",21.9251147,96.1249598,"Warehousing","Open Supply Hub Research Team [Public Data]|Open Supply Hub Research Team [Public Data]","","Elan Group|Elan Group","null","","null|null","","False"
"MM202509337HV38","2025-04-03","Myanmar Solar Power - Myeik Branch","No. A-3, Kayay Yeik Mon Housing, Thakata (Thaekwin), Kangyi Ward, Myeik","MM","Myanmar",12.4492291,98.62706279999999,"Energy|Renewable Energy|Solar Energy","Open Supply Hub Research Team [Public Data]|Open Supply Hub Research Team [Public Data]","","null|null","null","","null|null","","False"
"MM202509357D33E","2025-04-03","Myanmar Solar Power - Yangon Branch","No.(145/A2), Thiri Mingalar Street, 4 Ward, 8 Miles, Mayangone Township, Yangon","MM","Myanmar",16.8686626,96.13927869999999,"Energy|Renewable Energy|Solar Energy","Open Supply Hub Research Team [Public Data]|Open Supply Hub Research Team [Public Data]","","null|null","null","","null|null","","False"
"MM20250936617GK","2025-04-03","Myanmar Solar Power - Naypyitaw Branch","No.65A/65B, YANGON-MANDALAY Highway Road ( Old Road, Paung Laung Ward (2), Pobbathiri Township, NAYPYITAW, PYINMANAR","MM","Myanmar",19.1405556,96.3512026,"Energy|Renewable Energy|Solar Energy","Open Supply Hub Research Team [Public Data]|Open Supply Hub Research Team [Public Data]","","null|null","null","","null|null","","False"
"MM2025093ATHSFC","2025-04-03","Myanmar Solar Power - Mandalay Branch","Corner of 78x42St, YANGON-MANDALAY Main Road, Chan Myae Thar Si Tsp, MANDALAY","MM","Myanmar",21.9588282,96.0891032,"Energy|Renewable Energy|Solar Energy","Open Supply Hub Research Team [Public Data]|Open Supply Hub Research Team [Public Data]","","null|null","null","","null|null","","False"
"MM2025093C9HN8J","2025-04-03","Htike Htike Company Limited 1","No (389/390 & 391) Sagaing Street, South Dagon Industrial Zone (1), South Dagon Township, Yangon","MM","Myanmar",16.833343,96.22006619999999,"Apparel","Myanmar Garment Manufacturers Association (MGMA) [Public List]","","","","","","","False"
"MM2025093E4XMBX","2025-04-03","E ENTERPRISES LTD. (MYANMAR) - PAKOKKU","No. 154, Lane -2, Pakokku Industrial Zone, Pakokku Township","MM","Myanmar",21.3394161,95.07027939999999,"Warehousing","Open Supply Hub Research Team [Public Data]|Open Supply Hub Research Team [Public Data]","","Elan Group|Elan Group","null","","null|null","","False"
"MM2025093TDQGDA","2025-04-03","E ENTERPRISES LTD. (MYANMAR) - MAGWAY","No.315, Myopat Street & Corner Street of Yanaung 13th Street, Yanaung Ward, Magway","MM","Myanmar",20.1531774,94.9493784,"Warehousing","Open Supply Hub Research Team [Public Data]|Open Supply Hub Research Team [Public Data]","","Elan Group|Elan Group","null","","null|null","","False"
"MM2025093V4HTF8","2025-04-03","Sein Gabar Plastics and Woven","Near Yan-Kin Hill, Pa Thein Gyi Township","MM","Myanmar",21.984834,96.16794469999999,"Manufacturing|Plastics","Open Supply Hub Research Team [Public Data]|Open Supply Hub Research Team [Public Data]","","DG General Trading Co., Ltd.|DG General Trading Co., Ltd.","null","","null|null","","False"
"MM2025093Z7M0BM","2025-04-03","ELAN LOGISTICS LTD","#1217, 12th (A) Floor, SAKURA Tower 339, Bogyoke Aung San Road, Kyauktada Township, Yangon, Myanmar 11181","MM","Myanmar",16.7852376,96.1827007,"Unspecified","Open Supply Hub Research Team [Public Data]|Open Supply Hub Research Team [Public Data]","","Elan Group|Elan Group","null","","null|null","Transportation|Logistics|Transportation|Logistics","False"
"MM202510547ABKW","2025-04-15","Aung Naing Yoma Thitsar Co., Ltd","Plot 991, Kyaung Gone Kwin, Padeegone Village Tract, Thaegone Township, Pyay District, Bago Region","MM","Myanmar",18.9147053,95.5617279,"Agriculture|Food|Food & Beverage","Myanmar Rice Federation [Public List] (Registered companies as of April 2025)","","","","","","Rice","False"
"MM20251054R83TA","2025-04-15","Tet Tun Khaing Family Co., Ltd","No(635), Sandaku (7) Quarter, ALung Payar Road, Tamu Tsp, Sagaing.","MM","Myanmar",24.2198843,94.31028789999999,"Agriculture|Food|Food & Beverage","Myanmar Rice Federation [Public List] (Registered companies as of April 2025)","","","","","","Rice","False"
"MM20251054SX1X1","2025-04-15","Myanmar Agribusiness Public Company Limited","No(100), Corner of Wardan Street & Kan Nar Street, Beside the concrete Express Way, Wardan Port Area, Seik Kan (Port) Tsp, Yangon.","MM","Myanmar",16.7688409,96.1566754,"Agriculture|Food|Food & Beverage","Myanmar Rice Federation [Public List] (Registered companies as of April 2025)","","","","","","Rice","False"
"MM2025105538250","2025-04-15","Rakhine Rice & Paddy Co., Ltd","No.26, 43rd Street, 6 Quarter, Botahtaung Tsp, Yangon.","MM","Myanmar",16.7698153,96.1659248,"Agriculture|Food|Food & Beverage","Myanmar Rice Federation [Public List] (Registered companies as of April 2025)","","","","","","Rice","False"
"MM20251055J9JWQ","2025-04-15","Hein Thit Shin Co., Ltd","No(166), 34th street (Upper Block), Kyauktada Tsp, Yangon.","MM","Myanmar",16.7775042,96.1599404,"Agriculture|Food|Food & Beverage","Myanmar Rice Federation [Public List] (Registered companies as of April 2025)","","","","","","Rice","False"
"MM20251055PZF6R","2025-04-15","Bhome Kyaw San Co., Ltd","105 Mile, Mine Yu Village, Muse Tsp, Northern Shan State.","MM","Myanmar",23.9808991,97.9783593,"Agriculture|Food|Food & Beverage","Myanmar Rice Federation [Public List] (Registered companies as of April 2025)","","","","","","Rice","False"
"MM20251058GZ5QW","2025-04-15","Myanmar Morning Sun Co., Ltd","B (32), Shwe Kan Thar Housing, (15) Ward, Hlaingtharyar Tsp, Yangon.","MM","Myanmar",16.846444,96.11785189999999,"Agriculture|Food|Food & Beverage","Myanmar Rice Federation [Public List] (Registered companies as of April 2025)","","","","","","Rice","False"
"MM2025105A2YZDZ","2025-04-15","Pan Tha Pyay Co., Ltd","No.127, Ground Floor, 21st Street, Latha Tsp, Yangon.","MM","Myanmar",16.7746602,96.1509038,"Agriculture|Food|Food & Beverage","Myanmar Rice Federation [Public List] (Registered companies as of April 2025)","","","","","","Rice","False"
"MM2025105ADEM35","2025-04-15","Precious Myanma Heart Co., Ltd","No.61, Shwe Kyar Yan Housing, Pinlon Street, North Dagon Tsp, Yangon.","MM","Myanmar",16.810182,96.1245318,"Agriculture|Food|Food & Beverage","Myanmar Rice Federation [Public List] (Registered companies as of April 2025)","","","","","","Rice","False"
"MM2025105FA3WPQ","2025-04-15","Royal Galaxy Star Co., Ltd","G/79-D, Padauk Street, Bayint Naung, Mayangone Tsp, Yangon.","MM","Myanmar",16.8861174,96.1852131,"Agriculture|Food|Food & Beverage","Myanmar Rice Federation [Public List] (Registered companies as of April 2025)","","","","","","Rice","False"
"MM2025105HGX8S8","2025-04-15","Swiss Singapore Overseas Enterprise Pte.Ltd","#19-01/02/03, Sule Square, No.221, Sule Pagoda Road, Kyauktada Tsp, Yangon","MM","Myanmar",16.7772679,96.15867279999999,"Agriculture|Food|Food & Beverage","Myanmar Rice Federation [Public List] (Registered companies as of April 2025)","","","","","","Rice","False"
"MM2025105JT0T5M","2025-04-15","Tharaphusan Rice Trading Co., Ltd","101B, 1st Floor, 27 Street (Middle), Pabaedan Tsp, Yangon.","MM","Myanmar",16.7769571,96.1550291,"Agriculture|Food|Food & Beverage","Myanmar Rice Federation [Public List] (Registered companies as of April 2025)","","","","","","Rice","False"
"MM2025105NA992W","2025-04-15","Kaung Hlaing General Trading Cooperative Limited","No(7), Lanthit Street, Nanktharkone Quarter, Insein Tsp, Yangon","MM","Myanmar",16.8885674,96.10858859999999,"Agriculture|Food|Food & Beverage","Myanmar Rice Federation [Public List] (Registered companies as of April 2025)","","","","","","Rice","False"
"MM2025105QAP7V2","2025-04-15","DA International Co., Ltd","No(105), 50th Street (Middle Block), Pazundaung Tsp, Yangon.","MM","Myanmar",16.7749301,96.1711843,"Agriculture|Food|Food & Beverage","Myanmar Rice Federation [Public List] (Registered companies as of April 2025)","","","","","","Rice","False"
"MM2025105QG4S1E","2025-04-15","Yoma Sun Co., Ltd","No.268, Room No.14(C), 14th Floor, Dagon Center (2), Pyay Road, Sanchaung Township, Yangon.","MM","Myanmar",16.8044981,96.1375101,"Agriculture|Food|Food & Beverage","Myanmar Rice Federation [Public List] (Registered companies as of April 2025)","","","","","","Rice","False"
"MM2025105VVZFT7","2025-04-15","Bamar Commodity Trading Co., Ltd","No.19 Malikha Street, (7) Ward, Mayangone Tsp, Yangon.","MM","Myanmar",16.8618274,96.1114065,"Agriculture|Food|Food & Beverage","Myanmar Rice Federation [Public List] (Registered companies as of April 2025)","","","","","","Rice","False"
"MM2025105WQDXSZ","2025-04-15","Linn Mahar (Myanmar) Co., Ltd","Unit 1(I), Tower C, Royal Sinmin Condo, Alone Tsp, Yangon.","MM","Myanmar",16.7889457,96.1245215,"Agriculture|Food|Food & Beverage","Myanmar Rice Federation [Public List] (Registered companies as of April 2025)","","","","","","Rice","False"
"MM2025105XGQ39S","2025-04-15","Kyaw Kyaw Htun Co., Ltd","No.116/118, 4th A, Bogalay Zay (Upper Block) Botahtaung Tsp, Yangon.","MM","Myanmar",16.7716266,96.1656263,"Agriculture|Food|Food & Beverage","Myanmar Rice Federation [Public List] (Registered companies as of April 2025)","","","","","","Rice","False"
"MM2025105XQBNFC","2025-04-15","United Group of Trading Co., Ltd","No.440, Waizayantar Road (Corner of Waizayantar Road and Thitsar Road), (3) Ward, South Okkalapa Tsp, Yangon.","MM","Myanmar",16.8358274,96.1627007,"Agriculture|Food|Food & Beverage","Myanmar Rice Federation [Public List] (Registered companies as of April 2025)","","","","","","Rice","False"
"MM2025105ZACWYR","2025-04-15","Aung Naing Thitsar Co., Ltd","No.268, Room No.14(C), 14th Floor, Dagon Center (2), Pyay Road, Sanchaung Township, Yangon.","MM","Myanmar",16.8044981,96.1375101,"Agriculture|Food|Food & Beverage","Myanmar Rice Federation [Public List] (Registered companies as of April 2025)","","","","","","Rice","False"
"MM2025149DVZFZ6","2025-05-28","TMMI Manufacturing Co.Ltd","Plot No.B-4, Myay Taing Block No.175, Kyisu Industrial Zone, Dagon Myothit (Seikan) Township, Yangon, 11071","MM","Myanmar",16.8704983,96.24290450000001,"Unspecified","Fair Wear Foundation (Fair Wear Oct 2025)|Fair Wear Foundation (Fair Wear Apr 2025)","1000|1000-16000","","Product Finishing|Cutting|Packaging|Cut & Sew","","Product Finishing|Cutting|Cut & Sew|Packaging|Packaging|Cut & Sew|Cutting|Product Finishing","Outdoor wear and outdoor products|Outdoorwear","False"
"MM2025149XQEA1Y","2025-05-28","Li Chung Enterprise Co.| Ltd.","No., 558, Lower Mingalardon Road., East Ywathit, Aung San., Yangon, Yangon, 11011","MM","Myanmar",16.9234365,96.0981958,"Unspecified","Fair Wear Foundation (Fair Wear Apr 2025)","51-500","","Embroidery","","Embroidery","Outdoor products|Outdoorwear","False"
"MM20251606Z08C3","2025-06-04","Rhino Cement Factory","Myaing Ka Lay (Ywar Gyi), Hpa-An Township, Hpa-An District, Kayin State, 10311, Myanmar","MM","Myanmar",16.877541,97.587079,"Building Materials|Manufacturing","Spatial Finance Initiative (Spatial Finance Initiative Global Database of Cement Production Assets)|Climate TRACE|Global Energy Monitor (GEM) [Public List] (Global Cement and Concrete Tracker)|An Academic / Researcher / Journalist / Student","","Myanmar Economic Corp","Cement Manufacturing|Raw Material Processing or Production","","Cement Manufacturing|Raw Material Processing or Production","Cement|Cement","False"
"MM2025160940G6D","2025-06-04","Mawlamyine Cement Ltd, Mawlamyine","Kyaikmaraw Township, Mawlamyine District, Mon State, Myanmar","MM","Myanmar",16.365212,97.832081,"Building Materials|Manufacturing","Spatial Finance Initiative (Spatial Finance Initiative Global Database of Cement Production Assets)|Global Energy Monitor (GEM) [Public List] (Global Cement and Concrete Tracker)|Climate TRACE|An Academic / Researcher / Journalist / Student","","Mawlamyine Cement Ltd|Siam Cement PCL","Cement Manufacturing|Raw Material Processing or Production","","Cement Manufacturing|Raw Material Processing or Production","Cement|Cement","False"
"MM2025160HE3FSM","2025-06-02","Jiashihao (Myanmar) Limited","Kha Yay Street, No. 77A 42-Waroad, Industrial Zone 1, Shwe Pyi Thar Township, Yangon","MM","Myanmar",16.9753379,96.07851040000001,"Textiles","A Multi-Stakeholder Initiative|A Civil Society Organization|Partnership for Sustainable Textiles (PST) (PST Aug 2025 - H-P)|A Civil Society Organization|A Civil Society Organization|Lidl Stiftung & Co. KG (Lidl Facility List June 2025)","1725","","Cutting, Fusing, Packing, Sewing, Trimming","","Trimming|Packing|Sewing|Cutting|Fusing","","False"
"MM2025160PAG2WR","2025-06-04","Tiger Head Cement Factory","Naung Khan Naung Khan Khan Naung Kaukse Township, Kyaukse District, Mandalay, Myanmar","MM","Myanmar",21.512238,96.300802,"Building Materials|Manufacturing","Spatial Finance Initiative (Spatial Finance Initiative Global Database of Cement Production Assets)|Global Energy Monitor (GEM) [Public List] (Global Cement and Concrete Tracker)|Climate TRACE|An Academic / Researcher / Journalist / Student","","U.E. Export Import Co Ltd","Cement Manufacturing|Raw Material Processing or Production","","Raw Material Processing or Production|Cement Manufacturing","Cement|Cement","False"
"MM2025160WK4B3B","2025-06-04","Crown Cement Factory","Lauk Hpan, Nawnghkio Township, Kyaukme District, Shan State, TaAng State, Myanmar","MM","Myanmar",22.355843,96.703721,"Building Materials|Manufacturing","Spatial Finance Initiative (Spatial Finance Initiative Global Database of Cement Production Assets)|Climate TRACE|Global Energy Monitor (GEM) [Public List] (Global Cement and Concrete Tracker)|An Academic / Researcher / Journalist / Student","","NGWE YI PA LE' Cement Co Ltd","Cement Manufacturing|Raw Material Processing or Production","","Cement Manufacturing|Raw Material Processing or Production","Cement|Cement","False"
"MM20251823W4DZX","2025-06-20","GOLDEN THEPARERG CO., LTD.","NO. 476, INDUSTRIAL ZONE 1, MOGOKE STREET DAGON MYO THIT (SOUTH), YANGON 11431","MM","Myanmar",16.8704983,96.24290450000001,"Apparel","WE Europe BV (WE Europe BV Facility List May 2025)","1-999","Theparerg co. ltd","Production","Textile or Material Production","Material Production","","False"
"MM2025199VTHAFN","2025-07-18","Myanmar POSCO Steel Co Ltd, Mingalardon, Yangon","Mingaladon, Mingaladon District, Patti, Yangon City, Yangon, 11023, Myanmar","MM","Myanmar",17.003514,96.140141,"Metal Manufacturing","An Academic / Researcher / Journalist / Student|Spatial Finance Initiative (Spatial Finance Initiative Global Database of Iron and Steel Production Assets)","","POSCO","Raw Material Processing or Production","","Raw Material Processing or Production","","False"
"MM2025205ZFYYM8","2025-07-16","K-Won & Micc Co., Ltd.","No. 20 (Branch), (B/4YGN), Insein-Mingalardone Road, Insein Township, Aung San Myo, 00000, Yangong","MM","Myanmar",16.9054364,96.0978485,"Apparel","A Brand / Retailer|A Civil Society Organization|A Brand / Retailer|A Brand / Retailer|BESTSELLER (Tier 1 and Tier 0 October 2025)|BESTSELLER (Tier 1 and Tier 0 February 2026)","1001-5000|1001-5000","","","","","","False"
"MM2025219AK94D6","2025-08-07","he mei company ltd.","Plot. No. 51; Myay Taing Block No. Yalapa 25; Hlaing Tharyar (West) Township Yangon Yangon","MM","Myanmar",16.8812132,96.0503373,"Apparel|Textiles","A Multi-Stakeholder Initiative|A Civil Society Organization|Partnership for Sustainable Textiles (PST) (PST Aug 2025 - H-P)|A Civil Society Organization|A Civil Society Organization","","","Sewing|Ironing|Cutting|Packaging|Stitching","Final Product Assembly|Final Product Assembly|Final Product Assembly|Final Product Assembly|Final Product Assembly","Stitching|Ironing|Packaging|Cutting|Sewing","","False"
"MM2025219CKSBP8","2025-08-07","KPH Manufacturing Co., Ltd.","No. 7+8 Innwa St., Shwe pauk Kan Ind. Zone, North Okkalap Township, 999091, Yangon, Yangon","MM","Myanmar",16.8477869,96.1745651,"Apparel|Textiles","A Multi-Stakeholder Initiative|A Civil Society Organization|Partnership for Sustainable Textiles (PST) (PST Aug 2025 - H-P)|A Civil Society Organization|A Civil Society Organization","","","Manufacturing","Final Product Assembly","Manufacturing","","False"
"MM2025219FSMZ3D","2025-08-07","SOLE WAY (MYANMAR) GARMENT COMPANY LIMITED","WAT MA SUT WUN HTAUK, HLAING THAR YAR, 11401, YANGON, Yangon","MM","Myanmar",16.8812132,96.0503373,"Apparel|Textiles","A Multi-Stakeholder Initiative|A Civil Society Organization|A Civil Society Organization|Partnership for Sustainable Textiles (PST) (PST Aug 2025 - Q-Z)|A Civil Society Organization|A Civil Society Organization","","","Manufacturing","Final Product Assembly","Manufacturing","","False"
"MM202522582D6X6","2025-08-13","Join-Profit Garment Co Ltd.","Industrial Zone(3), Hlaing Thar Yar Township, No.(106), Kyan Sittar Street Hlaing Thar","MM","Myanmar",16.8802957,96.0621604,"Unspecified","Worker Rights Consortium|Worker Rights Consortium","","","","","","","False"
"MM202530816S8TG","2025-11-04","Shan Yoma Cement Plant","Taunggyi, Shan","MM","Myanmar",20.702977,97.142261,"Manufacturing","Climate TRACE|Global Energy Monitor (GEM) [Public List] (Global Cement and Concrete Tracker)","","Shan Yoma Cement","Cement Manufacturing","","Cement Manufacturing","Cement|Cement","False"
"MM20253089AXVSJ","2025-11-04","Kyangin Hinthada Cement Plant","Hinthada, Ayeyarwady","MM","Myanmar",18.306528,95.185552,"Manufacturing","Climate TRACE|Global Energy Monitor (GEM) [Public List] (Global Cement and Concrete Tracker)","","Ministry of Industry (Myanmar)","Cement Manufacturing","","Cement Manufacturing","Cement|Cement","False"
"MM20253089DZYBC","2025-11-04","Myanmar Conch Cement (Alpha Cement) Cement Plant","Kyaukse, Mandalay","MM","Myanmar",21.591939,96.228894,"Manufacturing","Climate TRACE|Global Energy Monitor (GEM) [Public List] (Global Cement and Concrete Tracker)","","Myanmar Conch Cement Co Ltd","Cement Manufacturing","","Cement Manufacturing","Cement|Cement","False"
"MM2025308BZARSK","2025-11-03","Yangon Print Company Ltd.","No.22, 530 Quarter, Shwe Nanther Barlar Thikhwa Special Agriultural Zone, Thazin Street, Mingalardon Township, Yangon, Yangon, 11021","MM","Myanmar",17.0335925,96.136987,"Apparel","Fair Wear Foundation (Fair Wear Oct 2025)","26-50","","Screen Printing","Printing, Product Dyeing and Laundering","Screen Printing","Outdoor wear and outdoor products","False"
"MM2025308DPMTQP","2025-11-04","KBZ Taunggyi Cement Plant","Taunggyi, Shan","MM","Myanmar",20.747189,97.139538,"Manufacturing","Global Energy Monitor (GEM) [Public List] (Global Cement and Concrete Tracker)|Climate TRACE","","KBZ Development Co","Cement Manufacturing","","Cement Manufacturing","Cement|Cement","False"
"MM2025308ENGHYG","2025-11-04","Yojin Thilawa Cement Plant","Thilawa, Yangon","MM","Myanmar",16.689406,96.260105,"Manufacturing","Global Energy Monitor (GEM) [Public List] (Global Cement and Concrete Tracker)","","Yojin Myanmar Engineering Co Ltd","","","","Cement","False"
"MM2025308GB236M","2025-11-04","Myanmar Sin Cement Plant","Kyaukse, Mandalay","MM","Myanmar",21.510669,96.289308,"Manufacturing","Climate TRACE|Global Energy Monitor (GEM) [Public List] (Global Cement and Concrete Tracker)","","Mandalay Cement Industries Co Ltd","Cement Manufacturing","","Cement Manufacturing","Cement|Cement","False"
"MM2025308GDH4HH","2025-11-04","Blue Diamond Cement Plant","Phy Nyaung, Mandalay","MM","Myanmar",20.793655,96.403296,"Manufacturing","Global Energy Monitor (GEM) [Public List] (Global Cement and Concrete Tracker)","","Highland Cement International Co Ltd","","","","Cement","False"
"MM2025308GSPS06","2025-11-04","AAA Cement Mandalay Cement Plant","Kyauk Chao, Mandalay","MM","Myanmar",21.840137,96.255537,"Manufacturing","Global Energy Monitor (GEM) [Public List] (Global Cement and Concrete Tracker)|Climate TRACE","","Triple A International Co Ltd","Cement Manufacturing","","Cement Manufacturing","Cement|Cement","False"
"MM2025308K9EGFQ","2025-11-04","Sin Minn Kyaukse Cement Plant","Kyaukse, Mandalay","MM","Myanmar",21.604788,96.256347,"Manufacturing","Global Energy Monitor (GEM) [Public List] (Global Cement and Concrete Tracker)|Climate TRACE","","Myanmar Economic Holdings Ltd","Cement Manufacturing","","Cement Manufacturing","Cement|Cement","False"
"MM2025308KQBPB4","2025-11-04","Dragon Pinlaung Cement Plant","Pinlaung, Shan","MM","Myanmar",20.464647,96.670618,"Manufacturing","Climate TRACE|Global Energy Monitor (GEM) [Public List] (Global Cement and Concrete Tracker)","","Dragon Cement Co Ltd","Cement Manufacturing","","Cement Manufacturing","Cement|Cement","False"
"MM2025308P5KVB2","2025-11-04","Shwe Taung Pyi Nyaung Cement Plant","Pyi Nyaung, Mandalay","MM","Myanmar",20.86698,96.390851,"Manufacturing","Climate TRACE|Global Energy Monitor (GEM) [Public List] (Global Cement and Concrete Tracker)","","Shwe Taung Cement Co Ltd","Cement Manufacturing","","Cement Manufacturing","Cement|Cement","False"
"MM2025308RZZXZ0","2025-11-04","Thayet Cement Plant","Thayet, Magway","MM","Myanmar",19.307006,95.180193,"Manufacturing","Global Energy Monitor (GEM) [Public List] (Global Cement and Concrete Tracker)|Climate TRACE","","Ministry of Industry (Myanmar)","Cement Manufacturing","","Cement Manufacturing","Cement|Cement","False"
"MM2025308TYJRWC","2025-11-04","YTL Thilawa Cement Plant","Thilawa, Yangon","MM","Myanmar",16.679919,96.262315,"Manufacturing","Global Energy Monitor (GEM) [Public List] (Global Cement and Concrete Tracker)","","YTL Cement Myanmar Company Ltd","","","","Cement","False"
"MM2025308V7WSAF","2025-11-04","AAA Cement Kyaukse Cement Plant","Kyaukse, Mandalaya","MM","Myanmar",21.963098,96.088765,"Manufacturing","Global Energy Monitor (GEM) [Public List] (Global Cement and Concrete Tracker)","","Triple A International Co Ltd","","","","Cement","False"
"MM2025308WE0SSA","2025-11-04","Max Cement Nay Pyi Taw Cement Plant","Nay Pyi Taw (South), Naypyidaw Union Territory","MM","Myanmar",19.516758,96.397157,"Manufacturing","Global Energy Monitor (GEM) [Public List] (Global Cement and Concrete Tracker)|Climate TRACE","","Max Myanmar Co Ltd","Cement Manufacturing","","Cement Manufacturing","Cement|Cement","False"
"MM2025308X5NAN4","2025-11-04","Double Rhinos Kyaukse Cement Plant","Kyaukse, Mandalay","MM","Myanmar",21.577615,96.235897,"Manufacturing","Global Energy Monitor (GEM) [Public List] (Global Cement and Concrete Tracker)|Climate TRACE","","Arr Thit Man Co Ltd","Cement Manufacturing","","Cement Manufacturing","Cement|Cement","False"
"MM20253141NQMR4","2025-11-10","Myingyan Myanmar Steel Plant","Sar Khar village, Myingyan Township, Mandalay Region","MM","Myanmar",21.377652,95.372079,"Manufacturing|Metal Manufacturing","Global Energy Monitor (GEM) [Public List] (Global Iron and Steel Tracker)|Climate TRACE","354","Myanmar Economic Corp","Iron and Steel Manufacturing","","Iron and Steel Manufacturing","Steel Slab|Steel Billet|Steel|Finished Rolled Steel|Iron and Steel","False"
"MM20253396YSKEG","2025-12-05","Myainggalay Cement power station","Hpa-an, Kayin","MM","Myanmar",16.876601,97.585428,"Coal|Electricity|Energy|Utilities","A Civil Society Organization|Global Energy Monitor (GEM) [Public List] (Global Coal Plant Tracker)","","Myanmar Economic Corp","","","","","False"
"MM2025339F8NDDR","2025-12-05","Tigyit power station","Piinlaung Township, Taunggyi, Shan","MM","Myanmar",20.431292,96.703524,"Coal|Electricity|Energy|Unspecified|Utilities","A Civil Society Organization|Global Energy Monitor (GEM) [Public List] (Global Coal Plant Tracker)|Climate TRACE","","Wuxi Huagaung Electric Power","Coal Plant","","Coal Plant","Electricity Generation|Power","False"
"MM2025342249X3V","2025-12-06","Ahlone power station","Ahlone, Yangon","MM","Myanmar",16.7765,96.1306,"Electricity|Energy|Gas|Oil & Gas|Unspecified|Utilities","A Civil Society Organization|Global Energy Monitor (GEM) [Public List] (Global Oil and Gas Plant Tracker)|Climate TRACE","","Electric Power Generation Enterprise","Oil and Gas Plant","","Oil and Gas Plant","Electricity Generation|Power","False"
"MM202534250F0MM","2025-12-06","Thaton power station","Thaton, Mon","MM","Myanmar",16.964053,97.40665,"Electricity|Energy|Gas|Oil & Gas|Unspecified|Utilities","A Civil Society Organization|Global Energy Monitor (GEM) [Public List] (Global Oil and Gas Plant Tracker)|Climate TRACE","","Electric Power Generation Enterprise","Oil and Gas Plant","","Oil and Gas Plant","Electricity Generation|Power","False"
"MM202534266CAEW","2025-12-06","Ahlone (Toyo Thai) power station","Ahlone, Yangon","MM","Myanmar",16.778587,96.130801,"Electricity|Energy|Gas|Oil & Gas|Utilities","A Civil Society Organization|Global Energy Monitor (GEM) [Public List] (Global Oil and Gas Plant Tracker)","","","","","","","False"
"MM2025342ENGXHD","2025-12-06","Kyaukse power plant","Kyaukse, Mandalay","MM","Myanmar",21.60774,96.137409,"Electricity|Energy|Gas|Oil & Gas|Unspecified|Utilities","A Civil Society Organization|Global Energy Monitor (GEM) [Public List] (Global Oil and Gas Plant Tracker)|Climate TRACE","","APR Energy Ltd","Oil and Gas Plant","","Oil and Gas Plant","Electricity Generation|Power","False"
"MM2025342ESQ0S3","2025-12-06","Max Power (Thakayta) power station","Yangon, Yangon","MM","Myanmar",16.811622,96.226606,"Electricity|Energy|Gas|Oil & Gas|Utilities","A Civil Society Organization|Global Energy Monitor (GEM) [Public List] (Global Oil and Gas Plant Tracker)","","Maxpower Thaketa Co Ltd","","","","","False"
"MM2025342G3TKM0","2025-12-06","Kyaukse (PowerGen) power plant","Kyaukse, Mandalay","MM","Myanmar",21.667691,96.152935,"Electricity|Energy|Gas|Oil & Gas|Unspecified|Utilities","A Civil Society Organization|Global Energy Monitor (GEM) [Public List] (Global Oil and Gas Plant Tracker)|Climate TRACE","","PowerGen Kyaukse Co Ltd","Oil and Gas Plant","","Oil and Gas Plant","Electricity Generation|Power","False"
"MM2025342GF94WM","2025-12-06","Kyaukphyu (PowerChina) power station","Kyaukphyu, Rakhine","MM","Myanmar",19.422155,93.526482,"Electricity|Energy|Gas|Oil & Gas|Utilities","A Civil Society Organization|Global Energy Monitor (GEM) [Public List] (Global Oil and Gas Plant Tracker)","","","","","","","False"
"MM2025342M0781G","2025-12-06","Mawlamyine power station","Mawlamyine, Mandalay","MM","Myanmar",16.46644,97.653662,"Electricity|Energy|Gas|Oil & Gas|Utilities","A Civil Society Organization|Global Energy Monitor (GEM) [Public List] (Global Oil and Gas Plant Tracker)","","Myanmar Lighting (IPP) Co Ltd","","","","","False"
"MM2025342QJYYBW","2025-12-06","Thaketa power station","Yangon, Yangon","MM","Myanmar",16.81,96.226,"Electricity|Energy|Gas|Oil & Gas|Unspecified|Utilities","A Civil Society Organization|Global Energy Monitor (GEM) [Public List] (Global Oil and Gas Plant Tracker)|Climate TRACE","","Electric Power Generation Enterprise","Oil and Gas Plant","","Oil and Gas Plant","Electricity Generation|Power","False"
"MM2025342QZPRM4","2025-12-06","Myingyan II power station","Myingyan, Mandalay","MM","Myanmar",21.389598,95.375904,"Electricity|Energy|Gas|Oil & Gas|Unspecified|Utilities","A Civil Society Organization|Global Energy Monitor (GEM) [Public List] (Global Oil and Gas Plant Tracker)|Climate TRACE","","VPower Group Holdings Ltd","Oil and Gas Plant","","Oil and Gas Plant","Electricity Generation|Power","False"
"MM2025342R1GZTE","2025-12-06","Ywama power station","Yangon, Yangon","MM","Myanmar",16.9,96.089,"Electricity|Energy|Gas|Oil & Gas|Unspecified|Utilities","A Civil Society Organization|Global Energy Monitor (GEM) [Public List] (Global Oil and Gas Plant Tracker)|Climate TRACE","","","Oil and Gas Plant","","Oil and Gas Plant","Electricity Generation|Power","False"
"MM2025342SEG1PT","2025-12-06","Myingyan power station","Myingyan, Mandalay","MM","Myanmar",21.386872,95.376656,"Electricity|Energy|Gas|Oil & Gas|Utilities","A Civil Society Organization|Global Energy Monitor (GEM) [Public List] (Global Oil and Gas Plant Tracker)","","Sembcorp Myingyan Power Co","","","","","False"
"MM2025342SW6SGG","2025-12-06","Thaketa (U Energy) power station","Yangon, Yangon","MM","Myanmar",16.812192,96.226075,"Electricity|Energy|Gas|Oil & Gas|Utilities","A Civil Society Organization|Global Energy Monitor (GEM) [Public List] (Global Oil and Gas Plant Tracker)","","U Energy Thaketa Power Co Ltd","","","","","False"
"MM2025342SZ43KY","2025-12-06","Hlawga power station","Yangon, Yangon","MM","Myanmar",16.98,96.125,"Electricity|Energy|Gas|Oil & Gas|Utilities","A Civil Society Organization|Global Energy Monitor (GEM) [Public List] (Global Oil and Gas Plant Tracker)","","Electric Power Generation Enterprise","","","","","False"
"MM20253495YBD1F","2025-12-15","MTM (Yangon) Limited","No. 2, Kyan Sitthar Road, Industrial Zone 2, Dagon Seikkan Township, 11441, Yangon, Myanmar","MM","Myanmar",16.8593155,96.2835635,"Apparel Accessories|Leather","Tai Well Handbags Limited","300","MTM Corporation Limited","Final Product Assembly|Assembly","","Assembly","Small Leather Goods|Backpacks|Charms|Wallets|Handbags","False"
"MM20260645BG6SD","2026-02-17","Huasheng Garment & Garment Wash Co., Ltd.","Seik Kan Thar Street, No. 439, Shwe Lin Pan Industrial Zone, Hlaing Thar Yar Tsp, 11401, Yangon","MM","Myanmar",16.8443499,96.0776755,"Unspecified","BESTSELLER (Tier 1 and Tier 0 February 2026)","1-1000","","","","","","False"
