factory_name,allegation_count,latest_date,total_affected,all_issues,buyers,label_child_labour,label_forced_labour,label_discrimination,label_freedom_of_association,label_working_hours,label_compensation,label_osh,label_contracts,factory_lower,os_id,osh_name_matched,match_score
ADK/JW Factory,2,2024-01-09,12000.0,"['Gender-based violence and harassment', 'Reduced wages and wage theft', 'Inhumane work rates and mandatory overtime', 'Denial of leave', 'Business-military collusion', 'Unsafe working conditions', 'Harassment intimidation and abuse']","ALDI South (Reported buyer),Hang Ten (Buyer),Inditex (Reported buyer)",0,1,1,0,1,1,1,0,adk/jw factory,,,
AMG Garment,3,2023-06-21,2301.0,"['Attacks on freedom of association', 'Gender-based violence and harassment', 'Reduced wages and wage theft', 'Unfair dismissal', 'Unsafe working conditions', 'Harassment intimidation and abuse', 'Imprisonment arrests & detention']","ALPS (Buyer),Lidl (Buyer)",0,1,1,1,0,1,1,0,amg garment,,,
AYY Garment,1,2024-09-09,0.0,['Reduced wages and wage theft'],,0,0,0,0,0,1,0,0,ayy garment,,,
Able Better Garment,1,2021-03-31,1.0,"['Harassment intimidation and abuse', 'Gender-based violence and harassment', 'Reduced wages and wage theft']","Cordura (Buyer),Lidl (Reported buyer)",0,1,1,0,0,1,0,0,able better garment,MM2021252SG3S2F,"Able Better Garment Co., Ltd.",95.0
Ace Apparel,1,2024-05-06,1000.0,"['Gender-based violence and harassment', 'Reduced wages and wage theft', 'Inhumane work rates and mandatory overtime', 'Denial of leave', 'Unfair dismissal', 'Unsafe working conditions', 'Harassment intimidation and abuse']",,0,1,1,0,1,1,1,0,ace apparel,MM20250878S6J0B,ACE Apparel International Company Limited,90.0
Alland Fashion,1,2023-10-20,400.0,"['Gender-based violence and harassment', 'Reduced wages and wage theft', 'Inhumane work rates and mandatory overtime', 'Denial of leave', 'Child labour', 'Unsafe working conditions', 'Harassment intimidation and abuse']",DeFacto (Buyer),1,1,1,0,1,1,1,0,alland fashion,MM20233437X563X,ALLAND FASHION LIMITED,90.0
Amava Apparel,5,2023-10-25,4000.0,"['Attacks on freedom of association', 'Gender-based violence and harassment', 'Reduced wages and wage theft', 'Inhumane work rates and mandatory overtime', 'Denial of leave', 'Denial of permanent contracts', 'Unfair dismissal', 'Unsafe working conditions', 'Harassment intimidation and abuse']","Blåkläder (Buyer),Frasers Group (Buyer),Karrimor (Buyer)",0,1,1,1,1,1,1,1,amava apparel,MM2025087MYFS1D,Amava Apparel Limited,90.0
Aqua Shoe Factory,1,2024-10-29,0.0,"['Unsafe working conditions', 'Inhumane work rates and mandatory overtime']",,0,0,0,0,1,0,1,0,aqua shoe factory,,,
Asdet Garment,2,2024-02-18,1200.0,"['Gender-based violence and harassment', 'Reduced wages and wage theft', 'Inhumane work rates and mandatory overtime', 'Denial of permanent contracts', 'Unfair dismissal', 'Unsafe working conditions', 'Harassment intimidation and abuse']","Etam Groupe (Buyer),Footmark (Buyer),Lidl (Former buyer),Undiz (part of Etam Groupe) (Buyer)",0,1,1,0,1,1,1,1,asdet garment,,,
BOY Garment,1,2024-08-20,300.0,"['Reduced wages and wage theft', 'Inhumane work rates and mandatory overtime', 'Denial of leave', 'Unfair dismissal', 'Unsafe working conditions']",Premier (Buyer),0,0,0,0,1,1,1,0,boy garment,,,
Best Choice Garment,4,2024-01-24,1301.0,"['Attacks on freedom of association', 'Reduced wages and wage theft', 'Inhumane work rates and mandatory overtime', 'Denial of leave', 'Unfair dismissal', 'Unsafe working conditions', 'Harassment intimidation and abuse']",Voile Bleue (Buyer),0,1,0,1,1,1,1,0,best choice garment,,,
Bofei Garment,3,2024-08-28,840.0,"['Reduced wages and wage theft', 'Inhumane work rates and mandatory overtime', 'Denial of leave', 'Unfair dismissal', 'Unsafe working conditions', 'Harassment intimidation and abuse']","LPP Spółka Akcyjna (Reported buyer),Sinsay (part of LPP S.A.) (Reported buyer),Takko (Reported buyer)",0,1,0,0,1,1,1,0,bofei garment,,,
Bogart Lingerie (Yangon),2,2022-09-10,3500.0,"['Gender-based violence and harassment', 'Reduced wages and wage theft', 'Inhumane work rates and mandatory overtime']","La Senza (part of Limited Brands) (Buyer),SKIMS (Former buyer)",0,0,1,0,1,1,0,0,bogart lingerie (yangon),MM2020079J8HHCP,Bogart Lingerie (Yangon) Ltd. (Facility 2),90.0
Bohua Fashion,8,2024-09-30,2151.0,"['Attacks on freedom of association', 'Gender-based violence and harassment', 'Reduced wages and wage theft', 'Inhumane work rates and mandatory overtime', 'Denial of leave', 'Denial of permanent contracts', 'Child labour', 'Unfair dismissal', 'Unsafe working conditions', 'Harassment intimidation and abuse']","Calliope (Buyer),Cropp (part of LPP S.A) (Reported buyer),LPP Spółka Akcyjna (Reported buyer),Minoti (Reported buyer),NKD (Reported buyer),Reserved (part of LPP Spółka Akcyjna) (Reported buyer),Sinsay (part of LPP S.A.) (Reported buyer),Teddy Group (Buyer); Calliope (Buyer),LPP Spółka Akcyjna (Reported buyer),Minoti (Reported buyer),NKD (Reported buyer),Reserved (part of LPP Spółka Akcyjna) (Reported buyer),Sinsay (part of LPP S.A.) (Reported buyer),Teddy Group (Buyer); LPP Spółka Akcyjna (Reported buyer),NKD (Reported buyer),Reserved (part of LPP Spółka Akcyjna) (Reported buyer),Sinsay (part of LPP S.A.) (Reported buyer); LPP Spółka Akcyjna (Reported buyer),NKD (Reported buyer),Reserved (part of LPP Spółka Akcyjna) (Reported buyer)",1,1,1,1,1,1,1,1,bohua fashion,,,
Bontech Manufacturing,2,2024-09-10,1700.0,"['Gender-based violence and harassment', 'Reduced wages and wage theft', 'Inhumane work rates and mandatory overtime', 'Denial of leave', 'Unfair dismissal', 'Unsafe working conditions', 'Harassment intimidation and abuse']",Delta Plus (Buyer),0,1,1,0,1,1,1,0,bontech manufacturing,,,
C.K.J MYANMAR GARMENT,1,2022-04-07,500.0,"['Harassment intimidation and abuse', 'Business-military collusion', 'Reduced wages and wage theft']",,0,1,0,0,0,1,0,0,c.k.j myanmar garment,,,
Ceres Enterprise (Myanmar),1,2022-02-04,0.0,"['Gender-based violence and harassment', 'Inhumane work rates and mandatory overtime']",JD Sports Fashion (Former buyer),0,0,1,0,1,0,0,0,ceres enterprise (myanmar),,,
Chang Yi Footwear,1,2021-09-09,8000.0,['Unsafe working conditions'],adidas (Buyer),0,0,0,0,0,0,1,0,chang yi footwear,,,
Charming Garments Manufacturing,3,2022-01-28,1091.0,"['Attacks on freedom of association', 'Unfair dismissal', 'Imprisonment arrests & detention']",Regatta (Former buyer),0,0,0,1,0,0,0,0,charming garments manufacturing,,,
Cheung Hing Myanmar,2,2023-11-25,1300.0,"['Unsafe working conditions', 'Reduced wages and wage theft', 'Inhumane work rates and mandatory overtime']","Celio (Buyer),Next (Buyer)",0,0,0,0,1,1,1,0,cheung hing myanmar,MM2019083DJ8W6T,Cheung Hing Myanmar Ltd,95.0
China Morning (Myanmar),1,2022-08-03,0.0,"['Business-military collusion', 'Unfair dismissal']",,0,0,0,0,0,0,0,0,china morning (myanmar),MM2025087TPGE33,China Morning (Myanmar) Company Limited.,90.0
Chu Yang,2,2024-08-23,0.0,"['Attacks on freedom of association', 'Gender-based violence and harassment', 'Reduced wages and wage theft', 'Unfair dismissal', 'Harassment intimidation and abuse']","Bonprix (part of Otto Group) (Former buyer),Otto (Former buyer)",0,1,1,1,0,1,0,0,chu yang,MM2023063SFVDVN,Chu Yang Myanmar Garment Company Limited,90.0
Clotho Yangon,1,2023-04-03,1000.0,"['Gender-based violence and harassment', 'Reduced wages and wage theft', 'Denial of leave', 'Denial of permanent contracts', 'Unsafe working conditions', 'Harassment intimidation and abuse']","Boardriders (Buyer),Callaway Golf (Buyer),Herschel (Former buyer),Ogio (part of Topgolf Callaway Brands) (Buyer),Quicksilver (part of Boardriders) (Buyer),Roxy (part of Boardriders) (Buyer)",0,1,1,0,1,1,1,1,clotho yangon,,,
Cotton Textile Garment (Myanmar),1,2022-11-05,1000.0,['Reduced wages and wage theft'],,0,0,0,0,0,1,0,0,cotton textile garment (myanmar),,,
Dangxin Garment (Myanmar),1,2022-10-21,200.0,['Unfair dismissal'],Terranova (Buyer),0,0,0,0,0,0,0,0,dangxin garment (myanmar),,,
De Xin,3,2024-08-13,500.0,"['Gender-based violence and harassment', 'Reduced wages and wage theft', 'Inhumane work rates and mandatory overtime', 'Denial of leave', 'Unfair dismissal', 'Unsafe working conditions', 'Harassment intimidation and abuse']","Frasers Group (Buyer),Prenatal (Buyer),Voyager (Buyer)",0,1,1,0,1,1,1,0,de xin,,,
Delta Mate,1,2023-12-23,1000.0,['Reduced wages and wage theft'],Guess (Buyer),0,0,0,0,0,1,0,0,delta mate,MM2023002F40SEX,"Delta Mate Myanmar Co.,Ltd",90.0
Diamond Sea Sar Garment,1,2024-01-04,200.0,"['Denial of leave', 'Unsafe working conditions', 'Reduced wages and wage theft', 'Inhumane work rates and mandatory overtime']",,0,0,0,0,1,1,1,0,diamond sea sar garment,,,
Dishang,3,2024-05-17,2200.0,"['Gender-based violence and harassment', 'Reduced wages and wage theft', 'Inhumane work rates and mandatory overtime', 'Denial of permanent contracts', 'Unfair dismissal', 'Harassment intimidation and abuse']","Bestseller (Buyer),Inditex (Reported buyer),Mango (Reported buyer),ONLY (part of Bestseller) (Buyer),Pimkie (part of Association Familiale Mulliez) (Former buyer)",0,1,1,0,1,1,0,1,dishang,MM2020281B5FJ1V,"Dishang Kenny (Myanmar) Garment Co., Ltd",90.0
Dishang Kenny (Dishang Group),4,2024-04-22,2340.0,"['Gender-based violence and harassment', 'Reduced wages and wage theft', 'Inhumane work rates and mandatory overtime', 'Denial of leave', 'Denial of permanent contracts', 'Unfair dismissal', 'Unsafe working conditions']","Bestseller (Reported buyer),Inditex (Reported buyer),K-Way (part of BasicNet) (Buyer),Kiabi (Buyer),LPP Spółka Akcyjna (Reported buyer),ONLY (part of Bestseller) (Reported buyer),Reserved (part of LPP Spółka Akcyjna) (Reported buyer),Shimamura (Buyer),Zara (part of Inditex) (Reported buyer); Bestseller (Reported buyer),Inditex (Reported buyer),K-Way (part of BasicNet) (Buyer),Kiabi (Buyer),LPP Spółka Akcyjna (Reported buyer),ONLY (part of Bestseller) (Reported buyer),Reserved (part of LPP Spółka Akcyjna) (Reported buyer),Zara (part of Inditex) (Reported buyer)",0,0,1,0,1,1,1,1,dishang kenny (dishang group),,,
Dong Long (Pathein) Garment Company,2,2024-08-17,4000.0,"['Gender-based violence and harassment', 'Reduced wages and wage theft', 'Inhumane work rates and mandatory overtime', 'Killings', 'Denial of leave', 'Unsafe working conditions', 'Harassment intimidation and abuse']","Lidl (Former buyer),MUJI (part of Ryohin Keikaku) (Former buyer),Zhejiang Semir Garment (Buyer); Lidl (Buyer),MUJI (part of Ryohin Keikaku) (Former buyer)",0,1,1,0,1,1,1,0,dong long (pathein) garment company,,,
Dong Sheng Xing Apparel (formerly GYSen Myanmar (2)),1,2024-01-03,0.0,"['Gender-based violence and harassment', 'Unfair dismissal', 'Inhumane work rates and mandatory overtime']",,0,0,1,0,1,0,0,0,dong sheng xing apparel (formerly gysen myanmar (2)),,,
Dong Yu Garment,2,2022-01-13,1000.0,"['Attacks on freedom of association', 'Gender-based violence and harassment', 'Reduced wages and wage theft', 'Inhumane work rates and mandatory overtime', 'Unfair dismissal']",Bestseller (Buyer),0,0,1,1,1,1,0,0,dong yu garment,MM2020043AVRFSA,"Dong Yu Garment Co., Ltd.",90.0
Dongxin Garment,7,2024-08-29,702.0,"['Attacks on freedom of association', 'Gender-based violence and harassment', 'Reduced wages and wage theft', 'Inhumane work rates and mandatory overtime', 'Denial of leave', 'Denial of permanent contracts', 'Surveillance', 'Unfair dismissal', 'Unsafe working conditions', 'Harassment intimidation and abuse']","Alpen Group (Buyer),Burtle (Buyer),LC Waikiki (Former buyer),Voyager (Buyer),Workman (Buyer); LC Waikiki (Former buyer),Voyager (Buyer)",0,1,1,1,1,1,1,1,dongxin garment,,,
E&P Fashion,3,2024-02-11,800.0,"['Attacks on freedom of association', 'Gender-based violence and harassment', 'Reduced wages and wage theft', 'Inhumane work rates and mandatory overtime', 'Denial of leave', 'Denial of permanent contracts', 'Unsafe working conditions', 'Harassment intimidation and abuse']","LPP Spółka Akcyjna (Reported buyer),Mohito (part of LPP S.A.) (Reported buyer),OVS SpA (Reported buyer),Sinsay (part of LPP S.A.) (Reported buyer); LPP Spółka Akcyjna (Reported buyer),OVS SpA (Reported buyer),Sinsay (part of LPP S.A.) (Reported buyer)",0,1,1,1,1,1,1,1,e&p fashion,,,
EMC Manufacturing,1,2022-08-02,0.0,"['Business-military collusion', 'Unfair dismissal']",,0,0,0,0,0,0,0,0,emc manufacturing,,,
Erdos Myanmar,3,2024-04-22,6.0,"['Gender-based violence and harassment', 'Reduced wages and wage theft', 'Inhumane work rates and mandatory overtime', 'Denial of leave', 'Child labour', 'Unsafe working conditions', 'Harassment intimidation and abuse']","Edinburgh Woollen Mill (Buyer),Just Cashmere (Buyer),Marks & Spencer (Reported buyer)",1,1,1,0,1,1,1,0,erdos myanmar,MM2022305XBR0AJ,Erdos Myanmar Knitwear Company Limited.,90.0
Eslite Garment,2,2022-09-19,2700.0,"['Attacks on freedom of association', 'Gender-based violence and harassment', 'Reduced wages and wage theft', 'Inhumane work rates and mandatory overtime', 'Harassment intimidation and abuse']",Carhartt (Buyer),0,1,1,1,1,1,0,0,eslite garment,MM2019087FVFW0A,Eslite Garment Company Ltd,90.0
Eternal Fashion,7,2024-10-29,30046.0,"['Attacks on freedom of association', 'Gender-based violence and harassment', 'Reduced wages and wage theft', 'Inhumane work rates and mandatory overtime', 'Denial of leave', 'Unfair dismissal', 'Unsafe working conditions', 'Harassment intimidation and abuse']","Intersport (Buyer),TOREAD (Buyer),Zhejiang Semir Garment (Buyer); Intersport (Buyer)",0,1,1,1,1,1,1,0,eternal fashion,MM2023229K94ZZC,"Eternal Fashion Co., Ltd.",90.0
Evertex Myanmar Garment,1,2021-11-15,300.0,['Reduced wages and wage theft'],,0,0,0,0,0,1,0,0,evertex myanmar garment,,,
Feng Teng Garment,1,2024-07-23,500.0,"['Gender-based violence and harassment', 'Reduced wages and wage theft', 'Inhumane work rates and mandatory overtime', 'Denial of leave', 'Denial of permanent contracts', 'Child labour', 'Harassment intimidation and abuse']",,1,1,1,0,1,1,0,1,feng teng garment,MM2025087W02XZC,Feng Teng Garment Company Limited,90.0
Fitex (Myanmar) Garment Manufacturing,2,2023-03-17,1100.0,"['Denial of leave', 'Unfair dismissal', 'Reduced wages and wage theft', 'Inhumane work rates and mandatory overtime']",New Yorker (Buyer),0,0,0,0,1,1,0,0,fitex (myanmar) garment manufacturing,MM2025087HYJANJ,Fitex (Myanmar) Garment Manufacturing Co.Ltd,95.0
Fook Hing (Shwe Kha Yu) Ltd,1,2023-01-30,1200.0,"['Gender-based violence and harassment', 'Reduced wages and wage theft', 'Inhumane work rates and mandatory overtime', 'Denial of leave', 'Harassment intimidation and abuse']",Hunkemoller (Buyer),0,1,1,0,1,1,0,0,fook hing (shwe kha yu) ltd,MM20190913EVH7M,Fook Hing (Shwekhayu) Ltd.,96.0
Ford Glory,1,2023-09-11,500.0,"['Unsafe working conditions', 'Unfair dismissal', 'Inhumane work rates and mandatory overtime']","LPP Spółka Akcyjna (Buyer),Lidl (Buyer),Sinsay (part of LPP S.A.) (Buyer)",0,0,0,0,1,0,1,0,ford glory,MM20202302XNNHX,Ford Glory (Myanmar) Limited,90.0
Fuhua Garment,1,2023-03-09,1000.0,"['Gender-based violence and harassment', 'Reduced wages and wage theft', 'Inhumane work rates and mandatory overtime', 'Unsafe working conditions', 'Harassment intimidation and abuse']",,0,1,1,0,1,1,1,0,fuhua garment,MM20241376BY703,"GUOTAI FUHUA GARMENT (MYANMAR) CO., LTD.",90.0
Full Rong,1,2024-06-28,500.0,"['Unsafe working conditions', 'Reduced wages and wage theft', 'Inhumane work rates and mandatory overtime']",,0,0,0,0,1,1,1,0,full rong,MM2025087KQ0X5Y,"Full Rong Garment Co., Ltd",90.0
Full Win Safety,1,2023-08-29,500.0,"['Gender-based violence and harassment', 'Reduced wages and wage theft', 'Inhumane work rates and mandatory overtime', 'Denial of leave', 'Unsafe working conditions', 'Harassment intimidation and abuse']","LPP Spółka Akcyjna (Buyer),Reserved (part of LPP Spółka Akcyjna) (Buyer)",0,1,1,0,1,1,1,0,full win safety,MM2025087ZVF779,"Myanmar Full Win Safety Co., Ltd",90.0
Fullway Myanmar Clothing,2,2024-03-05,397.0,"['Reduced wages and wage theft', 'Inhumane work rates and mandatory overtime', 'Denial of leave', 'Unfair dismissal', 'Unsafe working conditions']",Fristads (Former buyer),0,0,0,0,1,1,1,0,fullway myanmar clothing,MM2025087PR2CXB,Fullway Myanmar Clothing Company Limited.,90.0
Fuu Baii Houng Industrial,1,2024-06-17,400.0,"['Unsafe working conditions', 'Harassment intimidation and abuse', 'Child labour', 'Inhumane work rates and mandatory overtime']","LPP Spółka Akcyjna (Reported buyer),Sinsay (part of LPP S.A.) (Reported buyer)",1,1,0,0,1,0,1,0,fuu baii houng industrial,MM2025087N0K7JK,Fuu Baii Houng Industrial Company Limited,90.0
G&B Manufacturing Myanmar,2,2023-03-23,0.0,"['Harassment intimidation and abuse', 'Gender-based violence and harassment', 'Reduced wages and wage theft', 'Inhumane work rates and mandatory overtime']","Bershka (part of Inditex) (Reported buyer),Inditex (Reported buyer),LPP Spółka Akcyjna (Buyer),OVS SpA (Buyer),Sinsay (part of LPP S.A.) (Buyer)",0,1,1,0,1,1,0,0,g&b manufacturing myanmar,MM2021026W9HCZ8,G&B MANUFACTURING MYANMAR CO.LTD     ,95.0
GNS (Bago) Healthcare,5,2023-11-14,902.0,"['Attacks on freedom of association', 'Gender-based violence and harassment', 'Reduced wages and wage theft', 'Inhumane work rates and mandatory overtime', 'Denial of leave', 'Child labour', 'Unfair dismissal', 'Unsafe working conditions', 'Harassment intimidation and abuse']",,1,1,1,1,1,1,1,0,gns (bago) healthcare,,,
GTIG Eastar Garment (Myanmar) Company Limited,4,2024-04-20,4921.0,"['Gender-based violence and harassment', 'Reduced wages and wage theft', 'Inhumane work rates and mandatory overtime', 'Unfair dismissal', 'Unsafe working conditions', 'Harassment intimidation and abuse']","C&A (Former buyer),Calliope (Buyer),HK Works London (Buyer),House (part of LPP S.A) (Buyer),Inditex (Reported buyer),Kiabi (Former buyer),LPP Spółka Akcyjna (Buyer),Lidl (Former buyer),OVS SpA (Former buyer),Tesco (Former buyer),Zara (part of Inditex) (Reported buyer); C&A (Former buyer),Calliope (Buyer),HK Works London (Buyer),House (part of LPP S.A) (Buyer),Kiabi (Former buyer),LPP Spółka Akcyjna (Buyer),Lidl (Former buyer),OVS SpA (Former buyer),Tesco (Former buyer)",0,1,1,0,1,1,1,0,gtig eastar garment (myanmar) company limited,MM2025087B7R0HD,GTIG Easter Garment Myanmar Company Limited,95.0
GTIG Guohua Glory Garment,1,2024-05-25,1.0,"['Denial of permanent contracts', 'Unfair dismissal', 'Reduced wages and wage theft']","Benetton Group (Buyer),Bestseller (Buyer),Mango (Reported buyer)",0,0,0,0,0,1,0,1,gtig guohua glory garment,,,
GTIG HUBO,1,2023-08-25,0.0,['Inhumane work rates and mandatory overtime'],"Bestseller (Buyer),Fast Retailing (Former buyer),Pimkie (part of Association Familiale Mulliez) (Former buyer)",0,0,0,0,1,0,0,0,gtig hubo,MM2020043GNXCSC,"GTIG Hubo Co., Ltd.",90.0
GTIG Huasheng (Myanmar),4,2023-03-08,1760.0,"['Attacks on freedom of association', 'Reduced wages and wage theft', 'Inhumane work rates and mandatory overtime', 'Denial of leave', 'Unfair dismissal']","Primark (part of Associated British Foods) (Former buyer); PEP&CO (Buyer),Primark (part of Associated British Foods) (Former buyer)",0,0,0,1,1,1,0,0,gtig huasheng (myanmar),MM2020148AXHRWQ,GTIG Huasheng Myanmar Co Ltd,95.0
GY Sen,2,2023-03-08,1000.0,"['Harassment intimidation and abuse', 'Business-military collusion', 'Unfair dismissal', 'Reduced wages and wage theft']",Primark (part of Associated British Foods) (Former buyer),0,1,0,0,0,1,0,0,gy sen,MM20230641M31CG,Gy Sen (Myanmar) Apparel Company Limited,90.0
GYSEN (Myanmar) Apparel Co. Ltd,6,2024-09-19,2411.0,"['Attacks on freedom of association', 'Gender-based violence and harassment', 'Reduced wages and wage theft', 'Inhumane work rates and mandatory overtime', 'Unfair dismissal', 'Unsafe working conditions', 'Harassment intimidation and abuse']","Dunnes Stores (Buyer),PEP&CO (Former buyer); Dunnes Stores (Buyer),PEP&CO (Reported buyer)",0,1,1,1,1,1,1,0,gysen (myanmar) apparel co. ltd,,,
Gainway International (Myanmar),2,2024-05-14,1400.0,"['Unsafe working conditions', 'Harassment intimidation and abuse', 'Reduced wages and wage theft', 'Inhumane work rates and mandatory overtime']","Carrefour (Former buyer),Etam Groupe (Buyer),Hennes & Mauritz (H&M) (Former buyer),Kiabi (Former buyer),Primark (part of Associated British Foods) (Former buyer),Tesco (Reported buyer); Carrefour (Former buyer),Etam Groupe (Buyer),Hennes & Mauritz (H&M) (Reported buyer),Kiabi (Former buyer),Primark (part of Associated British Foods) (Former buyer),Tesco (Reported buyer)",0,1,0,0,1,1,1,0,gainway international (myanmar),MM20190837R58ZW,"Gainway International (Myanmar) Garment Co.,Ltd",90.0
Galaxy Myanmar,1,2023-09-29,350.0,"['Gender-based violence and harassment', 'Reduced wages and wage theft', 'Inhumane work rates and mandatory overtime', 'Denial of leave', 'Denial of permanent contracts', 'Unfair dismissal', 'Unsafe working conditions', 'Harassment intimidation and abuse']","Body Guard (part of Fastenal Brands) (Buyer),Clique (part of New Wave Group) (Former buyer),Fastenal Brands (Buyer),New Wave Group (Former buyer),Roly (Buyer),Worko (Buyer)",0,1,1,0,1,1,1,1,galaxy myanmar,,,
Gaotai Garments (Myanmar),1,2023-03-02,0.0,"['Harassment intimidation and abuse', 'Gender-based violence and harassment', 'Unfair dismissal']","LPP Spółka Akcyjna (Buyer),Sinsay (part of LPP S.A.) (Buyer)",0,1,1,0,0,0,0,0,gaotai garments (myanmar),,,
General Textile,1,2024-10-13,700.0,"['Unsafe working conditions', 'Reduced wages and wage theft', 'Inhumane work rates and mandatory overtime']",Hennes & Mauritz (H&M) (Buyer),0,0,0,0,1,1,1,0,general textile,MM2021180MQDM7V,GENERAL TEXTILE (MYANMAR) APPAREL COMPANY LIMITED,90.0
Gibaek Myanmar,1,2023-09-25,300.0,"['Denial of leave', 'Unsafe working conditions', 'Unfair dismissal']",The RedFace (Buyer),0,0,0,0,1,0,1,0,gibaek myanmar,,,
Glamour Garment,1,2024-08-22,800.0,"['Attacks on freedom of association', 'Gender-based violence and harassment', 'Reduced wages and wage theft', 'Inhumane work rates and mandatory overtime', 'Denial of leave', 'Surveillance', 'Unsafe working conditions', 'Harassment intimidation and abuse']",Rosa Clará (Buyer),0,1,1,1,1,1,1,0,glamour garment,MM2025087S96WXK,"Glamour Garment Co., Ltd",90.0
Glory Fashion Factory (Myanmar),1,2022-04-26,1.0,"['Attacks on freedom of association', 'Harassment intimidation and abuse', 'Imprisonment arrests & detention']",,0,1,0,1,0,0,0,0,glory fashion factory (myanmar),,,
Gold Emperor,1,2024-06-28,2000.0,"['Gender-based violence and harassment', 'Reduced wages and wage theft', 'Inhumane work rates and mandatory overtime', 'Denial of leave', 'Unsafe working conditions', 'Harassment intimidation and abuse']",,0,1,1,0,1,1,1,0,gold emperor,,,
Golden Colour Fashion,2,2024-10-04,1000.0,"['Attacks on freedom of association', 'Reduced wages and wage theft', 'Inhumane work rates and mandatory overtime', 'Denial of leave', 'Surveillance', 'Unsafe working conditions']","DeFacto (Buyer),Kappa (Buyer),Koton (Buyer)",0,0,0,1,1,1,1,0,golden colour fashion,,,
Golden Fashion,1,2023-10-17,900.0,"['Gender-based violence and harassment', 'Reduced wages and wage theft', 'Inhumane work rates and mandatory overtime', 'Denial of leave', 'Unsafe working conditions']",Benetton Group (Buyer),0,0,1,0,1,1,1,0,golden fashion,MM20241284XXHB7,Myanmar Huasheng Golden Fashion Company Limited,90.0
Golden Propitious (Myanmar) Garment,1,2024-08-31,1.0,"['Harassment intimidation and abuse', 'Gender-based violence and harassment', 'Unfair dismissal']","LPP Spółka Akcyjna (Reported buyer),Sinsay (part of LPP S.A.) (Reported buyer),Zhejiang Semir Garment (Buyer)",0,1,1,0,0,0,0,0,golden propitious (myanmar) garment,MM20250877C715J,"Golden Propitious (Myanmar) Garment Co., Ltd",95.0
Great One Myanmar,1,2022-11-09,600.0,"['Gender-based violence and harassment', 'Reduced wages and wage theft', 'Inhumane work rates and mandatory overtime', 'Denial of leave', 'Denial of permanent contracts', 'Unfair dismissal', 'Harassment intimidation and abuse']","Bestseller (Former buyer),Jack & Jones (part of Bestseller) (Former buyer)",0,1,1,0,1,1,0,1,great one myanmar,MM2020043C2S2HZ,"Great One Myanmar Co., Ltd.",90.0
Great Summer (Myanmar) (formerly Cherry Apparel),3,2024-06-09,2600.0,"['Gender-based violence and harassment', 'Reduced wages and wage theft', 'Inhumane work rates and mandatory overtime', 'Denial of leave', 'Surveillance', 'Unsafe working conditions', 'Harassment intimidation and abuse']",Workman (Buyer); FieldCore (Buyer),0,1,1,0,1,1,1,0,great summer (myanmar) (formerly cherry apparel),,,
Green Wings International,1,2022-08-03,0.0,"['Business-military collusion', 'Unfair dismissal']",,0,0,0,0,0,0,0,0,green wings international,,,
Guang Ming Garment,1,2023-06-27,0.0,"['Harassment intimidation and abuse', 'Child labour', 'Gender-based violence and harassment', 'Reduced wages and wage theft']",,1,1,1,0,0,1,0,0,guang ming garment,MM2025087011ZG3,"Guang Ming Garment Co., Ltd",90.0
Hakers Enterprise Myanmar,1,2023-06-16,0.0,"['Reduced wages and wage theft', 'Inhumane work rates and mandatory overtime']","Lidl (Buyer),Regatta (Buyer),Tchibo (part of Maxingvest) (Former buyer)",0,0,0,0,1,1,0,0,hakers enterprise myanmar,MM2019091KSB54G,"Hakers Enterprise (Myanmar) Co., Ltd.",95.0
Hanboom (Myanmar),1,2024-08-05,3000.0,"['Gender-based violence and harassment', 'Reduced wages and wage theft', 'Inhumane work rates and mandatory overtime', 'Denial of leave', 'Unfair dismissal', 'Harassment intimidation and abuse']",Honeys Holdings (Buyer),0,1,1,0,1,1,0,0,hanboom (myanmar),,,
Handa (Yangon) Myanmar,3,2024-02-25,5500.0,"['Gender-based violence and harassment', 'Reduced wages and wage theft', 'Inhumane work rates and mandatory overtime', 'Denial of leave', 'Surveillance', 'Unfair dismissal', 'Unsafe working conditions', 'Harassment intimidation and abuse']","Active Brands (Reported buyer),Burtle (Buyer),Clique (part of New Wave Group) (Buyer),Craft (part of New Wave Group) (Buyer),Honeys Holdings (Former buyer),Kiabi (Former buyer),Lidl (Former buyer),Mizuno (Buyer),New Wave Group (Buyer),Next (Former buyer),United Athle (Buyer)",0,1,1,0,1,1,1,0,handa (yangon) myanmar,,,
Hanfex Garment,1,2024-03-16,700.0,"['Gender-based violence and harassment', 'Reduced wages and wage theft', 'Inhumane work rates and mandatory overtime', 'Denial of leave', 'Denial of permanent contracts', 'Unfair dismissal', 'Unsafe working conditions', 'Harassment intimidation and abuse']",,0,1,1,0,1,1,1,1,hanfex garment,,,
Hang Kei Myanmar,1,2024-08-27,1000.0,"['Attacks on freedom of association', 'Gender-based violence and harassment', 'Reduced wages and wage theft', 'Inhumane work rates and mandatory overtime', 'Denial of leave', 'Business-military collusion', 'Unsafe working conditions', 'Harassment intimidation and abuse']","Etam Groupe (Buyer),Hunkemoller (Buyer)",0,1,1,1,1,1,1,0,hang kei myanmar,MM2020218M228KW,HANG KEI MYANMAR GARMENT FACTORY LIMITED,90.0
He MeT,4,2024-10-02,3050.0,"['Gender-based violence and harassment', 'Reduced wages and wage theft', 'Inhumane work rates and mandatory overtime', 'Denial of leave', 'Denial of permanent contracts', 'Child labour', 'Business-military collusion', 'Unsafe working conditions', 'Harassment intimidation and abuse']","LPP Spółka Akcyjna (Reported buyer),MO (part of Sonae Group) (Buyer),Sinsay (part of LPP S.A.) (Reported buyer),Sonae (Buyer),Takko (Reported buyer); MO (part of Sonae Group) (Buyer),Takko (Reported buyer)",1,1,1,0,1,1,1,1,he met,,,
Hen Bo,1,2023-06-06,600.0,"['Gender-based violence and harassment', 'Reduced wages and wage theft', 'Inhumane work rates and mandatory overtime', 'Denial of leave', 'Denial of permanent contracts', 'Unfair dismissal', 'Unsafe working conditions', 'Harassment intimidation and abuse']","Inditex (Reported buyer),Zara (part of Inditex) (Reported buyer)",0,1,1,0,1,1,1,1,hen bo,,,
Heng Li Garment,1,2024-07-11,300.0,"['Gender-based violence and harassment', 'Reduced wages and wage theft', 'Inhumane work rates and mandatory overtime', 'Denial of leave', 'Unsafe working conditions', 'Harassment intimidation and abuse']","House (part of LPP S.A) (Reported buyer),LPP Spółka Akcyjna (Reported buyer)",0,1,1,0,1,1,1,0,heng li garment,,,
Hengda (Myanmar) Apparel,2,2024-07-11,3000.0,"['Attacks on freedom of association', 'Gender-based violence and harassment', 'Inhumane work rates and mandatory overtime', 'Unsafe working conditions', 'Harassment intimidation and abuse']","Hennes & Mauritz (H&M) (Buyer),Inditex (Reported buyer),Zara (part of Inditex) (Reported buyer); Hennes & Mauritz (H&M) (Buyer)",0,1,1,1,1,0,1,0,hengda (myanmar) apparel,MM2020084373A45,"HENGDA(MYANMAR) APPAREL CO., LTD.",95.0
Hengrun Garment,4,2024-04-13,2400.0,"['Gender-based violence and harassment', 'Reduced wages and wage theft', 'Inhumane work rates and mandatory overtime', 'Denial of leave', 'Denial of permanent contracts', 'Unfair dismissal', 'Unsafe working conditions', 'Harassment intimidation and abuse']","Blue Wave (Buyer),House (part of LPP S.A) (Reported buyer),LPP Spółka Akcyjna (Reported buyer),Next (Buyer)",0,1,1,0,1,1,1,1,hengrun garment,MM2023064DEQ5NQ,HENGRUN GARMENT COMPANY LIMITED,90.0
Hesheng Myanmar Leather,4,2022-03-09,802.0,"['Gender-based violence and harassment', 'Reduced wages and wage theft', 'Inhumane work rates and mandatory overtime', 'Denial of leave', 'Business-military collusion', 'Unsafe working conditions', 'Imprisonment arrests & detention']","Guess (Buyer),Moschino (Buyer)",0,0,1,0,1,1,1,0,hesheng myanmar leather,MM20230644Q8K01,Hesheng Myanmar Leather Company Limited,90.0
Hige Fashion Accessories (Myanmar),2,2024-02-06,450.0,"['Attacks on freedom of association', 'Reduced wages and wage theft', 'Inhumane work rates and mandatory overtime', 'Denial of leave', 'Denial of permanent contracts', 'Unfair dismissal', 'Unsafe working conditions']",Hennes & Mauritz (H&M) (Buyer),0,0,0,1,1,1,1,1,hige fashion accessories (myanmar),MM2024022RQQTQX,Hige Fashion Accessories,95.0
Hong Miao Garment,5,2023-10-05,800.0,"['Attacks on freedom of association', 'Reduced wages and wage theft', 'Inhumane work rates and mandatory overtime', 'Unfair dismissal', 'Unsafe working conditions', 'Harassment intimidation and abuse']","FieldCore (Buyer),Paseos (Buyer); Paseos (Buyer),Shimamura (Reported buyer)",0,1,0,1,1,1,1,0,hong miao garment,,,
Hong Tex,1,2023-10-07,200.0,['Reduced wages and wage theft'],"Jichodo (Buyer),Mango (Buyer),New Look (Former buyer)",0,0,0,0,0,1,0,0,hong tex,MM2020057D1KAXJ,"Hong Tex Co., Ltd",90.0
Honor Apparel Garment,7,2023-08-25,4102.0,"['Attacks on freedom of association', 'Gender-based violence and harassment', 'Reduced wages and wage theft', 'Inhumane work rates and mandatory overtime', 'Denial of leave', 'Denial of permanent contracts', 'Business-military collusion', 'Unfair dismissal', 'Unsafe working conditions', 'Imprisonment arrests & detention']","Bestseller (Reported buyer),C&A (Former buyer),HK Works London (Buyer),House (part of LPP S.A) (Buyer),KappAhl (Former buyer),Kiabi (Former buyer),LC Waikiki (Buyer),LPP Spółka Akcyjna (Buyer),Mavi (Reported buyer),ONLY (part of Bestseller) (Reported buyer),OVS SpA (Former buyer),Shimamura (Buyer),Sinsay (part of LPP S.A.) (Buyer); Bestseller (Reported buyer),C&A (Former buyer),HK Works London (Buyer),House (part of LPP S.A) (Buyer),KappAhl (Former buyer),Kiabi (Former buyer),LC Waikiki (Buyer),LPP Spółka Akcyjna (Buyer),ONLY (part of Bestseller) (Reported buyer),OVS SpA (Former buyer),Sinsay (part of LPP S.A.) (Buyer); Bestseller (Reported buyer),C&A (Former buyer),HK Works London (Buyer),House (part of LPP S.A) (Buyer),KappAhl (Former buyer),LC Waikiki (Buyer),LPP Spółka Akcyjna (Buyer),ONLY (part of Bestseller) (Reported buyer),OVS SpA (Former buyer),Sinsay (part of LPP S.A.) (Buyer)",0,0,1,1,1,1,1,1,honor apparel garment,,,
Hope One,1,2024-02-14,1000.0,"['Gender-based violence and harassment', 'Reduced wages and wage theft', 'Inhumane work rates and mandatory overtime', 'Denial of leave', 'Denial of permanent contracts', 'Unfair dismissal', 'Unsafe working conditions', 'Harassment intimidation and abuse']",,0,1,1,0,1,1,1,1,hope one,MM2025087639037,"Hope One Co., Ltd",90.0
Hosheng Myanmar Garment Factory,2,2023-07-07,8.0,"['Attacks on freedom of association', 'Imprisonment arrests & detention', 'Reduced wages and wage theft', 'Inhumane work rates and mandatory overtime']",Inditex (Former buyer),0,0,0,1,1,1,0,0,hosheng myanmar garment factory,,,
Huabo Times,7,2023-08-12,8036.0,"['Attacks on freedom of association', 'Gender-based violence and harassment', 'Reduced wages and wage theft', 'Inhumane work rates and mandatory overtime', 'Denial of leave', 'Business-military collusion', 'Unfair dismissal', 'Unsafe working conditions', 'Harassment intimidation and abuse', 'Imprisonment arrests & detention']","Bestseller (Buyer),Inditex (Former buyer),ONLY (part of Bestseller) (Buyer),Primark (part of Associated British Foods) (Former buyer),Vero Moda (part of Bestseller) (Buyer),Zara (part of Inditex) (Former buyer); Bestseller (Buyer),Inditex (Buyer),ONLY (part of Bestseller) (Buyer),Primark (part of Associated British Foods) (Former buyer),Vero Moda (part of Bestseller) (Buyer),Zara (part of Inditex) (Buyer); Bestseller (Buyer),Inditex (Buyer),ONLY (part of Bestseller) (Buyer),Primark (part of Associated British Foods) (Former buyer),Vero Moda (part of Bestseller) (Buyer)",0,1,1,1,1,1,1,0,huabo times,MM2020148YQWHN2,Huabo Times Textile and Clothing,90.0
Huafu Garment,1,2024-06-24,1200.0,"['Attacks on freedom of association', 'Gender-based violence and harassment', 'Reduced wages and wage theft', 'Inhumane work rates and mandatory overtime', 'Denial of leave', 'Denial of permanent contracts', 'Child labour', 'Unsafe working conditions', 'Harassment intimidation and abuse']",SanMar (Buyer),1,1,1,1,1,1,1,1,huafu garment,,,
Huitai Manufacturing,1,2024-05-09,300.0,"['Gender-based violence and harassment', 'Reduced wages and wage theft', 'Inhumane work rates and mandatory overtime', 'Denial of leave', 'Denial of permanent contracts', 'Unfair dismissal', 'Unsafe working conditions', 'Harassment intimidation and abuse']","LPP Spółka Akcyjna (Reported buyer),Sinsay (part of LPP S.A.) (Reported buyer)",0,1,1,0,1,1,1,1,huitai manufacturing,,,
Huiyuan Garment,2,2024-03-15,1600.0,"['Gender-based violence and harassment', 'Reduced wages and wage theft', 'Inhumane work rates and mandatory overtime', 'Child labour', 'Unfair dismissal', 'Unsafe working conditions', 'Harassment intimidation and abuse']","LPP Spółka Akcyjna (Buyer),Sinsay (part of LPP S.A.) (Buyer)",1,1,1,0,1,1,1,0,huiyuan garment,MM202224911FG1H,HUIYUAN GARMENT COMPANY LIMITED,90.0
Hung Yang Leather,1,2022-04-03,0.0,['Inhumane work rates and mandatory overtime'],Guess (Buyer),0,0,0,0,1,0,0,0,hung yang leather,,,
Hunter Textile,1,2023-08-24,700.0,"['Gender-based violence and harassment', 'Reduced wages and wage theft', 'Inhumane work rates and mandatory overtime', 'Denial of leave', 'Denial of permanent contracts', 'Unsafe working conditions', 'Harassment intimidation and abuse']","MANA (Buyer),OVS SpA (Buyer)",0,1,1,0,1,1,1,1,hunter textile,MM20232480T078R,hunter textile co. ltd.,90.0
J-Land Myanmar,3,2024-10-28,2600.0,"['Attacks on freedom of association', 'Gender-based violence and harassment', 'Reduced wages and wage theft', 'Inhumane work rates and mandatory overtime', 'Denial of leave', 'Denial of permanent contracts', 'Child labour', 'Unsafe working conditions', 'Harassment intimidation and abuse']","Guess (Buyer),Mango (Reported buyer)",1,1,1,1,1,1,1,1,j-land myanmar,MM2019083MB0CGC,J-Land Myanmar Company Limited,90.0
JOC Myanmar Garment,4,2024-07-11,2502.0,"['Gender-based violence and harassment', 'Reduced wages and wage theft', 'Inhumane work rates and mandatory overtime', 'Denial of permanent contracts', 'Child labour', 'Unfair dismissal', 'Unsafe working conditions', 'Harassment intimidation and abuse']","Alpen Group (Buyer),Burtle (Buyer),Dunlop Sports (Buyer); Burtle (Buyer)",1,1,1,0,1,1,1,1,joc myanmar garment,MM2025088Y2B1ED,"JOC Myanmar Garment Co., Ltd",95.0
Jafon,1,2023-10-12,200.0,"['Denial of leave', 'Unsafe working conditions', 'Reduced wages and wage theft', 'Inhumane work rates and mandatory overtime']",IPSY (Buyer),0,0,0,0,1,1,1,0,jafon,,,
Jessie Myanmar Apparel,2,2022-04-23,1000.0,"['Attacks on freedom of association', 'Gender-based violence and harassment', 'Reduced wages and wage theft', 'Inhumane work rates and mandatory overtime', 'Child labour', 'Unfair dismissal', 'Harassment intimidation and abuse']",Next (Buyer),1,1,1,1,1,1,0,0,jessie myanmar apparel,MM2021252X2CPJV,Jessie Myanmar Apparel Manufacturing CoLtd,90.0
Jia Xin,3,2023-09-20,25.0,"['Gender-based violence and harassment', 'Reduced wages and wage theft', 'Inhumane work rates and mandatory overtime', 'Denial of leave', 'Business-military collusion', 'Unsafe working conditions', 'Harassment intimidation and abuse']","Fast Retailing (Reported buyer),GU (part of Fast Retailing) (Reported buyer),Inditex (Reported buyer),Stripe International (Buyer),Zara (part of Inditex) (Reported buyer)",0,1,1,0,1,1,1,0,jia xin,MM2023264WGNZ8N,JIA XIN (MYANMAR) GARMENT COMPANY LIMITED,90.0
Jiangsu Soho,3,2023-04-05,2090.0,"['Gender-based violence and harassment', 'Reduced wages and wage theft', 'Inhumane work rates and mandatory overtime', 'Business-military collusion', 'Unfair dismissal', 'Harassment intimidation and abuse']","ALDI South (Former buyer),Benetton Group (Former buyer),Bestseller (Reported buyer),Mango (Buyer),Next (Buyer)",0,1,1,0,1,1,0,0,jiangsu soho,MM2019083YY521N,Jiangsu Soho (Myanmar) Industry Co Ltd,90.0
Jiashihao (Myanmar),4,2024-03-10,4040.0,"['Gender-based violence and harassment', 'Reduced wages and wage theft', 'Inhumane work rates and mandatory overtime', 'Denial of leave', 'Unsafe working conditions', 'Harassment intimidation and abuse']","Hennes & Mauritz (H&M) (Former buyer),Inditex (Former buyer),Lidl (Former buyer),Otto (Former buyer),Zara (part of Inditex) (Former buyer); Hennes & Mauritz (H&M) (Reported buyer),Inditex (Former buyer),Lidl (Former buyer),Otto (Former buyer),Zara (part of Inditex) (Former buyer)",0,1,1,0,1,1,1,0,jiashihao (myanmar),MM2025160HE3FSM,Jiashihao (Myanmar) Limited,90.0
Jin Sen,1,2023-04-09,100.0,"['Reduced wages and wage theft', 'Inhumane work rates and mandatory overtime']",,0,0,0,0,1,1,0,0,jin sen,,,
Jinli Wool Factory,1,2023-05-30,270.0,"['Inhumane work rates and mandatory overtime', 'Denial of leave', 'Denial of permanent contracts', 'Unfair dismissal', 'Unsafe working conditions']",Hennes & Mauritz (H&M) (Buyer),0,0,0,0,1,0,1,1,jinli wool factory,,,
Jiu Sheng,1,2022-02-21,2000.0,['Reduced wages and wage theft'],Hennes & Mauritz (H&M) (Buyer),0,0,0,0,0,1,0,0,jiu sheng,MM2020084D065MP,"Jiu Sheng (Myanmar) Knitted Wear Co., Ltd",90.0
Jun Sheng,2,2023-07-19,800.0,"['Gender-based violence and harassment', 'Reduced wages and wage theft', 'Inhumane work rates and mandatory overtime', 'Denial of leave', 'Denial of permanent contracts', 'Unsafe working conditions', 'Harassment intimidation and abuse']","LPP Spółka Akcyjna (Former buyer),Mohito (part of LPP S.A.) (Former buyer)",0,1,1,0,1,1,1,1,jun sheng,MM2025087F67FZW,"Jun Sheng Garment Co., Ltd",90.0
K-Won & MICC,1,2021-08-15,5000.0,['Unsafe working conditions'],Hennes & Mauritz (H&M) (Buyer),0,0,0,0,0,0,1,0,k-won & micc,MM2020084C7XJJY,K-Won & MICC Company Limited,90.0
KBL Garment,4,2024-10-19,2700.0,"['Attacks on freedom of association', 'Gender-based violence and harassment', 'Reduced wages and wage theft', 'Inhumane work rates and mandatory overtime', 'Denial of leave', 'Business-military collusion', 'Unsafe working conditions', 'Harassment intimidation and abuse']",David's Bridal (Buyer),0,1,1,1,1,1,1,0,kbl garment,,,
Kaixi Myanmar Fashion,3,2024-01-16,11000.0,"['Gender-based violence and harassment', 'Reduced wages and wage theft', 'Inhumane work rates and mandatory overtime', 'Denial of leave', 'Unsafe working conditions', 'Harassment intimidation and abuse']","Inditex (Reported buyer),Primark (part of Associated British Foods) (Former buyer),Zara (part of Inditex) (Reported buyer); Inditex (Reported buyer),Primark (part of Associated British Foods) (Former buyer)",0,1,1,0,1,1,1,0,kaixi myanmar fashion,MM2020148RY90HV,Kaixi Myanmar,90.0
Kamcaine Garment,2,2023-11-14,1300.0,"['Attacks on freedom of association', 'Gender-based violence and harassment', 'Reduced wages and wage theft', 'Inhumane work rates and mandatory overtime', 'Denial of leave', 'Denial of permanent contracts', 'Unfair dismissal', 'Unsafe working conditions', 'Harassment intimidation and abuse']","Inditex (Buyer),Lidl (Buyer),Zara (part of Inditex) (Buyer)",0,1,1,1,1,1,1,1,kamcaine garment,,,
Karisma Apparel (Myanmar),1,2023-11-17,1300.0,"['Denial of leave', 'Unsafe working conditions', 'Reduced wages and wage theft']",Lidl (Buyer),0,0,0,0,1,1,1,0,karisma apparel (myanmar),MM2019107MJ7QM6,Karisma Apparel (Myanmar) Company Limited,90.0
Kfine International Garment (Myanmar),5,2023-11-08,6004.0,"['Gender-based violence and harassment', 'Reduced wages and wage theft', 'Inhumane work rates and mandatory overtime', 'Denial of leave', 'Denial of permanent contracts', 'Child labour', 'Business-military collusion', 'Unfair dismissal', 'Unsafe working conditions', 'Harassment intimidation and abuse']","Bestseller (Buyer),Inditex (Reported buyer),LPP Spółka Akcyjna (Buyer),ONLY (part of Bestseller) (Buyer),Reserved (part of LPP Spółka Akcyjna) (Buyer),Zara (part of Inditex) (Reported buyer); Bestseller (Buyer),LPP Spółka Akcyjna (Buyer); Bestseller (Buyer),LPP Spółka Akcyjna (Buyer),Reserved (part of LPP Spółka Akcyjna) (Buyer)",1,1,1,0,1,1,1,1,kfine international garment (myanmar),MM2021299RGF5T9,Kfine International Garment (Myanmar) Company Limited,95.0
Kingsrich (Myanmar) Fashion,8,2024-10-10,5305.0,"['Gender-based violence and harassment', 'Reduced wages and wage theft', 'Inhumane work rates and mandatory overtime', 'Denial of leave', 'Denial of permanent contracts', 'Business-military collusion', 'Unfair dismissal', 'Unsafe working conditions', 'Harassment intimidation and abuse', 'Imprisonment arrests & detention']","Hennes & Mauritz (H&M) (Buyer),Marks & Spencer (Former buyer); Hennes & Mauritz (H&M) (Buyer),Marks & Spencer (Buyer)",0,1,1,0,1,1,1,1,kingsrich (myanmar) fashion,MM20240221ZE3KA,"Kingsrich (Myanmar) Fashion Co., Ltd.",95.0
Kittenish Knitting Co.,2,2023-08-19,1100.0,"['Gender-based violence and harassment', 'Reduced wages and wage theft', 'Inhumane work rates and mandatory overtime', 'Denial of leave', 'Denial of permanent contracts', 'Unfair dismissal', 'Unsafe working conditions', 'Harassment intimidation and abuse']","Inditex (Reported buyer),Lidl (Buyer),Zara (part of Inditex) (Reported buyer); Inditex (Reported buyer),Zara (part of Inditex) (Reported buyer)",0,1,1,0,1,1,1,1,kittenish knitting co.,MM2019083Z1NPGC,Kittenish Knitting Co Ltd (No 2),95.0
Kseng garment factory,4,2024-07-18,3900.0,"['Attacks on freedom of association', 'Gender-based violence and harassment', 'Reduced wages and wage theft', 'Inhumane work rates and mandatory overtime', 'Denial of leave', 'Surveillance', 'Unfair dismissal', 'Unsafe working conditions', 'Harassment intimidation and abuse']","Clique (part of New Wave Group) (Buyer),Cutter & Buck (part of New Wave Group) (Buyer),Matalan (Former buyer),New Wave Group (Buyer),New Yorker (Buyer),Orsay (Buyer),Springfield (part of Tendam) (Buyer),Tendam (Former buyer); Clique (part of New Wave Group) (Buyer),Matalan (Buyer),New Wave Group (Buyer),New Yorker (Buyer),Orsay (Buyer),Springfield (part of Tendam) (Buyer),Tendam (Buyer); Clique (part of New Wave Group) (Buyer),Matalan (Buyer),New Wave Group (Buyer),New Yorker (Buyer),Orsay (Buyer),Springfield (part of Tendam) (Buyer); Matalan (Buyer),New Wave Group (Buyer),New Yorker (Buyer),Orsay (Buyer),Springfield (part of Tendam) (Buyer),Tendam (Buyer)",0,1,1,1,1,1,1,0,kseng garment factory,,,
LZS Apparel,1,2024-09-08,800.0,"['Gender-based violence and harassment', 'Reduced wages and wage theft', 'Inhumane work rates and mandatory overtime', 'Denial of leave', 'Unsafe working conditions', 'Harassment intimidation and abuse']",,0,1,1,0,1,1,1,0,lzs apparel,,,
Lat War Garment,4,2024-04-25,4000.0,"['Gender-based violence and harassment', 'Reduced wages and wage theft', 'Inhumane work rates and mandatory overtime', 'Denial of leave', 'Denial of permanent contracts', 'Unsafe working conditions', 'Harassment intimidation and abuse']","Auchan (Reported buyer),Kapalua (Buyer),LC Waikiki (Former buyer),Mavi (Reported buyer),Regatta (Reported buyer),Tom Tailor (Former buyer)",0,1,1,0,1,1,1,1,lat war garment,MM2024022KM44ZM,LAT WAR GARMENT,100.0
Li Da Garment,3,2024-05-23,529.0,"['Unsafe working conditions', 'Denial of leave', 'Inhumane work rates and mandatory overtime']",,0,0,0,0,1,0,1,0,li da garment,,,
Lian Cheng (Myanmar),2,2023-09-13,700.0,"['Gender-based violence and harassment', 'Reduced wages and wage theft', 'Inhumane work rates and mandatory overtime', 'Denial of leave', 'Denial of permanent contracts', 'Business-military collusion', 'Unfair dismissal']","Inditex (Former buyer),Zara (part of Inditex) (Former buyer)",0,0,1,0,1,1,0,1,lian cheng (myanmar),,,
Lian Fa (Myanmar),1,2024-09-12,300.0,"['Unsafe working conditions', 'Reduced wages and wage theft', 'Inhumane work rates and mandatory overtime']",,0,0,0,0,1,1,1,0,lian fa (myanmar),,,
Likes ViewTex Garment,6,2022-09-04,1130.0,"['Reduced wages and wage theft', 'Inhumane work rates and mandatory overtime', 'Denial of permanent contracts', 'Business-military collusion', 'Unfair dismissal', 'Harassment intimidation and abuse']",,0,1,0,0,1,1,0,1,likes viewtex garment,,,
Lita Myanmar,4,2024-10-18,2700.0,"['Attacks on freedom of association', 'Gender-based violence and harassment', 'Reduced wages and wage theft', 'Inhumane work rates and mandatory overtime', 'Denial of leave', 'Denial of permanent contracts', 'Child labour', 'Surveillance', 'Business-military collusion', 'Unfair dismissal', 'Unsafe working conditions', 'Harassment intimidation and abuse']","Burtle (Buyer),Converse (part of Nike) (Reported buyer),Karsee (Buyer),Nike (Reported buyer),Toyo (Buyer),United Arrows (Buyer); Burtle (Buyer),Converse (part of Nike) (Reported buyer),Nike (Reported buyer),Toyo (Buyer)",1,1,1,1,1,1,1,1,lita myanmar,MM2025087JXERBJ,Lita Myanmar Company Limited,90.0
Lon John International,2,2024-05-01,1200.0,"['Gender-based violence and harassment', 'Reduced wages and wage theft', 'Inhumane work rates and mandatory overtime', 'Denial of leave', 'Unfair dismissal', 'Unsafe working conditions', 'Harassment intimidation and abuse']",,0,1,1,0,1,1,1,0,lon john international,,,
Maiyibei (Yangon) Garment Manufacturing,4,2024-10-31,2209.0,"['Gender-based violence and harassment', 'Reduced wages and wage theft', 'Inhumane work rates and mandatory overtime', 'Denial of leave', 'Denial of permanent contracts', 'Child labour', 'Unfair dismissal', 'Unsafe working conditions', 'Harassment intimidation and abuse']","Alcott (Buyer),Hang Ten (Buyer),LPP Spółka Akcyjna (Buyer),Original Marines (Buyer),Sinsay (part of LPP S.A.) (Buyer); Hang Ten (Buyer),LPP Spółka Akcyjna (Buyer),Sinsay (part of LPP S.A.) (Buyer)",1,1,1,0,1,1,1,1,maiyibei (yangon) garment manufacturing,MM20211059PK685,"MAIYIBEI (YANGON) GARMENT MANUFACTURING CO.,LTD",95.0
Mayfair (Myanmar) Industry,1,2024-06-07,1500.0,"['Denial of leave', 'Unsafe working conditions', 'Reduced wages and wage theft', 'Inhumane work rates and mandatory overtime']",DeFacto (Buyer),0,0,0,0,1,1,1,0,mayfair (myanmar) industry,MM2022007NKMZZ1,"MAYFAIR (MYANMAR) INDUSTRY CO., LTD",95.0
Mei Jie,1,2023-03-27,4000.0,"['Unsafe working conditions', 'Reduced wages and wage theft', 'Inhumane work rates and mandatory overtime']","Hennes & Mauritz (H&M) (Buyer),Inditex (Reported buyer),Zara (part of Inditex) (Reported buyer)",0,0,0,0,1,1,1,0,mei jie,,,
Mengyue Garment,3,2024-10-12,301.0,"['Gender-based violence and harassment', 'Reduced wages and wage theft', 'Inhumane work rates and mandatory overtime', 'Denial of leave', 'Child labour', 'Unsafe working conditions', 'Harassment intimidation and abuse']",Paltex (Buyer),1,1,1,0,1,1,1,0,mengyue garment,,,
Mingalar Sumbiri Garment,1,2021-12-03,86.0,"['Unfair dismissal', 'Reduced wages and wage theft']","C&A (Buyer),Hennes & Mauritz (H&M) (Buyer)",0,0,0,0,0,1,0,0,mingalar sumbiri garment,MM2019107Q5TS41,MINGALAR SUMBIRI GARMENT CO. LTD.,95.0
Mirae (New Way Garment),3,2024-01-11,702.0,"['Attacks on freedom of association', 'Reduced wages and wage theft', 'Denial of leave', 'Denial of permanent contracts', 'Unfair dismissal', 'Unsafe working conditions']",Ziben (Buyer),0,0,0,1,1,1,1,1,mirae (new way garment),,,
Mountain Top,1,2023-03-14,0.0,"['Unfair dismissal', 'Gender-based violence and harassment', 'Reduced wages and wage theft']","Caprice (Buyer),Tamaris (Buyer),Wortmann Schuh-Holding (Buyer)",0,0,1,0,0,1,0,0,mountain top,MM2022083TGT6H6,MOUNTAIN TOP GLOBAL LIMITED,90.0
Mountain Tree,1,2024-03-03,300.0,"['Unsafe working conditions', 'Harassment intimidation and abuse', 'Gender-based violence and harassment', 'Inhumane work rates and mandatory overtime']",,0,1,1,0,1,0,1,0,mountain tree,,,
Myam Bag,1,2024-02-12,1000.0,"['Gender-based violence and harassment', 'Reduced wages and wage theft', 'Inhumane work rates and mandatory overtime', 'Denial of leave', 'Unsafe working conditions', 'Harassment intimidation and abuse']",,0,1,1,0,1,1,1,0,myam bag,,,
Myan Mode,4,2022-02-28,351.0,"['Attacks on freedom of association', 'Business-military collusion', 'Reduced wages and wage theft', 'Imprisonment arrests & detention']","Inditex (Former buyer),Mango (Former buyer)",0,0,0,1,0,1,0,0,myan mode,,,
Myanka Garment,1,2024-04-13,1500.0,"['Gender-based violence and harassment', 'Reduced wages and wage theft', 'Inhumane work rates and mandatory overtime', 'Denial of leave', 'Unsafe working conditions', 'Harassment intimidation and abuse']","Springfield (part of Tendam) (Buyer),Tendam (Buyer)",0,1,1,0,1,1,1,0,myanka garment,MM2020230K97ZRX,Myanka Garment Limited,90.0
Myanmar All Rich Garment,1,2022-12-14,1000.0,['Reduced wages and wage theft'],"Bestseller (Reported buyer),Inditex (Reported buyer),ONLY (part of Bestseller) (Reported buyer),Vero Moda (part of Bestseller) (Reported buyer),Zara (part of Inditex) (Reported buyer)",0,0,0,0,0,1,0,0,myanmar all rich garment,MM20250870N5T06,"Myanmar All Rich Garment Co., Ltd",95.0
Myanmar Bag,1,2024-09-15,1000.0,"['Gender-based violence and harassment', 'Reduced wages and wage theft', 'Inhumane work rates and mandatory overtime', 'Denial of leave', 'Unsafe working conditions', 'Harassment intimidation and abuse']",,0,1,1,0,1,1,1,0,myanmar bag,MM2022280YXSB5E,myanmar bago nt mode garment co. ltd.,90.0
Myanmar Bago Ntmode Garments,1,2023-12-17,600.0,"['Attacks on freedom of association', 'Gender-based violence and harassment', 'Reduced wages and wage theft', 'Inhumane work rates and mandatory overtime', 'Denial of leave', 'Denial of permanent contracts', 'Child labour', 'Unsafe working conditions', 'Harassment intimidation and abuse']",,1,1,1,1,1,1,1,1,myanmar bago ntmode garments,,,
Myanmar Best Fortune Garment,2,2023-10-14,1052.0,"['Gender-based violence and harassment', 'Reduced wages and wage theft', 'Inhumane work rates and mandatory overtime', 'Denial of leave', 'Unfair dismissal', 'Unsafe working conditions', 'Harassment intimidation and abuse']","Clique (part of New Wave Group) (Former buyer),Craft (part of New Wave Group) (Former buyer),LC Waikiki (Reported buyer),New Wave Group (Former buyer),New Yorker (Buyer),Springfield (part of Tendam) (Reported buyer),Tendam (Reported buyer)",0,1,1,0,1,1,1,0,myanmar best fortune garment,,,
Myanmar Bestex Garment,4,2024-01-13,2900.0,"['Gender-based violence and harassment', 'Reduced wages and wage theft', 'Inhumane work rates and mandatory overtime', 'Denial of leave', 'Child labour', 'Business-military collusion', 'Unfair dismissal', 'Harassment intimidation and abuse']","LPP Spółka Akcyjna (Buyer),Mohito (part of LPP S.A.) (Buyer),OVS SpA (Former buyer),Sinsay (part of LPP S.A.) (Buyer); LPP Spółka Akcyjna (Buyer),Mohito (part of LPP S.A.) (Buyer),OVS SpA (Former buyer),RBX Active (Buyer),Sinsay (part of LPP S.A.) (Buyer); LPP Spółka Akcyjna (Buyer),Mohito (part of LPP S.A.) (Buyer),OVS SpA (Former buyer),RBX Active (Former buyer)",1,1,1,0,1,1,0,0,myanmar bestex garment,MM20210260CJRKG,MYANMAR BESTEX GARMENT CO. LTD,95.0
Myanmar Chaofa,1,2024-08-03,200.0,"['Unsafe working conditions', 'Harassment intimidation and abuse', 'Child labour', 'Reduced wages and wage theft']",,1,1,0,0,0,1,1,0,myanmar chaofa,,,
Myanmar Cincerece,1,2023-02-11,850.0,"['Attacks on freedom of association', 'Gender-based violence and harassment', 'Inhumane work rates and mandatory overtime', 'Unsafe working conditions', 'Harassment intimidation and abuse']","American Holic (Buyer),Stripe International (Buyer)",0,1,1,1,1,0,1,0,myanmar cincerece,,,
Myanmar City Garment Factory,1,2022-10-23,850.0,"['Gender-based violence and harassment', 'Reduced wages and wage theft', 'Inhumane work rates and mandatory overtime']","American Holic (Buyer),Stripe International (Buyer)",0,0,1,0,1,1,0,0,myanmar city garment factory,,,
Myanmar Dihuali Garment (Dishang Group),2,2024-03-27,1000.0,"['Reduced wages and wage theft', 'Inhumane work rates and mandatory overtime', 'Denial of leave', 'Denial of permanent contracts', 'Unfair dismissal', 'Unsafe working conditions', 'Harassment intimidation and abuse']","Mango (Reported buyer),SanMar (Buyer),Tom Tailor (Reported buyer); Mango (Reported buyer),SanMar (Buyer),Tom Tailor (Reported buyer),Workman (Buyer)",0,1,0,0,1,1,1,1,myanmar dihuali garment (dishang group),,,
Myanmar Dixinda Garment,4,2024-02-18,3200.0,"['Gender-based violence and harassment', 'Reduced wages and wage theft', 'Inhumane work rates and mandatory overtime', 'Denial of leave', 'Denial of permanent contracts', 'Unfair dismissal', 'Unsafe working conditions', 'Harassment intimidation and abuse']","Baroque Japan Limited (Buyer),Gratex Industries (Buyer),Workman (Buyer)",0,1,1,0,1,1,1,1,myanmar dixinda garment,MM20250871ZT4S9,"Myanmar Dixinda Garment Co., Ltd",95.0
Myanmar Efforts Garment Factory,2,2022-09-21,2000.0,"['Inhumane work rates and mandatory overtime', 'Unfair dismissal', 'Reduced wages and wage theft', 'Gender-based violence and harassment']",Hunkemoller (Buyer),0,0,1,0,1,1,0,0,myanmar efforts garment factory,,,
Myanmar Forjs Apparel,1,2022-11-26,100.0,['Reduced wages and wage theft'],,0,0,0,0,0,1,0,0,myanmar forjs apparel,,,
Myanmar Fortress Wealth,1,2023-03-24,1200.0,"['Denial of leave', 'Unsafe working conditions', 'Inhumane work rates and mandatory overtime']",,0,0,0,0,1,0,1,0,myanmar fortress wealth,MM202508718GSY2,"Myanmar Fortress Wealth Garment Co., Ltd",90.0
Myanmar Gigi Leather Goods,2,2023-07-20,4000.0,"['Harassment intimidation and abuse', 'Denial of permanent contracts', 'Gender-based violence and harassment', 'Inhumane work rates and mandatory overtime']","Michael Kors (part of Capri Holdings) (Buyer),Tapestry (Formerly Coach) (Buyer)",0,1,1,0,1,0,0,1,myanmar gigi leather goods,MM20230316D0RN5,MYANMAR GIGI LEATHER GOODS,100.0
Myanmar Guotai Huasheng Glory Fashion,11,2024-07-18,5702.0,"['Attacks on freedom of association', 'Gender-based violence and harassment', 'Reduced wages and wage theft', 'Inhumane work rates and mandatory overtime', 'Denial of leave', 'Child labour', 'Surveillance', 'Unfair dismissal', 'Unsafe working conditions', 'Harassment intimidation and abuse', 'Imprisonment arrests & detention']","Auchan (Buyer),Carrefour (Former buyer),InExtenso (part of Auchan) (Buyer),Lidl (Former buyer),Primark (part of Associated British Foods) (Former buyer),Tendam (Reported buyer); Auchan (Buyer),Carrefour (Former buyer),Lidl (Former buyer),Primark (part of Associated British Foods) (Former buyer),Tendam (Buyer); Auchan (Buyer),Carrefour (Former buyer),Lidl (Former buyer),Pimkie (part of Association Familiale Mulliez) (Buyer),Primark (part of Associated British Foods) (Former buyer),Tendam (Buyer)",1,1,1,1,1,1,1,0,myanmar guotai huasheng glory fashion,MM20211685XXVDN,"MYANMAR GUOTAI HUASHENG GLORY FASHION CO., LTD.",95.0
Myanmar Haisheng,2,2024-08-15,600.0,"['Attacks on freedom of association', 'Gender-based violence and harassment', 'Reduced wages and wage theft', 'Inhumane work rates and mandatory overtime', 'Denial of leave', 'Surveillance', 'Unsafe working conditions', 'Harassment intimidation and abuse']","Alpen Group (Buyer),Macron (Buyer),Teddy Group (Buyer),Terranova (Buyer),Topvalu Collection (part of AEON) (Former buyer)",0,1,1,1,1,1,1,0,myanmar haisheng,MM20230651KRG5D,"Myanmar Haisheng Fashion Clothes Co., Ltd.",90.0
Myanmar Hang Shin,1,2022-07-31,1.0,"['Harassment intimidation and abuse', 'Gender-based violence and harassment', 'Unfair dismissal']",,0,1,1,0,0,0,0,0,myanmar hang shin,,,
Myanmar Hashing Fashion Clothes Factory,1,2022-05-21,0.0,"['Denial of permanent contracts', 'Unfair dismissal', 'Reduced wages and wage theft']",,0,0,0,0,0,1,0,1,myanmar hashing fashion clothes factory,,,
Myanmar Hua Yue,2,2024-08-18,0.0,"['Gender-based violence and harassment', 'Reduced wages and wage theft', 'Inhumane work rates and mandatory overtime', 'Denial of leave', 'Denial of permanent contracts', 'Child labour', 'Surveillance', 'Unfair dismissal', 'Unsafe working conditions', 'Harassment intimidation and abuse']","Barbara Lebek (Buyer),Hennes & Mauritz (H&M) (Former buyer),Zhejiang Semir Garment (Buyer)",1,1,1,0,1,1,1,1,myanmar hua yue,MM2020330SC1W4A,Myanmar Hua Yue Garment Limited ,90.0
Myanmar Huasheng Golden,1,2024-07-01,1000.0,"['Reduced wages and wage theft', 'Inhumane work rates and mandatory overtime', 'Denial of leave', 'Unsafe working conditions', 'Harassment intimidation and abuse']",Benetton Group (Buyer),0,1,0,0,1,1,1,0,myanmar huasheng golden,MM20241284XXHB7,Myanmar Huasheng Golden Fashion Company Limited,90.0
Myanmar Huasheng Yashili Fashion,1,2023-09-24,1000.0,"['Reduced wages and wage theft', 'Inhumane work rates and mandatory overtime']",,0,0,0,0,1,1,0,0,myanmar huasheng yashili fashion,MM202508792P1C0,Myanmar Huasheng Yashili Fashion Company Limited,90.0
Myanmar I-Tex Garment,1,2024-02-28,1000.0,"['Gender-based violence and harassment', 'Reduced wages and wage theft', 'Inhumane work rates and mandatory overtime', 'Denial of leave', 'Business-military collusion', 'Harassment intimidation and abuse']",P&VV (Buyer),0,1,1,0,1,1,0,0,myanmar i-tex garment,MM2021060V2EBA5,Myanmar I-Tex Garment Co Ltd,95.0
Myanmar Jiale Fashion 2,3,2024-10-03,1300.0,"['Unsafe working conditions', 'Reduced wages and wage theft']","Dub (Buyer),Shisky (Buyer)",0,0,0,0,0,1,1,0,myanmar jiale fashion 2,MM2023347AXJARA,"MYANMAR JIALE FASHION CO., LTD",91.0
Myanmar Jiale Fashion Garment,5,2024-10-31,4500.0,"['Attacks on freedom of association', 'Gender-based violence and harassment', 'Reduced wages and wage theft', 'Inhumane work rates and mandatory overtime', 'Denial of leave', 'Denial of permanent contracts', 'Child labour', 'Business-military collusion', 'Unfair dismissal', 'Harassment intimidation and abuse', 'Imprisonment arrests & detention']","Dub (Buyer),Hennes & Mauritz (H&M) (Former buyer),Inditex (Former buyer),New Yorker (Buyer),OYSHO (part of Inditex) (Former buyer),Shisky (Buyer),Zara (part of Inditex) (Former buyer); Hennes & Mauritz (H&M) (Buyer),Inditex (Former buyer),OYSHO (part of Inditex) (Former buyer),Zara (part of Inditex) (Former buyer)",1,1,1,1,1,1,0,1,myanmar jiale fashion garment,,,
Myanmar Journey Bags,2,2024-10-24,600.0,"['Gender-based violence and harassment', 'Reduced wages and wage theft', 'Inhumane work rates and mandatory overtime', 'Denial of leave', 'Denial of permanent contracts', 'Surveillance', 'Unfair dismissal', 'Unsafe working conditions', 'Harassment intimidation and abuse']",Solo (Buyer),0,1,1,0,1,1,1,1,myanmar journey bags,,,
Myanmar Knitting Factory,4,2023-07-06,9938.0,"['Attacks on freedom of association', 'Harassment intimidation and abuse', 'Unfair dismissal', 'Inhumane work rates and mandatory overtime']","Lidl (Former buyer),Marks & Spencer (Former buyer),Primark (part of Associated British Foods) (Former buyer); Marks & Spencer (Former buyer),Primark (part of Associated British Foods) (Former buyer)",0,1,0,1,1,0,0,0,myanmar knitting factory,MM201910778H35P,Myanmar Knitting Factory Ltd.,95.0
Myanmar LNY Caps,2,2023-04-21,1750.0,"['Gender-based violence and harassment', 'Reduced wages and wage theft', 'Inhumane work rates and mandatory overtime', 'Denial of leave', 'Denial of permanent contracts', 'Child labour', 'Unsafe working conditions', 'Harassment intimidation and abuse']","'47 (Buyer),Cap America (Buyer),Otto Caps (Buyer)",1,1,1,0,1,1,1,1,myanmar lny caps,MM2025009JGZ43M,"Myanmar LNY Caps Co., Ltd.",90.0
Myanmar Long Sheng Fashion,1,2024-07-29,2000.0,"['Attacks on freedom of association', 'Gender-based violence and harassment', 'Reduced wages and wage theft', 'Inhumane work rates and mandatory overtime', 'Denial of leave', 'Denial of permanent contracts', 'Child labour', 'Unsafe working conditions', 'Harassment intimidation and abuse']",,1,1,1,1,1,1,1,1,myanmar long sheng fashion,MM2019083Z8DP72,"Myanmar Long Sheng Fashion Co., Ltd. ",95.0
Myanmar Lucky Fortune Garment,9,2024-10-11,7104.0,"['Attacks on freedom of association', 'Gender-based violence and harassment', 'Reduced wages and wage theft', 'Inhumane work rates and mandatory overtime', 'Denial of leave', 'Denial of permanent contracts', 'Child labour', 'Business-military collusion', 'Unfair dismissal', 'Unsafe working conditions', 'Harassment intimidation and abuse']","Auchan (Former buyer),Bestseller (Reported buyer),Encuentro (Buyer),InExtenso (part of Auchan) (Former buyer),Inditex (Former buyer),LC Waikiki (Buyer),LPP Spółka Akcyjna (Buyer),ONLY (part of Bestseller) (Reported buyer),Pull & Bear (part of Inditex) (Former buyer),Sinsay (part of LPP S.A.) (Buyer),Stradivarius (part of Inditex) (Former buyer),Workman (Buyer),Zara (part of Inditex) (Former buyer); Bestseller (Reported buyer),Calliope (Buyer),Inditex (Former buyer),LPP Spółka Akcyjna (Buyer),ONLY (part of Bestseller) (Reported buyer),Pull & Bear (part of Inditex) (Former buyer),Sinsay (part of LPP S.A.) (Buyer),Stradivarius (part of Inditex) (Former buyer),Workman (Buyer),Zara (part of Inditex) (Former buyer); Bestseller (Reported buyer),Inditex (Former buyer),LPP Spółka Akcyjna (Buyer),ONLY (part of Bestseller) (Reported buyer),Pull & Bear (part of Inditex) (Former buyer),Sinsay (part of LPP S.A.) (Buyer),Stradivarius (part of Inditex) (Former buyer),Workman (Buyer),Zara (part of Inditex) (Former buyer); Bestseller (Reported buyer),Inditex (Former buyer),LPP Spółka Akcyjna (Buyer),ONLY (part of Bestseller) (Reported buyer),Pull & Bear (part of Inditex) (Former buyer),Sinsay (part of LPP S.A.) (Buyer),Stradivarius (part of Inditex) (Former buyer),Workman (Buyer),Zara (part of Inditex) (Buyer)",1,1,1,1,1,1,1,1,myanmar lucky fortune garment,,,
Myanmar Lucky Garment Factory,2,2022-09-21,1.0,"['Denial of leave', 'Unfair dismissal', 'Reduced wages and wage theft', 'Inhumane work rates and mandatory overtime']",Inditex (Reported buyer),0,0,0,0,1,1,0,0,myanmar lucky garment factory,,,
Myanmar Lucky Phoenix International,1,2022-06-15,0.0,"['Denial of leave', 'Unsafe working conditions', 'Gender-based violence and harassment', 'Unfair dismissal']",Piazza Italia (Buyer),0,0,1,0,1,0,1,0,myanmar lucky phoenix international,MM20210267N9RNS,"MYANMAR LUCKY PHOENIX INTERNATIONAL CO., LTD.",95.0
Myanmar Luxury Group Company,2,2024-01-30,1400.0,"['Gender-based violence and harassment', 'Reduced wages and wage theft', 'Inhumane work rates and mandatory overtime', 'Denial of permanent contracts', 'Unfair dismissal', 'Unsafe working conditions', 'Harassment intimidation and abuse']","Calliope (Buyer),Inditex (Reported buyer),Promod (Buyer),Stradivarius (part of Inditex) (Reported buyer)",0,1,1,0,1,1,1,1,myanmar luxury group company,MM2025087A30K0J,Myanmar Luxury Group Company Limited,95.0
Myanmar Morning Flower (MMF) Garment,2,2023-10-27,500.0,"['Reduced wages and wage theft', 'Inhumane work rates and mandatory overtime', 'Denial of leave', 'Denial of permanent contracts', 'Unfair dismissal']","Regatta (Former buyer),United Athle (Buyer); Regatta (Reported buyer),United Athle (Buyer)",0,0,0,0,1,1,0,1,myanmar morning flower (mmf) garment,,,
Myanmar Qi Yuan,3,2024-10-29,1101.0,"['Reduced wages and wage theft', 'Inhumane work rates and mandatory overtime', 'Denial of leave', 'Denial of permanent contracts', 'Child labour', 'Unfair dismissal', 'Unsafe working conditions', 'Harassment intimidation and abuse']",,1,1,0,0,1,1,1,1,myanmar qi yuan,,,
Myanmar Shin Won Garment,1,2024-09-16,500.0,"['Gender-based violence and harassment', 'Reduced wages and wage theft', 'Inhumane work rates and mandatory overtime', 'Denial of leave', 'Denial of permanent contracts', 'Unsafe working conditions', 'Harassment intimidation and abuse']",,0,1,1,0,1,1,1,1,myanmar shin won garment,,,
Myanmar Shoe Dynasty,1,2023-08-22,200.0,['Reduced wages and wage theft'],,0,0,0,0,0,1,0,0,myanmar shoe dynasty,,,
Myanmar Sinyoung Fashion Clothes,3,2024-01-09,1101.0,"['Gender-based violence and harassment', 'Reduced wages and wage theft', 'Inhumane work rates and mandatory overtime', 'Denial of leave', 'Denial of permanent contracts', 'Child labour', 'Unfair dismissal', 'Harassment intimidation and abuse']","LPP Spółka Akcyjna (Reported buyer),Sinsay (part of LPP S.A.) (Reported buyer)",1,1,1,0,1,1,0,1,myanmar sinyoung fashion clothes,,,
Myanmar Sunny,1,2023-07-27,1200.0,"['Harassment intimidation and abuse', 'Gender-based violence and harassment', 'Reduced wages and wage theft']",Hawkins (Buyer),0,1,1,0,0,1,0,0,myanmar sunny,MM20250879RX05N,"Sunny Shoes Co., Ltd (Myanmar Sunny Co., Ltd)",90.0
"Myanmar Sunrun Garments (part of Solamoda Group),Solamoda Garment Group",1,2024-03-03,0.0,"['Gender-based violence and harassment', 'Reduced wages and wage theft', 'Inhumane work rates and mandatory overtime', 'Unfair dismissal', 'Unsafe working conditions', 'Harassment intimidation and abuse']","Fast Retailing (Former buyer),GU (part of Fast Retailing) (Former buyer)",0,1,1,0,1,1,1,0,"myanmar sunrun garments (part of solamoda group),solamoda garment group",,,
"Myanmar Sunview Garments Company (part of Solamoda Group),Solamoda Garment Group",2,2024-03-04,955.0,"['Gender-based violence and harassment', 'Reduced wages and wage theft', 'Inhumane work rates and mandatory overtime', 'Denial of leave', 'Unfair dismissal', 'Harassment intimidation and abuse']",Fast Retailing (Former buyer),0,1,1,0,1,1,0,0,"myanmar sunview garments company (part of solamoda group),solamoda garment group",,,
Myanmar Sunway Shoes,2,2023-05-29,600.0,"['Gender-based violence and harassment', 'Inhumane work rates and mandatory overtime', 'Denial of leave', 'Unsafe working conditions', 'Harassment intimidation and abuse']","Hennes & Mauritz (H&M) (Buyer),MUJI (part of Ryohin Keikaku) (Former buyer)",0,1,1,0,1,0,1,0,myanmar sunway shoes,MM2020084KBF8CB,MYANMAR SUNWAY SHOES LTD,95.0
Myanmar Taieasy Textile,1,2023-04-20,1000.0,"['Unsafe working conditions', 'Harassment intimidation and abuse', 'Gender-based violence and harassment', 'Inhumane work rates and mandatory overtime']",Lidl (Buyer),0,1,1,0,1,0,1,0,myanmar taieasy textile,MM20191073DB8WD,"MYANMAR TAIEASY TEXTILE (MTT)CO.,LTD",90.0
Myanmar Tencent Fashion Garment,2,2022-11-04,800.0,"['Reduced wages and wage theft', 'Inhumane work rates and mandatory overtime', 'Denial of leave', 'Child labour', 'Unfair dismissal']",,1,0,0,0,1,1,0,0,myanmar tencent fashion garment,,,
Myanmar Tiannan Garment,3,2023-11-21,1230.0,"['Gender-based violence and harassment', 'Reduced wages and wage theft', 'Inhumane work rates and mandatory overtime', 'Denial of leave', 'Denial of permanent contracts', 'Child labour', 'Unfair dismissal', 'Unsafe working conditions', 'Harassment intimidation and abuse']","Coolworks (Buyer),New Yorker (Buyer)",1,1,1,0,1,1,1,1,myanmar tiannan garment,,,
Myanmar Unique Garment,1,2021-07-16,1000.0,['Unsafe working conditions'],,0,0,0,0,0,0,1,0,myanmar unique garment,MM2022145SE005P,Myanmar Unique Garment MFG Company Limited,90.0
Myanmar Xiang Rui Fashion,2,2024-09-12,801.0,"['Attacks on freedom of association', 'Gender-based violence and harassment', 'Inhumane work rates and mandatory overtime', 'Denial of leave', 'Surveillance', 'Harassment intimidation and abuse']","Frasers Group (Buyer),LC Waikiki (Buyer),LPP Spółka Akcyjna (Buyer),OVS SpA (Buyer),Reserved (part of LPP Spółka Akcyjna) (Buyer)",0,1,1,1,1,0,0,0,myanmar xiang rui fashion,MM2019107YKG8E5,Myanmar Xiang Rui Fashion Company Limited,90.0
Myanmar Yangon Richang Apparel,3,2023-10-24,1601.0,"['Gender-based violence and harassment', 'Reduced wages and wage theft', 'Inhumane work rates and mandatory overtime', 'Denial of leave', 'Denial of permanent contracts', 'Unsafe working conditions']","Baroque Japan Limited (Buyer),FieldCore (Buyer),Hang Ten (Buyer),Pal Group (Buyer),Right-On (Buyer); Baroque Japan Limited (Buyer),FieldCore (Buyer),Pal Group (Buyer),Right-On (Buyer)",0,0,1,0,1,1,1,1,myanmar yangon richang apparel,MM2025087T4TXPX,"Myanmar Yangon Richang Apparel Co., Ltd (NISHO)",90.0
Myanmar Yes One,1,2021-07-07,12.0,"['Attacks on freedom of association', 'Unfair dismissal']",,0,0,0,1,0,0,0,0,myanmar yes one,,,
Myanmar York,2,2024-10-06,4600.0,"['Attacks on freedom of association', 'Gender-based violence and harassment', 'Reduced wages and wage theft', 'Inhumane work rates and mandatory overtime', 'Denial of leave', 'Unsafe working conditions']","Bestseller (Buyer),Hennes & Mauritz (H&M) (Buyer),Inditex (Reported buyer),WE Fashion (Buyer),Zara (part of Inditex) (Reported buyer)",0,0,1,1,1,1,1,0,myanmar york,MM20191763NN8CN,Myanmar York Fashion Company Limited ,90.0
Myanmar Zande,2,2023-11-18,1000.0,"['Attacks on freedom of association', 'Gender-based violence and harassment', 'Reduced wages and wage theft', 'Inhumane work rates and mandatory overtime', 'Denial of leave', 'Unfair dismissal', 'Unsafe working conditions', 'Harassment intimidation and abuse']","Inditex (Reported buyer),LERROS (Buyer),Zara (part of Inditex) (Reported buyer)",0,1,1,1,1,1,1,0,myanmar zande,,,
Myanmar Zhi Xin Garment,2,2024-10-01,1201.0,"['Gender-based violence and harassment', 'Reduced wages and wage theft', 'Inhumane work rates and mandatory overtime', 'Denial of leave', 'Denial of permanent contracts', 'Unfair dismissal', 'Unsafe working conditions', 'Harassment intimidation and abuse']","Cutter & Buck (part of New Wave Group) (Buyer),New Wave Group (Buyer)",0,1,1,0,1,1,1,1,myanmar zhi xin garment,,,
Myanmar of Hua Meng,1,2023-05-23,2000.0,"['Gender-based violence and harassment', 'Inhumane work rates and mandatory overtime', 'Denial of leave', 'Unsafe working conditions', 'Harassment intimidation and abuse']","Bonprix (part of Otto Group) (Buyer),House (part of LPP S.A) (Buyer),LPP Spółka Akcyjna (Buyer),Mohito (part of LPP S.A.) (Buyer),Otto (Buyer),Sergio Tachini (Buyer),Sinsay (part of LPP S.A.) (Buyer),ZU (Buyer)",0,1,1,0,1,0,1,0,myanmar of hua meng,,,
Myanto Industrial,3,2024-05-06,1700.0,"['Gender-based violence and harassment', 'Reduced wages and wage theft', 'Inhumane work rates and mandatory overtime', 'Denial of leave', 'Denial of permanent contracts', 'Unfair dismissal', 'Unsafe working conditions', 'Harassment intimidation and abuse']","New Yorker (Buyer),October (Buyer)",0,1,1,0,1,1,1,1,myanto industrial,,,
NKM Apparel Manufacturing,1,2024-04-27,200.0,"['Gender-based violence and harassment', 'Reduced wages and wage theft', 'Denial of leave', 'Unsafe working conditions', 'Harassment intimidation and abuse']",,0,1,1,0,1,1,1,0,nkm apparel manufacturing,,,
Nadia Pacific Apparel,1,2024-02-07,1.0,"['Harassment intimidation and abuse', 'Inhumane work rates and mandatory overtime']",,0,1,0,0,1,0,0,0,nadia pacific apparel,,,
Nanstock Garment Factory,2,2022-12-16,301.0,"['Reduced wages and wage theft', 'Inhumane work rates and mandatory overtime', 'Denial of leave', 'Denial of permanent contracts', 'Unfair dismissal', 'Unsafe working conditions']","KiK (Buyer),New Yorker (Buyer)",0,0,0,0,1,1,1,1,nanstock garment factory,,,
Narsha,2,2022-03-25,240.0,"['Denial of leave', 'Unfair dismissal', 'Reduced wages and wage theft', 'Inhumane work rates and mandatory overtime']",,0,0,0,0,1,1,0,0,narsha,,,
New Fubon,1,2024-01-22,150.0,"['Unsafe working conditions', 'Harassment intimidation and abuse', 'Gender-based violence and harassment', 'Inhumane work rates and mandatory overtime']","LPP Spółka Akcyjna (Reported buyer),Mohito (part of LPP S.A.) (Reported buyer)",0,1,1,0,1,0,1,0,new fubon,,,
New Green Land Garment,1,2022-10-26,0.0,"['Unsafe working conditions', 'Harassment intimidation and abuse', 'Gender-based violence and harassment', 'Inhumane work rates and mandatory overtime']",,0,1,1,0,1,0,1,0,new green land garment,MM2019107QMWHCJ,New Green Land Garment Company Limited,90.0
New Handsome Industry,2,2022-11-05,2.0,"['Unfair dismissal', 'Reduced wages and wage theft']",CMP Sport (Reported buyer),0,0,0,0,0,1,0,0,new handsome industry,,,
New Plus,7,2024-09-11,5000.0,"['Gender-based violence and harassment', 'Reduced wages and wage theft', 'Inhumane work rates and mandatory overtime', 'Denial of leave', 'Unsafe working conditions', 'Harassment intimidation and abuse']",,0,1,1,0,1,1,1,0,new plus,MM2022249QPVGHR,NEW PLUS COMPANY LIMITED,90.0
New Talent Garment (Myanmar),1,2024-06-11,1000.0,"['Denial of leave', 'Harassment intimidation and abuse', 'Unsafe working conditions', 'Inhumane work rates and mandatory overtime']","O'Neill (Buyer),WE Fashion (Buyer)",0,1,0,0,1,0,1,0,new talent garment (myanmar),MM2020135ZTW0VQ,New Talent Garment (Myanmar) Co. Ltd.,95.0
New Top Lotus,1,2024-08-14,400.0,"['Gender-based violence and harassment', 'Reduced wages and wage theft', 'Inhumane work rates and mandatory overtime', 'Denial of leave', 'Denial of permanent contracts', 'Child labour', 'Unfair dismissal', 'Unsafe working conditions', 'Harassment intimidation and abuse']",Majestic Legon (Buyer),1,1,1,0,1,1,1,1,new top lotus,,,
New Way Shoe,2,2024-03-02,30.0,"['Denial of permanent contracts', 'Reduced wages and wage theft']","Reebok (part of Authentic Brands Group) (Buyer),adidas (Reported buyer)",0,0,0,0,0,1,0,1,new way shoe,,,
Newell (Myanmar) Garment,1,2024-09-24,26.0,"['Harassment intimidation and abuse', 'Reduced wages and wage theft']",,0,1,0,0,0,1,0,0,newell (myanmar) garment,,,
Nexstar Garment Manufacturing,3,2023-11-21,2349.0,"['Gender-based violence and harassment', 'Reduced wages and wage theft', 'Inhumane work rates and mandatory overtime', 'Denial of leave', 'Unfair dismissal', 'Unsafe working conditions', 'Harassment intimidation and abuse']","Bonprix (part of Otto Group) (Former buyer),Otto (Former buyer),Tendam (Buyer),Women'secret (part of Tendam) (Buyer); Tendam (Buyer),Women'secret (part of Tendam) (Buyer)",0,1,1,0,1,1,1,0,nexstar garment manufacturing,MM2021012DENQX6,Nexstar Garment Manufacturing Company Limited,90.0
Nilar Win Garment (Myanmar),1,2022-05-06,600.0,"['Gender-based violence and harassment', 'Reduced wages and wage theft', 'Inhumane work rates and mandatory overtime']",New Look (Reported buyer),0,0,1,0,1,1,0,0,nilar win garment (myanmar),,,
Nisho (2),1,2023-12-23,250.0,"['Gender-based violence and harassment', 'Reduced wages and wage theft', 'Inhumane work rates and mandatory overtime', 'Denial of leave', 'Denial of permanent contracts', 'Unsafe working conditions', 'Harassment intimidation and abuse']",Hang Ten (Buyer),0,1,1,0,1,1,1,1,nisho (2),,,
North Shore Group,3,2024-08-27,1500.0,"['Gender-based violence and harassment', 'Reduced wages and wage theft', 'Inhumane work rates and mandatory overtime', 'Denial of leave', 'Unsafe working conditions', 'Harassment intimidation and abuse']","Bergans (Former buyer),JD Sports Fashion (Former buyer),Schöffel (Former buyer),Vaude (Former buyer); Bergans (Buyer),JD Sports Fashion (Former buyer),Schöffel (Buyer),Vaude (Buyer)",0,1,1,0,1,1,1,0,north shore group,MM2023248ZR2FSG,North Shore Group Co. Ltd (NSGII),90.0
Pan-Pacific,1,2022-05-13,1000.0,"['Harassment intimidation and abuse', 'Gender-based violence and harassment']",,0,1,1,0,0,0,0,0,pan-pacific,MM2019108WW2B9X,Yangon Pan-Pacific International Company Limited,90.0
Panko Bago,1,2024-05-25,1000.0,"['Denial of leave', 'Unsafe working conditions', 'Reduced wages and wage theft', 'Inhumane work rates and mandatory overtime']",,0,0,0,0,1,1,1,0,panko bago,MM2025087EYK4RD,Panko Bago Company Limited,90.0
Popular Garment/Beaume International Garment,8,2024-06-05,3986.0,"['Attacks on freedom of association', 'Reduced wages and wage theft', 'Inhumane work rates and mandatory overtime', 'Denial of leave', 'Denial of permanent contracts', 'Child labour', 'Business-military collusion', 'Unfair dismissal', 'Unsafe working conditions', 'Harassment intimidation and abuse', 'Imprisonment arrests & detention']","Beaume (Buyer),Iturri (Buyer),JD Sports Fashion (Reported buyer),Jeans Fritz (Buyer),Lidl (Former buyer),Regatta (Former buyer); Iturri (Buyer),JD Sports Fashion (Reported buyer),Jeans Fritz (Buyer),Lidl (Former buyer),Regatta (Former buyer); Iturri (Buyer),JD Sports Fashion (Former buyer),Jeans Fritz (Buyer),Lidl (Former buyer),Regatta (Former buyer); Iturri (Buyer),JD Sports Fashion (Former buyer),JD Sports Fashion (Reported buyer),Lidl (Former buyer),Regatta (Former buyer)",1,1,0,1,1,1,1,1,popular garment/beaume international garment,,,
Pou Chen,4,2022-11-03,3540.0,"['Attacks on freedom of association', 'Gender-based violence and harassment', 'Reduced wages and wage theft', 'Business-military collusion', 'Unfair dismissal', 'Unsafe working conditions', 'Harassment intimidation and abuse', 'Imprisonment arrests & detention']",adidas (Buyer),0,1,1,1,0,1,1,0,pou chen,MM20191439MJYB6,Myanmar Pou Chen Company Limited,90.0
Prettex Myanmar,4,2024-10-29,2501.0,"['Gender-based violence and harassment', 'Inhumane work rates and mandatory overtime', 'Denial of leave', 'Denial of permanent contracts', 'Unsafe working conditions', 'Harassment intimidation and abuse']",,0,1,1,0,1,0,1,1,prettex myanmar,MM2025087E7FA00,"Prettex Myanmar Co., Ltd",90.0
Princess Power Manufacturing,4,2023-05-04,1880.0,"['Reduced wages and wage theft', 'Denial of leave', 'Denial of permanent contracts', 'Child labour', 'Unsafe working conditions', 'Harassment intimidation and abuse']","NKD (Buyer),SPAO (Buyer)",1,1,0,0,1,1,1,1,princess power manufacturing,MM2024237AR5Y3P,Princess Power Manufacturing Co. Ltd.,95.0
Pro Cap,2,2024-08-21,351.0,"['Gender-based violence and harassment', 'Reduced wages and wage theft', 'Unfair dismissal', 'Unsafe working conditions', 'Harassment intimidation and abuse']",Otto Caps (Buyer),0,1,1,0,0,1,1,0,pro cap,MM2025087D8Q1TS,Pro Cap Company Limited,90.0
Qi Cai,1,2023-03-03,700.0,"['Attacks on freedom of association', 'Unsafe working conditions', 'Reduced wages and wage theft', 'Inhumane work rates and mandatory overtime']","Inditex (Reported buyer),Stradivarius (part of Inditex) (Reported buyer)",0,0,0,1,1,1,1,0,qi cai,MM2024022GSAD5B,"Qi Cai Myanmar Co.,Ltd.",90.0
RONG DA GARMENTS MYANMAR,4,2024-01-20,4401.0,"['Gender-based violence and harassment', 'Reduced wages and wage theft', 'Inhumane work rates and mandatory overtime', 'Denial of leave', 'Unfair dismissal', 'Unsafe working conditions', 'Harassment intimidation and abuse']","LC Waikiki (Former buyer),LPP Spółka Akcyjna (Buyer),PEP&CO (Buyer),Reserved (part of LPP Spółka Akcyjna) (Buyer),Sinsay (part of LPP S.A.) (Buyer); LC Waikiki (Buyer); LC Waikiki (Former buyer),LPP Spółka Akcyjna (Buyer),PEP&CO (Reported buyer),Reserved (part of LPP Spółka Akcyjna) (Buyer),Sinsay (part of LPP S.A.) (Buyer)",0,1,1,0,1,1,1,0,rong da garments myanmar,,,
Rainbow Textiles (Myanmar),1,2022-02-17,0.0,"['Denial of leave', 'Gender-based violence and harassment', 'Reduced wages and wage theft', 'Inhumane work rates and mandatory overtime']",,0,0,1,0,1,1,0,0,rainbow textiles (myanmar),,,
Rainbowtec Myanmar,1,2024-02-24,1000.0,"['Gender-based violence and harassment', 'Reduced wages and wage theft', 'Denial of leave', 'Child labour', 'Unfair dismissal', 'Unsafe working conditions', 'Harassment intimidation and abuse']",Leo Workwear (Buyer),1,1,1,0,1,1,1,0,rainbowtec myanmar,,,
Rui Xin Shoes,1,2023-08-23,1300.0,"['Unsafe working conditions', 'Harassment intimidation and abuse', 'Gender-based violence and harassment', 'Inhumane work rates and mandatory overtime']",,0,1,1,0,1,0,1,0,rui xin shoes,MM2023264B8N2TH,MYANMAR RUI XIN SHOES COMPANY LIMITED,90.0
Rui-Ning,1,2021-11-23,0.0,"['Attacks on freedom of association', 'Harassment intimidation and abuse', 'Business-military collusion']","Bestseller (Former buyer),Inditex (Former buyer)",0,1,0,1,0,0,0,0,rui-ning,MM2019083E1QNN1,Rui-Ning ( Myanmar ) Garment Co Ltd,90.0
Runningtex,1,2022-09-11,0.0,['Unsafe working conditions'],,0,0,0,0,0,0,1,0,runningtex,,,
S.H United Company,1,2024-08-21,1200.0,"['Attacks on freedom of association', 'Gender-based violence and harassment', 'Reduced wages and wage theft', 'Inhumane work rates and mandatory overtime', 'Denial of leave', 'Denial of permanent contracts', 'Unsafe working conditions', 'Harassment intimidation and abuse']",Colin's (Buyer),0,1,1,1,1,1,1,1,s.h united company,MM201910780NN99,S.H.UNITED COMPANY LIMITED,95.0
S.M Myanmar Garment,5,2024-02-02,1401.0,"['Gender-based violence and harassment', 'Reduced wages and wage theft', 'Inhumane work rates and mandatory overtime', 'Denial of leave', 'Denial of permanent contracts', 'Business-military collusion', 'Unfair dismissal', 'Unsafe working conditions', 'Harassment intimidation and abuse']","House (part of LPP S.A) (Reported buyer),LPP Spółka Akcyjna (Reported buyer),Mayoral (Buyer); Mayoral (Buyer)",0,1,1,0,1,1,1,1,s.m myanmar garment,,,
SQI Star Garment,1,2024-08-21,700.0,"['Gender-based violence and harassment', 'Inhumane work rates and mandatory overtime', 'Denial of leave', 'Unfair dismissal', 'Unsafe working conditions', 'Harassment intimidation and abuse']",,0,1,1,0,1,0,1,0,sqi star garment,,,
SYSMM Apparel Manufacturing,2,2023-10-12,1800.0,"['Denial of leave', 'Gender-based violence and harassment', 'Reduced wages and wage theft', 'Inhumane work rates and mandatory overtime']","Bershka (part of Inditex) (Reported buyer),Inditex (Reported buyer),LPP Spółka Akcyjna (Buyer),Mohito (part of LPP S.A.) (Buyer),Sinsay (part of LPP S.A.) (Buyer),Stradivarius (part of Inditex) (Reported buyer); Bershka (part of Inditex) (Buyer),Inditex (Buyer),LPP Spółka Akcyjna (Buyer),Mohito (part of LPP S.A.) (Buyer),Sinsay (part of LPP S.A.) (Buyer),Stradivarius (part of Inditex) (Buyer)",0,0,1,0,1,1,0,0,sysmm apparel manufacturing,MM2025087Q9JC0G,"SYSMM Apparel Manufacturing Co., Ltd",95.0
Sam Clothing,1,2023-10-23,500.0,['Reduced wages and wage theft'],"Inditex (Buyer),LC Waikiki (Former buyer),Zara (part of Inditex) (Buyer)",0,0,0,0,0,1,0,0,sam clothing,MM2020057X3A7XR,"SAM CLOTHING (MYANMAR) CO., LTD",90.0
San Yuan Oversea (2) Myanmar,1,2024-02-07,0.0,['Reduced wages and wage theft'],"Inditex (Reported buyer),Stradivarius (part of Inditex) (Reported buyer)",0,0,0,0,0,1,0,0,san yuan oversea (2) myanmar,,,
Sanyuan Oversea (Myanmar),2,2023-05-06,3300.0,"['Gender-based violence and harassment', 'Reduced wages and wage theft', 'Inhumane work rates and mandatory overtime', 'Denial of leave', 'Unfair dismissal', 'Unsafe working conditions', 'Harassment intimidation and abuse']","Inditex (Buyer),Mango (Buyer),Piazza Italia (Buyer),Stradivarius (part of Inditex) (Buyer),adidas (Reported buyer)",0,1,1,0,1,1,1,0,sanyuan oversea (myanmar),MM2021120ZTWGFP,SANYUAN OVERSEA (MYANMAR) APPAREL MANUFACTURING CO.LTD,90.0
Saung Oo Shwe Nay (Golden Sunshine),5,2024-05-20,3632.0,"['Attacks on freedom of association', 'Gender-based violence and harassment', 'Inhumane work rates and mandatory overtime', 'Unfair dismissal', 'Harassment intimidation and abuse']","Hennes & Mauritz (H&M) (Former buyer),New Yorker (Buyer)",0,1,1,1,1,0,0,0,saung oo shwe nay (golden sunshine),MM2020084R0XZYW,SAUNG OO SHWE NAY(GOLDEN SUNSHINE) Company Limited,95.0
Sen Yu/Zhejian Newway (Myanmar),8,2024-09-12,6260.0,"['Attacks on freedom of association', 'Gender-based violence and harassment', 'Reduced wages and wage theft', 'Inhumane work rates and mandatory overtime', 'Denial of leave', 'Denial of permanent contracts', 'Surveillance', 'Unfair dismissal', 'Unsafe working conditions', 'Harassment intimidation and abuse']","LC Waikiki (Buyer),LPP Spółka Akcyjna (Reported buyer),New Yorker (Buyer),Reserved (part of LPP Spółka Akcyjna) (Reported buyer),Sinsay (part of LPP S.A.) (Reported buyer),Teddy Group (Buyer),Terranova (Buyer); LC Waikiki (Former buyer),LPP Spółka Akcyjna (Reported buyer),New Yorker (Buyer),Sinsay (part of LPP S.A.) (Reported buyer),Terranova (Buyer); LC Waikiki (Former buyer),New Yorker (Buyer)",0,1,1,1,1,1,1,1,sen yu/zhejian newway (myanmar),,,
Sewell Garment Myanmar,2,2024-02-02,1000.0,"['Attacks on freedom of association', 'Gender-based violence and harassment', 'Reduced wages and wage theft', 'Inhumane work rates and mandatory overtime', 'Denial of leave', 'Unfair dismissal', 'Unsafe working conditions', 'Harassment intimidation and abuse']",,0,1,1,1,1,1,1,0,sewell garment myanmar,,,
Sheng Da Ming Apparel,3,2024-01-31,18.0,"['Unsafe working conditions', 'Unfair dismissal', 'Reduced wages and wage theft', 'Inhumane work rates and mandatory overtime']","Calliope (Buyer),Inditex (Reported buyer),Zara (part of Inditex) (Reported buyer); Inditex (Reported buyer),Zara (part of Inditex) (Reported buyer)",0,0,0,0,1,1,1,0,sheng da ming apparel,,,
Sheng Mei,3,2024-06-21,801.0,"['Attacks on freedom of association', 'Reduced wages and wage theft', 'Inhumane work rates and mandatory overtime', 'Denial of leave', 'Harassment intimidation and abuse']","Bestseller (Buyer),Lidl (Former buyer),New Yorker (Buyer),OVS SpA (Former buyer),Shimamura (Buyer); Bestseller (Buyer),LPP Spółka Akcyjna (Buyer),Lidl (Buyer),New Yorker (Buyer),Shimamura (Buyer),Sinsay (part of LPP S.A.) (Buyer)",0,1,0,1,1,1,0,0,sheng mei,MM2021175EWJHF8,Sheng Mei Garment Company Limited,90.0
Shi An (Myanmar),1,2024-02-02,800.0,"['Gender-based violence and harassment', 'Reduced wages and wage theft', 'Inhumane work rates and mandatory overtime', 'Denial of leave', 'Unsafe working conditions', 'Harassment intimidation and abuse']","Bestseller (Buyer),Jack & Jones (part of Bestseller) (Buyer)",0,1,1,0,1,1,1,0,shi an (myanmar),MM2023117BPTJ6X,"Shi An (Myanmar) Garment Co., Ltd.",90.0
Shin Han,2,2023-10-26,2.0,"['Reduced wages and wage theft', 'Inhumane work rates and mandatory overtime', 'Denial of leave', 'Unfair dismissal', 'Unsafe working conditions']",,0,0,0,0,1,1,1,0,shin han,,,
Shinsung Garment,1,2023-07-10,4000.0,"['Gender-based violence and harassment', 'Reduced wages and wage theft', 'Inhumane work rates and mandatory overtime', 'Denial of leave', 'Unsafe working conditions', 'Harassment intimidation and abuse']","Lidl (Reported buyer),Shinsung Tongsang (Buyer)",0,1,1,0,1,1,1,0,shinsung garment,,,
Shuangxi (Myanmar) Garment,3,2023-12-14,1800.0,"['Attacks on freedom of association', 'Gender-based violence and harassment', 'Reduced wages and wage theft', 'Inhumane work rates and mandatory overtime', 'Denial of leave', 'Denial of permanent contracts', 'Business-military collusion', 'Unfair dismissal', 'Unsafe working conditions', 'Harassment intimidation and abuse']",JAKO (Former buyer),0,1,1,1,1,1,1,1,shuangxi (myanmar) garment,MM2023066V0VTFC,SHUANGXI (MYANMAR) GARMENT LIMITED,95.0
Shunrong Garments (Myanmar),4,2024-04-23,1100.0,"['Gender-based violence and harassment', 'Reduced wages and wage theft', 'Inhumane work rates and mandatory overtime', 'Denial of leave', 'Child labour', 'Unfair dismissal', 'Unsafe working conditions', 'Harassment intimidation and abuse']",CMP Sport (Buyer); CMP Sport (Reported buyer),1,1,1,0,1,1,1,0,shunrong garments (myanmar),MM2025087T5E605,"Shunrong Garments Myanmar Co., Ltd",95.0
Shwe Myanmar Standard,1,2023-07-13,120.0,"['Reduced wages and wage theft', 'Inhumane work rates and mandatory overtime']","Frasers Group (Buyer),Slazenger (part of Frasers Group) (Buyer)",0,0,0,0,1,1,0,0,shwe myanmar standard,,,
Sincere Season,1,2024-08-03,2000.0,"['Gender-based violence and harassment', 'Inhumane work rates and mandatory overtime', 'Denial of leave', 'Denial of permanent contracts', 'Child labour', 'Unfair dismissal', 'Unsafe working conditions', 'Harassment intimidation and abuse']","Bestseller (Reported buyer),Inditex (Reported buyer),LPP Spółka Akcyjna (Buyer),New Yorker (Buyer),Pull & Bear (part of Inditex) (Reported buyer),Sinsay (part of LPP S.A.) (Buyer),Vero Moda (part of Bestseller) (Reported buyer)",1,1,1,0,1,0,1,1,sincere season,MM202508777CM33,"Sincere Season (Myanmar) Garment Co., Ltd",90.0
Sinoproud Thein Wa,2,2023-04-05,2600.0,"['Gender-based violence and harassment', 'Reduced wages and wage theft', 'Inhumane work rates and mandatory overtime', 'Denial of leave', 'Denial of permanent contracts', 'Unsafe working conditions']","Bestseller (Reported buyer),Inditex (Reported buyer),Jennyfer (Buyer),ONLY (part of Bestseller) (Reported buyer),Zara (part of Inditex) (Reported buyer)",0,0,1,0,1,1,1,1,sinoproud thein wa,,,
Sioen Industries,5,2022-09-15,900.0,"['Attacks on freedom of association', 'Denial of permanent contracts', 'Business-military collusion', 'Unfair dismissal', 'Imprisonment arrests & detention']",Sioen Industries (Buyer),0,0,0,1,0,0,0,1,sioen industries,,,
Solamoda Garment Group,1,2021-12-24,1200.0,['Reduced wages and wage theft'],Fast Retailing (Buyer),0,0,0,0,0,1,0,0,solamoda garment group,,,
Spring Moon Garment Manufacturing,1,2021-07-31,0.0,['Unsafe working conditions'],,0,0,0,0,0,0,1,0,spring moon garment manufacturing,MM2024022M0TZK6,Spring Moon Garment Manufacturing Company Limited,95.0
Springair Ace,1,2023-03-02,0.0,['Unfair dismissal'],"Hush Puppies (part of Wolverine Worldwide) (Buyer),Matalan (Former buyer),Polo Club (Buyer),RILEY Boutique (Buyer),Tom Tailor (Former buyer),Topvalu Collection (part of AEON) (Buyer),Wolverine Worldwide (Buyer)",0,0,0,0,0,0,0,0,springair ace,,,
Star Sandar Garment,1,2024-10-11,800.0,"['Gender-based violence and harassment', 'Reduced wages and wage theft', 'Inhumane work rates and mandatory overtime', 'Denial of leave', 'Unsafe working conditions', 'Harassment intimidation and abuse']",,0,1,1,0,1,1,1,0,star sandar garment,MM2024022PGT3FR,"Star Sandar Garment & General Economic Co-op Society, Ltd.",90.0
Straightex,1,2024-10-18,800.0,"['Gender-based violence and harassment', 'Inhumane work rates and mandatory overtime', 'Denial of leave', 'Unfair dismissal', 'Harassment intimidation and abuse']",,0,1,1,0,1,0,0,0,straightex,,,
Su Zhong Garment,1,2024-02-03,400.0,"['Gender-based violence and harassment', 'Inhumane work rates and mandatory overtime', 'Denial of leave', 'Denial of permanent contracts', 'Unfair dismissal', 'Unsafe working conditions', 'Harassment intimidation and abuse']","Bonprix (part of Otto Group) (Reported buyer),LPP Spółka Akcyjna (Reported buyer),Otto (Reported buyer),Reserved (part of LPP Spółka Akcyjna) (Reported buyer)",0,1,1,0,1,0,1,1,su zhong garment,,,
Sudey Industrial Myanmar,1,2023-08-11,1000.0,"['Gender-based violence and harassment', 'Reduced wages and wage theft', 'Inhumane work rates and mandatory overtime', 'Denial of leave', 'Denial of permanent contracts', 'Unsafe working conditions', 'Harassment intimidation and abuse']",,0,1,1,0,1,1,1,1,sudey industrial myanmar,MM2025087CV1W5V,"Sudey Industrial Myanmar Co., Ltd",95.0
Sun Apparel Myanmar,4,2024-02-20,300.0,"['Gender-based violence and harassment', 'Reduced wages and wage theft', 'Inhumane work rates and mandatory overtime', 'Business-military collusion', 'Unfair dismissal', 'Imprisonment arrests & detention']","ALDI South (Former buyer),JAKO (Former buyer)",0,0,1,0,1,1,0,0,sun apparel myanmar,MM20191761AJ6MB,"Sun Apparel Myanmar Co.,Ltd. Sam 3",90.0
Sun Good,1,2024-03-14,0.0,['Gender-based violence and harassment'],,0,0,1,0,0,0,0,0,sun good,MM2025087ESPAHA,Sun Good Garment (Myanamar),90.0
Sung Bo Garment Factory,2,2023-06-10,152.0,"['Attacks on freedom of association', 'Business-military collusion', 'Unfair dismissal', 'Reduced wages and wage theft']","CMP Sport (Buyer),Lidl (Former buyer)",0,0,0,1,0,1,0,0,sung bo garment factory,,,
Sunkid Myanmar Garment,1,2023-08-07,0.0,"['Denial of leave', 'Unfair dismissal']",,0,0,0,0,1,0,0,0,sunkid myanmar garment,,,
Sunrise Myanmar,5,2024-10-04,5200.0,"['Attacks on freedom of association', 'Gender-based violence and harassment', 'Reduced wages and wage theft', 'Inhumane work rates and mandatory overtime', 'Denial of leave', 'Denial of permanent contracts', 'Unfair dismissal', 'Unsafe working conditions', 'Harassment intimidation and abuse']","Adastria (Former buyer),Hennes & Mauritz (H&M) (Reported buyer),Honeys Holdings (Buyer),OVS SpA (Reported buyer),Shimamura (Buyer),Topvalu Collection (part of AEON) (Reported buyer),United Athle (Former buyer); Hennes & Mauritz (H&M) (Reported buyer),Honeys Holdings (Buyer),OVS SpA (Reported buyer),Shimamura (Buyer),Topvalu Collection (part of AEON) (Reported buyer),United Athle (Former buyer)",0,1,1,1,1,1,1,1,sunrise myanmar,,,
Suntime JCK Co.,2,2024-03-15,1001.0,"['Attacks on freedom of association', 'Gender-based violence and harassment', 'Reduced wages and wage theft', 'Inhumane work rates and mandatory overtime', 'Killings', 'Denial of leave', 'Unsafe working conditions', 'Harassment intimidation and abuse']",Strauss (Buyer); Strauss Group (Buyer),0,1,1,1,1,1,1,0,suntime jck co.,,,
Suzhou Silk Fashion,1,2023-03-16,1000.0,"['Gender-based violence and harassment', 'Reduced wages and wage theft', 'Denial of permanent contracts', 'Unfair dismissal', 'Harassment intimidation and abuse']",Hennes & Mauritz (H&M) (Buyer),0,1,1,0,0,1,0,1,suzhou silk fashion,,,
Sx Sxuang Xi,1,2023-04-01,2000.0,"['Denial of leave', 'Harassment intimidation and abuse', 'Gender-based violence and harassment']",JAKO (Buyer),0,1,1,0,1,0,0,0,sx sxuang xi,,,
Synergy Garment,3,2024-03-24,2800.0,"['Attacks on freedom of association', 'Gender-based violence and harassment', 'Reduced wages and wage theft', 'Inhumane work rates and mandatory overtime', 'Denial of leave', 'Surveillance', 'Harassment intimidation and abuse']","Gémo (Buyer),LPP Spółka Akcyjna (Reported buyer),Lidl (Former buyer),Mango (Former buyer),New Yorker (Buyer),Sinsay (part of LPP S.A.) (Reported buyer); Gémo (Buyer),LPP Spółka Akcyjna (Reported buyer),Lidl (Former buyer),Mango (Reported buyer),New Yorker (Buyer),Sinsay (part of LPP S.A.) (Reported buyer)",0,1,1,1,1,1,0,0,synergy garment,MM201932296VG18,Myanmar Synergy Garment Company Limited,90.0
TV,1,2024-10-22,0.0,"['Denial of leave', 'Unsafe working conditions', 'Reduced wages and wage theft']","Clique (part of New Wave Group) (Buyer),New Wave Group (Buyer)",0,0,0,0,1,1,1,0,tv,,,
Tai Hong,3,2024-09-07,2900.0,"['Attacks on freedom of association', 'Gender-based violence and harassment', 'Reduced wages and wage theft', 'Inhumane work rates and mandatory overtime', 'Denial of leave', 'Denial of permanent contracts', 'Unfair dismissal', 'Unsafe working conditions', 'Harassment intimidation and abuse']","Frasers Group (Buyer),New Yorker (Buyer),Sports Direct (part of Frasers Group) (Buyer); Frasers Group (Buyer),New Yorker (Buyer)",0,1,1,1,1,1,1,1,tai hong,MM2020135ZRB5EW,Tai Hong Garment Company Limited,90.0
Tain Yu,1,2023-06-29,0.0,"['Attacks on freedom of association', 'Unsafe working conditions', 'Inhumane work rates and mandatory overtime']",,0,0,0,1,1,0,1,0,tain yu,,,
Takashima Sports,1,2023-11-14,200.0,"['Attacks on freedom of association', 'Reduced wages and wage theft', 'Inhumane work rates and mandatory overtime', 'Denial of leave', 'Unsafe working conditions']","Amer (Former buyer),Arcteryx (Former buyer),Montbell (Buyer)",0,0,0,1,1,1,1,0,takashima sports,MM2019087DJ4RTA,Takashima Sports Company Ltd,90.0
Tan Da Garment Factory,1,2023-02-04,400.0,"['Gender-based violence and harassment', 'Reduced wages and wage theft', 'Inhumane work rates and mandatory overtime', 'Denial of leave', 'Unfair dismissal']",Tendam (Reported buyer),0,0,1,0,1,1,0,0,tan da garment factory,,,
Ten Da Garment,2,2024-09-27,1000.0,"['Gender-based violence and harassment', 'Reduced wages and wage theft', 'Inhumane work rates and mandatory overtime', 'Denial of leave', 'Unfair dismissal', 'Unsafe working conditions', 'Harassment intimidation and abuse']","DeFacto (Buyer),LC Waikiki (Buyer),LPP Spółka Akcyjna (Buyer),Mohito (part of LPP S.A.) (Buyer),Reserved (part of LPP Spółka Akcyjna) (Buyer),Sonae (Buyer),Tendam (Reported buyer),MO (part of Sonae Group) (Reported Buyer),Sonae Group (Reported Buyer); LPP Spółka Akcyjna (Reported buyer),Mohito (part of LPP S.A.) (Reported buyer),Tendam (Reported buyer)",0,1,1,0,1,1,1,0,ten da garment,,,
Textile Palace,2,2022-03-15,5000.0,"['Denial of leave', 'Unfair dismissal', 'Inhumane work rates and mandatory overtime']","Hennes & Mauritz (H&M) (Buyer),Kiabi (Buyer),OVS SpA (Former buyer)",0,0,0,0,1,0,0,0,textile palace,MM20191072N88J7,"Textile palace Co.,ltd",90.0
Textile Palace 2,1,2024-10-11,700.0,['Reduced wages and wage theft'],"LPP Spółka Akcyjna (Buyer),Sinsay (part of LPP S.A.) (Buyer),TROLLKIDS (Buyer)",0,0,0,0,0,1,0,0,textile palace 2,,,
Tha Shu Myanmar Apparel,5,2024-07-03,4310.0,"['Gender-based violence and harassment', 'Reduced wages and wage theft', 'Inhumane work rates and mandatory overtime', 'Denial of leave', 'Unfair dismissal', 'Unsafe working conditions', 'Harassment intimidation and abuse']",,0,1,1,0,1,1,1,0,tha shu myanmar apparel,,,
Thukha Aung,1,2022-09-10,24.0,"['Harassment intimidation and abuse', 'Reduced wages and wage theft']",,0,1,0,0,0,1,0,0,thukha aung,,,
Ti Garment (Myanmar),1,2022-08-02,25.0,"['Business-military collusion', 'Unfair dismissal']",,0,0,0,0,0,0,0,0,ti garment (myanmar),MM2020037BMADYW,Futeli Garment (Myanmar),90.0
Tianjin Fashion Milestone,14,2024-10-10,10801.0,"['Attacks on freedom of association', 'Gender-based violence and harassment', 'Reduced wages and wage theft', 'Inhumane work rates and mandatory overtime', 'Denial of leave', 'Surveillance', 'Unfair dismissal', 'Unsafe working conditions', 'Harassment intimidation and abuse']","Bestseller (Buyer),Inditex (Reported buyer),LC Waikiki (Buyer),LPP Spółka Akcyjna (Buyer),ONLY (part of Bestseller) (Buyer),Primark (part of Associated British Foods) (Former buyer),Sinsay (part of LPP S.A.) (Buyer),Vero Moda (part of Bestseller) (Buyer),Zara (part of Inditex) (Reported buyer); Bestseller (Buyer),Inditex (Reported buyer),LPP Spółka Akcyjna (Buyer),ONLY (part of Bestseller) (Buyer),Primark (part of Associated British Foods) (Former buyer),Sinsay (part of LPP S.A.) (Buyer),Vero Moda (part of Bestseller) (Buyer),Zara (part of Inditex) (Reported buyer)",0,1,1,1,1,1,1,0,tianjin fashion milestone,MM20211548EHNBG,"Tianjin Fashion Milestone Co., Ltd.",95.0
Toe Tet Garment,1,2024-07-10,160.0,"['Gender-based violence and harassment', 'Reduced wages and wage theft', 'Denial of leave', 'Child labour', 'Unfair dismissal', 'Harassment intimidation and abuse']",,1,1,1,0,1,1,0,0,toe tet garment,,,
Tong Ying HK (Garment),2,2024-03-16,10000.0,"['Reduced wages and wage theft', 'Inhumane work rates and mandatory overtime', 'Denial of leave', 'Unfair dismissal', 'Harassment intimidation and abuse']",Hennes & Mauritz (H&M) (Buyer),0,1,0,0,1,1,0,0,tong ying hk (garment),,,
Top Class,1,2023-10-08,2000.0,"['Gender-based violence and harassment', 'Reduced wages and wage theft', 'Inhumane work rates and mandatory overtime', 'Denial of leave', 'Denial of permanent contracts', 'Unsafe working conditions', 'Harassment intimidation and abuse']",FieldCore (Buyer),0,1,1,0,1,1,1,1,top class,,,
Topline Global,4,2023-01-12,1504.0,"['Attacks on freedom of association', 'Gender-based violence and harassment', 'Reduced wages and wage theft', 'Inhumane work rates and mandatory overtime', 'Denial of leave', 'Denial of permanent contracts', 'Unfair dismissal', 'Unsafe working conditions', 'Harassment intimidation and abuse']","Creaciones Selene (Buyer),New Yorker (Buyer)",0,1,1,1,1,1,1,1,topline global,MM2025087TFHE5Z,Topline Global Co.Ltd,90.0
Trinity Apparel Garment,2,2022-05-15,1000.0,"['Attacks on freedom of association', 'Reduced wages and wage theft', 'Inhumane work rates and mandatory overtime', 'Denial of leave', 'Harassment intimidation and abuse']",,0,1,0,1,1,1,0,0,trinity apparel garment,,,
Tristate Myanmar,4,2024-07-29,3002.0,"['Gender-based violence and harassment', 'Reduced wages and wage theft', 'Inhumane work rates and mandatory overtime', 'Denial of leave', 'Business-military collusion', 'Unfair dismissal', 'Unsafe working conditions', 'Harassment intimidation and abuse']","C.P. Company (Buyer),Max Mara Fashion Group (Buyer),Nautica (Buyer),New Look (Former buyer),Otto (Former buyer); Otto (Former buyer)",0,1,1,0,1,1,1,0,tristate myanmar,MM2019107MZ33MV,Tristate Myanmar Co. Ltd,90.0
Twinkle Light Myanmar,1,2021-07-10,100.0,"['Denial of permanent contracts', 'Unfair dismissal']","Carrefour (Former buyer),Lidl (Buyer),Mango (Buyer),Matalan (Buyer),Primark (part of Associated British Foods) (Buyer)",0,0,0,0,0,0,0,1,twinkle light myanmar,,,
U&G,1,2024-08-29,100.0,"['Gender-based violence and harassment', 'Reduced wages and wage theft', 'Inhumane work rates and mandatory overtime', 'Unsafe working conditions', 'Harassment intimidation and abuse']","Adastria (Buyer),Allied Feather and Down (Reported buyer),DoClasse (Buyer),Limonta (Reported buyer)",0,1,1,0,1,1,1,0,u&g,MM2020043AVRFSA,"Dong Yu Garment Co., Ltd.",90.0
UNIFA Handbag Myanmar,2,2022-11-17,3.0,"['Unsafe working conditions', 'Unfair dismissal', 'Reduced wages and wage theft']","Juicy Couture (part of Authentic Brands Group) (Buyer),Koltov (Buyer),LPP Spółka Akcyjna (Buyer),Primark (part of Associated British Foods) (Buyer)",0,0,0,0,0,1,1,0,unifa handbag myanmar,MM2022351HTG43B,Unifa Handbag Myanmar Co Ltd,95.0
Universal Apparel,3,2024-10-31,3200.0,"['Attacks on freedom of association', 'Gender-based violence and harassment', 'Reduced wages and wage theft', 'Inhumane work rates and mandatory overtime', 'Denial of leave', 'Child labour', 'Unsafe working conditions', 'Harassment intimidation and abuse']","El Corte Inglés (Buyer),Mango (Former buyer),Moores (Buyer),Pronto Uomo (Buyer),Sfera (Buyer); El Corte Inglés (Buyer),Mango (Buyer),Moores (Buyer)",1,1,1,1,1,1,1,0,universal apparel,MM2021120B04MNT,UNIVERSAL APPAREL CO LTD,95.0
VHT Garment,1,2023-12-03,400.0,"['Unfair dismissal', 'Reduced wages and wage theft']",Hennes & Mauritz (H&M) (Reported buyer),0,0,0,0,0,1,0,0,vht garment,,,
Vicsong,1,2024-04-13,2000.0,"['Unsafe working conditions', 'Harassment intimidation and abuse']","s.Oliver (part of s.Oliver Group) (Buyer),s.Oliver Group (Buyer)",0,1,0,0,0,0,1,0,vicsong,,,
W&F Group,3,2023-09-05,800.0,"['Denial of leave', 'Unsafe working conditions', 'Unfair dismissal', 'Inhumane work rates and mandatory overtime']","Inditex (Reported buyer),Zara (part of Inditex) (Reported buyer)",0,0,0,0,1,0,1,0,w&f group,,,
WHM Myanmar,3,2024-05-14,1100.0,"['Gender-based violence and harassment', 'Reduced wages and wage theft', 'Inhumane work rates and mandatory overtime', 'Denial of leave', 'Unfair dismissal', 'Unsafe working conditions', 'Harassment intimidation and abuse']","Calliope (Buyer),OVS SpA (Former buyer),Promod (Buyer)",0,1,1,0,1,1,1,0,whm myanmar,,,
Wai Hua,2,2024-02-23,1200.0,"['Denial of leave', 'Unfair dismissal', 'Inhumane work rates and mandatory overtime']","Hang Ten (Buyer),LPP Spółka Akcyjna (Buyer),Mohito (part of LPP S.A.) (Buyer),Tendam (Buyer)",0,0,0,0,1,0,0,0,wai hua,,,
Wei Ye,1,2023-04-15,300.0,"['Unsafe working conditions', 'Reduced wages and wage theft']",,0,0,0,0,0,1,1,0,wei ye,,,
Welcomebine Leather Myanmar,1,2024-02-28,500.0,"['Gender-based violence and harassment', 'Reduced wages and wage theft', 'Inhumane work rates and mandatory overtime', 'Denial of leave', 'Denial of permanent contracts', 'Unfair dismissal', 'Harassment intimidation and abuse']",Parfois (Buyer),0,1,1,0,1,1,0,1,welcomebine leather myanmar,,,
Wi Ye Garment Factory,1,2022-10-29,300.0,"['Denial of leave', 'Unsafe working conditions', 'Reduced wages and wage theft', 'Inhumane work rates and mandatory overtime']",Calliope (Buyer),0,0,0,0,1,1,1,0,wi ye garment factory,,,
Win & Win,1,2023-05-24,110.0,['Reduced wages and wage theft'],,0,0,0,0,0,1,0,0,win & win,MM2025087S2EY6Z,"Win & Win Co., Ltd",90.0
Wonderful Apparel,6,2024-09-18,1950.0,"['Gender-based violence and harassment', 'Reduced wages and wage theft', 'Inhumane work rates and mandatory overtime', 'Denial of leave', 'Child labour', 'Unfair dismissal', 'Unsafe working conditions', 'Harassment intimidation and abuse']","Colin's (Buyer),Encuentro (Buyer),Kiabi (Reported buyer),New Yorker (Buyer),OCHNIK (Buyer),Pimkie (part of Association Familiale Mulliez) (Reported buyer),TROLLKIDS (Buyer),Zhejiang Semir Garment (Buyer); Kiabi (Reported buyer),New Yorker (Buyer),Pimkie (part of Association Familiale Mulliez) (Reported buyer),TROLLKIDS (Buyer)",1,1,1,0,1,1,1,0,wonderful apparel,MM20250872NWETD,Wonderful Apparel Company Limited,90.0
World Apparel Knitting,1,2021-11-26,2000.0,"['Denial of leave', 'Gender-based violence and harassment', 'Reduced wages and wage theft', 'Inhumane work rates and mandatory overtime']",,0,0,1,0,1,1,0,0,world apparel knitting,,,
Xiang Rong Sports,1,2024-08-20,500.0,"['Reduced wages and wage theft', 'Inhumane work rates and mandatory overtime', 'Denial of leave', 'Business-military collusion', 'Unsafe working conditions']",Olympia (Buyer),0,0,0,0,1,1,1,0,xiang rong sports,,,
Xida Home,1,2023-05-23,0.0,"['Harassment intimidation and abuse', 'Inhumane work rates and mandatory overtime']",,0,1,0,0,1,0,0,0,xida home,,,
Xinda Home Textile (Myanmar),1,2023-10-14,2000.0,['Reduced wages and wage theft'],,0,0,0,0,0,1,0,0,xinda home textile (myanmar),MM202306144AHR3,"XINDA HOME TEXTILE (MYANMAR) CO., LTD.",95.0
Xing Jia Footwear,3,2021-12-01,26.0,"['Attacks on freedom of association', 'Reduced wages and wage theft', 'Killings', 'Business-military collusion', 'Harassment intimidation and abuse', 'Imprisonment arrests & detention']",Justin Brands (Buyer),0,1,0,1,0,1,0,0,xing jia footwear,,,
Yangon Fukuyama Apparel,5,2023-11-14,601.0,"['Attacks on freedom of association', 'Reduced wages and wage theft', 'Denial of leave', 'Unfair dismissal', 'Harassment intimidation and abuse']",Jichodo (Buyer),0,1,0,1,1,1,0,0,yangon fukuyama apparel,MM20250871KX74E,Yangon Fukuyama Apparel Company Limited.,90.0
Yar Thet Pan,1,2023-05-19,50.0,"['Denial of leave', 'Unsafe working conditions', 'Gender-based violence and harassment', 'Reduced wages and wage theft']",,0,0,1,0,1,1,1,0,yar thet pan,,,
Yi Cai Garment,3,2022-09-28,1001.0,"['Reduced wages and wage theft', 'Inhumane work rates and mandatory overtime', 'Denial of permanent contracts', 'Unfair dismissal', 'Harassment intimidation and abuse']","Inditex (Reported buyer),Zara (part of Inditex) (Reported buyer)",0,1,0,0,1,1,0,1,yi cai garment,,,
Yichang Handbag (Myanmar),1,2024-04-03,500.0,"['Gender-based violence and harassment', 'Reduced wages and wage theft', 'Inhumane work rates and mandatory overtime', 'Denial of leave', 'Denial of permanent contracts', 'Unfair dismissal', 'Unsafe working conditions', 'Harassment intimidation and abuse']",Lenovo (Reported buyer),0,1,1,0,1,1,1,1,yichang handbag (myanmar),,,
Yoo Win Garment,1,2021-09-15,16.0,"['Attacks on freedom of association', 'Unfair dismissal', 'Reduced wages and wage theft']",,0,0,0,1,0,1,0,0,yoo win garment,,,
Yoyika Garment,3,2024-02-05,1800.0,"['Gender-based violence and harassment', 'Reduced wages and wage theft', 'Inhumane work rates and mandatory overtime', 'Denial of leave', 'Denial of permanent contracts', 'Unsafe working conditions', 'Harassment intimidation and abuse']","LPP Spółka Akcyjna (Reported buyer),Olivades (Buyer),Sinsay (part of LPP S.A.) (Reported buyer)",0,1,1,0,1,1,1,1,yoyika garment,MM2023067T3NHBW,"YOYIKA GARMENT CO., LTD.",90.0
Yuan Hong Garment,1,2023-06-06,800.0,"['Attacks on freedom of association', 'Denial of leave', 'Reduced wages and wage theft', 'Inhumane work rates and mandatory overtime']",,0,0,0,1,1,1,0,0,yuan hong garment,MM2025087XK4SWV,Yuan Hong Garment Company Limited,90.0
Yuhua,1,2023-11-12,300.0,"['Attacks on freedom of association', 'Gender-based violence and harassment', 'Reduced wages and wage theft', 'Child labour', 'Harassment intimidation and abuse']",,1,1,1,1,0,1,0,0,yuhua,MM2025087JA5KV1,YUHUA Company Limited,90.0
ZYZ Apparel,2,2024-05-10,1.0,"['Gender-based violence and harassment', 'Reduced wages and wage theft', 'Inhumane work rates and mandatory overtime', 'Denial of leave', 'Unfair dismissal', 'Harassment intimidation and abuse']","Gémo (Buyer),LPP Spółka Akcyjna (Buyer),Next (Buyer),Roman Originals (Buyer),Sinsay (part of LPP S.A.) (Buyer)",0,1,1,0,1,1,0,0,zyz apparel,MM20202461DF6R5,Zyz Apparel Company Limited,90.0
Zhejiang Tongli Clothing,2,2023-06-06,1620.0,"['Business-military collusion', 'Unfair dismissal', 'Reduced wages and wage theft']",Hennes & Mauritz (H&M) (Buyer),0,0,0,0,0,1,0,0,zhejiang tongli clothing,MM2020084WCKYCF,"ZHEJIANG TONGLI CLOTHING (MYANMAR) CO.,LTD",90.0
Zong Hong,2,2023-05-27,4400.0,"['Attacks on freedom of association', 'Gender-based violence and harassment', 'Reduced wages and wage theft', 'Inhumane work rates and mandatory overtime', 'Denial of leave', 'Denial of permanent contracts', 'Unsafe working conditions', 'Harassment intimidation and abuse']","Bestseller (Buyer),Inditex (Buyer),LPP Spółka Akcyjna (Buyer),New Yorker (Buyer),ONLY (part of Bestseller) (Buyer),Primark (part of Associated British Foods) (Former buyer),Sinsay (part of LPP S.A.) (Buyer); Bestseller (Buyer),Inditex (Buyer),LPP Spółka Akcyjna (Buyer),New Yorker (Buyer),ONLY (part of Bestseller) (Buyer),Primark (part of Associated British Foods) (Former buyer),Sinsay (part of LPP S.A.) (Buyer),Zara (part of Inditex) (Buyer)",0,1,1,1,1,1,1,1,zong hong,MM2020037VQZ2ZT,Zong Hong (Myanmar) Garment Company Limited,90.0
Zuyuan Edenweiss Sanwa,1,2023-06-26,270.0,"['Denial of leave', 'Unsafe working conditions', 'Reduced wages and wage theft']",,0,0,0,0,1,1,1,0,zuyuan edenweiss sanwa,MM2021159XH6YHH,Zuyuan Edenweiss Sanwa Industry Company Limited,90.0
"s.Oliver Group,s.Oliver (part of s.Oliver Group),Vicsong",1,2024-05-03,2000.0,"['Gender-based violence and harassment', 'Reduced wages and wage theft', 'Inhumane work rates and mandatory overtime', 'Denial of leave', 'Unfair dismissal', 'Unsafe working conditions', 'Harassment intimidation and abuse']",,0,1,1,0,1,1,1,0,"s.oliver group,s.oliver (part of s.oliver group),vicsong",,,
