os_id,name,address,lat,lng,number_of_workers,parent_company,facility_type,product_type,is_closed,name_lower
MM20190830AP75X,Myanmar Hao Yang International Garment Co Ltd,No 497 Padauk Street Shwe Lin Pan Industrial Zone Hlaing Thayar Township Yangon Region Yangon,16.90383,96.06276,,,,Women Wear|Men's wear|Kids Wear,False,myanmar hao yang international garment co ltd
MM20190831J3J81,Jewoo Mfg Co Ltd,No 107108  Mya Malar Street  Thaketa Industrial Zone  Thaketa Township  Yaongon,16.8086261,96.2011094,,,,,False,jewoo mfg co ltd
MM201908365SBKK,"Myanmar Postarion Co., Ltd","D/8 - No.3 Main Rd. Minagaldon Industrial Park, Mingalardon, Yangon",16.9410111,96.1556426,,,,Pants|Uniform,False,"myanmar postarion co., ltd"
MM20190837MFMXC,Shwe Zin Aye Garment & General Trading Co-Op Society Ltd,No56 U Pho Hlaing Street Shwe Pauk Kan Industrial Zone North Okkalapa Township Yangon,16.8502222,96.0849574,1001-5000,,,Jackets,False,shwe zin aye garment & general trading co-op society ltd
MM20190837R58ZW,"Gainway International (Myanmar) Garment Co.,Ltd","Plot No.97-98, Pale Street, Myay Taing Block No.51, Thar Du Kan Industrial Zone, Shwepyithar Township, Yangon Region, Myanmar",16.9877186632725,96.0896356553899,1097|1097,GAINWAY INTERNATIONAL (HONGKONG) COMPANY LIMITED,Final Product Assembly,Lingerie|Swimwears,False,"gainway international (myanmar) garment co.,ltd"
MM20190837T3PQ2,Twinkle Light Fashion Company Limited,"Plot No.182-5, Block No.25, corner of Than Chet Wun U Nyunt Street and Bamaw Atwin Wun Street, Shwe Lin Ban Industrial Zone, Hlaingtharya Township, Yangon Region, Myanmar",16.9187958,96.064447,995|995|1240|879|879|1240|995,,,Pants|Coat|Jackets,False,twinkle light fashion company limited
MM201908384ZD3C,Roo Hsing Garment Manufacturing Company Limited,"Plot No.2, Kyan Sittar Street, Hlaingtharya Industrial Zone (3), Hlaingtharya Township, Yangon Region, Myanmar",16.8610069,96.0642396,,,,Pants|Jackets,False,roo hsing garment manufacturing company limited
MM20190839NFYTP,Guotai Guohua Garment Myanmar Ltd,Plot 48 Ngwe Pinlae 2Nd Street Ngwe Pinlae Industrial Zone Hlaing Tharyar Township Yangon,16.9293249,96.0588638,,,,Pants|Jackets,False,guotai guohua garment myanmar ltd
MM2019083A9RJZD,Smooth World International (Myanmar) Ltd,U Paing No 48  Kwin No 1186 (Tharyar Kone Kwin) Tharyar Kone Village  Bago Township Bago Region,17.6469082,96.5621504,,,,Underwear,False,smooth world international (myanmar) ltd
MM2019083BCDEFJ,"YONGAN (MYANMAR) FASHION CO., LTD","U phoe Hlaing Street, Plot No. 409, Shwe Lin Ban Industrial zone  Hlaing Tharyar Township Yangon Yangon",16.9026963,96.0752856,951|260|951,,Final Product Assembly,Pants|Coat|Jackets|Shirt,False,"yongan (myanmar) fashion co., ltd"
MM2019083DHM6NY,Star Team Manufacturing Co Ltd,Plot No 4 U Shwe Myue Street Hlaing Thar Yar Industrial Zone (1) Hlaing Thar Yar Ts Yangon Myannar,16.8546162,96.0833617,,,,,False,star team manufacturing co ltd
MM2019083DJ8W6T,Cheung Hing Myanmar Ltd,No  204205 Nga Moe Yeik Street  War Ta Yar Industry Zone  Shwepyithar Town  Yangon,16.9843734,96.0596798,,,,Clothing,False,cheung hing myanmar ltd
MM2019083DS1DJQ,Jiangsu Holly (Myanmar) Industry Co Ltd,No.26 Mya Street Thar Du Kan Industrial Zone Yangon,16.9879459,96.0830875,,,,Long Jackets|Skirt|Pants,False,jiangsu holly (myanmar) industry co ltd
MM2019083E1QNN1,Rui-Ning ( Myanmar ) Garment Co Ltd,No. 37 Middle Street  Ngwe Pin Lae Industrial Zone Hlaing Thar Town Ship Yangon,16.9301948,96.0614403,,,,,False,rui-ning ( myanmar ) garment co ltd
MM2019083FFBXWK,Handa (Yangon) Garment CoLtd,Plot No. 288 Myay Taing Block No 25 Shwe Lin Pan Industrial Zone Hlaing Thar Yar Township Yangon,16.9190473,96.0738296,881|881,HANWIN INTERNATIONAL (HK) LIMITED.,,Pants|T Shirt|Sweater,False,handa (yangon) garment coltd
MM2019083GKPB8X,SINo.PROUD (MYANMAR) GARMENT Company Limited,"Plot No.05, Oo Shwe Bin Street, Shwe Lin Ban Industrial Zone, Hlaingtharya Township, Yangon Region, Myanmar",16.9186624,96.0546859,,,,,False,sino.proud (myanmar) garment company limited
MM2019083GS56RX,"Glowing & Win Investment Co., Ltd.","Plot No. 272, 273, 276, 277, Zaykabar 6th street, Yangon Industrial Zone (Mingaladone Garden City), MingalardoneTownship, Yangon Region, Myanmar",16.94434,96.18153,1001-5000|1001-5000|1995|1813|2286,"S CHEER HK CO., LIMITED",,Pants|Siki Wear|Jackets,False,"glowing & win investment co., ltd."
MM2019083GVXQYE,"Leader One (Myanmar) Co., Ltd. (Factory)","Kyaik Khauk Pagoda Road, Alwansoot Village, Payakone Village Tract, Thanlyin Industrial Zone, Thanlyin Township, Yangon Region",16.7028388387717,96.2508150277824,1177|1177,,,Garments|Kid Wear|Sweater,False,"leader one (myanmar) co., ltd. (factory)"
MM2019083GX08V1,"Apex Rubber International Co.,Ltd","Plot No.(6), Myawaddy Economic Zone, Myawaddy Township, Myawaddy District, Kayan State, Kayin",16.69557,98.41915,102|102,,,,False,"apex rubber international co.,ltd"
MM2019083H1MDPT,Musung Factory,No 18  Botayza Street  Yanton  Industrial Zone  Mingalardon  Yangon,16.9416364,96.173211,1426|900,,,Jackets|Long Coat,False,musung factory
MM2019083HYCAPC,Myanmar Allin Co Ltd,"Plot No.95, 96/Ka, Myay Taing Block No.14, Mingyi Mahar Mingaung Street, Shwe Than Lwin Industrial Zone, Hlaingtharya Township, Yangon region, Myanmar",16.86832,96.0423,,,,Knitting wears,False,myanmar allin co ltd
MM2019083JK233Y,Myanmar Century Liaoyuan Knitted Wear Co Ltd,5624 Middle Rd Ngwe Pin Industrial Zone Hlaing Thar Tsp Yangon,16.928778,96.0642684,501-1000,,,,False,myanmar century liaoyuan knitted wear co ltd
MM2019083JYSSRB,"Chinadawn Garment Myanmar Co.,Ltd.","Plot No.39-40 Block No.65 (Satmu), Shwe Pyithar Industrial Zone (4)  Shwe Pyithar Township Yangon Yangon",16.92409,96.08475,,,,Coat|Jackets,False,"chinadawn garment myanmar co.,ltd."
MM2019083KGNQDD,"Tianjin Fashion Origin Co., Ltd.","Site 1: No. 509, Kyan Sittar Road, Shwe Lin Ban Industrial Zone, Hlaing Tharyar",16.9098501,96.0682126,,,,Coat|Warm Clothing (Men & Women)|Clothing|Shirt (Men),False,"tianjin fashion origin co., ltd."
MM2019083KT7YHM,Hung Kiu  (Myanmar) Garment Manufacturing Ltd. ,"Plot No.35-9, Yangon - Mandalay Highway Road, Intagaw Village, Inntakaw Industrial Zone, Bago Township, Bago Region, Myanmar",17.1884995,96.3917473,2501-3000|2501-3000|2501-3000|2501-3000|2501-3000|2001-4000|2001-4000|2001-4000|2001-4000|2001-4000|2001-4000|2001-4000|2001-4000,,,,False,hung kiu  (myanmar) garment manufacturing ltd.
MM2019083MB0CGC,J-Land Myanmar Company Limited,No 8 Myay Tine Quarter No  49 Hlaw Gar Street War Ta Yar Industrial Zone Shwe Pyi Thar Township Yangon  11411,16.9991113,96.0564672,,,,Jackets,False,j-land myanmar company limited
MM2019083NR7C0H,Kamcaine Manufacturing ( Myanmar) Co Ltd,No186 Lay Thar Yar Industrial Park 2 Yangon,16.8439163,96.0721027,1001-1500|971|501-1000|1230,"Zhejiang Zhongda Newtex Co., Ltd.",Final Product Assembly|Final Product Assembly,Woven,False,kamcaine manufacturing ( myanmar) co ltd
MM2019083QG739B,"Lian Cheng Co., Ltd.","Plot No. 149 Hlaing Tharyar Industrial Zone, Hlaing Tharyar Township, Yangon",16.8586554,96.072067,,,,,False,"lian cheng co., ltd."
MM2019083QTWH8Q,Yoo Win Manufacturing Company Limited,No (17) Phan Chat Wun U Shwe Owe Street Industrial (2) Hlaing Thar Yar Township Yangon,16.8557123,96.0720837,501-1000|501-1000|501-1000,,Final Product Assembly|Final Product Assembly|Final Product Assembly|Final Product Assembly|Final Product Assembly,clothing|Garments|fashion apparel|Jeans Pants|Garments| fashion apparel| clothing,False,yoo win manufacturing company limited
MM2019083R4Z14H,Su Yu Ei Company Limited,"No. 15, Yangon-Pyay Road, Sat Thwar Daw Ward, Hmawbi Township, Yangon, Myanmar",16.8190607,96.1328098,,,,Shirt (Men)|Pantss,False,su yu ei company limited
MM2019083RCCK6T,Myanmar Jiale 1 Fashion Company Limited,"Min Aye Yar Road, 13, Shwe Than Lwin Industrial Zone  Hlaing Tharyar Township Yangon Yangon",16.8651794,96.033996,964|964|1001-1500|1001-1500|501-1000|501-1000|501-1000|501-1000|501-1000|501-1000|501-1000|501-1000|501-1000,,,Garments,False,myanmar jiale 1 fashion company limited
MM2019083TMN7JD,"AIT (Myanmar) Manufacturing Co., Ltd","Plot No. 46, Myay Taing Block No.112, Toe Chae (Kha), Min Ye' Kyaw Swar Road,  East Dagon Industrial Zone, East Dagon Myo Thit Township, Yangon Region, Myanmar",16.9038808,96.2211959,1001-1500|1001-1500|1430,"HANGZHOU DRAGON STAND APPAREL DESIGN CO., LTD",Final Product Assembly,Flat Knit|Legging|Knitting wears,False,"ait (myanmar) manufacturing co., ltd"
MM2019083XCZ700,Perfect Gains Garments Manufacturin,"Ngwe Pin Lal 2nd Street, 44, Ngwe Oin Lal Industrial Zone  Hlaing Tharyar Township Yangon Yangon",16.9310002,96.0611664,,,,Underwear|Swim Suit,False,perfect gains garments manufacturin
MM2019083XW0F6Z,"Great Glowing Investment Co., Ltd.","Plot No. 340-341 Yangon Industrial Zone, Mingaladon Garden Township,Yangon",16.9589945,96.1760145,2001-5000|2279,,,Fashion,False,"great glowing investment co., ltd."
MM2019083YH8AYG,Landson Myanmar Garment Company Limited,"Plot No (131), Myay Taing Block No (51), Thar Du Kan Industrial Zone, Shwe Pyi Thar Township, Yangon.",16.9894573,96.0890064,51-500|856|501-1000|856|501-1000,,"Final Product Assembly|Final Product Assembly|Final Product Assembly|Final Product Assembly|Final Product Assembly|Textile or Material Production|Printing, Product Dyeing and Laundering|Final Product Assembly|Final Product Assembly|Final Product Assembly|Final Product Assembly|Final Product Assembly",Sweater,False,landson myanmar garment company limited
MM2019083YY521N,Jiangsu Soho (Myanmar) Industry Co Ltd,No. 95  Yaw Atwin Wun U Phoe Hlaing Streety Shwe Lin Ban Industrial Zone Hlaing Thar Yar Township Yangon,16.9082186,96.0553832,806|806|1040|987|1040|777,,Final Product Assembly,Pants|Jackets,False,jiangsu soho (myanmar) industry co ltd
MM2019083Z1NPGC,Kittenish Knitting Co Ltd (No 2),No 73 Kanaung Min Thar Gyi Street Industrial Zone 3 Shwe Pyi Thar Ts Yangon,16.91864,96.08541,,,,,False,kittenish knitting co ltd (no 2)
MM2019083Z8DP72,"Myanmar Long Sheng Fashion Co., Ltd. ","Plot No.229, Kanaung Min Thar Gyi Street, Hlaingtharya Industrial Zone (2), Hlaingtharya Township, Yangon Region, Myanmar",16.84965,96.07984,1001-5000|1001-5000|1000-5000|1000-4999,HongKong Rifeng FASHION CO LTD|HongKong Rifeng FASHION CO LTD,Textile or Material Production|Textile or Material Production,Jackets,False,"myanmar long sheng fashion co., ltd."
MM2019083Z9C1T0,Great Forever Garment Co Ltd,"Plot No.41-B, Kanaung Min Thar Gyi Street, Hlaingtharya Industrial Zone (1), Hlaingtharya Township, Yangon Region, Myanmar",16.849833,96.079765,,,"Final Product Assembly|Final Product Assembly|Printing, Product Dyeing and Laundering|Textile or Material Production|Final Product Assembly|Printing, Product Dyeing and Laundering|Final Product Assembly",woven pant (Men & Women/kids)|Jean Pants,False,great forever garment co ltd
MM2019087DJ4RTA,Takashima Sports Company Ltd,"No.80 Ayeyarwaddy Street, Shwe Than Lwin Industrial Zone, Hlaing Thar Yar Township, Yangon, 11401, Myanmar",16.86462,96.0403874,213|213,Leosports PTE Limited,,Apparel|Glove,False,takashima sports company ltd
MM2019087FVFW0A,Eslite Garment Company Ltd,No.177 Maung Kyan Tee Street Myay Taung Quarter No.25 Shwe Lin Ban Industrial Zone Hlaing Thar Yar T/S Yangon Myanmar 11401,16.917491,96.0629083,1000|1000|1957|1000-16000,,,Pants|Jackets,False,eslite garment company ltd
MM20190910E0DR3,"Myanmar Huayi Co., Ltd.","Plot No.39-40, Min Theiddi Kyaw Swar Street, Shwe Lin Ban Industrial Zone, Hlaingtharya Township, Yangon Region",16.91927,96.05716,,,,Long Jackets|Coat,False,"myanmar huayi co., ltd."
MM20190911DDDA2,Sanyuan (Myanmar) Apparel Mfg Company Limited,"Plot No. 87, Myay Taing Block No. 14, Shwe Thanlwin Industrial Zone, Hlaing Thar Yar Township, Yangon, Myanmar",16.8617373571864,96.0476906402718,,,,Warm Coat,False,sanyuan (myanmar) apparel mfg company limited
MM20190913EVH7M,Fook Hing (Shwekhayu) Ltd.,"Plot No. 45, May Kha Street, Shwe Than Lwin Industrial Zone, HlaingtharyaTownship, Yangon Region, Myanmar",16.8685,96.0388,1437|1677,,,Pants|Underwear|Kids underwear|Brief (Men),False,fook hing (shwekhayu) ltd.
MM20190913T4KKQ,Seinus Cliq Fashion Co. Ltd,No. 21 Yangon Industrial Zone Mingalardon Township Yangon,16.9969497,96.1420947,,,,,False,seinus cliq fashion co. ltd
MM2019091BM3F23,"Best Hubo Co., Ltd.","Plot No. 7,8, Kin Wun Min Gyi Street, Myay Taing Block No. 65, Shwepyithar Industrial Zone (4), Shwepyithar Township, Yangon Region, Myanmar",16.9286842764683,96.0815006873784,,,,Pants|Viscose|T shirt,False,"best hubo co., ltd."
MM2019091KSB54G,"Hakers Enterprise (Myanmar) Co., Ltd.","Plot No.52,P-3, Myay Taing Block No.13, Pathein Industrial Zone, Pathein Township, Ayeyarwaddy Region, Myanmar",16.79563,94.77111,1652,,,Pants|Jackets,False,"hakers enterprise (myanmar) co., ltd."
MM2019091WT40CP,Supreme Asia Garment Factory Ltd.,Block No. 42 Plot No. 33/40 Inkyinn Myaing Street Industrial Zone 1 Shwe Pyi Tha Township Yangon,16.947672,96.0946236,,,,Underwear,False,supreme asia garment factory ltd.
MM20190971RGG2H,Mila Garden Company Ltd.,"Plot No.14-1, 14-2, 14-3, 14-4, 14-5, 39-6, Myay Taing Block No.1038, Hneg Tpyaw Taw Kwin, Near Hlegu-Sartalin Road, Pyi Taw Thar Ward, Hlegu Township, Yangon Region, Myanmar",17.09616,96.23305,,Li Sing International Ltd,,,False,mila garden company ltd.
MM20191071V6KY1,Trinity Apparels Ltd.,"Plot no-169, U Ta Yoke Gyi Street, Industrial Zone(4), HIaing Thar yar Township, 11401, Yangon, Myanmar",16.8568376,96.0601558,,,,T shirt|Underwears,False,trinity apparels ltd.
MM2019107253DPV,"DONGYUAN RICHLAND FASHION (MYANMAR) CO., LTD.","Plot No.53/D, 1002, Hlegu - Phaung Gyi Road, Mi Chaung Aing Kwin, Kyaukkadin Village Tract, Hlegu Township, Yangon Region, Myanmar",17.16608,96.22847,,,,,False,"dongyuan richland fashion (myanmar) co., ltd."
MM20191072D7HM9,"Keys Shine Co.,Ltd.","No. 4 Kyaukse Industrial Zone, Kyaukse Township, Mandalay Region, 05151, Kyaukse Township, Myanmar",21.6122121,96.1515093,3001-3500|3001-3500|3001-3500|3001-3500|3001-3500|2001-4000|2001-4000|2001-4000|2001-4000|2001-4000|2001-4000|2001-4000|2001-4000,,,,False,"keys shine co.,ltd."
MM20191072N88J7,"Textile palace Co.,ltd","Block NO.(327-329) Myaung Takar industrial Zone,Hmaw Be Township Yangon Myanmar., 200000, Yangon, Myanmar",16.8234877,96.1582526,1288|1001-1500|1001-1500|1001-1500|1001-1500|1001-1500|1001-2000|1-500|1-500|1-500|1288,,,Knitting wears,False,"textile palace co.,ltd"
MM20191073DB8WD,"MYANMAR TAIEASY TEXTILE (MTT)CO.,LTD","Address: No.(342,3/344),7th Street, Yangon Industrial Zone, Mingaladon Townsh, 999091, Yangon, Myanmar",16.9969497,96.1420947,999,,,Clothing,False,"myanmar taieasy textile (mtt)co.,ltd"
MM20191074AMR9H,"Polly HK (Myanmar) Co.,Ltd","NO.25, Na Wa Day Mingyi Street, Shwe Lin Pan Industrial Zone, Hlaing Thar Yar, N/A, Yangon, Myanmar",16.8616182,96.0687906,1-100|1-100|1-100|1-100|1-100|1-500|1-500|1-500|1-500|1-500|1-500|1-500|1-500,,"Printing, Product Dyeing and Laundering",,False,"polly hk (myanmar) co.,ltd"
MM20191074NH1WN,Global Apparel Textile (Myanmar) Manufacturing Co. Ltd,"Kyan Sit Thar lane, Eik Si Dan Industrial Zone, Dagon Myothit (South) Township, Yangon Region, Yangon, Myanmar",16.8845406,96.239657,,,,,False,global apparel textile (myanmar) manufacturing co. ltd
MM20191075EYNF3,Honor Apparel Limited,"Plot No.113-B, Myay Taing Block No.64, Pearl Street, Industrial Zone (3), Shwepyithar Township, Yangon Region, Myanmar",16.9355378817764,96.0869840307722,847,,,Dresses,False,honor apparel limited
MM20191075VKD0E,"Style Fashion Accessories (Myanmar) Co., Ltd","No. 182, Mgkyan Thee St. ShweLinBan Industrial Zone, 6000, Yangon, Myanmar",16.8949478,96.0704015,,,,Hat|Gloves,False,"style fashion accessories (myanmar) co., ltd"
MM20191076Z11K8,Mega One Garment,"Plot No.32, Shwe Myoe Daw Pagoda Road, Yangon Industrial  Zone, Mingaladon Township, Yangon Region, Myanmar",16.94442,96.17899,,,,Clothing,False,mega one garment
MM201910778H35P,Myanmar Knitting Factory Ltd.,"Plot No.57-A, Myay Taing Block No.13, Near Myo Pat Road, Pathein Industrial Zone, Pathein Township, Pathein District, Ayeyarwady Region, Myanmar",16.7931155,94.7758902,4969|4969,,,,False,myanmar knitting factory ltd.
MM20191077RCCFM,MYANMODE Company Limited,"Plot No. 504, Yaw Atwin Wun U Phoe Hlaing Street, Shwe Lin Ban Industrial Zone, Hlaingtharya Township, Yangon Region, Myanmar",16.9059737,96.195132,,,,Warm Coat,False,myanmode company limited
MM201910780NN99,S.H.UNITED COMPANY LIMITED,"No(72/73/104/105),Matkhayar Minthargyi Maung Pyo Road,, 0, Yangon, Myanmar",16.8497944,96.0743979,,,,Pants|Jackets,False,s.h.united company limited
MM2019107C7Z0NN,"Wan He Garment Co., Ltd","Plot No(56+57+58) Block No(630/Hle Ngoke Chaung),, 0, Yangon, Myanmar",16.8660694,96.19513200000002,4001-4500|4001-4500|5001-5500|5001-5500|5001-5500|2001-4000|2001-4000|2001-4000|2001-4000|2001-4000|2001-4000,"Wan He Garment Co., Ltd|Wan He Garment Co., Ltd",,Pants|T shirt|Sweat Pant Knit|Sweater,False,"wan he garment co., ltd"
MM2019107F9Z67J,Kingsrich Myanmar Fashion Company Limited,"Plot No.1,2,3, Myay Taing Block No.39 (Sethmu), Yay Pyar Street, Shwepyitha Industrial Zone, Shwe Pyi Tha Township, Yangon Region, Myanmar",16.9436675245285,96.0694383395892,2001-2500|2001-2500|1501-2000|1501-2000|1501-2000|1001-2000|1001-2000|1001-2000|1001-2000|1001-2000|1001-2000|1001-2000|1001-2000,,,,False,kingsrich myanmar fashion company limited
MM2019107GKNQYV,Myanmar Sumec Winwin Garments Company Limited,"Plot no (14,15,16), Myay Taing block no (65 sethmu), kin wun min gyi street, Shwepyithar Zone (4), Yangon, Myanmar",16.9315978651244,96.0847435029869,,,,,False,myanmar sumec winwin garments company limited
MM2019107KX7P3Y,"Champion Winner Industry Co.,Ltd","No.255, Industry Road, Wartayar Industrial Zone, Shwepyithar Tsp, Yangon, 0, Yangon, Myanmar",16.9763697,96.0637782,1-100|1-100|1-100|1-100|1-100|1-500|1-500|1-500|1-500|1-500|1-500|1-500|1-500,"Champion Winner Industry Co.,Ltd|Champion Winner Industry Co.,Ltd",,,False,"champion winner industry co.,ltd"
MM2019107MJ7QM6,Karisma Apparel (Myanmar) Company Limited,"Plot No.18,19,20, Near Yangon-Mandalay Main Road, Nyaung Inn Village, Bago Industrial Complex (Foreign Industrial Zone), Bago Region, Myanmar",17.2549229,96.4553415,1406,,,Kid Wear,False,karisma apparel (myanmar) company limited
MM2019107MZ33MV,Tristate Myanmar Co. Ltd,"Pyin Ma Bin Industrial Park, Htauk Kyant, Mingalardon Tsp., 11181, Yangon, Myanmar",16.9926645,96.1327984,1200|876|1200,,,Pants|Skirt|Jackets|Dresses,False,tristate myanmar co. ltd
MM2019107N61Y3B,Saung Oo Shwe Nay (Golden Sunshine) Company Limited,"Plot No.34-35, Block No.24, Ngwe Pin Lae Middle Street, Ngwe Pin Lae Industrial Zone, Hlaingtharya Township, 11401, Yangon Region, Myanmar",16.9268661,96.0605508,3001-3500|3001-3500|3001-3500|3001-3500|3001-3500,,,Pants|Jackets,False,saung oo shwe nay (golden sunshine) company limited
MM2019107NBZC92,ShinSung Tongsang Int'l Co.Ltd,"No. 365, Daw Phwar Shin Road, Shwe Lin Pan Industrial Zone,, 11181, Yangon, Myanmar",16.914015,96.0652719,2483|2483,,,,False,shinsung tongsang int'l co.ltd
MM2019107Q5TS41,MINGALAR SUMBIRI GARMENT CO. LTD.,"Plot No.27, No.3-Highway Road, Yangon Industrial Zone, Zay Gabar Compound, Mingaladon Township, Yangon Region, Myanmar",16.94551,96.17524,,,,,False,mingalar sumbiri garment co. ltd.
MM2019107QMWHCJ,New Green Land Garment Company Limited,"No.44,No.3 Road, Pyinmabin Industrial Zone,Htauk Kyunt,Mingalardon Tsp,, N/A, Yangon, Myanmar",17.0455689,96.1599378,,,,Pantss|Jackets|Shirt,False,new green land garment company limited
MM2019107RDPWCH,Myanmar Wise-Pacific Apparel Bago Company Ltd,"Inndagaw Industrial Complex, 08016, Inndagaw Township, Myanmar",17.1839491,96.3704778,,,,,False,myanmar wise-pacific apparel bago company ltd
MM2019107V6E8X2,DONGYI(MYANMAR) COMPANY LIMITED,"Plot No. 130, Myay Taing Block No. 51, Thar Du Kan Industrial Zone, Shwe Pyi Thar Township, Yangon Region, Myanmar.",16.99061633602,96.0893864553899,,,,Suit|Skirt|Vest|Pants|Jackets,False,dongyi(myanmar) company limited
MM2019107X0TV11,"Myanmar You He(Advanced Technology)Niche Embroidery Co.,ltd","No(326/327)Ka Naung Min Thar Gyi Street,Shwe Lin Ban Industrial Zone, 11401, Yangon, Myanmar",16.914015,96.0652719,101-500|101-500|1-100|1-100|1-100|1-500|1-500|1-500|1-500|1-500|1-500|1-500|1-500,,,,False,"myanmar you he(advanced technology)niche embroidery co.,ltd"
MM2019107YKG8E5,Myanmar Xiang Rui Fashion Company Limited,"Plot No. 51 (152), Oaktha Pha Yar Road, Thardukan Industrial Zone, Shwepyithar Township, Yangon Region, Myanmar  ",16.9882262667205,96.0840072311525,670|724,BUTTRESS INTERNATIONAL TRADING CO. LTD.,Final Product Assembly,,False,myanmar xiang rui fashion company limited
MM2019107ZXEFNW,Modern Era Handbags Co Ltd,"Plot No.45-Ka-Kha, Myay Taing Block No.42,Kanaung Mingthar Gyi Street, Shwepyithar Industrial Zone (1), Shwepyithar Township,  Yangon Region, Myanmar",16.94434,96.09524,,,,,False,modern era handbags co ltd
MM2019108WW2B9X,Yangon Pan-Pacific International Company Limited," Plot No. 29/1 Kamarkyi Road, Thuwunna Thingangyun Township, Yangon, Myanmar, 11071",16.8182067427385,96.2145068660708,1000,,,Outdoorwear|Pants|Jackets,False,yangon pan-pacific international company limited
MM20191434TK7FN,Thong Thai Textile (Myanmar) Company Limited,"Plot No.175, Pan Be Kaung Mg Khet Street, Hlaingtharya Industrial Zone (1), Hlaingtharya Township, Yangon Region, Myanmar",16.8373805,96.0823483,,,,,False,thong thai textile (myanmar) company limited
MM20191439MJYB6,Myanmar Pou Chen Company Limited,"No.112/121, No.4 High Way Road,  Thardu Kan Industrial Zone Shwe Pyi Thar Township Yangon 11411 Yangon Myanmar",16.993594,96.0906808,5335,Pou Chen Group,,Footwear,False,myanmar pou chen company limited
MM2019143C1S0G4,Shyang Peng Cheng Co. Ltd  (SHB),"No.(9/3,41,42,52) Kwin No.(620-Ka) West Maekhone Steet, Maekhone Village  Bago 8011 Bago Myanmar",17.360312,96.4553371,2442,,,,False,shyang peng cheng co. ltd  (shb)
MM2019143VZ493R,"Bago Sports Gloves Co., Ltd","Plot-32, Bago-Tite Kyi Road,Foreign Industrial Area, Nyang Inn Village ,Bago,Bago",17.2487629,96.4600046,933|723|721,Naigai Co Ltd|Naigai Corporation,,,False,"bago sports gloves co., ltd"
MM2019158D42E4S,ZKG Asia Limited,No.50 Shwe Myodaw Zaydi Street Mingalardon Garden Park Yangon Industrial Zone Mingalardon Township Yangon Myanmar,16.9293855,96.1168626,,Janning Limited,,Apparel|Pants|Jackets,False,zkg asia limited
MM201917282ACQ7,Fidelity Garment Manufactory (International) Ltd,"Plot No 125/126, Myay Taing Block No 51, Thar Du Kan Industrial Zone, Shwe Pyi Thar Township Yangon Mandalay 11181",16.9887272,96.0894256,,,,,False,fidelity garment manufactory (international) ltd
MM2019172ARHNG8,"Myanmar Magic Link Co., Ltd.","Plot No. 11, Pakokku-Myaing Street, Textile Garment Factory, Pakokku Township, Magway Region, Myanmar",21.3487198,95.0680029,,,,,False,"myanmar magic link co., ltd."
MM2019172EFYFB5,Ti Garment,"Plot No. D4, Mingaladon Industrial Park, Corner Of No. 3 Highway & Khayebin Road Mingaladon Township Yangon 11021",17.0455689,96.1599378,,,,Shirt,False,ti garment
MM2019172K7EG9H,Hengyu Amber Stone Company Ltd,"Plot No. 48, Hlaing Htar Yar Industrial Zone (2), Hlaing Thar Yar Township, Yangon Region Yangon Mandalay 11181",16.853398,96.07974,,,,,False,hengyu amber stone company ltd
MM201917604MGJE,Mec Embroidery,"Plot No.8-1-14, Kone Baung 2nd Street, Hlaingtharya Industrial Zone (7),  Hlaingtharya Township, Yangon Region, Myanmar",16.87918,96.08073,,,,,False,mec embroidery
MM20191760ZYM38,All Ace Industrial,"No. 247, Saya Shan Street, Shwe Lin Ban Industrial Zone, Hlaingtharya Township, Yangon Region, Myanmar",16.9144913,96.0689512,,,,,False,all ace industrial
MM20191761AJ6MB,"Sun Apparel Myanmar Co.,Ltd. Sam 3","Plot No. 122/124, Wutmasute Won Htaut Street, Industrial Zone 3, Shwe Pyi Thar Township Yangon Yangon ",16.9753379,96.0785104,,,,,False,"sun apparel myanmar co.,ltd. sam 3"
MM20191763NN8CN,Myanmar York Fashion Company Limited ,"Plot No.168, Kyansithar Street, Hlaingtharya Industrial Zone (4), Hlaingtharya Township, Yangon Region, Myanmar",16.8455937,96.2123489,1000-4999|1001-5000|1001-5000|2|1000-5000|2001-2500|2001-2500|2001-2500|2001-2500|2001-2500|2001-4000|2001-4000|2001-4000|2001-4000|2|1000-5000|2001-4000|2001-4000|2001-4000|2001-4000,Bright Sunshine Intern. Co.Ltd (old: Nova Palm Group)|Bright Sunshine Intern. Co.Ltd |Bright Sunshine Intern. Co.Ltd (old: Nova Palm Group),Textile or Material Production|Textile or Material Production|Textile or Material Production,Pants|Jackets,False,myanmar york fashion company limited
MM2019176G6F0QG,China Profit Washing Co. Ltd.,"Plot No.21, Hlay Thinn Atwin Wun U Chein Street, Hlaingtharya Industrial Zone (2), Hlaingtharya Township, Yangon Region, Myanmar",16.857686,96.075553,,,,,False,china profit washing co. ltd.
MM2019176R5WXCP,"Diamond Co., Ltd.","Plot No.327, Makhayarminthargyi Road, Shwe Pauk Kan Industrial Zone, North Okkalapa Township, Yangon Region, Myanmar",16.933876,96.1728681,,,,,False,"diamond co., ltd."
MM2019176TB368A,Banner Printing Co. Ltd.,"No (139), 19/1, Kanauang Minthargy(7) Street, Shwe Paukan Indusrial Zone. Yangon Yangon ",16.9293273,96.1746386,,,,,False,banner printing co. ltd.
MM20191817NVYBG,JINXING PRINTING COMPANY LIMITED,"221 MYIN WUN U AUNG THU STREET, HLAING THA YAR INDUSTRIAL ZONE-2, HLAING THARYAR TOWNSHIP - YANGON (YANGON)",16.8544297,96.079372,,,,,False,jinxing printing company limited
MM201918191PPDK,IGINTE-WORLD COMPANY LIMITED,"18/235 INWA STREET, SHWE PAUKKAN INDUSTRIAL ZONE, NORTH OKKALAPA TOWNSHIP - YANGON (YANGON)",16.9359901,96.1712168,,,,,False,iginte-world company limited
MM2019181H9XYKR,MYANMAR HA HAE CO. LTD,"90-91 DAW PHWAR SHIN STREET, DAGON SEIKAN INDUSTRIAL ZONE PART-1, DAGON SEIKKAN TOWNSHIP - 11441 YANGON (YANGON)",16.833062,96.278813,2663|2663,,Final Product Assembly|Final Product Assembly,Jackets|Long Coat,False,myanmar ha hae co. ltd
MM2019181KAMR5Y,MIBA GON YEE PRODUCTION CO. LTD  POWER FASHION,"Plot No.81-A, Lower Mingaladon Road, Sint Ngu ward, Insein Township, Yangon Region, Myanmar",16.9054458,96.0977859,,,,,False,miba gon yee production co. ltd  power fashion
MM2019181ZT33R7,VINCE (MYANMAR) COMPANY LIMITED,"1 SURVEY BLOCK NO. 2 MAIN ROAD, DAGON SEIKKAN TOWNSHIP - YANGON (YANGON)",16.9400572,96.2774999,,,,,False,vince (myanmar) company limited
MM20192212Q5SPR,"Golden KTK Co., Ltd.","Plot No.180-181, Myay Taing Block No.144, Watmasot Won Dauk Street, South Dagon Industrial Zone (2), Extension Dagon (south) Township, Yangon Region.",16.8826170848971,96.2504918082718,1000,,Final Product Assembly,Pants|Jackets|Blouse,False,"golden ktk co., ltd."
MM20192217PEDWZ,Shweyi ZabeGarmentMfg. Co. Ltd.,"No. 25, ShwePyi TharBridgeRoad, ShwePyi TharIndudtrial Zone3, ShwePyi TharTownship, 11411, Yangon  ",16.9298153,96.0806751,,,Final Product Assembly,Knitting wears,False,shweyi zabegarmentmfg. co. ltd.
MM2019221GMSKC7,CostecInternational Co. Ltd.,"Plot No. 34 - 36 Myataung Wun Gyi U Hmo Street, Industrial Zone - 3, Shwe Pyi Thar Township, Yangon",16.93258,96.08131,,,,Jackets|Pants,False,costecinternational co. ltd.
MM2019221HRE0SV,ShweSakarCo. Ltd.,"No. 18, NearbyThanlyin-ThilawaRoad, AhlwannsuttVillage, ThanlyinTownship, Yangon",16.7427439,96.2645385,,,Final Product Assembly|Final Product Assembly|Final Product Assembly|Final Product Assembly,,False,shwesakarco. ltd.
MM2019221NBF6XX,Myanmar Ayeyarwaddy Manufacturing Co. Ltd.,"Plot No. 43-1, 538/Ka, Myay Taing Block No.2, Main Road-No.4,  Shwepyithar Township, 11411, Yangon Region, Myanmar",16.96223,96.09701,1000,,,Jackets|Long Coat|Pants,False,myanmar ayeyarwaddy manufacturing co. ltd.
MM2019221XFZ1E5,MapleTrading Co. Ltd.,"No. 6A-6B, IngyinRoad, NyarnaQuarter, PaleMyothit, MingalardonTownship, 11021, Yangon",16.9819578,96.1471151,501-1000|501-1000|501-1000|501-1000,"Zhejiang Zhongda Newtex Co., Ltd.",Final Product Assembly|Final Product Assembly|Final Product Assembly|Final Product Assembly|Final Product Assembly|Final Product Assembly|Final Product Assembly,Woven|clothing|Garments|fashion apparel|Jackets|Coat|Pants| fashion apparel|Garments| clothing,False,mapletrading co. ltd.
MM20192419DF04P,Vent Dest Myanmar co ltd,No(44) Mya Road Myay Taing Block No50 Thadukan Industrial Zone Shwe Pyi Thar Township Yangon ,16.9932078,96.0825562,,,,Jackets|Coat,False,vent dest myanmar co ltd
MM2019241R1377Q,Myanmar Sunview Garments Co   Ltd   (No 1) ,No139 Min aye yar street Shwe than lwin industrial zone Hlaing Thar Yar Township Yangon,16.8618175,96.0493815,,,,,False,myanmar sunview garments co   ltd   (no 1)
MM2019241XPMMX5,"Myanmar Liang Yi Da Co.,Ltd","Plot No.74, Corner of Than Lwin Street and Min Ayar Street, Shwe Than Lwin Industrial Zone, Hlaingtharya Township, Yangon Region, Myanmar",16.86327,96.04296,,,,Jackets|Polo Shirt,False,"myanmar liang yi da co.,ltd"
MM2019241Z4TWZ5,"Myanmar Best A Garment Co., Ltd. ","Plot No.403, Mya Taung Wungyi U Hmo Street, Shwe Lin Ban Industrial Zone, Hlaingtharya Township, Yangon Region, Myanmar",16.90513,96.0749,,,,,False,"myanmar best a garment co., ltd."
MM20193101C79JS,Shwe Mingalar Company Limited,"Plot No. 25, 26, Yangon Industrial Zone, Mingalardon Garden City, Mingalardon Township, Yangon, Myanmar",16.9433236,96.1768596,,,,Jackets|Rain Coat|Sport Wear|Pants,False,shwe mingalar company limited
MM201932296VG18,Myanmar Synergy Garment Company Limited,"Plot No.18,19, De Pe Yin Wun Htauk U Mye Street, Hlaingtharya Industrial Zone (2), Hlaingtharya Township, Yangon Region, Myanmar",16.8819286,96.0573302,,,,Jackets|Skirt|T shirt,False,myanmar synergy garment company limited
MM20193229QTEK8,"Myanmar Hong Tai Fashion Co., Ltd.","Plot No.20, Anawrahta Road, Ah Pyin Padan Village, Anawrahta Industrial Zone, Hlaingtharya Township, Yangon Region, Myanmar",16.8584244,96.0245538,,,,,False,"myanmar hong tai fashion co., ltd."
MM2019322T4BATT,Sawbwa VT Limited,"No. 131, Yangon Industry Zone, Mingaladon Garden City, Mingalardon Township, Yangon, Myanmar",16.9432887,96.1877928,501-1000,,,Warm Coat|Sport Wear,False,sawbwa vt limited
MM201934522C215,"GFT Enterprise Co., Factory 2","No. 26, 4th Street, Yangon Industrial Park, North Okkalapa Township",16.944483,96.17616,,,,,False,"gft enterprise co., factory 2"
MM2019345VQ127E,Greatmen (Myanmar),"Plot No. 14-17, Bago Industrial Zone",17.2525171,96.4616473,,,,,False,greatmen (myanmar)
MM201934660KA6W,"Thy Garment Co.,Ltd.【THY】","No.313 Zaygaber 8th Street, Yangon Industrial Zone, Mingalardon, T/S, Yangon Myanmar",16.9325834,96.1548328,,,,Jackets|Shirt|Sport Wear|Pants,False,"thy garment co.,ltd.【thy】"
MM2019346NFH0QZ,V.I.P. Sports Company Limited,"No. 148, PYINSI MIN THAR GYI STREET, Shwepyithar INDUSTRIAL ZONE 3, YANGON, MYANMAR ",16.9791946594443,96.0649796318965,,,,,False,v.i.p. sports company limited
MM2020009EA05CG,Spring air Ace Company Ltd ,No 97/98 8th Street Yangon Industrial Zone North Okkalapa Township Yangon Myanmar ,16.9458825,96.1851933,501-1000|501-1000|589,"ZHEJIANG SPRINGAIR IMPORT & EXPORT CO., LTD",Final Product Assembly,Flat Knit,False,spring air ace company ltd
MM2020009HP2J68,Unitedtex Overseas Company Limited ,"Plot No.177, Pabe Khaung Maung Khet Street, Hlaingtharya Zone (1), Hlaingtharya Township, Yangon Region, Myanmar ",16.8819286,96.0573302,,,,Dresses|Coat|Skirt,False,unitedtex overseas company limited
MM2020034PBS0ZY,Hung kiu (Myanmar) Garment Manufacturing Limited (Factory-2),"Plot No. 4-4, 7-2, 17-2, 8, Myay Taing Block No.639, Bago-Khayan-Thongwa Road, Kamarnat Village Tract, Bago Township, Bago Region, Myanmar",17.332183,96.521024,1001-1500|1001-1500|101-500|101-500|101-500|1-500|1-500|1-500|1-500,,,,False,hung kiu (myanmar) garment manufacturing limited (factory-2)
MM2020037BMADYW,Futeli Garment (Myanmar),"N°116, Min Ayar Street, Shwe Than Lwin Industrial Zone, Hlaingtharya Township Yangon",16.86379,96.0471,993|993,,,Jackets,False,futeli garment (myanmar)
MM2020037EBCQEJ,Weijie (Myanmar) Clothing Branch Plot 317,"Plot No.317,Wet Ma Sut Wun Htauk Street, Shew Linn Ban Industrial Zone,Hlaing Tharyar Township,Yangon",16.914015,96.0652719,,,,,False,weijie (myanmar) clothing branch plot 317
MM2020037VQZ2ZT,Zong Hong (Myanmar) Garment Company Limited,"Land No. A3, Land Survey No. 21, Mya Khatar Road, Mya Sein Yaung Industrial Zone, Hlaingtharya Township, Yangon, Myanmar",16.8731116,95.9995255,1001-5000|1001-5000|1580|1590|1580,,,Blouse|Jackets|Coat|Shirt|Blazers|Suits|T Shirt,False,zong hong (myanmar) garment company limited
MM20200430EGZBD,"Myanmar Handsome Garments Co., Ltd.","No.167 Pantinwun U Shwe Bin Street, East Dagon Industrial Zone, Dagon Myo Thit (East) Township, 11451, Yangon, Yangon, Myanmar",16.9057748,96.2457891,,,,,False,"myanmar handsome garments co., ltd."
MM202004391JYXW,Leader One (Myanmar) Limited,"No.96, Hnin Si Gone Street, Saw Yan Paing East Ward, 11291, Ahlon Township, Yangon, Myanmar",16.7834677,96.1339125,,,,,False,leader one (myanmar) limited
MM2020043AVRFSA,"Dong Yu Garment Co., Ltd.","Plot No.459, Myay Taing Block No.25, Shwe Lin Ban Industrial Zone, Hlaingtharya Township, Yangon Region, Myanmar",16.90796,96.06499,,,,,False,"dong yu garment co., ltd."
MM2020043C2S2HZ,"Great One Myanmar Co., Ltd.","No 70 Corner Of U Mohl St.And U Tun Nyo Street Industril Zone 2, 11401, Hlaing Tharyar Township, Yangon, Myanmar",16.8508362,96.0697724,,,,,False,"great one myanmar co., ltd."
MM2020043GNXCSC,"GTIG Hubo Co., Ltd.","Plot No.147, 154, Myay Taing Block No.49, War Ta Yar Industrial Zone, 11411, Shwe Pyi Thar Township, Yangon, Myanmar",16.978237279753,96.0516227635487,1-1000|688,,,Jackets|Long Coat,False,"gtig hubo co., ltd."
MM2020043K4B76M,"Guohua Glory Co., Ltd.","Plot No.138,139,140, Myay Taing Block No.49, War Ta Yar Industrial Zone, Shwepyithar Township, Yangon Region, Myanmar",16.9763838376384,96.0505133707314,1001-5000|1001-5000,,Final Product Assembly|Final Product Assembly,Pants|Coat (Women),False,"guohua glory co., ltd."
MM2020043PN4QMZ,"G&U (Myanmar) Fashion Co., Ltd.","Plot No.292, Sat Mu 7th Street, Mingalardon Industrial Zone, 11021, Mingalardon Township, Yangon, Myanmar",16.9515563,96.1802761,1-1000|1-1000,,,Blouse,False,"g&u (myanmar) fashion co., ltd."
MM2020043S63NWR,"Myanmar Sincerece Co., Ltd.","No.70 Seik Kan Thay Rd., Shwe Than Linn Industrial Zone, 11401, Yangon, Yangon, Myanmar",16.8362973,96.2268145,,,,,False,"myanmar sincerece co., ltd."
MM2020043YEW3ZF,K.H.M. Company Limited,"No. 57 (Dayingauk)/146, 57(Dayingauk) 147, May Taing Quarter, No. 563, 11021, Mingalardon Township, Yangon, Myanmar",17.0372241,96.1281414,1001-5000|1001-5000,,,,False,k.h.m. company limited
MM202005761NETE,"Global Fashion Co., Ltd","No.401 Ka Naung Min Thar Kyi Street & Yaw Ah Twin Wun U Phoe Hlaing Street,0,Yangon",16.9039008,96.0727659,,,,Down Jackets,False,"global fashion co., ltd"
MM2020057D1KAXJ,"Hong Tex Co., Ltd","NO.457 & 460, YAW AH TWIN WON U POE HLAING ROAD, SHWE LIN PAN INDUSTRIAL ZONE,,100000,Yangon",16.90622,96.06555,1239|1000|1239,,,Knitting Wear|T shirt,False,"hong tex co., ltd"
MM2020057NTR4C1,"Myanmar Elegant Supreme Leather Goods Co., Ltd","6 KanaungMin Thar Gyi Road , East Dagon Industry Zone, Yangon,11451,Yangon",16.9030124,96.2304089,,,,,False,"myanmar elegant supreme leather goods co., ltd"
MM2020057X3A7XR,"SAM CLOTHING (MYANMAR) CO., LTD","East Dagon Myo Thit Industrial Zone,0,Yangon",16.9031004,96.2207433,1001-5000,,,,False,"sam clothing (myanmar) co., ltd"
MM20200761MECD7,Sark Knitwear Ltd.,"Oo Paing No. 38 Land Block No. (620/A), West Mae Khone, Mae Khone Village, Bago Township",17.3624416,96.4478766,,,,,False,sark knitwear ltd.
MM20200761ZXK50,"Myantex Industrial Co., Ltd.","Plot No. 98 Myay Taing Block No. 64 (Sethmu), Shwe Pyi Thar Township",16.9374431,96.0865671,,,,,False,"myantex industrial co., ltd."
MM20200764DT9PN,"Amity (Myanmar) Lingerie Co., Ltd.","Plot No. 53 Kwin No. 1190 (Kha), East of Gonminn Inn, Industry Group 1, Inndagaw Industrial Complex, Inndagaw Village Tract, Bago Township",17.1978587,96.3847291,,,,,False,"amity (myanmar) lingerie co., ltd."
MM2020076P2TNP8,Young Clothing Ltd. (Factory-2),"Plot No. 125 Myay Taing Block No. 51, Thar Du Kan Industrial Zone, Shwe Pyi Thar Township, Yangon",16.971822,96.083976,1001-1500,"Jiangsu Changjiang Textile Trading Co.,Ltd",,Woven,False,young clothing ltd. (factory-2)
MM2020076QKTY9P,"Fu Yuen Garment Co., Ltd.","Plot No. (198/1), Kanaung Min Thar Gyi Road, Industrial Zone (1), Dagon Seik Kan Township",16.8460053,96.2794385,900,,,Jackets|Jogging|Top|T shirt,False,"fu yuen garment co., ltd."
MM202007857XQBR,Myanmar Li Bao Handbag Company Limited,"Plot No.80, Myay Taing Block No.2, Pade Wun U Shwe Binn Street, Hlaingtharya Industrial Zone (1), Hlaingtharya Township, Yangon Region, Myanmar",16.841751,96.082668,,,,,False,myanmar li bao handbag company limited
MM2020079J8HHCP,Bogart Lingerie (Yangon) Ltd. (Facility 2),"114 Min Ayer Street, Shew Than Lwin Industrial Zone Hlaing Thar Yar Township, Yangon, Myanmar",16.86329,96.04847,2134,Delta Galil Industries Ltd,"Printing, Product Dyeing and Laundering|Final Product Assembly",Swimwear|Bras|Briefs,False,bogart lingerie (yangon) ltd. (facility 2)
MM2020079XACJWF,Bogart Lingerie (Yangon) Ltd. (Facility 1),"149-150 U Ta Yoke Gyi Street Industrial Zone (4), Yangon, Myanmar",16.8609785,96.0608231,227,Vanessa,Final Product Assembly|Final Product Assembly,Swimwear|Bras|Briefs,False,bogart lingerie (yangon) ltd. (facility 1)
MM20200840TZKG6,HARVEY HANDBAGS COMPANY LIMITED,"LOT NO 20, PLOT NO. K1(A) AND K1(B), ANAWYAHTAR INDUSTRIAL ZONE, HLAING THAR YAR TOWNSHIP, 11181, YANGON REGION",16.8656889,96.0211891,,,,,False,harvey handbags company limited
MM2020084373A45,"HENGDA(MYANMAR) APPAREL CO., LTD.","Plot No.15/1, 16/1, Myay Taing Block No.577, No.4-Main Road, (Lower Mingaladon Road), Inn Lyat Kyauk Pone, Inn Lyat village Tract, Hmawbi Township, Yangon Region",17.0858999,96.0572973,501-1000|501-1000|501-1000|501-1000|501-1000|501-1000|501-1000|501-1000|501-1000|501-1000|501-1000|501-1000|501-1000,,,,False,"hengda(myanmar) apparel co., ltd."
MM2020084A5CAGZ,Suzhou Silk (Myanmar) Fashion Company Limited,"No 501, Padauk Street, Ward 23, Hlaingtharya Township, Yangon, Myanmar",16.863451,96.1053835,501-1000|501-1000|501-1000|501-1000|501-1000|501-1000|501-1000|501-1000|501-1000|501-1000|501-1000|501-1000|501-1000,,,Dresses,False,suzhou silk (myanmar) fashion company limited
MM2020084BAS20T,"MYANMAR LIN ZHAN SHOE CO.,LTD.","Plot No. 96, Myay Taing Block No.117, Holding No.91-1, Taung Yin Village Tract, Sintgaing Township, Kyaukse District, Mandalay Region, Myanmar",21.729092,96.1166975,,,,,False,"myanmar lin zhan shoe co.,ltd."
MM2020084BGVDCS,MYANMAR SILVER SPRING ENTERPRISES LIMITED,"141,114&115 PANTEWUN U SHWE BIN, EAST DAGON INDUSTRIAL ZONE, DAGON, MYO THIT (EASTERN) TOWNSHIP, YANGON 11451, YANGON",16.9024821,96.242619,,,,Underwear,False,myanmar silver spring enterprises limited
MM2020084C7XJJY,K-Won & MICC Company Limited,"Insein Blanket Factory No.20 (Branch), Insein-Mingalardon Road, Aung San Myo, Insein Township, Yangon Region",16.9179894,96.095565,1501-2000|1501-2000|1501-2000|1501-2000|1501-2000|1001-2000|1001-2000|1001-2000|1001-2000|1001-2000|1001-2000|1001-2000|1001-2000,,,Coat,False,k-won & micc company limited
MM2020084D065MP,"Jiu Sheng (Myanmar) Knitted Wear Co., Ltd","Plot No.72, Myay Taing Block No. 24, Ngwe Pin lae Industrial Zone, Hlaing Thar Yar Township, Yangon, Myanmar",16.9242,96.06808,2501-3000|2501-3000,,,Sweater,False,"jiu sheng (myanmar) knitted wear co., ltd"
MM2020084K3HQJT,"REVA CO., LTD","BLOCK NO.(218-KA), KALAR KYAUNG VIL, KYAUKSE TOWNSHIP, KYAUKSE DISTRICT.MANDALAY, MYANMAR 11171, MANDALAY CITY",21.6098301,96.1341431,501-1000|501-1000|501-1000|501-1000|501-1000|1-500|1-500|1-500|1-500|1-500|501-1000|1-500|501-1000,,,,False,"reva co., ltd"
MM2020084KBF8CB,MYANMAR SUNWAY SHOES LTD,"LOT NO.143/1,BLOCK(11), KYAN SITTHAR INDUSTRIAL ZONE, DAGON MYOTHIT (SOUTH) TOWNSHIP, YANGON, MYANMAR 11181, YANGON",16.8725493,96.252448,101-500|101-500,,,,False,myanmar sunway shoes ltd
MM2020084NZD1V7,LAT WAR COMPANY LIMITED,"70A/71A CORNER OF MINGYI MAHAR MIN, GAUNG STREET AND PHAN CHET WUN U, SHWE OH STREET HLAING THARYAR INDUS 2635, YANGON",16.859434,96.0729328,1001-1500|1113|1000-5000|1000-4999,"Sumec Textile & Light Industry Co., Ltd|Singapore Winstar PTE. LTD (Sumec)|Singapore Winstar PTE. LTD (Sumec)",Textile or Material Production|Final Product Assembly|Textile or Material Production,Woven|Jackets|Shirt|Sport Wear|T shirt,False,lat war company limited
MM2020084QG23NB,PAK CHUN INDUSTRIAL LIMITED,"Plot No.92, Block No.14, Shwe Than Lwin Industrial Zone, Hlaingtharya Township, Yangon Region, Myanmar",16.8659378,96.0430316,501-1000|501-1000|501-1000|501-1000|501-1000|1001-2000|1001-2000|1001-2000|1001-2000|1001-2000|501-1000|1001-2000|501-1000|1-999,Active Pleasure Ltd. (Dakota),Textile or Material Production,,False,pak chun industrial limited
MM2020084R0XZYW,SAUNG OO SHWE NAY(GOLDEN SUNSHINE) Company Limited,"Plot No.168, Kyan Sittar Road, Hlaingtharya Industrial Zone (4), Hlaingtharya Township, Yangon Region, Myanmar",16.8555444,96.0602978,,,,,False,saung oo shwe nay(golden sunshine) company limited
MM2020084T9V16F,Myanmar Jiale Fashion Company Limited (2),"Plot No. 13,14,15, Myay Taing Block No.25, Bamaw Ah Twin Wun Street, Shwe Lin Ban Industrial Zone, Hlaingtharya Township, Yangon Region",16.92062,96.05916,,,,,False,myanmar jiale fashion company limited (2)
MM2020084TTN37X,"SHENGJIE(MYANMAR)CLOTHING CO,.LTD","PLOT NO.296/297 SAYAR SHAN STREET, SHWE LINNPAN INDUSTRIAL ZONE, HLAINGTHARYAR TOWNSHIP, YANGON 11401, YANGON",16.8362973,96.2268145,1001-1500|1001-1500|1001-1500|1001-1500|1001-1500|1001-2000|1001-2000|1001-2000|1001-2000|1001-2000|1001-2000|1001-2000|1001-2000,,Final Product Assembly|Final Product Assembly|Final Product Assembly,Clothing,False,"shengjie(myanmar)clothing co,.ltd"
MM2020084W4RMWJ,"MYANMAR WEDGE GARMENT CO.,LTD","NO.(11) INSEIN FACTORY, LOWER MINGALARDONE RD, SINGU WARDI, INSEIN TOWNSHIP 125556, YANGON",16.9041792,96.0996978,,,,,False,"myanmar wedge garment co.,ltd"
MM2020084WCKYCF,"ZHEJIANG TONGLI CLOTHING (MYANMAR) CO.,LTD","NO.25 NA WA DAY MINGYI STREET, SHWA LIN PAN INDUSTRIAL ZONE, HLAING THAR YAR TOWNSHIP 95478, YANGON",16.9008479,96.1043302,1501-2000|1501-2000|1501-2000|1501-2000|1501-2000|1001-2000|1001-2000|1001-2000|1001-2000|1001-2000|1001-2000|1001-2000|1001-2000,,,,False,"zhejiang tongli clothing (myanmar) co.,ltd"
MM202010610Y81D,PETER BLACK FOOTWEAR & ACC Limited,"Plot No.91, Ayeyarwady Street, Shwe Than Lwin Industrial Zone, Hlaingtharya Township, Yangon Region, Myanmar",16.8667400721936,96.0435084334193,,,,,False,peter black footwear & acc limited
MM20201064A503V,ERDOS  EUROPE  SRL,486487 YAW ATWIN WUN U PHOE HLAING YANGON 0,16.9022525,96.0790302,,,,,False,erdos  europe  srl
MM20201065KN8RJ,PROSPERITY CLOTHING  CO  LTD,"NO. 65 KANAUNG MIN THAR GYI STREET, THANLYIN TOWNSHIP,YANGON KYAUK TAN TOWNSHIP YANGON 0",16.9015352,96.0728256,,,,,False,prosperity clothing  co  ltd
MM2020106BQZ3FR,PROMINENT (EUROPE)  LIMITED,8 KYANSITTTHARROAD YANGON 11401,16.840939,96.173526,,,,,False,prominent (europe)  limited
MM2020106E5MH96,NTS  HOLDING  LTD,19 AND 20 MYAY TAING BLOCK NO 112 EAST DAGON TOWNSHIP YANGON 11421,16.9333352,96.3013432,,,,,False,nts  holding  ltd
MM2020106FW0NNT,CHERRYFIELD TRADING  LTD,"NO. 18 BO TAY ZA STREET,YANGON INDUSTRIAL ZONE, MINGALARDON TOWNSHIP YANGON CITY, MYANMAR 0",16.9413995,96.1730995,,,,,False,cherryfield trading  ltd
MM2020106KG1QMM,"S  CHEER  HK CO,.LIMITED","PLOT 406, MYMAY TAING QTR NO-25 YANGON 0",16.840939,96.173526,,,,,False,"s  cheer  hk co,.limited"
MM2020106W7QPK8,"HK XIANG SHENG INTERNATIONAL Co., Ltd.","Plot No.134, Myay Taing Block No.24, Seikkanthar Road, Hlaingtharya Industrial Zone (1), Yangon Region, Myanmar",16.8374906,96.0795434,,,,,False,"hk xiang sheng international co., ltd."
MM20201346XN5AD,"Tianjin Fashion Origin International Co., Ltd.","Seik Kann Thar Street No. 390, Shwe Lin Ban Industrial Zone, Hlaing Tharyar Township, Yangon",16.905897,96.077691,,,,Jackets,False,"tianjin fashion origin international co., ltd."
MM202013541XWZ4,Suntime JCK (Myanmar) Company Limited," No. 88, 90,  Than Chet Wun U Nyunt STREET Shwepyithar TOWNSHIP INDUSTRIAL ZONE(2), Shwepyithar Township, Yangon, Myanmar",16.93654096886,96.0765579450839,1000|1000|1000-16000,,,Jackets|Shirt|Pants,False,suntime jck (myanmar) company limited
MM2020135ZRB5EW,Tai Hong Garment Company Limited,"Plot No.254, Myay Taing Block No.49, Wartayar Industrial Zone, Shwepyithar Township, Yangon, Myanmar  ",16.9775157075095,96.0632401947326,,,,Jackets|Polo Shirts|Long Pants,False,tai hong garment company limited
MM2020135ZTW0VQ,New Talent Garment (Myanmar) Co. Ltd.,"PLOT NO-1034,U PAING NO.91,OHN NEW GOE STREET, OHN NEW GOE VILLAGE GROUP HLEGU TOWNSHIP, Yagon",17.0948072,96.2110521,1000|860|860,Talent Global Co. Ltd.,Textile or Material Production,,False,new talent garment (myanmar) co. ltd.
MM20201482NC4K5,Timbermar Myanmar Apparel Co Ltd,"No 274/275 Mingyi Mahar Min Khaung Street, Shwe Lin Ban Industrial Zone Yangon",16.8665382,96.1275067,1017|1076|1017,,,Pants|Coat|Long Pants,False,timbermar myanmar apparel co ltd
MM20201485FPBDD,GTC Factory of Grand Enterprise Co Ltd,No.26 Atwin Wun U Tun Nyo Road East Dagon Industrial Zone Yangon Region,16.9048789,96.2349138,990|804|990,,,,False,gtc factory of grand enterprise co ltd
MM2020148AXHRWQ,GTIG Huasheng Myanmar Co Ltd,"Plot No.138, 139, 140, Myay Taing Block No.49, War Ta Yar Industrial Zone, Shwepyithar Township, Yangon Region, Myanmar",16.9759746654655,96.0508449229344,1555|1555,,,,False,gtig huasheng myanmar co ltd
MM2020148RY90HV,Kaixi Myanmar,"Plot No.42,43,44, Myay Taing No.65 (SET HMU) Industrial Zone-4",16.92316,96.08385,,,,,False,kaixi myanmar
MM2020148YQWHN2,Huabo Times Textile and Clothing,"Plot No.52,P-5, Myay Taing Block No.13, Pathein Industrial Zone, (Economic Zone), Pathein Township, Pathein District, Ayeyarwaddy Region, Myanmar",16.7950161,94.7700993,1001-5000|1001-5000,,,Jackets,False,huabo times textile and clothing
MM20201904KX3VT,Skyway (Myanmar) Apparel limited,"Plot 59, Special Zone 2 , Oak Thar 9 ward, Bago Township, Bago Region , MyanmarBago08041",17.2674296,96.4528479,,,,,False,skyway (myanmar) apparel limited
MM2020190EAPXK6,Golden -5 Garment Manufacturing Company Limited,"Plot No.12-14, Kan Kaw Street, Shwe Pauk Kan Industrial Zone, North Okkalapa Township, Yangon Region, Myanmar",16.9379075,96.1740447,,,Final Product Assembly,Rain Jackets|Down Jackets|Pants (Men & Women),False,golden -5 garment manufacturing company limited
MM202019114FDQ1,Sunan Hung Tak Apparel Limited,"No. (37), Min Theikdi Kyaw Swar Street, Shwe Lin Ban Industrial Zone, Huling Thar Yar Township,, Yangon",16.914015,96.0652719,,,,Jackets|Shirt (Men),False,sunan hung tak apparel limited
MM2020191YWPCV0,"DJY KNITTING (MYANMAR) CO.,LTD","NO.(8) , KYANSITTHAR STREET HLAING THAR YAR INDUSTRIAL ZONE(3) HLAING THAR YAR TOWNSHIP YANGON,MYANM, YANGON",16.8577164,96.0645602,177|225|152,,,,False,"djy knitting (myanmar) co.,ltd"
MM2020217RHSTQV,Classita Myanmar Co. Ltd.,"No. 35/A Bamaw Ahtwin Wun Str., Industrial Zone 2, Dagon Seikkan 11441, SeikkanTownship, Yangon,",16.8497536,96.2836455,,,Final Product Assembly,,False,classita myanmar co. ltd.
MM2020218M228KW,HANG KEI MYANMAR GARMENT FACTORY LIMITED,"Plot No.56 and 57, Myay Taing Block No.25, Shwe LinBan Industrial Zone, Hlaing TharYar Township, Yongon, Myanmar",16.91681,96.0591,915|915,HANG KEI LINGERIE FACTORY LIMITED|HANG KEI LINGERIE FACTORY LIMITED,,Lingerie|Swim Suit,False,hang kei myanmar garment factory limited
MM2020218TSYEBK,"Myanmar Efforts Co., Ltd.","Plot No.43-2-Ka, Kha, Myay Taing Block No.318, Pann Taing Chon East Kwin, Pann Taing Chon Village, Pakokku Township, Magway Region",21.42237,95.13292,,,,,False,"myanmar efforts co., ltd."
MM20202199HSRD2,Myanmar YuanEn Company Limited,"Plot No.50, Min Theikdi Kyaw Zwar street, Shwe Lin Ban Industrial Zone, Hlaingtharya Township, Yangon Region, Myanmar",16.914015,96.0652719,,,,,False,myanmar yuanen company limited
MM2020219K6SDNY,Creative Sewing Garment Ltd,"159, Min Gyi Mahar Min Guang str, myay taing bl # 25, Hlaing Thar Yar T/S, Yangon, ",16.9158166,96.0630477,,,,,False,creative sewing garment ltd
MM2020219MZ0J4K,"Huajiang Cartonbox Co., Ltd.","No.343,Kanaung Min Thar Kyi Street,Shwe Lin Pan Industrial zone, Hlaing Thar Yar T/S, Yangon, ",16.9054586,96.0716734,,,,,False,"huajiang cartonbox co., ltd."
MM20202203ARZ28,"Myanmar Yes Co.,Ltd.","PLOT(19), NO(3) TRUNK RD.,, , Yangon, ",16.857718,96.0720008,,,,,False,"myanmar yes co.,ltd."
MM2020220GPZZ7D,China Palette Garment Myanmar Co. Ltd.,"Plot No.142,Myay Taing Block No.49,Wartayar Industrial Zone,Shwe PYI Thar Township, 11181, Yangon, ",16.9765,96.0486,,,,Coat,False,china palette garment myanmar co. ltd.
MM20202300039N4,Sunme (Myanmar) Industrial Limited,"Plot No.106, Mingyi Mahar Min Gaung Street, Shwe Than Lwin Industrial Zone  Yangon Region, Myanmar            ",16.8645828,96.0506923,,,,Pants|Duck Feather|Seam Sealing Product|Wallon,False,sunme (myanmar) industrial limited
MM20202302XNNHX,Ford Glory (Myanmar) Limited,No 42/132 Sathmu 7Th Street Shwe Pyi Thar Zone (1) Shwe Pyi Thar Township Yangon ,16.9519142,96.093737,,,,Jackets|T shirt (Knit)|Sport Wear|Pants,False,ford glory (myanmar) limited
MM202023052NF2G,DONGLONG (MYANMAR) GARMENT COLTD,No L7L8L9 Anawyathar Road Anawyathar Industrial Zone  Yangon,16.8583846,96.0270379,,,,Down Jackets|Sport Wear,False,donglong (myanmar) garment coltd
MM2020230B73N0D,Hua Meng Myanmar Garment Factory ,"Plot No.17-2, 18-1, Myay Taing Block No.184-kha, near Yangon-Pathein High-way Road, Kan Gyi Daung (East), Kan Gyi Daung Township, Ayeyawady Region, Myanmar",16.9234678,94.9040734,,,,,False,hua meng myanmar garment factory
MM2020230GGM191,KOJIMA IRYO MYANMAR COMPANY LTD ,"Plot No.1, Myay Taing Block No.89, Yangon-Pyay Main Road, Aye Mya Thar Yar Village Tract, Oakpho Township, Bago Region, Myanmar",18.0760172,95.7215686,,,,,False,kojima iryo myanmar company ltd
MM2020230K97ZRX,Myanka Garment Limited,"Plot No.23, Corner of Daw Pwar Shin and U Aung Zay Ya Street, East Dagon Industirai Zone, East Dagon Township, Yangon Region, Myanmar",16.894473,96.2219995,1000|1000-4999,"Kashion Industry Co., Ltd|Kashion Industry Co., Ltd",Textile or Material Production|Textile or Material Production,,False,myanka garment limited
MM20202461DF6R5,Zyz Apparel Company Limited,"Plot No. 11, Myay Taing Block No. 49, Wartayar Industrial Zone, Shwepyithar Township, Yangon, Myanmar     ",16.9970855238021,96.0550835827118,,,,,False,zyz apparel company limited
MM20202812TYKTG,"Jia Mei Garment Co., Ltd. Factory 2","Plot No. 859, Myay Taing Block No. 36, Shew Pyi Thar Industrial Zone, Shew Pyi Thar, Yangon",16.9406,96.08869,,,,,False,"jia mei garment co., ltd. factory 2"
MM2020281B070NG,"Textile Handiworks Co., Ltd.","No. (122), Corner Of Min Ayeyar Street & Than Lwin Street, Shwe Than Lwin Industrial Zone, Hlaing Thar Yar Township,",16.850826,96.1155932,,,,,False,"textile handiworks co., ltd."
MM2020281B5FJ1V,"Dishang Kenny (Myanmar) Garment Co., Ltd","Plot No.95-96 (Ka), Myay Taing Block No (14), Min Gyi Mahar Min Gaung Street, Shwe Than Lwin Industrial Zone, Hlaingtharya Township, Yangon Region",16.86808,96.04274,,,,Blouse,False,"dishang kenny (myanmar) garment co., ltd"
MM2020281CRHGBS,AMG Factory Ltd.,"Plot No. 51 & 52, Myay Taing Block No. 25, Twin Thin Tike WunU Tun Nyo Street, Shwe Lin Ban Industrial Zone, Hlaingtharya Township, Yangon Region, Myanmar",16.91765,96.05967,1000|1045,,,Dresses|Clothing|Polo Shirt,False,amg factory ltd.
MM2020281EKXT12,Unique Htt Company Limited,"Plot No.291, Block No.25, Sat Sayar U Tun Road, Shwe Lin Ban Industrial Zone, Hlaingtharya Township, Yangon Region, Myanmar",16.914015,96.0652719,723|723,,,Kids Wear|Polo Shirts|Sport Wear,False,unique htt company limited
MM2020281GFD3A2,"Cheng Zhang Garment Industrial Co., Ltd.","Plot No.K-4-1, 4-2, 4-7, 4-8 & K-4-3, 4-4, 4-5 4-6, Myay Taing Block No.22-Ba, Meiktila Industrial Zone, Meiktila Township, Mandalay Region, Myanmar",20.9644855,95.9483647,628|531|628,,,,False,"cheng zhang garment industrial co., ltd."
MM2020281J6VQN8,Proton Myanmar Textile Company Limited,"Plot No.161,162, Block No.05, Hlaingtharya Industrial Zone (5 - Extend), Hlaingtharya Township, Yangon Region, Myanmar",16.850826,96.1155932,,,,,False,proton myanmar textile company limited
MM2020281M3QANP,"GMT Garment Factory Co., Ltd.","Plot No. 11, Myay Taing Block No. 64, Industrial Zone-3, Shwe Pyi Thar Township, Yangon",16.9317,96.07951,,,,Down Jackets,False,"gmt garment factory co., ltd."
MM2020281MGY18M,"Popular International Garment Manufacturing Co., Ltd.","No. 25/56.Phan Chet Wun U Shew Oh Street, Hlaing Thar Yar Industrial Zone(2), Hlaing Thar Tar Township, Yangon",16.8371283,96.1198316,,,,,False,"popular international garment manufacturing co., ltd."
MM2020281NS31VP,"Fashion Shun Hua Garment Industrial Co., Ltd.","Plot No.4; J - 12/1+8, Myay Taing Block No.22-Pa,  (3) Street, Meiktila Industrial Zone, Meiktila Township, Mandalay Region, Myanmar",20.9608434,95.9538563,672,,Final Product Assembly,,False,"fashion shun hua garment industrial co., ltd."
MM2020281PWV9JH,"Dong Long (Pathein) Garment Co., Ltd.","Plot No.17,18,19,20, Myay Taing Block No.13, Myint Zuu Street, Kinmalin Kyun quarter, Pathein Industrial Zone, Pathein Township, Ayeyarwaddy Region, Myanmar",16.791533,94.771879,2601|2480,,,,False,"dong long (pathein) garment co., ltd."
MM2020281RQCP60,"Above & Beyond Co., Ltd.","Plot No. 116-A, 116-B, Settmu (10) Street, Myay Taing Block No. 42, Shwepyithar Industrial Zone (1), Shwepyithar Township, Yangon Region, Myanmar",16.9555573993699,96.09302889434,1050|1050,,,Jackets|Pants|Men & Ladies Top,False,"above & beyond co., ltd."
MM2020281SC8PDS,Peach Garden Garments Company Limited,"No. 131, Min Gyi Mahar Min Gaung Street, Shwepyithar Industrial Zone (3), Shwepyithar Township, Yangon, Myanmar",16.9362163112892,96.090026637173,879,ACE DELIGHT INVESTMENTS LTD.,,Rain Coat|Jackets,False,peach garden garments company limited
MM2020281XDEHSB,"Arao Co., Ltd.","Plot No. B-2, Myay Taing Block No. 175, Kyi Su Industrial Zone, Dagon Myo Thit (Selkkan) Township, Yangon",16.8732598,96.2756738,3694,,Final Product Assembly|Final Product Assembly|Final Product Assembly,Shirt|Jackets|Sport Wear,False,"arao co., ltd."
MM20202830HXGMX,Soleil Ribbon Limited,"1393, Baw Nat Kyee Village Tract, S-11 i-Land Industrial Estate, Naung Kwan Kwin, Kwin, Bago, Myanmar.",17.4943465,96.4365524,,,,,False,soleil ribbon limited
MM2020315JWBG0G,"Heng Mao (Myanmar) Garment Co.,Ltd","NO.93 Myay Taing Block No.14,Shwe ThanLwin Industrial Zong,Hlaing Thar Yar Towns, 11201, Rangoon",16.86652,96.04388,1071|1071,,,,False,"heng mao (myanmar) garment co.,ltd"
MM2020315RVSY4N,"Myanmar Parfun Co., Ltd.","Plot No.272,273, Myay Taing Block No.25, Min Gyi Mahar Min Khaung Street, Shwe Lin Ban Industrial Zone, Hlaingtharya Township, 11181, Yangon Region, Myanmar",16.9183191168843,96.0613610189777,,,,Underwear,False,"myanmar parfun co., ltd."
MM2020317Q78MCF,TATO ENTERPRISE LIMITED,"LOT NO. 23/1, FIELD/BLOCK NO. 653, AH WONG VILLAGE,BAGO TOWNSHIP, BAGO REGION, MYANMAR.",17.3873316,96.4888333,,,,Knitting wears,False,tato enterprise limited
MM2020325HNRCCY,"Rainbowtex (Myanmar) Garments Co., Ltd.","Plot No-75, Myay Taing Block No-49, War Ta Yar Industrial Zone, Shwe Pyi Thar Township, Yangon, , ",16.9884539,96.0510584,971|971,,,,False,"rainbowtex (myanmar) garments co., ltd."
MM2020328F04ZNJ,Ceres Enterprise Ltd.,"Plot No. D-10, Mingaladon Industrial Park, Corner of No.3 Highway Road and Khayebin Road, Mingaladon Township, Yangon Region, Myanmar ",16.9392134,96.1546066,963|501-1000,,Final Product Assembly,Knitter Wear|Rain Coats|Down Jackets|Jackets|Sport Wear,False,ceres enterprise ltd.
MM2020330NFMJHZ,Young Clothing Limited ,"Plot No.(182/2) & (182/11), Shwe Lin Pan Industrial Zone, Hlaing Thar Yar Township  Yangon11121",16.850826,96.1155932,,,,Shirt|Jackets|Pants,False,young clothing limited
MM2020330SC1W4A,Myanmar Hua Yue Garment Limited ,"Plot No.1-2, Myay Taing Block No.632, Zin Pyone Kone Kwin, Yangon-Pyay Main Road, Kalar Gone Village, Hmawbi Township, 11181, Yangon Region, Myanmar",17.1630728,95.9947678,,,,Jackets,False,myanmar hua yue garment limited
MM2020330V6A8YN,Yifan Garment (Myanmar) Company Limited,"No. 122, Myay Taing Block No. 14, Conner of Min Ayeyar Street & Than Lwin Street, Shwe Than Lwin Industrial Zone  Yangon0",16.7597279,96.1488753,,,,,False,yifan garment (myanmar) company limited
MM20203640BGYKQ,Jiashihao Myanmar Company Limited,"Plot No.77-A, Kha Yay Street, Ward (42), Shwepyithar Industrial Zone (1), Shwepyithar Township, Yangon Region, Myanmar",16.94595,96.09807,1659|998|1775,,Final Product Assembly,,False,jiashihao myanmar company limited
MM202100441NSWJ,AMG printing & Embroidery Factory Limited,"No. 214 Pyin Si Min Thar Gyi street, Myay Taing Quarter  No.25, Shwe Lin Ben Industrial Zone, Hlaing That Yar Township, Yangon Myanmar",16.91139,96.06365,,,,,False,amg printing & embroidery factory limited
MM2021012BEXBNR,Rainwear House (Myanmar) Manufactory Limited,"No. 120, Dagon Seikkan, Industrial Zone, Dagon Seikkan Township, Yangon, Myanmar",16.8517315,96.2923207,,,,,False,rainwear house (myanmar) manufactory limited
MM2021012DENQX6,Nexstar Garment Manufacturing Company Limited,"No.127, Than Chat Wun U Nyunt Road, Hlaingtharya Industrial Zone (1), Hlaingtharya Township, Yangon Region, Myanmar",16.850826,96.1155932,,,,Pants|Coat|Jackets,False,nexstar garment manufacturing company limited
MM20210153CZFBD,Long River Label Factory Limited,"Plot No.155, Mya Taung Wun Gyi U Mho Road, Hlaingtharya Industrial Zone (2), Hlaingtharya Township, Yangon Region, Myanmar",16.84922103,96.0750941,,,,,False,long river label factory limited
MM2021015F5HTPT,TAIHONG EMBROIDERY FACTORY,NO.6 SHWE BIN STREET SHWELINBAN INDUSTRIAL ZONE,16.914015,96.0652719,60|60,,,,False,taihong embroidery factory
MM20210260CJRKG,MYANMAR BESTEX GARMENT CO. LTD,"POLT NO.117,MYAY TAING BLOCK NO.14,SHWE THANLWIN INSDUSTRIAL ZONE,HLAING THAR YAR TOWNSHIP,YANGON, 122730166, ANGON, ",16.86344,96.04984,468,JIANGSU GUOTAI HUASHENG INDUST RIAL CO. LTD.,Final Product Assembly,,False,myanmar bestex garment co. ltd
MM20210260ZEX5P,HENGMEI CO. LTD,"NO. 174/175 , CORNER OF U SHWE HO STREET & MAUNG KYAN THEE STREET, SHWE LIN BAN INDUSTRIAL ZONE , HL, YANGON, ",16.914015,96.0652719,580|464|580,HUNTER TEXTILE SINGAPORE PTE L TD,,,False,hengmei co. ltd
MM20210267N9RNS,"MYANMAR LUCKY PHOENIX INTERNATIONAL CO., LTD.","Plot No.144,145, Myay Taing Block No.64, Pyin Si Minthar Gyi Street, Shwepyithar Industrial Zone (3), Shwepyithar Township, Yangon Region, Myanmar",16.937840868905,96.0933585467945,560|560,,,Shirt|Jackets|Blouse|Pants,False,"myanmar lucky phoenix international co., ltd."
MM2021026AYMWXW,MYANMAR SUMEC WIN WIN GARMENTS CO. LTD     ,"70A/71A CONRNER OF MINGYI MAHAR MIN KHAUNG STREET AND PAN CHET WUN U SHWE OHE STREET,HLAING THARYAR,  YANGON, ",16.9455678,96.0961267,969|969,,,,False,myanmar sumec win win garments co. ltd
MM2021026DCTH1C,MYANMAR WIN WIN GARMENT CO.LTD. YAENI,"PAPER MILLYENI , YEDASHE TOWNSHIP ,TAUNGOO DISTRICT , BAGO REGION,  YANGON, ",19.4738691,96.2681381,,,,,False,myanmar win win garment co.ltd. yaeni
MM2021026JM5RKX,VANGUARD APPAREL CO. LTD,"NO. B14 CLASS A AREA THILAWA SPECIAL ECONOMIC ZONE THANLYIN TOWNSHIP, YANGON, ",16.6753149,96.2702492,1273,VANGUARD APPAREL CO. LTD,,,False,vanguard apparel co. ltd
MM2021026MCN512,NEWTOP LOTUS CO. LTD,"NO.109, MAKHAYAR MINTHARGYI MAUNG PYOE STREET, INDUSTRIAL ZONE 2,HLAING THARYAR TOWNSHIP, YANGON, MY, YONGON, ",16.8423514,96.0733858,600|600,,,,False,newtop lotus co. ltd
MM2021026NK5EXZ,SMK GARMENT CO.LTD,"NO.104, MIN GYI MAHAR MIN KHAUNG ST, SHWE THAN LWIN ZONE, HLAING THAR YAR., 11401, YANGON, ",16.9345042,96.0849045,,,,Shirt,False,smk garment co.ltd
MM2021026S802MY,HOSHENG MYANMAR GARMENT CO. LTD,"PLOT  NO.52,MYAY TAING BLOCK NO.51,THAR DU KAN INDUSTRIAL ZONE,SHWE PYI THAR TOWNSHIP,YANGON REGION, 11181, YANGON, ",16.9871335,96.0838019,428|428,,,,False,hosheng myanmar garment co. ltd
MM2021026W9HCZ8,G&B MANUFACTURING MYANMAR CO.LTD     ,"Plot No.57-A, Thar Du Kan Street, Thar Du Kan Industrial Zone, Shwepyithar Township, Yangon Region, Myanmar",16.9841116902986,96.0867109129408,466|627|836|466,"ZHEJIANG G&B FOREIGN TRADING C O., LTD.",,,False,g&b manufacturing myanmar co.ltd
MM2021026ZPSVN5,HUNTER MYANMAR APPAREL CO. LTD.,"Plot No.28,29, Mya Wady Min Gyi Street, Hlaingtharya Industrial Zone (4), Hlaingtharya Township, Yangon Region, Myanmar",16.86244,96.05506,581,HUNTER TEXTILE SINGAPORE PTE L TD,,Hat|Bag|Jackets,False,hunter myanmar apparel co. ltd.
MM2021050YSHKRQ,Nay Shwe Lin Company Limited,"Plot No. 3, Myay Taing Block No. 49, Watayar Industrial Zone, Shwe Pyithar Township, Yangon Region, Myanmar",17.0005791195127,96.0562423033677,1001-5000|1001-5000|501-1000|501-1000|501-1000|501-1000|501-1000|501-1000|501-1000|501-1000|501-1000|501-1000|501-1000|501-1000|501-1000,,,Jackets|Pants,False,nay shwe lin company limited
MM202106068T8WH,Huasheng Garment & Garment Wash Company Limited ,No 439 Seik Kan Rd Shwelinban Industrial Zone Hlaingthryar Tsp Yanggon,16.908821,96.07877,101-500|101-500|101-500|101-500|101-500|1-500|1-500|1-500|1-500|1-500|1-500|1-500|1-500,,,Component,False,huasheng garment & garment wash company limited
MM2021060DT14CX,Shwe Myinn Washing Factory,No 305 Nawaddy Mingyi Road Shw Lin Ban Industrial Zone Hlaing Tharyar Tsp Yangon,16.914015,96.0652719,51-500,,,Component|Component,False,shwe myinn washing factory
MM2021060QER59G,"Myanmar Autumn & Champagne Garment & Textile Co., Ltd. ","Plot No.367, 368, 369, Myaung Takar Industrial Zone, Hmawbi Township, Yangon Region, Myanmar",17.1751833,95.9858343,,,,,False,"myanmar autumn & champagne garment & textile co., ltd."
MM2021060R83FD4,Jinxiang (Myanmar) Textile Co Ltd.,"Plot No.185,186, Myay Taing Block No.25, Shwe Lin Ban Industrial Zone, Hlaingtharya Township, Yangon Region, Myanmar",16.9193,96.06349,,,,,False,jinxiang (myanmar) textile co ltd.
MM2021060V2EBA5,Myanmar I-Tex Garment Co Ltd,No (62 67) Block No (21) Mya Tharaphe St Mya Sein Yaung Industrial Zone Hlaing Thar Yar Township ,16.87233,96.01243,1200,,,Shirt|Jackets,False,myanmar i-tex garment co ltd
MM2021077TZKJW7,Idea (MCO) Ltd,"Plot No.112,121, Block No.4, High Way Road, Thar Du Kan Industrial Zone, Shwepyithar Township, Yangon Region, Myanmar",16.9937902562919,96.090761899567,,,,,False,idea (mco) ltd
MM2021081ESQ26E,"TIANJIN GOLDEN MOUNTAIN TRADE  (MYANMAR) CO.,LTD","HOLDING NO(88),BLOCK NO(1185),SAR THU NGE KWIN,THAR YAR GONE VILLAGE TRACT,BAGO TOWNSHIP.",17.2063612,96.3210203,,,,,False,"tianjin golden mountain trade  (myanmar) co.,ltd"
MM2021085JBCBNN,"Wan Gee Development Co.,Ltd","Block No (327-329)Myang Takar Ind. Zone Hmaw be Township Myanmar, Yangon",16.8317653,96.2294737,,,,,False,"wan gee development co.,ltd"
MM2021085MZNJ06,"Baofeng Printing (Myanmar) Co., Ltd","Corner of Sittaung Road and Ayeyawady Road, Hlaingtharya Industrial Zone (5), Hlaingtharya Township, Yangon Region, Myanmar",16.887053,96.0425327,,,,,False,"baofeng printing (myanmar) co., ltd"
MM20211059PK685,"MAIYIBEI (YANGON) GARMENT MANUFACTURING CO.,LTD","No# 491 492 493 Padauk Street,,11181,Yangon",16.90435,96.06104,,,,,False,"maiyibei (yangon) garment manufacturing co.,ltd"
MM2021105GRM5HQ,EO BAGO COMPANY LIMITED,"Plot No.53, Myay Taing Block No.1190-Kha, Gone Min Inn Kwin (East), Inntakaw Township, Bago Region, Myanmar",17.2019635,96.3818739,,,,,False,eo bago company limited
MM2021105MEFXAX,Create Beauty (Myanmar) Knitted Wear,"Plot No. 332-336, Block No. , Myaung Dagar Industrial Zone, Hmawbi Township, Yangon",17.1571058,95.9712695,,,,,False,create beauty (myanmar) knitted wear
MM2021116HSG85E,"Best Win (Myanmar) Garment Co., Ltd.","Kwin No. 71, Block No. 50, Thar Du Kan Industrial Zone, Shwe Pyi Thar Township, Yangon",16.9949669,96.0848611,483,,Final Product Assembly,,False,"best win (myanmar) garment co., ltd."
MM20211206QHTQ1,GASAN APPAREL CO. LTD.,"No-504 Yaw Atwin Wun U Phoe Hlaing Street,Shwe Lin Pan Industry Zone,Hliang Thar Yar Town Ship,Hlaing Thar Yar Yangon",16.9025783,96.0769571,,,,,False,gasan apparel co. ltd.
MM20211207KZEY7,MYANMAR WIDE GARMENT CO. LTD.,"No. (99), Yangon-Pyay Road, Koe Lone Kwin, Hmawbi T/S, Yangon Yangon",17.0950785,96.0938962,,,,Babies Wear|Down Jackets|Ladies' Blouse|Pants|Men's wear,False,myanmar wide garment co. ltd.
MM2021120B04MNT,UNIVERSAL APPAREL CO LTD,"No.24, Plot No(6) Thaung Gyi(North), Ngwe Pin Lae Marine Industrial Zone, Hlaing Thar Yar Township Yangon",16.922716,96.06837,1100|1300,,,Shirt (Men & Women),False,universal apparel co ltd
MM2021120CFQGFK,GOLDEN SHINE CO. LTD.,"No.73/74 Mingalardone Garden City , Yangon Industrial zone , ZayKaBar Yangon",16.9432133,96.1832069,,,,Pants (Men & Women)|T shirt|Jackets,False,golden shine co. ltd.
MM2021120HA4607,MANUFACTURER GFT ENTERPRISE COLTD,"No.26, 4 Street, Yangon Industrial Park, North Okkalapa Tsp Yangon",16.9447538,96.1751215,,,,Clothing,False,manufacturer gft enterprise coltd
MM2021120MWVDME,J & J (MYANMAR) GARMENT FACTORY LIMITED,"Plot No. 143, Myay Taing Block No. 4, Hlaing Thar Yar Industrial Zone, Hlaing Thar Yar Township, Yangon Yangon",16.85842,96.06096,,,,Pants|Coat|Casual Wear|Jackets,False,j & j (myanmar) garment factory limited
MM2021120TSZQY9,Lu Thai (Myanmar) Company Limited,"Plot No.B-14, Thilawa Special Economic Zone, Class (A) Area, Thanlyin Township, Yangon Region",16.6749132816856,96.2706670020129,,,,,False,lu thai (myanmar) company limited
MM2021120VYAFZK,EXCEL GARMENT MANUFACTURING CO. LTD,"Plot No.28-A, Myay Taing Block No.538-A, No 4-High Way Road, Gate Haung Bus-stop, Bon Shae Gone Village, Shwepyithar Township, Yangon Region",16.9651522894382,96.0970873221896,,,,,False,excel garment manufacturing co. ltd
MM2021120XYNR3D,Toya Myanmar Company Limited,"Plot No. 151/A - 152, Block No. 1063, Inn Taing Kwinn, Indaing Village, No. 2 Main Road, Hlegu, Yangon",17.1137274,96.3219128,1701,,,,False,toya myanmar company limited
MM2021120ZTWGFP,SANYUAN OVERSEA (MYANMAR) APPAREL MANUFACTURING CO.LTD,"Land No. (15, 16), land Survey No. 109, Industrial Zone, Dagon Myothit (East) Township, Yangon Region",16.8609938130201,96.281578188922,,,,,False,sanyuan oversea (myanmar) apparel manufacturing co.ltd
MM2021124AQ291K,Sen Ma Te (Myanmar) Apparel Company Limited,"Plot No.272,273, Block No.25, Saya Shan Street, Shwe Lin Ban Industrial Zone, Hlaingtharya Township, Yangon Region, Myanmar",16.914015,96.0652719,1000|1000|1000-16000,,Final Product Assembly|Final Product Assembly|Final Product Assembly,,False,sen ma te (myanmar) apparel company limited
MM2021130ZSNGAA,"Myanmar Fortune Fashion Co., Ltd.","No. 81, Min Ayeyar Road, Shwe Than Lwin Industrial Zone, Hlaing Tharyar Township, Yangon",16.86419,96.0403,883|883,,,Jackets,False,"myanmar fortune fashion co., ltd."
MM20211543SZZY1,HUAFA GARMENT COMPANY,"Plot No.1, Myawaddy Min Gyi Road, Kyansitthar Yeik Mon Industrial Zone, South Dagon Township Yangon Region",16.8801970878446,96.2491640854488,,,,,False,huafa garment company
MM20211545VR7AJ,Vanguard Apparel Co. Ltd.,"Level 4,Sedona Business Suites, No.1,Ka Ba Aye Pagoda Road,Yankin Township Yangon",16.8293151,96.155012,,,,,False,vanguard apparel co. ltd.
MM20211548EHNBG,"Tianjin Fashion Milestone Co., Ltd.","No. 392 (A),Seik Kan Thar Stree, Shwe Lin Ban Industrial Zone, Hlaing Thar Yar Township",16.8830095,96.0828097,1001-5000|1001-5000,,,,False,"tianjin fashion milestone co., ltd."
MM2021154S982K8,San Xin Myanmar Garment Company Limited,"No. 36, Myawady Min Gyi Street, Zone 4, Hlaing Tharyar",16.9008479,96.1043302,,,,,False,san xin myanmar garment company limited
MM20211591R3Q34,MEIJIE(MYANMAR) CLOTHING & ACCESSORIES COMPANY LIMITED,"Plot No.405, Myay Taing Block No.25, U Phoe Hlaing Street, Shwe Lin Ban Industrial Zone, Hlaingtharya Township, Yangon Region, Myanmar",16.903031,96.07316,1001-5000|1001-5000|1-100|1001-1500|1001-1500|1-100|1501-2000|1-100|1501-2000|1501-2000|1001-2000|1001-2000|1001-2000|1001-2000|1001-2000|1001-2000|1001-2000|1001-2000,,,,False,meijie(myanmar) clothing & accessories company limited
MM2021159KW8HSF,Myanmar Sunview Garments Co Ltd. (Second Factory),"No 11, 12, 13, Daw Phaw Shin Street, Shwe Pyi Thar Industry Zone(2), Shwe Pyi Thar Township, Yangon,, Yangon",16.8620068,96.0492385,,,,,False,myanmar sunview garments co ltd. (second factory)
MM2021159XH6YHH,Zuyuan Edenweiss Sanwa Industry Company Limited,"NO.83 Depeyin Wunhtauk U Mye Street, Hlaing Tharyar Industrial Zone(2). Hlaing Tharyar Township, Yangon",16.85505,96.07488,,,,Knitting wears,False,zuyuan edenweiss sanwa industry company limited
MM2021161MMBHAN,SDI Manufacturing Company Limited,"Plot No.40, Block No.24, Ngwe Pin Lae Industrial Zone, Hlaingtharya Township, Yangon Region, Myanmar",16.9243891,96.0663099,,,,,False,sdi manufacturing company limited
MM20211685XXVDN,"MYANMAR GUOTAI HUASHENG GLORY FASHION CO., LTD.","Plot No.171, Twin Thin Talk Wun U Tun Nyo Road, Hlaingtharya Industrial Zone (2), Hlaingtharya Township, Yangon Region",16.84559,96.07507,1900,,,,False,"myanmar guotai huasheng glory fashion co., ltd."
MM20211687R49YR,DAGON TALENT GARMENT LIMITED,"Plot No.17, Myay Taing Block No.143-1, Yadanar Bon Road, Kyansitthar Yeik Mon Industrial Zone, South Dagon Township, Yangon Region, Myanmar",16.8801971,96.2491641,,,,Shirt (Men),False,dagon talent garment limited
MM2021168S0CPHT,JIA XI (YANGON) GARMENT COMPANY  LIMITED,"HAKHA STREET, NO. 511/A INDUSTRIAL ZONE (1), DAGON MYOTHIT(SOUTHERN), 11431, YANGON, MYANMAR",16.838359,96.2195207,,,,,False,jia xi (yangon) garment company  limited
MM2021175848KE1,"Myanmar Dongtai Garments Co., Ltd","Plot No (18), Myay Taing Quarter No (143/1), Lan Thit Road, Kyan Sit Thar Yeik Mon, Dagon Myothit Industrial Zone (1)",16.8800582,96.2479874,1-1000|1-1000|540|540,,,Garments|Jackets|Staff Wear (Uniform),False,"myanmar dongtai garments co., ltd"
MM2021175A9GMY1,"Min Thar Lay Co., Ltd.","Mya Tharipi Street, Land Plot D7, Mya Sein Yuang Industrialzone, Hlaing Thar Yar Township, Yangon",16.8763792,96.0076032,,,,,False,"min thar lay co., ltd."
MM2021175CYZRHY,"Harmony Myanmar Co., Ltd.","No. 182/3, 182/4, Bamaw Ahtwin Wun Street, Shwe Linban Industrial Zone, Hlaing Thar Yar Township, Yangon",16.9194676,96.063691,,,,Baby Wear|Jackets,False,"harmony myanmar co., ltd."
MM2021175EWJHF8,Sheng Mei Garment Company Limited,"Plot No. 12, Myay Taing Block No. 49, Wartayar Industrial Zone, Shwepyithar Township, Yangon Region        ",16.9964026118216,96.0557413145919,1-1000|1-1000|890,SKYRUN (HK) CO. LTD,Final Product Assembly|Final Product Assembly,,False,sheng mei garment company limited
MM2021180MQDM7V,GENERAL TEXTILE (MYANMAR) APPAREL COMPANY LIMITED,"No.133/134,Thardukan Industrial Zone, Shwe Pyi Thar Township, YANGON",16.9892369,96.0905572,,,,,False,general textile (myanmar) apparel company limited
MM2021180MSBGXD,Fully Happiness Garment Company Limited,"Plot No.135, Padamyar street, Myay Taing Quarter No.51, Thardukan Industrial Zone, Shwe Pyithar,Township, YANGON",16.9885476,96.089903,640|369,ESTER INTERNATIONAL ENTERPRISE S LTD.,Final Product Assembly,Pants (Men)|Shirt|Blouse|Sport Wear,False,fully happiness garment company limited
MM2021180PH0DB7,MIL-MAY TEKSTIL SANAYI VE DIS TICARET ANONIM SIRKETI,"Plot No.133,134, Myay Taing Block No. 51, Thar Du Kan Industrial Zone, Shwepyithar Township, Yangon Region, Myanmar",16.9892682163536,96.0900116370581,,,,,False,mil-may tekstil sanayi ve dis ticaret anonim sirketi
MM2021180ZVBT29,"General Textile (Myanmar) Apparel Co., Ltd.","Block No. 15/1 & 16/1 Lot No. 577, No. (4) Main Road,, Kyaut Pone Kwin Ward, lnnluk Village Tract,,",17.0877677,96.0570034,501-1000|501-1000|501-1000|501-1000|501-1000|501-1000|501-1000|501-1000|501-1000|501-1000|501-1000|501-1000|501-1000,,,,False,"general textile (myanmar) apparel co., ltd."
MM2021183DJA38Z,LOADSTAR(MYANMAR) APPAREL COMPANY LIMITED,"Kyansitthar Yeikmon Industry Zone, No.21,22,South Dagon Myothit Township",16.8608183,96.1096507,,,,,False,loadstar(myanmar) apparel company limited
MM2021183HREYQQ,MEIER GLOBAL MYANMAR CO,"Plot No.126, Myay Taing Block No.65, Shwepyithar Industrial Zone (4), Shwepyithar Township, Yangon Region, Myanmar",16.9295606386409,96.0869487865933,1-1000|1-1000,,,Accessories|Accessories|Jackets,False,meier global myanmar co
MM20211886TYJAA,JIANGSU  SOHO  (MYANMAR) GARMENT  COMPANY  LIMITED,"No.88, Pa Tin Wun U Shwe Bin Street, Shwe Pyi Thar Industrial Zone(3),Shwe Pyi Thar Township (Yangon)",16.93428,96.08423,947,"JIANGSU SOHO SILK CO., LTD",,,False,jiangsu  soho  (myanmar) garment  company  limited
MM20211887JMMK4,"METAL FILM PRINTING CO., LTD","Plot No.30-70, Thakhin Ba Hein Road, North Dagon Township, Yangon Region, Myanmar",16.8707911,96.1992925,,,"Raw Material Processing or Production|Printing, Product Dyeing and Laundering",,False,"metal film printing co., ltd"
MM2021188GWW33Y,PWR Fashion Company Ltd,"No. 287 C/D, No. Main Road, 4 Ward, Thardukan Industrial Zone, Shwepyithar Township, Yangon, Myanmar. 11411 ",16.9765929987169,96.0937298687039,,,Final Product Assembly|Final Product Assembly|Final Product Assembly,,False,pwr fashion company ltd
MM2021218VPRPR1,"Ester Textile Palace Co.,Ltd","Block No.(327-329)Myaung Takar Industrial Zone,Hmaw Be Township Yangon,Myanmar    ",17.1555721,95.9674734,,,,,False,"ester textile palace co.,ltd"
MM20212520NH3P7,Donglong (Pathein) Garment Co Ltd,No 52/C Bg & Maharzaydi Road Pathein Industrial Zone Ayeyarwad,16.791533,94.771879,,,,,False,donglong (pathein) garment co ltd
MM2021252AA568F,Jia Mei Poly Bag Company Limited,No 51 Sat Mu Street Shwe Pyi Thar Zone(2) Yangon,16.9403108,96.0734679,,,,,False,jia mei poly bag company limited
MM2021252MFHNF0,Asia Century Trading Co Ltd,No79 Pyin Si Min Thar Gi Street Shwe Lin Pann Industrial Zone Yangon,16.9135654,96.0559572,,,,,False,asia century trading co ltd
MM2021252SG3S2F,"Able Better Garment Co., Ltd.","Plot No.111, Myay Taing Block No. Myaungtakar Industrial Zone, Hmawbi Township, Yangon Region, Myanmar",17.1665507,95.9861125,955,"JIANGSU GUOTAI LITIAN ENTERPRI SES CO., LTD.",Final Product Assembly,,False,"able better garment co., ltd."
MM2021252X2CPJV,Jessie Myanmar Apparel Manufacturing CoLtd,"Plot No.130, Sayar San Road, Hlaingtharya Industrial Zone (2), Hlaingtharya Township, Yangon Region, Myanmar",16.851097,96.0755022,,,,,False,jessie myanmar apparel manufacturing coltd
MM2021266NBZ2BS,JABP JIAWEI MYANMAR GARMENTS LIMITED,"Plot No. 92&93, Matkhayar Mintharkyi Maung Pyoe Street, Industrial Zone 2, Hlaing Tharyar Township",16.850774,96.074573,,,,Warm Coat,False,jabp jiawei myanmar garments limited
MM20212780WE9WZ,Thong Thai Textile (Myanmar) TM2,"No. 151 and 152,Twinthin Teik won U Tun Nyo,Yangon",16.8437193,96.0842454,1347,"Thong Thai Textile Co., Ltd.",Final Product Assembly,,False,thong thai textile (myanmar) tm2
MM2021299RGF5T9,Kfine International Garment (Myanmar) Company Limited,"East A Wine Village Group, Oo Paing No (1/1. Ka). Kwin/ Akwat And Name. 652 Ga, Bago Town-, Bago, Bago, ",17.3858397,96.4967723,1001-5000|1001-5000,,,Accessories|Accessories,False,kfine international garment (myanmar) company limited
MM2021309RCCMQ6,"Keys Shine Co., Ltd.","Ministry of Industry Sewing Machine Factory, Kyaukse Industrial Zone, Mandalay",21.6098301,96.1341431,,,,,False,"keys shine co., ltd."
MM2021335RQH2HX,ZKG Myanmar Limited,"No 271 U Tayoke Street, Hiaing Thayar Township, Yangon",16.850826,96.1155932,,,,,False,zkg myanmar limited
MM2021340A85JYD,Sky Legend Garment Co Ltd,"Plot No 105 Myay Taing Quarter No 65 Settmu Pabe Kaung Maung Khet Street Shwe Pyi Thar Industrial Zone 4 Shwe Pyi Thar Township, Yangon",16.8449251,96.224778,,,,Short Pants|Long Pants|Shirt,False,sky legend garment co ltd
MM2021340SS6ER4,Yun Long Printing Factory,"No 87 Corner of Pyin SiminThar Gyi Road and King Won Min Gyi Road Zone 4 Industry Hlaing Thar Yar Township, Yangon",16.9008479,96.1043302,,,,,False,yun long printing factory
MM2021342SN1494,PUNGKOOK MYANMAR LIMITED,"No.620/Ka, West Plot of Mekhone, Hold No. Plot No. (47+23+14/2+48) Bago Division,Union of Myanmar",17.357808,96.4530028,,Pungkook Myanmar Limited,,,False,pungkook myanmar limited
MM2022007NKMZZ1,"MAYFAIR (MYANMAR) INDUSTRY CO., LTD","Plot No.119, Myay Taing Block Industrial Zone 2, Dagon Myo Thit Seikkan Township, Yangon Region, Myanmar",16.8391021,96.226332,,,,,False,"mayfair (myanmar) industry co., ltd"
MM20220289RX94N,"Pioneer Special Poly Bag Industrial Co., Ltd","No.50A, Bamaw Ahtwin Wun Street, Industrial Zone (3), Hlaing Tharyar Township, Yangon, Myanmar.",16.8812132,96.0503373,240|240,,,,False,"pioneer special poly bag industrial co., ltd"
MM2022028WATABZ,Simon Lables (SML) Myanmar Manufacturing Co.Ltd,"185, Hlay Thin Atwin Wun U Chain Street, Hlaing Thar Yar Industrial Zone (2), Hlaing Thar Yar Township, Yangon, Republic of Myanmar",16.8570117,96.0645904,89|49|89,SML,,Apparels,False,simon lables (sml) myanmar manufacturing co.ltd
MM2022063VSRPKY,"MYANMAR SUNRUN GARMENTS CO., LTD.","Oo Paing No(52/3). Plot No.617.Dawei Inn Kwin, Upper Zaing -Ga-Nine Gyi Village, Bago Township, Myanmar",17.3684329,96.5109756,,,,,False,"myanmar sunrun garments co., ltd."
MM202207472M6R6,"PINNACLE SPORTING GOODS (MYANMAR)COMPANY LIMITED,","Pinnacle Sporting Goods Co., Ltd. Plot No. 35, Block No.144, Industrial Zone, South Dagon Township, Yangon Region, Myanmar",16.8317653,96.2294737,,,,,False,"pinnacle sporting goods (myanmar)company limited,"
MM2022074E9W255,"Wide Vision Enterprise Co., Ltd, ","Wide Vision Enterprise Co., Ltd,  No.147, Bo Aung Kyaw Road, Shwe Thanlwin Industry Zone, Hlaing Tharyar Township, Yangon, Myanmar",16.8592617,96.050901,,,,,False,"wide vision enterprise co., ltd,"
MM2022075493Y60,YACHENG FOOTWEAR COMPANY LIMITED,"ZAYKABAR 7 STREET NO.87, MINGALARDON GARDEN CITY, MINGALARDON TOWNSHIP,YANGON,MYANMAR 11111, YANGON",16.9486353,96.1826192,,,,,False,yacheng footwear company limited
MM20220757ZNS22,RUIFA ENTERPRISE LIMITED,"NO. 498 PADAUK STREET, SHWE LIN PAN INDUSTRIAL ZONE, HLAING THARYAR TOWNSHIP, YANGON, MYANMAR 11401, YANGON",16.8870441,96.0781353,501-1000|501-1000|501-1000|501-1000|501-1000|1-500|1-500|1-500|1-500|1-500|1-500|1-500|1-500,,,,False,ruifa enterprise limited
MM2022075KJDTYP,"Borkeen Embroidery Co., Ltd","No.124, Aung Mingalar 2Nd Street, Quarter 3, Mayangone Township, Yangon - (Yangon)",16.8007654,96.1803898,,,,,False,"borkeen embroidery co., ltd"
MM2022075MM0PFS,"XINSHENG(MYANMAR) INDUSTRIAL CO., LIMITED","NO 710 ,KALAWAE NORTH VILLAGE, ,THANLYNN TOWNSHIP, YANGON, MYANMAR 11401, YANGON",16.7587537,96.2482149,101-500|101-500|501-1000|501-1000|501-1000|1-500|1-500|1-500|1-500|1-500|1-500|1-500|1-500,,,,False,"xinsheng(myanmar) industrial co., limited"
MM20220767D5TZZ,"MYANMAR  WIDE  GARMENT  CO.,LTD","NO.36&81/A,MYAY TAING BLOCK, NO.52/A,KOE LONE KWIN, THANDAYBIN VILLAGE, MINGALARDON TOWNSHIP, YANGON 11361, YANGON",17.0729361,96.109725,,,,Men's wear|Workign Wears|Down Jackets|Pants|Bed Sheet|Whtie Uniform,False,"myanmar  wide  garment  co.,ltd"
MM2022076QYS1QK,"TIAN CHENG SHOES CO., LTD","NO. 489, CORNER OF PADAUK STREET, AND SAYE YONE(5) STREET, SHWE LIN PAN INDUSTRIAL ZONE 999077, YANGON",16.7743763,96.1639741,,,,,False,"tian cheng shoes co., ltd"
MM2022080FBG1H4,"MYANMAR KINGTONG BAGS CO., LTD.","PLOT NO. 43, MYAY TAING BLOCK SECTION 4, HLAING THAR YAR TOWNSHIP, YANGON",16.7979515,96.125205,1-1000,ASTEP INTERNATIONAL PTE. LTD.,,Accessories,False,"myanmar kingtong bags co., ltd."
MM2022081YJEWWZ,MYANMAR MYANBAG INDUSTRIAL COMPANY LIMITED,"PLOT NO.17, MYAY TAING BLOCK NO. ZONE (1), INDUSTRIAL ZONE, HLAING THAR YAR TOWNSHIP, YANGON",16.8819286,96.0573302,1-1000,HENGXUAN DEVELOPMENT PTE. LTD.,,Accessories,False,myanmar myanbag industrial company limited
MM2022083TGT6H6,MOUNTAIN TOP GLOBAL LIMITED,"WARTAYAR，PLOT NO.176,BLOCK NO.49，SHWE PYI THAR TOWNSHIP, YANGON REGION, MYANMAR",16.9753379,96.0785104,,,,,False,mountain top global limited
MM20220952TAY7S,"DA WAI CO.,LTD","PLOT.88,MYAY TAING BLOCK NO.51,THARDUNKAN INDUSTRIAL ZONE,SHWE PYITHAR TOWN SHIP, YANGON REGION",16.983772,96.093422,,,,,False,"da wai co.,ltd"
MM2022095PE98SW,"Golden Shine Co.,  Ltd.","U Paing No. 21+R+West 7, West S+L/2, Kwin no. 6/2, Pyitawthar Village Group, Hlegu Township",17.0948072,96.2110521,,,,,False,"golden shine co.,  ltd."
MM2022103F2FFVE,Wang Tat Poly-bags Mfg Co, No 125 Htun Nyo Road Shwepyithar Industrial Area Zone (3) Shwepyithar Township Yangon,16.969617,96.0732146,,,,Component|Component,False,wang tat poly-bags mfg co
MM20221453EGDRG,Weijie (Myanmar) Clothing Company Limited 2nd,"No. 406, Block No. 25, Yaw Ah Twin U Phoe Hlaing Street, Shwe Lin Ban Industrial Zone, Hlaingtharya Township, Yangon, Myanmar",16.9026706,96.0742573,1399|1407,,,Rain Coats|Jackets|Pants,False,weijie (myanmar) clothing company limited 2nd
MM2022145491J3D,WOORIE MJ SHIRTS COMPANY LIMITED,"No 56/59, Sein Lei Kan Thar Street, East Dagon Extended Industrial Zone (2), South Dagon, Yangon, Myanmar.",16.8867410210955,96.2432372800532,,,,,False,woorie mj shirts company limited
MM20221454BXEY2,Panko MyanmarCompany Limited,"Plot No. 75/B, 76/B, Myay Taing Block No.561, Hlawgar Road, Shwepyithar Township, Yangon, Myanmar",17.0075898619008,96.0862518891581,,,,,False,panko myanmarcompany limited
MM20221457BPZWD,PADA MYANMAR LAUNDRY,"Plot No.155, Mya Taung Wun Gyi U Hmo Street Industrial Zone (2), Hlaingtharya Township, Yangon Region, Myanmar",16.8337041,96.2817994,100-150,,,,False,pada myanmar laundry
MM2022145AVMG3P,Stand Carton Box Packing Factory,"No 3, Loot Latt Yae St., (Ga-Gyi) Ward,Thingangyun,Yangon, Myanmar",16.8290108,96.2036904,,,,Component|Component,False,stand carton box packing factory
MM2022145AZ037X,Wise-Pacific Company Limited,"Yangon-Pyay Road, Pyinmabin Industrial Zone 1, Mingalardon Township, Yangon, Myanmar",17.0196697100991,96.1344477326288,,,,,False,wise-pacific company limited
MM2022145BKXBBV,V H T Garment Company Limited,"U Paing No 38, Field No and Name (620 Mae West), Mae Khone Village, Bago Township, Bago Region, Myanmar",17.3648386257842,96.446177430992,0,,,Fashion|Warm Coat,False,v h t garment company limited
MM2022145BRTJPF,Spring River Knitting(Myanmar)Company Limited,"Plot No.148,149, Matkayar Min Thar Gyi Road, Shwe Lin Ban Industrial Zone,  Hlaingtharya Township, Yangon Region, Myanmar",16.8878879,96.048562,,,,,False,spring river knitting(myanmar)company limited
MM2022145C8S0VJ,Tsang Yih Company Limited,"Plot No.X3-X6, Block No.20, Sabei Street, Anawrahta Industrial Zone, Hlaingtharya Township, Yangon Region, Myanmar",16.8535247,96.0264981,6570|6416|8144,Right Source Investments Limited|Right Source Investments Limited,,,False,tsang yih company limited
MM2022145E1VVS8,Sun Apparel Myanmar Company Limited Sam 1,"Plot No.87, Block No.17, Malikha Street, Hlaingtharya Industrial Zone (5), Hlaingtharya Township, Yangon Region, Myanmar ",16.8402696,96.1984484,,,,Jackets|Pants,False,sun apparel myanmar company limited sam 1
MM2022145E98XRY,Prosperity Knitwear Ltd,"No. 40, 41, 42, Kanaung Min Thar Gyi Street, Thilawar Industrial Zone, Kyauktan Township  Yangon, Myanmar",16.6780465,96.2724864,,,,Knitting wears|Sweater,False,prosperity knitwear ltd
MM2022145GCK2QJ,North Shore Global Company Limited (Pathein),"Plot No. 52, Block No. P3, No. 21 - 23, 29 - 31, Industrial Zone, Ward 13, Pathein township, Ayerwaddy Region, Myanmar",16.7952098,94.7706177,,,,,False,north shore global company limited (pathein)
MM2022145GQ5FKR,"Jinli Knitting & Spinning (Myanmar) Co., Ltd.","Plot No.263,264,265, Myay Taing Block No.25, Corner of Min Gyi Maha Min Gaung Street and Wun Saung Mhu Street, Shwe Lin Ban Industrial Zone, Hlaingtharya Township, Yangon Region, Myanmar",16.917101575702,96.0680792679243,101-500|101-500|101-500|101-500|101-500|101-500|1-500|1-500|1-500|1-500|1-500|1-500,,,Gloves|Headband|Bikini|Skirt|Tube,False,"jinli knitting & spinning (myanmar) co., ltd."
MM2022145H07AR4,Myanmar Soe San Win Manufacturing Company Limited,"Plot No.2,3, No.4 Road, Ngwe Pin Lae Industrial Zone, Hlaingtharya Township, Yangon Region, Myanmar",16.8819286,96.0573302,,,,,False,myanmar soe san win manufacturing company limited
MM2022145HESBGX,Myanmar Dihuali Garment Company Limited,"Plot No.E2,E3,E6,E7,E8,E9,E10, Myay Taing Block No.20, Unit A10, Anawrahta Industrial Zone, Hlaingtharya Township, Yangon",16.8699957,96.0174525,500|1001-5000|501-1000,"WEIHAI TEXTILE GROUP IMPORT&EXPORT CO.LTD|MYANMAR DIHUALI GARMENT CO.,LTD",Final Product Assembly,Woven|Apparel,False,myanmar dihuali garment company limited
MM2022145JW9DCT,KPH MFG CO LTD,"Plot No,7-8, Innwa Street, Myay Taing Block No.18, Shwe Pauk Kan Industrial Zone, North Okkalapa Township, Yangon Region, Myanmar",16.935936,96.174068,1001-5000|1001-5000|1001-5000,,,Blouse|Jackets|Shirt|Pants,False,kph mfg co ltd
MM2022145PWBQSQ,Shyang Jhuo Yue Company Limited,"Plot No.K9, Sabei Street, Anawrahta Industrial Zone, Hlaingtharya Township, Yangon Region, Myanmar",16.941585,96.2064213,,,,,False,shyang jhuo yue company limited
MM2022145RAR7Y9,Zhongrun (Myanmar) Garment Company Limited,"Plot 73A, Kanaung Min Thar Gyi St., Industrial Zone (4), Shwe Pyi Thar Township,Yangon, Myanmar",16.9200295999681,96.0878158446338,,,,Jackets|Pants,False,zhongrun (myanmar) garment company limited
MM2022145RMV1K5,Myanmar Solamoda Garments Company Limited,"Plot No.139, Min Ayeyar Road, Shwe Than Lwin Industrial Zone, Hlaingtharya Township, Yangon Region, Myanmar",16.8618175,96.0493815,,,,Blouse|Warm Coat|Style Pan,False,myanmar solamoda garments company limited
MM2022145RYC7TD,Tongying HK (Myanmar) Company Limited,"Plot No. 359/360, Myaungmya Steel Industrial Zone, Hmawbi Township, Yangon, Myanmar",17.1643813154182,95.9710282931801,501-1000|501-1000|501-1000|501-1000|501-1000|501-1000|501-1000|501-1000|501-1000|501-1000|501-1000|501-1000|501-1000,,,,False,tongying hk (myanmar) company limited
MM2022145SAG3PP,Dae Sung Garment & Process Global Co Ltd ,"Plot No.42-106, Cherry Street, Shwepyithar Industrial Zone (1), Shwepyithar Township, Yangon Region, Myanmar",16.9512507792514,96.0955258348413,,,,,False,dae sung garment & process global co ltd
MM2022145SE005P,Myanmar Unique Garment MFG Company Limited,"No. 129/A/B, Wet Ma Soot Wun Htauk Street, Industrial Zone 4, Hlaingtharya Township, Yangon, Myanmar",16.8660694,96.195132,,,,Shirt (Men),False,myanmar unique garment mfg company limited
MM2022145SP7EM2,Keme Garment (Myanmar) Company Limited,"Plot No.25-2+32-2, Myay Taing Block No.577, No.4-Main Road, (Lower Mingaladon Road), Kyauk Pone, Innlayat Village Tract, Hmawbi Township, Yangon Region, Myanmar",17.08379,96.05827,,,,,False,keme garment (myanmar) company limited
MM2022145T37ZEV,Yangon Pan-Pacific Absolon Company Limited,"Plot No. 19, Bayint Naung Road, Shwepyithar Industrial Zone (3), Shwepyithar Township, Yangon, Myanmar",16.9329811912503,96.0780449794412,,,,Silicon for warm coat,False,yangon pan-pacific absolon company limited
MM2022145TPX4C7,Myanmar Solamoda Garments No. 2 Company Limited,"Plot No. 11, 12, 13, Myay Taing Block No. 39 (Sethmu),  Shwepyithar Township, Yangon, Myanmar",16.8620068288506,96.0492384975377,,,,,False,myanmar solamoda garments no. 2 company limited
MM2022145TR5G2K,Myue & Sue Garment Manufacturing Company Limited,"Plot No.64,65, Pyinsin Minthargyi Road, Hlaingtharya Industrial Zone (4), Hlaingtharya Township, Yangon Region, Myanmar",16.858655,96.0557453,,,,Shirt,False,myue & sue garment manufacturing company limited
MM2022145VCQGG8,Dishang Fashion (Myanmar) Co Ltd ,"Plot No.96 (Kha), Myay Taing Block No.14, Mingyi Mahar Mingaung street, Shwe Than Lwin Industrial Zone, Hlaingtharya Township, Yangon",16.86808,96.04274,1-1000|1-1000|1155|1-999,,Textile or Material Production,,False,dishang fashion (myanmar) co ltd
MM2022145VYMRM3,General Enterprises Garment Company Limited,"Plot No.59, Ka Naung Min Thagyi Street, East Dagon Industrial Zone, East Dagon Township, Yangon Region, Myanmar",16.8996893,96.2306938,3874|3874,,Final Product Assembly,Jackets Pants Jerseys Shirts Skirts ,False,general enterprises garment company limited
MM2022145WJVVP4,Saiform International Garment (Myanmar) Company Limited,"Plot No.37, Block No.14, Corner of May Kha Street and Yangon - Pathein Road, Shwe Than Lwin Industrial Zone, Hlaingtharya Township, Yangon Region, Myanmar",16.8704842,96.0381929,,,,,False,saiform international garment (myanmar) company limited
MM2022145XGFSCB,TIAN YU INTERNATIONAL Company Limited,"Plot No.494, corner of Padauk street & Aung Thu street, Shwe Lin Ban Industrial Zone, Hlaingtharya Township, Yangon Region, Myanmar",16.8488631,96.0774712,2001-2500|2001-2500|2501-3000|2501-3000|2501-3000|2001-4000|2001-4000|2001-4000|2001-4000|2001-4000|2001-4000|2001-4000|2001-4000,,,,False,tian yu international company limited
MM2022145XWPNP4,Sudey Industrial Myanmar Company Limited,"U Paing No: (10/1, 11/4) Kwin No. (649), Northeast Kali Kwin, Kalay village tract, Bago Township Bago Region",17.3246003383216,96.483766529876,,,,,False,sudey industrial myanmar company limited
MM2022145Z3681V,Wang Tat Plastic Company Limited,"No. 101, Malika Street, Indudtrial Zone 5, Hlaingtharya Township, Yangon",16.840939,96.173526,,,,,False,wang tat plastic company limited
MM2022145ZCNRMP,Ree Blue Myanmar Ltd ,"No. 24 & 25 B, Myawaddy Min Gyi Street, ShwePyithar Industrial Zone 4  Yangon, Myanmar",16.9265429198578,96.0799048528378,,,,Jackets|Denim Pants,False,ree blue myanmar ltd
MM2022145ZN44EM,United Knitting Myanmar Company Limited,"Plot No.43, Bamaw Ahtwinwun Street, Hlaingtharya Industrial Zone (3), Hlaingtharya Township, Yangon Region, Myanmar",16.8548149214875,96.0669475111126,,,,Sock,False,united knitting myanmar company limited
MM2022145ZVN7VV,Join-Profit Garment Co Ltd.,"Plot No.106, Kyan Sittar Street, Hlaingtharya Industrial Zone (3), Hlaingtharya Township, Yangon Region, Myanmar",16.8563979,96.0615663,,,Final Product Assembly,Kids Wear|Jackets|Pants,False,join-profit garment co ltd.
MM2022199K2KDDN,"Asia Caps Co., Ltd.","No. 126/127, Yangon Industrial Zone (MingaLardon Industrial Park), Yangon, Myanmar",16.9457,96.19002,700,Shanghai Ratone International Ltd.,,Headwear,False,"asia caps co., ltd."
MM2022248TDP08K,"ABC Garment Co ., Ltd.","No.88, Pa Tin Wun U Shwe Bin Street,, Shwe Pyi Thar Industrial Zone(3),Shwe Pyi Thar Township,,",16.9126237,96.0530378,,,,,False,"abc garment co ., ltd."
MM202224911FG1H,HUIYUAN GARMENT COMPANY LIMITED,"Plot No.126,Myay Taing Block No,Sethmyu Zone,Dagon Seikken Township,Yangon,Myanmar, ,",16.8520683,96.2694608,,,,,False,huiyuan garment company limited
MM202224970WF12,Dongchen Handbag (Myanmar) Limited,"Land Plot No. (80,81), Myay Taing Block No. Industrial Zone (2), Dagon Seik Kan Township,, ,",16.8520683,96.2694608,,,,,False,dongchen handbag (myanmar) limited
MM20222497ABR7A,"JIA LONG PLASTIC PRODUCTS (MYANMAR) CO., LTD","Plot No.(478), MyayTaing Block No.(25), kyan sit thar street, Shew Lin Pan Industrial Zone, Hiaing Thar Yar Township, Yangon Re, ,",16.8910289,96.1613591,,,,,False,"jia long plastic products (myanmar) co., ltd"
MM2022249B123NN,WEI HUA (MYANMAR) GARMENT COMPANY LIMITED,"Plot No. 308 C/A , Myay Taing Block No. 42/ Sethmu ,, Ka Naung Min Thar Gyi Road Shwe Pyi Thar  Industrial Zone(1) Shwe Pyi Thar Township,,",16.8581732,96.0826719,,,,,False,wei hua (myanmar) garment company limited
MM2022249ERCEYD,"Royal White Elephants Co.,Ltd","POLT No.33&34,, Thailawa Industrial Zone,,",16.6715536,96.2793758,,,,,False,"royal white elephants co.,ltd"
MM2022249HKW7SF,KSENG (MYANMAR) APPAREL COMPANY LIMITED,"Thar Du Kan Industrial Zone, Myae Kwat No. (49),, Myaetieyatkwat No. (51), Shwe Pyi Thar,,",16.93669,96.076702,922|922|928|928,,,,False,kseng (myanmar) apparel company limited
MM2022249HXHHMK,"Shandong Jiayi (Myanmar) Industry Co., Ltd.","No, (54 A) Min Gyi Mahar Min Gaung Street, Shwe Lin Pan Industrial Zone, Hlaing Thar Yar Township,, ,",16.8628053,96.0598854,,,,,False,"shandong jiayi (myanmar) industry co., ltd."
MM2022249QPVGHR,NEW PLUS COMPANY LIMITED,"Plot No (82), Myay Taing Block No.51, Thar Du Kan Industrial Zone, Shwe Pyi Thar Township, ,",16.971822,96.083976,,,,,False,new plus company limited
MM2022249WC85SX,SHENG FENG SHI YE COMPANY LIMITED,"Plot No. 111, Myay Taing Block No. 3,, Corner of Bamaw Ah Twin Wun Street & Seikkanthan Street, Settmu Myo,,",16.7742222,96.1630069,,,,,False,sheng feng shi ye company limited
MM2022249WNE49V,"Myanmar Ta Kung Garment Co., Ltd.","Plot No 119, Block No Myaung Takar Street,, Industrial Zone, Hmawbi,",17.1828611,95.9719944,,,,,False,"myanmar ta kung garment co., ltd."
MM2022249XCRCMG,RONG DA GARMENTS COMPANY LIMITED,"Plot No. (49), No. (163) / (164),, Shwe PyiThar Township,,",16.9753379,96.0785104,1134,,,,False,rong da garments company limited
MM20222586CW9QX,Hung Kiu Myanmar Magic Link,"No.9, Textile Facotry (Kyaukse),, Kyaukse District Mandalay Region, Myanmar, 2014 Kyaukse",21.6017617,96.2127651,1-500|1-500|1-500|1-500|1-500|1-500|1-500|1-500,,,,False,hung kiu myanmar magic link
MM2022265CAQQG1,Ya Ying International Development Co Ltd,No (327329) Myaung Takar Industrial Zone Hmaw Be Township Yangon,17.1361597,96.0097018,,,,Component|Component,False,ya ying international development co ltd
MM2022265DZMS06,yoo win manufacturing co. ltd.,"Plot No. 148, Myay Taing Block No. 14,Shwe Than Lwin Industrial Zone,Hlaing Tharyar Township, 11401 Yangon, Rangun",16.858811,96.05106,,,Final Product Assembly|Final Product Assembly|Final Product Assembly|Final Product Assembly|Final Product Assembly|Final Product Assembly,,False,yoo win manufacturing co. ltd.
MM2022265EW0641,Qian Jin Garment Washing Company Limited,No (330/A) Block No-Myaung Takar Steel Industrial Zone Hmawbi Township Yangon,17.1828611,95.9719944,51-500,,,Component,False,qian jin garment washing company limited
MM2022265K8PA6E,GP Golden Preclse Embroidery & Garment Ltd,"No. 8 Block No. 25, Shwe Linban Industrial Zone, Hlaing Tharyar, Yangon, Yangon",16.914015,96.0652719,51-500|51-500,,,,False,gp golden preclse embroidery & garment ltd
MM2022265PRN7RF,Victoria Harbour Embroidery Factory,"NO.73B, Min Theikdi Kyaw Swar Street, Hlaing Thar Yar Industrial Zone (3), Yangon",16.8546709,96.0688165,,,,,False,victoria harbour embroidery factory
MM2022265VWT5SW,bago sunny garments co. ltd.,"No. 641, Holding no. 38, Called no. 174,, Thana Pin Street, Ward 18, Bago Township, 70101",17.3220711,96.4663286,,,,,False,bago sunny garments co. ltd.
MM2022265Z8G75G,PROSTAR,"NO/168-170, Kanaung (8) Street, Shwe Pauk Kan Industrial Zone, North Okkalapa Township, Yangon",16.9356586,96.1964586,,,,,False,prostar
MM2022280QPB1HM,Banner Printing Factory,"No. 82 Innwa Street, Shwe Pauk Kan Industrial Zone, North Okkalapa Township, Yangon, Yangon",16.8437074,96.1754391,,,,,False,banner printing factory
MM2022280YPDF71,Famoso Clothing Company Limited.,"No (A-7 &11), Mingaladon Industrial Park, No (3) Lansone, Ka Yay Pin Feeder Road, Mingaladon Township, Yangon.",16.9421429,96.1566754,1000|1000|1000-16000,,Final Product Assembly|Final Product Assembly|Final Product Assembly|Final Product Assembly|Final Product Assembly,Garments|fashion apparel|clothing|Suit (Men)|Pants| clothing|Garments| fashion apparel,False,famoso clothing company limited.
MM2022280YXSB5E,myanmar bago nt mode garment co. ltd.,"No. 243/244, Maga Street, Bogone,Hinnthargone Quarter, Bago Division, 999091 Bago Township, Bago Region",17.337754,96.508444,,,,,False,myanmar bago nt mode garment co. ltd.
MM2022286K3B8A3,"Ming Da Polyester Wadding (Myanmar) Co., Ltd.","Plot No. 48, Daw Phwar Shin Street, Hlaing Tharyar Industrial Zong(1)",16.9085185,96.07662,,,,,False,"ming da polyester wadding (myanmar) co., ltd."
MM2022286SKS12R,"Dong Long (Myanmar) Garment Co., Ltd","L7, L8, L9 AA New Ya Htar Street, AA Pyin Pa Dan Quarter, AA Naw Ya Htar Industry, Hlaing Thar Yar Township",16.8580508,96.0253882,,,,,False,"dong long (myanmar) garment co., ltd"
MM20222974F5VBG,"Crecimiento Industrial Myanmar Co., Ltd.","LOT NO.A4 ZONE(A) AREA, THILAWA SPECIAL ECONOMIC ZONE, THANLYIN TOWNSHIP, YANGON, ",16.6699485,96.2748947,,,,,False,"crecimiento industrial myanmar co., ltd."
MM2022305ANQ6VZ,WORLD  APPAREL MANUFACTURING ,"PLOT NO. (64), NO. (139/149), SHWE PYI THAR BRIDGE ROAD, INDUSTRIAL ZONE (3), SHWE PYI THAR T/S, YANGON",16.8978717,96.0451353,,,,Jackets|Coat,False,world  apparel manufacturing
MM2022305C9G47R,SHENGJIE  GARMENT ,"MYAY TAING BLOCK NO-25, SHWE LIN PAN INDUSTRIAL ZONE, YANGON",16.895999,96.0673714,,,,,False,shengjie  garment
MM2022305XBR0AJ,Erdos Myanmar Knitwear Company Limited.,"No (486, 458, 487), Myay Taing Block (25), Mee That Kan Street, Shwe Lin Ban Industrial Zone, Hlaing Tharyar Township, Yangon.",16.914015,96.0652719,,,,Skirt|Sweater,False,erdos myanmar knitwear company limited.
MM202230616EH2H,"Jinxing Printing Co.,Ltd","NO.221，DISTRICTS (2)    Yangon Myanmar Yangon  """,16.840939,96.173526,29,Yinku Plastics Industrial Corp.,,,False,"jinxing printing co.,ltd"
MM2022306TJ8726,Xiong Di (Myanmar) Computer Embroidery Factory,"NO.184，DISTRICTS (2)    　Yangon Myanmar Yangon  11401""",17.0668873,96.1146684,31,Yinku Plastics Industrial Corp.,,,False,xiong di (myanmar) computer embroidery factory
MM2022306Z6R66J,"Hydrodynamic Enterprise (Myanmar) Co., Ltd.","No.300 A / Kun Ryaar Kyang U Pying No(13/c), Ya Khaing Yoe Gyi Village,   Htantabin Township Myanmar Yangon  11401",17.0178856,95.9819191,1000,"Hydrodynamic Industrial Co., Ltd.",,,False,"hydrodynamic enterprise (myanmar) co., ltd."
MM2022331Y2M4RQ,BO DA ( MYANMAR ) FASHION COMPANY LIMITED,"No.239, U Myae Street, Shwe Lin Ban Industrial Zone, Hlaing Tharyar Township",16.914015,96.0652719,,,,,False,bo da ( myanmar ) fashion company limited
MM20223334STCYA,YLX Company Limited,"No. 105, Plot No #14, Shwe Than Lwin Industrial Zone, Hlaing Thar Yar Township, Yangon",16.866343,96.0347413,,,,,False,ylx company limited
MM2022335JX7E7P,"Lucky Fortune Co., Ltd.","No.90, Satsaya U Tun Street, Shwe Pyi Thar Industrial Zone (4), Insein Township, Yangon",16.9332733,96.0818999,,,,,False,"lucky fortune co., ltd."
MM20223361TTRG9,"Grand Enterprises Garment Co., Ltd.","Plot No.61, Kanuang Minthar Gyi Street, East Dagon Industrial Zone, 11421, Yangon Region, Myanmar",16.9004453,96.2315337,,,,,False,"grand enterprises garment co., ltd."
MM20223473N1KZS,SMK Mingaladon Co. Ltd.,"No. A-4, Highway Road and Khayaebin Road, Mingaladon Industrial Park, Yangon",16.9421429,96.1566754,1000-5000|1355|1000-5000|1000-4999,SMK International Co. ltd. |SMK INTERNATIONAL CO.LTD|SMK International Co. ltd.|SMK International Co. ltd.,Textile or Material Production|Textile or Material Production|Textile or Material Production,,False,smk mingaladon co. ltd.
MM2022347AN19D4,"Myanmar DYC Co., Ltd.","Plot No. C-5 & C-6 Mingaladon Industrial Park Mingaladon Township, Yangon",16.9421429,96.1566754,,,,,False,"myanmar dyc co., ltd."
MM2022349HVSCAB,Noatex Starry Myanmar Limited,"No.165, Twin Thin Taik Wun U Tun NyoSt, Shwe Lin Ban Industrial Zone, Hlaing Tharyar Township, Yangon, Yangon",16.9140322,96.0584878,,,,,False,noatex starry myanmar limited
MM2022351HTG43B,Unifa Handbag Myanmar Co Ltd,Plot No 67 Myay Taing Block No-14 Shwe Than Lwin Hlaing Thar Yar Township Yangon Yangon Region Shwe Than Lwin Industrial Zone,16.866343,96.0347413,,,,,False,unifa handbag myanmar co ltd
MM2022351Z25TT3,Lia International Company Limited,"No (41), Bamaw Atwin Wun Street, Hlaing Tharyar Industrial Zone (3), Hlaing Tharyar Township, Yangon.",16.9212186,96.0568096,,,,Sock,False,lia international company limited
MM2022351ZB2VS9,Shwe Sakar Company Limited,Lot No 659/B Thanlyin Thilawa Roda Alwansutt Village Yangon Thanlyin Township Thanlyin Industrial Zone,16.6741826,96.2858489,1000|1000|1936|1512|1000-16000,,,,False,shwe sakar company limited
MM2023002F40SEX,"Delta Mate Myanmar Co.,Ltd","Holding No - 1 / Ka, Plot No.7, 21,22,23,28,29. Block No.998A, Ma Kyi Kan Kwin, Ka Li Htaw (East) Village Tract, Hlegu Township",17.1526379,96.2429045,,,,,False,"delta mate myanmar co.,ltd"
MM20230316D0RN5,MYANMAR GIGI LEATHER GOODS,"PLOT 96   BLOCK 51   THAR DU KA,THAR DU KAN INDUSTRIAL ZONE",18.5131206,96.4663286,1001-5000|1001-5000|1001-5000|1001-5000|1001-5000|1001-5000,GIGI LEATHER GOODS LTD|GIGI LEATHER GOODS LTD|GIGI LEATHER GOODS LTD|GIGI LEATHER GOODS LTD|GIGI LEATHER GOODS LTD|GIGI LEATHER GOODS LTD,,,False,myanmar gigi leather goods
MM20230601HEV13,Da Hua (Myanmar) Company Limited,"Plot No.209,238 Myaung Dagar Steel Industrial Zone, Hmawbi Township",17.1533377,96.0255738,,,,,False,da hua (myanmar) company limited
MM2023060N1GPTX,KAMRA MANUFACTURING (MYANMAR) COMPANY LIMITED,"NO.56/A, SAT SAYAR U TUN LIN STREET, SHWE PYI THAR INDUSTRIES ZONE (4), SHWE PYI THAR TOWNSHIP, YANGON, MYANMAR.",16.969617,96.0732146,,,,,False,kamra manufacturing (myanmar) company limited
MM202306144AHR3,"XINDA HOME TEXTILE (MYANMAR) CO., LTD.","Plot No. 140 (A) (B) (D) (F), Myay Taing Block No. 42 Sethmu,Shwe Pyi Thar Township.",16.9753379,96.0785104,,,,,False,"xinda home textile (myanmar) co., ltd."
MM2023062KG9QZB,ZIRAN NONWOVEN(MYANMAR) COMPANY LIMITED,"MAUNG KHET STREET PLOT NO.(35)SHWE PYI THAR SETHMYU ZONE (4),",16.9753379,96.0785104,,,,,False,ziran nonwoven(myanmar) company limited
MM2023062N9RZ31,A Dream of Kind Garment Factory Company Limited,"No (272-273), (276-277), Mingalardon Garden City, Yangon Industrial Park, Mingalardon Township",16.9293714,96.1169,,,,,False,a dream of kind garment factory company limited
MM2023062NT8HM5,Tian Cheng (Singapore) Trading PTE Ltd,"Plot No.34,Myay Taing Block No.Part-4,Industrial Zone,Hlaing Tharyar Township",16.8819286,96.0573302,,,,,False,tian cheng (singapore) trading pte ltd
MM2023063SFVDVN,Chu Yang Myanmar Garment Company Limited,"Plot No 49, NO (303), Wartayar Industrial Zone,Shwe Pyi Thar Township,11411,Yangon,Myanmar",16.9753379,96.0785104,,,,,False,chu yang myanmar garment company limited
MM20230641M31CG,Gy Sen (Myanmar) Apparel Company Limited,"No (141), Myay Taing Block No (49/Wartayar) Bo Taike Chun Street, 23 Ward,Shwe Pyi Thar Township,11411,Yangon,Myanmar",16.9753379,96.0785104,,,,,False,gy sen (myanmar) apparel company limited
MM20230644Q8K01,Hesheng Myanmar Leather Company Limited,"No.37-38, Myay  Taing Block No.64 (Sethmu),  Shwe  Pyi  Thar  Township,Yangon,11411,Yangon,Myanmar",16.9753379,96.0785104,,,,,False,hesheng myanmar leather company limited
MM2023064DEQ5NQ,HENGRUN GARMENT COMPANY LIMITED,"No,278/11-14,U Tayote Street,Shwe Lin Ban Industrial，Hlaing Thar Yar，Yangon，Myanmar.",16.9200894,96.0706935,,,,Jackets,False,hengrun garment company limited
MM2023064ZDBBAQ,Jia Lian Company Limited,"300 A, West District Yoegyiyoelay Circle, Htantapin Township, Yangon.",17.0178753,95.98193580000002,,,,,False,jia lian company limited
MM20230651KRG5D,"Myanmar Haisheng Fashion Clothes Co., Ltd.","No.143, U Tun Nyo Street, Shwe Phyi Thar Industrial Zone 3, Shwe Pyi Thar  Township,",16.843738,96.0818436,,,,,False,"myanmar haisheng fashion clothes co., ltd."
MM20230655WKS2V,NEW TALENT INDUSTRIAL COMPANY LIMITED (Main),"NO. M1-02, MAUBIN INDUSTRIAL PARK",16.7260699,95.6484241,1300|1300,,,,False,new talent industrial company limited (main)
MM2023066B8QXYJ,SHWE FOF COMPANY LIMITED,"28 ,Thanchatwun U Nyunt East Dagon Extended Industry Zone, East Dagon",16.8026851,96.133844,,,,,False,shwe fof company limited
MM2023066CW3MBQ,"Royal White Elephants Co.,Ltd","No.27, Saik Pyoe Yae Street,,Ahmutan Ward",16.800605,96.1787448,,,,T shirt|Skirt|Jackets,False,"royal white elephants co.,ltd"
MM2023066E6E9PE,SHENG PING MANUFACTURING COMPANY LIMITED,"No-(87),KINGWINMYINGYI ROAD, HLAING THAR YAR Zone(4)",16.8819286,96.0573302,,,,,False,sheng ping manufacturing company limited
MM2023066J0E3K3,"Sanyuan Oversea Two (Myanmar) Apparel Manufacturing Co., Ltd.","No(13/D), Kawin No. (300/A), Rahkaing Yoe Gyi Billage, HtanTaPin Township,",17.0178856,95.9819191,,,,,False,"sanyuan oversea two (myanmar) apparel manufacturing co., ltd."
MM2023066KWK5XH,SHUANGXI (PATHEIN) GARMENT COMPANY LIMITED,"NO.C-13, PATHEIN INDUSTRIAL CITY (PIC), KAN GYI DAUNT TOWNSHIP, AYEYARWADDY REGION, MYANMAR.",16.7260308,94.7496774,,,,,False,shuangxi (pathein) garment company limited
MM2023066RS1D9N,SINOPROUD TW GARMENTS COMPANY,"Corner of Myawaddy Mingyi Street & Gayungar Street, No.(59),144-ward, South Dagon Industrial Zone, YANGON, MYANMAR.",16.6842708,98.5007116,,,,,False,sinoproud tw garments company
MM2023066S7JEJZ,SYSMM APPAREL MANUFACTURING COMPANY LIMITED,"Plot No.39 Block No.65(Satmu) Shwe Pyi Thar Industrial Zone (4), Shwe Pyi Thar Township.",16.9480376,96.0909909,,,,,False,sysmm apparel manufacturing company limited
MM2023066V0VTFC,SHUANGXI (MYANMAR) GARMENT LIMITED,"MATKHAYAR MINTHARGYI MGPHYO ROAD NO.101 HLAING THARYAR  INDUSTRIAL ZONE(2), HLAINGTHARYAR TOWNSHIP, YANGON REGION, MYANMAR.",16.8497944,96.0743979,,,,,False,shuangxi (myanmar) garment limited
MM202306707CEVA,Xin Cheng Xin Plastic Products Company Limited (Main),"Shwe Yin Aye Street No.128 Industrial Zone (5), Hlaing Thar Yar Township, 11401, Yangon, MM-06, Myanmar",16.8964754,96.0442176,,,,,False,xin cheng xin plastic products company limited (main)
MM2023067BNW4BS,Victor House Company Limited,"Plot No.101, Myay Taing Block No.14 (Shwe Than Lwin), Hlaing Thar Yar Township",16.866343,96.0347413,632|632|565|565|632,,,,False,victor house company limited
MM2023067QVTKFW,Tri-Win Leather Myanmar Company Limited,"No.91, Ayeyarwady Street, Shwethanlwin Industrial Zone,Hlaing Thar Yar Township,11401,Yangon,Myanmar",16.866343,96.0347413,680,,,,False,tri-win leather myanmar company limited
MM2023067RSRZ3S,True Green City Company limited,"PLOT NO.135,MYAY TAING BLOCK NO.49, WAR TAYAR INDUSTRIAL ZONE, SHWE PYI THAR TOWNSHIP,YANGON,MYANMAR.",16.9753379,96.0785104,,,,,False,true green city company limited
MM2023067T3NHBW,"YOYIKA GARMENT CO., LTD.","SHWE LIN BAN INDUSTRIAL ZONE,NO.339,MYAY TAING BLOCK 25,HLAING THAR YAR,YANGON REGION,MYANMAR",16.914015,96.0652719,,,,,False,"yoyika garment co., ltd."
MM2023067Y8PZR1,YU CHANG (MYANMAR) SPRAY COTTON CO.LTD,"No.(4)Main Road.Block No.11/3 & 13/4+14/1,Lot No.577,Kyaut Pone Kwin Ward. Innluk Village Tract",17.088147,96.057539,,,,,False,yu chang (myanmar) spray cotton co.ltd
MM2023075F8R545,Myanmar Shinwon Garment Company Limited (Main),"Pun hlaing golf estate road no. 599, Hlaing tharya, Yangon",16.8366892,96.097049,,,,,False,myanmar shinwon garment company limited (main)
MM2023075FXS3D2,DA MEI GARMENT COMPANY LIMITED,"Plot No.154/171, May Tai No. Section 5, Industrial Zone 5, Corner of Saba St and Shwe Yin Aye Chuang St.,Hlaing Thar Yar Township",16.8819286,96.0573302,,,,,False,da mei garment company limited
MM2023079BVWSM0,"GENESIS MYANMAR GARMENT CO., LTD.","Myay Taing Block,NO.113,Industrial Zone, Dagon Myothit (East) Township",16.9333352,96.3013432,,,,,False,"genesis myanmar garment co., ltd."
MM202308411P1T0,"Kanaan International Co., Ltd","Plot #235, Myay Taing Quarter No. 49 Wartayar Industrial Zone Shwe Pyi Tar Township Yangon Myanmar",16.9753379,96.0785104,,"KANAAN CO., LTD",,,False,"kanaan international co., ltd"
MM2023084YBSXYA,LHM GARMENTS HANGERS & ACCESSORIES CO LTD,"No 79 Pyin Si Min Tar Gi Street,  Shwe Lin Pann Industrial Zone,  Yangon, Myanmar",16.840939,96.173526,,Mainetti,,Packaging|Hangers & Accessories|PPE Materials|Labels|Tags|RFID,False,lhm garments hangers & accessories co ltd
MM2023086RSF4D0,"Bellmart (Myanmar) Co.,Ltd","Plot No. 16-17, Bago Industrial Complex (Foreign Industrial Zone), Nyaung Inn Village, Bago Township, Bago Region, Myanmar",17.254495,96.4592959,,"Bellmart Industrial Co., Ltd",,,False,"bellmart (myanmar) co.,ltd"
MM2023086W7AVYN,Heng Mei Company Limited (Main),"Shwe Lin Ban Industrial Zone, Plot No. 174, 175, Block No. 25, Hlaing Thar Yar",16.914015,96.0652719,788|1000|788|788,,,,False,heng mei company limited (main)
MM2023088Y126E6,Myanmar Sumec Win Win Garments Company Ltd  Factory-2 Paper Mill Yeni ,Yedashe Tsp Taungoo District Bago Region Bago Myanmar ,19.1588302,96.3465379,1363|969|1158|969,,,,False,myanmar sumec win win garments company ltd  factory-2 paper mill yeni
MM2023097CATNXK,Global Thai (Myanmar) Fiber Product Company  Limited ,"No. 182, Seikkanthar Road  Hlaingtharya Development Zone  11401 Yangon City, BURMA, MYANMAR ",16.836813,96.083562,,,,Polyester Padding,False,global thai (myanmar) fiber product company  limited
MM20231007RZQZP,KORACE LIMITED,"No.15, Public Works Compound, 14-3 Blocks,,Mitta Road, South Okkalapa, Township,",16.8489249,96.179216,925,,Final Product Assembly,,False,korace limited
MM20231012R3189,Golden Island (Myanmar) - KGG,Shwe Lin Ban Industrial Zone Plot No 185/186 Myay Taing Blockno 25  Hlaing Thar Yar Township Yangon,16.9022615,96.0652719,,,,,False,golden island (myanmar) - kgg
MM2023117BPTJ6X,"Shi An (Myanmar) Garment Co., Ltd.","No. 277 Set Mu Zone (2), Kanaungminthrgyi Street Hlaing Thar Yar, Yangon",16.833146,96.2302353,1001-5000|1001-5000,,,,False,"shi an (myanmar) garment co., ltd."
MM2023117GTZ3QD,"Seo Ho International Co., Ltd","U Paing No. 21+R+West 7, West S+L/2, Kwin no. 6/2, Pyitawthar Village Group, Hlegu Township, 11181 Yangon",16.840939,96.173526,1000|1001-5000|1-1000|501-1000|501-1000,,Final Product Assembly|Final Product Assembly|Final Product Assembly|Final Product Assembly,Accessories|Accessories,False,"seo ho international co., ltd"
MM2023125WK7HG0,"Vent D'est Pathein Clothing Co., Ltd.","Plot No - (C 41 & C 42), Pathein Industrial City,Kangyidaunt Township,10011,Ayeyarwady,Myanmar",16.7753609,94.7381013,,,,,False,"vent d'est pathein clothing co., ltd."
MM20231294N1YEK,Hengrun (Myanmar) Garment Company Limited,"No (18), Mya Yadanar Street, Mya Sein Yaung Industrial Zone,Hlaing Tharyar Township,11401,Yangon,Myanmar",16.9540115,96.0680731,,,,,False,hengrun (myanmar) garment company limited
MM2023129JMV0DV,Shan  Dong Huayi (Myanmar) Industry Company Limited,"No. (278/8), Corner Hlay Thin Atwin Wun U Chain Street and Sayar San Street, Shwe Lin Pan Zone,,Hlaing Thar Yar Township,11401,Yangon,Myanmar",16.8470857,96.0752172,,,,,False,shan  dong huayi (myanmar) industry company limited
MM20231320PGKBB,KING FOAM INDUSTRIAL COMPANY LIMITED,"Oakthapayar Street, No. 51 Thardukan Industrial Zone(1), Shwe Pyi Thar Tsp, Yangon Region, 11411, Myanmar",16.9837444,96.0932972,,,,,False,king foam industrial company limited
MM20231368CV453,"MYANMAR COTTON SPINNING GARMENT ACCESSORIES CO., LTD","Plot No. 93/A, HlaingTharYar Industrial Zone (3), HlaingThar Yar Township",16.8819286,96.0573302,,,,,False,"myanmar cotton spinning garment accessories co., ltd"
MM2023140FBHWW9,"YANGON NADIA-PACIFIC CLOTHING CO., LTD","INDUSTRIAL ZONE-4, NO.64/65, PYINSI MINTHARGYI ROAD,",16.8592266,96.0561455,,,,,False,"yangon nadia-pacific clothing co., ltd"
MM2023142BGGXXD,"Taieasy International Co., Ltd (Taiwan)","No. (342,3/344), 7th Street, Yangon Industrial Zone, Mingalardon Township",16.9969497,96.1420947,,,,,False,"taieasy international co., ltd (taiwan)"
MM20231589QZD94,"Hundred Garment Myanmar Co., Ltd","Plot No.140, Myay Taing Block No.51, Thar Du Kan Industrial Zone, Shwepyithar Township, Yangon Region, Myanmar",16.9879078988031,96.0925869130607,,,,Jackets|Warm Coat,False,"hundred garment myanmar co., ltd"
MM2023158G6ZS52,Eternal Ease Myanmar Garment Limited,"No (133-134), Nawarat Street, Thar Du Kan Industrial Zone, Shwe Pyi Thar Township, Yangon.",16.9845706,96.0922922,501-1000|501-1000,,,Knitting Wear|Knitting wears,False,eternal ease myanmar garment limited
MM2023158GDDRQ8,"Jia Mei Garment Co., Ltd.","Plot.(103-A), Myay Taing (42) Ward, Ka Naung Min Thar Gyi Street, Shwe Pyi Thar Township, Yangon., Shwepyithar, YANGON Myanmar",16.9485491634989,96.094278204315,,,,Trousers|Shorts|Pullover|Denim|Coat|Jackets|Jeans,False,"jia mei garment co., ltd."
MM2023159HV52NR,Site 2 Yangon Factory,"No. 44 , Mya Street, Thar Du Kan Industrial Zone, Shwe Pyi Thar Township, Yangon, Yangon",16.9753379,96.0785104,,,,,False,site 2 yangon factory
MM202317746D61E,Active Pleasure Limited,"Plot-92, Block (14), Shwe Than Lwin Industrial Zone, Hlang Tharyar Tsp",16.8616045,96.0436954,,,,,False,active pleasure limited
MM2023177QYM32Y,Kei Lock Fashion Trading Limited,"Myanmar Jiale Fashion Co., Ltd. No. (13), Min Aye Yor Road, Shwe Than Lwin Industrial Zone, Hlaing Thar Yar Township,",16.866343,96.0347413,,,,,False,kei lock fashion trading limited
MM2023177REYXF0,"Double Packing (Myanmar) Co., Ltd.","No (20), Block D5-D11-D12, Mya Yadanar Street, Anaw Yahtar Industrial Zone, Hlaing Thar Yar Township",16.8819286,96.0573302,,,,,False,"double packing (myanmar) co., ltd."
MM2023181EC37EX,Manufacturer GFT Enterprise Company Limited,"PLOT NO.26/1,KWIN NO.691(KANTAWKANKWIN)BAGAN STREET,MINGALAR QUARTER, TAIKKYEE TOWNSHIP,YANGON REGION,MYANMAR. , 113801 TAIKKYI, Yangon",17.2884448,95.9846616,1000,,,,False,manufacturer gft enterprise company limited
MM2023193S80MNR,HERI GARMENT,"FIield No. 1249, Gway Chaung, U Paing No. 145/B, Gon Min Myaung Village Group,  Tharyawaddy TSP., Bago Division",17.6728167,95.78793,,,,T shirt,False,heri garment
MM2023195HS719B,"Jinli Knitting & Spinning Co., Ltd. (Unit -2)","Plot No. 464-Ka, Myay Taing No. 25, Shwe Lin Ban Industrial Zone, Hlaing Thar Yar Township, Yangon Region, Myanmar.",16.914015,96.0652719,,,,,False,"jinli knitting & spinning co., ltd. (unit -2)"
MM202319827FRHM,BAGO SPORTS GLOVES COMPANY LIMITED,"WARD NO. (9), BAGO OAKTHAR MYOTHIT ,PLOT NO.(42), LOCAL INDUSTRIAL ZONE,BAGO TOWNSHIP,BAGO REGION,Bago",17.2733605,96.454676,603,"Bago Sports Gloves Co., Ltd",,,False,bago sports gloves company limited
MM20232284P4REH,Jiashihao Knitted Limited,"Plot No. 42/ Sethmu, Myay Taing Block No. 77/ KA(1), Shwe Pyi Thar Township",16.9753379,96.0785104,889,,,,False,jiashihao knitted limited
MM2023229K94ZZC,"Eternal Fashion Co., Ltd.","Plot No. (D-9, D-10), Myay Taing Block No. 20, Anawarahta Industrial Zone, Hlaing Tharyar Township,",16.8819286,96.0573302,748,,,,False,"eternal fashion co., ltd."
MM2023229T6SSMM,TIAN CHENG PEN JIAO MIAN (MYANMAR) COMPANY LIMITED,"Plot No .34, Myay Taing Block No .Part-4, Industrial Zone, Hlaing Thar Yar Township",16.8819286,96.0573302,,,,,False,tian cheng pen jiao mian (myanmar) company limited
MM20232480QV5DK,Thiri Myan Kaung Company Limited,"Block No. (986A), Kyoon K Alay, Shwe War Myay, Hlegu Township,  Yangon, Yangon",17.07525,96.180225,,,,,False,thiri myan kaung company limited
MM20232480T078R,hunter textile co. ltd.,"Plot No. 28, No Party-4, Industrial ZoneHlaing Tharyar Township, 11401 Yangon, Rangun",16.840939,96.173526,,,"Final Product Assembly|Final Product Assembly|Final Product Assembly|Textile or Material Production|Printing, Product Dyeing and Laundering|Final Product Assembly|Final Product Assembly|Final Product Assembly",,False,hunter textile co. ltd.
MM20232484REMR5,Indochine International Hong Kong,"Hong Tex Company Limited, Yangon Plot no. (457&460), Yaw Ah Twin Won U Poe Hlaing Street, Yangon",16.9062492,96.0655656,,,,,False,indochine international hong kong
MM20232487068VZ,"Yun Long Printing Factory Co., Ltd.","Plot No. 16-17, Nyaung Inn Village, Foreign Industrial Zone, Bago Township, Myanmar",17.2504782,96.4532158,,,,,False,"yun long printing factory co., ltd."
MM20232488NRY79,"Shuangxi (Pathein) Garment Co., Ltd.","Plot No. (13C), Pathein Industry Ayeyarwaddy Region, 10011 Pathein, Irawadi",16.7995933,94.7668092,,,,,False,"shuangxi (pathein) garment co., ltd."
MM2023248ACWSHB,"Guangdong Textiles Imp. & Exp. Co.,Ltd.","FU YUEN GARMENT COMPANY LIMITED, Yangon No.198/1, Ka Naung Min Thar Gyi Road Dago Seikkan Tsp, Yangon",16.8562327,96.0819578,,,,,False,"guangdong textiles imp. & exp. co.,ltd."
MM2023248EMQZT1,Myanmar Jiale Fashion Company Limited Factory (2),"Shwe Lin Ban Industrial Zone Plot No. 44, Block No. 25,  Yangon, Yangon",16.914015,96.0652719,,,,,False,myanmar jiale fashion company limited factory (2)
MM2023248K8M659,"Hyatt Knitwear Co., Ltd. ","No. 105, Corner of Than Lwin street and Ayeyar street, HlaingTharyar Industrial Zone 5, Yangon, Myanmar, 0 Yangon, Lower Myanmar",16.8431114,96.22478850000002,,,,,False,"hyatt knitwear co., ltd."
MM2023248MFVXGT,Indochine International Hong Kong,"SHWE MINGALAR CO., LTD, Yangon Ahkwet No. 25/26. Yangon Industrial Zone, Yangon",16.7756064,96.1530331,,,,,False,indochine international hong kong
MM2023248P2589X,Indochine International Hong Kong,"KPH Manufacturing Co., Ltd., Yangon No. 7+8 Innwa St., Shwe pauk Kan Ind. Zone, Yangon",16.8492561,96.1769208,,,,,False,indochine international hong kong
MM2023248RNECH7,Indochine International Hong Kong,"Princess Power Manufacturing Co., Ltd., Yangon No. 18/212, Kanaung Min Thar Gyi Street,  Shwe Paukkan Industrial Zone,  North Okkalapa, Yangon",16.918861,96.0830041,,,,,False,indochine international hong kong
MM2023248SEYXAV,Indochine International Hong Kong,"Inzali Thidar Co., Ltd, Yangon # 314/315,C. o. Kanaung 8. St.+Makkhaya MinTar Gyi St. 19 W., Yangon",16.80534,96.1225275,,,,,False,indochine international hong kong
MM2023248VAMPB9,Indochine International Hong Kong Company Limited,"Shwe Zin Aye Garment & GeneralTrading Co - Op Society Ltd., Yangon #56, U Pho Hlaing S. Shwe Pauk Kan Ind. Zone, North Okkalapa, Yangon",16.9356586,96.1964586,,,,,False,indochine international hong kong company limited
MM2023248X0ZF2W,Indochine International Hong Kong,"SHWEYI ZABE GARMENT MANUFACTURINGCO., LTD, Yangon Plot No.25, Shwe PYI Thar Bridge Rd, Yangon",16.8978717,96.0451353,,,,,False,indochine international hong kong
MM2023248XTAJY0,"S Cheer HK Co.,Limited","LAT WAR COMPANY LIMITED, Yangon #70/71A,C. o. MinGyiMahar Min Khaung St Hlaing Tharyar, Yangon",16.8665382,96.1275067,,,,,False,"s cheer hk co.,limited"
MM2023248XYEQWB,Indochine International Hong Kong,"Golden KTK Co., Ltd., Yangon #180/181, Watmasot Won Dauk St. 144 Ward, Ind. Zone2 (Ext), Yangon",16.882356,96.2505126,,,,,False,indochine international hong kong
MM2023248YCB0X1,"Maiyibei (Yangon) Garment Manufacturing Co., Ltd","Padauk Street, Shwe Lin Pan Industrial Zone, 11401 Hlaing Thar Yar Township, Yangon",16.8814375,96.0753906,,,Final Product Assembly,,False,"maiyibei (yangon) garment manufacturing co., ltd"
MM2023248ZR2FSG,North Shore Group Co. Ltd (NSGII),"Pathein #21,22,23,29,30,31 - Plot No. 52, Industrial Zone, Ward 13 Township Ayarwaddy Division (Myintzu Road), 4222 Pathein, Ayeyarwady",16.7753609,94.7381013,574|501-1000,,Final Product Assembly,Outdoorwear|Sport Wear|Rain Coats|Jackets|Down Jackets|Knitter Wear,False,north shore group co. ltd (nsgii)
MM2023264B8N2TH,MYANMAR RUI XIN SHOES COMPANY LIMITED,"PLOT NO.(E8)(E6）MYA SEIN YAUNG INDUSTRY ZONE,HLAING THAR YAR TOWNSHIP,11181,Yangon,Myanmar",16.9540115,96.0680731,,,,,False,myanmar rui xin shoes company limited
MM2023264QMC2CJ,Uni-Win Leather Myanmar Company Limited,"Htamin Sote Kone, Holding No.(58/Kha), Pike Gyi Wel Village, Kwin No.(1036/A),Hlegu Township,11181,Yangon,Myanmar",17.0948072,96.2110521,,,,,False,uni-win leather myanmar company limited
MM2023264WGNZ8N,JIA XIN (MYANMAR) GARMENT COMPANY LIMITED,"SURVEY BLOCK NO. 49, WAR TA YAR INDUSTRIAL ZONE, PLOT NO 109,SHWE PYI THAR TOWNSHIP,11411,Yangon,Myanmar",16.9775125,96.0413906,,,,,False,jia xin (myanmar) garment company limited
MM20232820A4ZSK,Asdet (Myanmar) Garment Company Limited,"Shwe Lin Ban Setmhu Myo, Plot No.458. Myay Taing Block No. 25, HLaing Thar Yar, 11401, Yangon, MM-06, Myanmar, MM.",16.9118172,96.0559773,593|959|959|959,"ASDET GARMENT COMPANY LIMITED|GOLDEN CREDIT (HK) CLOTHING CO., LIMITED|GOLDEN CREDIT (HK) CLOTHING CO., LIMITED",,Underwear,False,asdet (myanmar) garment company limited
MM2023305R7AEZZ,Diamond Island Company Limited,"No. 19/327, Shwe Pauk Kan Industrial Zone, Matkhayar Min Thar Gyi Street,North Okkalapa Township,11031,Yangon,Myanmar",16.8874548,96.1881281,,,,,False,diamond island company limited
MM2023314SH2KKV,"Jing Rui Apparel (Myanmar) Co.,Ltd","Plot No. 161-162, Myaung Da Kar Than Ma Ni Industrial Zone, Hmawbi Township,",17.1533377,96.0255738,,,,,False,"jing rui apparel (myanmar) co.,ltd"
MM2023332AT6N2A,BASF Myanmar Ltd.,"04-18 Sedona Hotel Yangon, Kaba Aye Pagoda road, 11081 Yangon Township, Myanmar",16.8293151,96.155012,,BASF SE,, Petrochemicals | Nutrition | Care Chemicals | Surface Technologies| Materials| Performance Materials | Resins | Monomers| Agricultural Solutions | Dispersions | Chemical Intermediates | Coatings | Performance Chemicals|  Nutrition & Care|  Industrial Solutions | Catalysts ,False,basf myanmar ltd.
MM2023341EEX6QZ,"Myanmar Chun Hung Weaving Manufacturing Co.,Ltd","No(23),U Shwe Oae Lane (2) Industrial Zone(2),Hlaing Tharyar Township,Yangon,Myanmar",16.8785655,96.056975,,,,,False,"myanmar chun hung weaving manufacturing co.,ltd"
MM20233437X563X,ALLAND FASHION LIMITED,"PLOT NO. 63, MYAY TAING BLOCK NO. PART (3), INDUSTRIAL ZONE,HLAING THARYAR TOWNSHIP,",16.8819286,96.0573302,,,,,False,alland fashion limited
MM2023347AXJARA,"MYANMAR JIALE FASHION CO., LTD","PLOT NO. 44, MYAY TAING BLOCK NO. YA LA PA – 25, 11401 Yangon, Myanmar (Burma), MM",16.840939,96.173526,,,,,False,"myanmar jiale fashion co., ltd"
MM2023348KV03YZ,"G & F (MYANMAR) GARMENT CO., LTD.","OO PAING NO., 8KA/4, KWIN NO. 999-A KALI HTAW, EAST KALI HTAW VILLAGE, HLEGU TOWNSHIP NORTH DIVISION, YANGON REGION, MYANMAR",17.0948072,96.2110521,540|540|485|540|540|540,"KAM WING (HONG KONG) GARMENT CO LIMITED|KAM WING (HONG KONG) GARMENT CO LIMITED|KAM WING (HONG KONG) GARMENT C O., LIMITED|KAM WING (HONG KONG) GARMENT CO LIMITED|KAM WING (HONG KONG) GARMENT CO LIMITED|KAM WING (HONG KONG) GARMENT CO LIMITED",,,False,"g & f (myanmar) garment co., ltd."
MM2023359M7GGM1,TEN DA (MYANMAR) CLOTHING COMPANY LIMITED,"Plot No(4),No.(115),Wet Ma Swat Wun Htout Road , Hlaing Thar Yar Industrial Zone (4),",16.8819286,96.0573302,,,,,False,ten da (myanmar) clothing company limited
MM202400371JQH7,"Myanmar Century Liaoyuan Knitted Wear  Co.,Ltd.","Plot No .70, Myay Taing Block No. 24, Ngwe Pin Lae Industrial Zone, Hlaing Tharyar Township, 11181 Yangon",16.8819286,96.0573302,501-1000,,,Knitting wears,False,"myanmar century liaoyuan knitted wear  co.,ltd."
MM2024010E2RA8X,GUST (MYANMAR) GARMENT COMPANY LIMITED,"No-79, MIN AYAR STREET AND AYARAWADDY STREET CORNER SHWE THAN LWIN INDUSTRIAL ZONE, HLAING THAR YAR TOWNSHIP",16.866343,96.0347413,,,,,False,gust (myanmar) garment company limited
MM2024018B5KJAA,"MYANMAR SOCKS CO., LTD","PLOT NO.(24/A,25/A),MYAY TAING BLOCK NO.(521/C),KOE LONE KWIN TAUNG,MINGALADON TOWNSHIP,",16.9969497,96.1420947,,,,,False,"myanmar socks co., ltd"
MM2024022001HXN,"Kfine International Garment (Myanmar) Co., Ltd","OoPaing No.(1/Ka), Kwin No. (652-Ga) East A Wine Kwin, A Wine Village,Bago Township",17.3220711,96.4663286,,,,,False,"kfine international garment (myanmar) co., ltd"
MM20240220ATHFA,"Champion Winner Group, Ltd.","Plot No. 255, Myay Taing Block No. 49, Wartayar Industrial Zone",16.9981503,96.0538379,,,,,False,"champion winner group, ltd."
MM20240220M1N5N,Smooth World International (Myanmar),"Shwe Min Wun Rd, Inntakaw Village, Bago Township",17.178089,96.345579,,,,,False,smooth world international (myanmar)
MM20240221QXM7P,Jia Mei Carton Products,"NO.23, U Pho Hlaing Street",16.8782673,96.0546667,,,,,False,jia mei carton products
MM20240221ZE3KA,"Kingsrich (Myanmar) Fashion Co., Ltd.","No.(39/1,2,3),YayPyar Street, Shwe Pyi Thar Industrial Zone",16.9434687,96.0690125,,,,,False,"kingsrich (myanmar) fashion co., ltd."
MM2024022231CQF,Skytex Myanmar,"NO.649,NO14/1&15/1, Kali Tapkalay Village",17.391813,96.521812,,,,,False,skytex myanmar
MM202402239T7BY,Global Genus Partners,"72, Mingalardon Garden City, 2nd St., Yangon Ind. Zone",16.9343587,96.156176,,,,,False,global genus partners
MM202402263QCZH,Xin De (Myanmar) Printing,"Plot No 49/370, Wartayar Industrial Zone",16.9753379,96.0785104,,,,,False,xin de (myanmar) printing
MM2024022940F57,"STARTEX MANUFACTURING CO., LTD","Block No (39), Plot No (50), Set Hmu Main Road, Shwe Pyi Thar Industrial Zone (2)",16.9753379,96.0785104,,,,Shirt|Rain Coat|Jackets|Pants,False,"startex manufacturing co., ltd"
MM202402298PR27,Golden Precise Embroidery,"8, Maung Than St., Shwe Linban Industrial Zone",16.9022615,96.0652719,,,Textile or Material Production,,False,golden precise embroidery
MM20240229H7WHM,Green Nature,"No-29/30,Min Theindi Kyaw Swar Street,Shwe Lin Ban Industrial Zone",16.9022615,96.0652719,,,,,False,green nature
MM2024022AQHRZF,GT Industrial,Holding No. (56/2) Kwin No. (1173 Bue Lei Inn Kwin) Bue Lei Inn Village Tract,17.2249572,96.4476693,,,,,False,gt industrial
MM2024022B6C65E,"Kido Yangon Co., Ltd.","Plot No.16-KA-2, Myay Taing Block No.518-A, Satthwadaw-West, Satthwadaw Village Tract, Hmawbi Township, Yangon Region, Myanmar",17.0609383,96.1179717,,"Kido Industrial Co., Ltd.",,,False,"kido yangon co., ltd."
MM2024022C9ZQM5,Keys Shine Company Limited,"No (6/59, 6 to 8, 10, 13), Oa Kwin No (218-A), Kyaukse Industrial Area, Kyaukse Township, Mandalay Region.",21.605223,96.1333119,,,,Warm Coat|Rain Coat|Coat,False,keys shine company limited
MM2024022E1E48F,Yangon Wan Ping Garment,"Land No. (44 and 45), Land Survey Area Ward, Myaungtakar Steel Industry Zone, Hmawbi Township, Yangon Region",17.1533377,96.0255738,1501-2000|2001-4000|1001-2000|2001-4000|1001-2000|1001-1500|1001-1500|1501-2000|1501-2000|2001-4000|2001-4000|2001-4000|2001-4000,,,,False,yangon wan ping garment
MM2024022GSAD5B,"Qi Cai Myanmar Co.,Ltd.","Plot No. 7, Myay Taing. Block No.25, Shwe Lin Pan. Sethmu Myo , Hlaing Thar. Yar Township,Yangon",16.8814375,96.0753906,,,,,False,"qi cai myanmar co.,ltd."
MM2024022JBT9SZ,Myanmar Ju Jian Paper,No 382 ward， Wartharyar industrial Zone,16.9902065,96.0607873,,,,,False,myanmar ju jian paper
MM2024022JE2XX2,Ruifa Enterprise,"Plot No (501), Myay Taing Quarter No (25), Padauk Street, Shwe Lin Ban Industrial Zone",16.9022615,96.0652719,,,,,False,ruifa enterprise
MM2024022KM44ZM,LAT WAR GARMENT,"No.B-73,Min Thatedi Kyaw Swar Street, Hlaing Tharyar Industrial Zone (3)",16.8819286,96.0573302,,,,,False,lat war garment
MM2024022M0TZK6,Spring Moon Garment Manufacturing Company Limited,"No (123-A), Wet Ma Sout Win Htaut Street, Hlaing Tharyar Industrial Zone (4), Hlaing Tharyar Township, Yangon.",16.8819286,96.0573302,,,,Rain Coat,False,spring moon garment manufacturing company limited
MM2024022M29W01,"FLARE STAR GARMENT MANUFACTURING CO., LTD.","U Myu Street, No.41, Shwe Pyhi Thar Industrial Zone(4), Insein Township, Yangon Region, Myanmar",16.9232414,96.0839722,612,"HONOURWAY SHARE CO., LIMITED",,,False,"flare star garment manufacturing co., ltd."
MM2024022NJV8TA,Yun Long Dyeing,"87, Pyin Si Min Thar Gyi St., Industrial Zone (4)",16.9008479,96.1043302,51-500,,,Dyeing,False,yun long dyeing
MM2024022PGT3FR,"Star Sandar Garment & General Economic Co-op Society, Ltd.","No.33, Shwe kyee Street, Sint Ngu War",16.917,96.0955,,,,,False,"star sandar garment & general economic co-op society, ltd."
MM2024022RQQTQX,Hige Fashion Accessories,"Land No. 48, Land Survey No. 25, Shwe Lin Pan Industrial Zone, Hlaing Tharyar Township, Yangon Region",16.9184158,96.0592979,101-500|101-500|101-500|101-500|101-500|501-1000|501-1000|501-1000|1-500|501-1000|1-500|501-1000|501-1000,,Textile or Material Production,,False,hige fashion accessories
MM2024022SBAS5J,"Primseng Guo (Myanmar) Apparel Co., Ltd","No.144, 145, 146, Myay Taing Block No.49, Wartayar Industrial Zone, Shwe Pyi Thar Tsp",16.9981503,96.0538379,,,,,False,"primseng guo (myanmar) apparel co., ltd"
MM2024022V9Y56K,Golden Thepareg,"No (476), Mogok Street, Ward (23), South Dagon Industrial Zone (1)",16.8704983,96.2429045,,,,Short Pants|Shirt|Pants,False,golden thepareg
MM2024022VYWRD0,Colorful Fashion Limited,"Oo Paing No 38, Land Block No(A/620), West Mae Khone village",21.916221,95.955974,,,,,False,colorful fashion limited
MM2024022WR43GH,Huasheng Washing,"Plant No(439) Seik Kan Rd, Shwe Lin Ban Industrial Zone",16.9224391,96.0727001,,,"Printing, Product Dyeing and Laundering",,False,huasheng washing
MM20240242DD4GR,"Ever Lead(Myanmar) Lingerie Co., Ltd.","Plot no # 1036(A), Hta Min Scope Kone, Pike Gyi well Village Group, Hlegu Township, Yangon, Myanmar",17.1015065,96.2292797,883,"GOLDEN CREDIT (HK) CLOTHING CO., LIMITED",,,False,"ever lead(myanmar) lingerie co., ltd."
MM20240266WQEWD,ASIA LINK (MYANMAR) FASHION COMPANY LIMITED,"Plot No. 85, Myay Taing Block No. 51, Thardukan Industrial Zone",16.9847142,96.0926141,,,,,False,asia link (myanmar) fashion company limited
MM2024044XVKPZA,HK ADELE (MYANMAR)ACCESSORIES LIMITED,"Between 8th Street & 9th Street, No. 107/108, Yangon Industrial Zone,North Okkalapa,11031,Yangon,Myanmar",16.840939,96.173526,,,,,False,hk adele (myanmar)accessories limited
MM2024046HRQF3Y,TENG HUI (MYANMAR) KNITTING COMPANY LIMITED,"NO.8/KHA, KWIN NO.300/A, RAKHINE YOE GYI VILLAGE TRACT, HTANTABIN TOWNSHIP, 11391 Yangon",17.0178753,95.98193580000002,2501-3000|2501-3000|2501-3000|2001-4000|1-500|1-500|1-500|1-500|2001-4000|1-500|2001-4000,,,,False,teng hui (myanmar) knitting company limited
MM20240525QF4YP,"Very Impressive Prospect Co., Ltd.","Plot No. 238/239/240, Myay Taing Block No. 49, Wartayar Industrial Zone, Shwe Pyi Thar Township, Yangon",16.9753379,96.0785104,,,,,False,"very impressive prospect co., ltd."
MM2024052WWFXHY,"Wide Vision Enterprise Co., Ltd, ","Sethmu-19,20,21,81, Plot No. (1), Kan Gyi Kone Kwin, Ward No. (4), Htantabin Township, Yangon Region, Myanmar",17.0178753,95.98193580000002,,,,,False,"wide vision enterprise co., ltd,"
MM2024052Y7KW0X,SHENG FENG SHI YE COMPANY LIMITED,"CORNER OF BAMAW ATWIN WUN ROAD AND SEIKKAN THAR ROAD,,NO.111 HLAING THARYAR INDUSTRIALZONE (3),",16.7688409,96.1566754,,,,,False,sheng feng shi ye company limited
MM20240537G470C,"MYANMAR BESTFORTUNE GARMENT CO.,LTD","PLOT NO.29, MYAY TAING BLOCK NO.51, THAR DU KAN INDUSTRIAL ZONE,SHWE PYI THAR TOWNSHIP,11411,Yangon,Myanmar",16.9441383,96.083571,,,,,False,"myanmar bestfortune garment co.,ltd"
MM20240712JKJ58,YUZANA,"Aw Gyi, Khamaukgyi, Myanmar",10.410228,98.618752,,,,,False,yuzana
MM2024078CW5TB3,Hyatt Knitwear Company Limited,Plot No 105 Ayeyar Street Hlaing Tharyar Township Yangon Myanmar,16.837243,96.127383,180,H and P Knitwear Company Limited,"Printing, Product Dyeing and Laundering",,False,hyatt knitwear company limited
MM20241284XXHB7,Myanmar Huasheng Golden Fashion Company Limited,"Factory (2#), Plot No. P1, Myay Taing Block No. (20), Anawrahta Industrial Zone, Hlaing Thar Yar Township; 242332 (Yangon)",16.8819286,96.0573302,,,Final Product Assembly|Final Product Assembly,,False,myanmar huasheng golden fashion company limited
MM20241286SXARB,Jty (Myanmar) Company Limited,"Plot N0-89, Mahuyar Street, Thar Du Kan Industrial Zone, Shwe Pyi Thar Township, Yangon Regon, Myanmar; 1141 (Yangon)",16.871483,96.0580194,,,Final Product Assembly,,False,jty (myanmar) company limited
MM20241376BY703,"GUOTAI FUHUA GARMENT (MYANMAR) CO., LTD.","No.46, Ngwe Pin Lal Industrial Zone Block No.24 Hlaing Thayar, Yangon, Myanmar.",16.850826,96.1155932,1684,FORTUNE RICHES LIMITED,Final Product Assembly,,False,"guotai fuhua garment (myanmar) co., ltd."
MM20241378Y2T0F,"JOYFUL (MYANMAR) GARMENT CO., LTD.",NO 39/40 SHWE LIN BAN INDUSTRY ZONE HLAING THAR YAR TOWNSHIP,16.914015,96.0652719,1664,JOURNEY OUTDOORS PTE LTD,,,False,"joyful (myanmar) garment co., ltd."
MM2024137D5N7XR,"MAISHA (MYANMAR) GARMENT CO., LTD.","No.19 & 20, Myay Taing Block No.112 (Industrial Zone), East Dagon Township, Yangon",16.9333352,96.3013432,884|1967,M AND T FASHION PTE LTD,,,False,"maisha (myanmar) garment co., ltd."
MM2024137W8XQ9E,"XIN RUI CLOTHING CO., LTD.","NO . 249, Sayarshan Street, Shwe Lin Ban Industry Zone, Hlaing Thar Yar, Yangon. Yangon",16.914015,96.0652719,412,"JIANGSU GTIG EASTAR CO., LTD.",,,False,"xin rui clothing co., ltd."
MM2024178W004YG,TUV Rheinland Representative Office,"MWEA Tower # 1-06, 288/290 Shwedagon Pagoda Road Dagon Township, Yangon 11191",16.7822324,96.1537756,,,,,False,tuv rheinland representative office
MM2024202MYQ4P9,AROMA GOURMET CONCEPTS LTD.,"No. 27, Nawaday Street (2), Kaba Aye, Mayangone T/S, Yangon, Myanmar",16.784017,96.1569821,,Lavazza,,Coffee,False,aroma gourmet concepts ltd.
MM20242113E8AQ0,"Kayah Farmer Development Co., Ltd.","No. 2 Street, Southern Shan Ward, Bawlakhae Township, BawLaKhae",19.0897685,97.5182805,,,,,False,"kayah farmer development co., ltd."
MM20242113RCC4X,Ecoma Organics Consultancy Limited,"F-3A. Kantharyar Street, 4 Ward, FMI City, Hlaing Tharyar TSP, Yangon",16.8077414,96.2139181,,,,,False,ecoma organics consultancy limited
MM202421161JV3X,CBL MYANMAR (PVT) LTD.,"No. 4, U Shwe Pin Road, Shwe Lin Pan Industrial Park, Hlaing Tharyar Township., Yangon",16.895999,96.0673714,,,,,False,cbl myanmar (pvt) ltd.
MM2024211E8D7N5,W7 TRADING COMPANY LIMITED,"No. 239, BO MYAT TUN STREET, BOTAHTAUNG TOWNSHIP, YANGON",16.7758103,96.1699369,,,,,False,w7 trading company limited
MM2024211ENY8WB,"Khit Like Co., Ltd","No.43, 18th Street, Latha Township, Yangon",16.7756751,96.1486494,,,,Rice,False,"khit like co., ltd"
MM2024211GNWZT0,HDDES Natural Products (Myanmar) Ltd,"No.18, 02nd Floor & 03rd Floor, Sakarphyu Street, (14/3) Ward, Myinthar, South Okkalapa Township, Yangon",16.8489249,96.179216,,,,,False,hddes natural products (myanmar) ltd
MM2024211JR8D05,Organic Agro Land Company Limited,"NO 161, U BO HLAING STREET, SOUTH DAGON SEIKKAN TOWNSHIP, Yangon",16.8286886,96.2331044,,,,,False,organic agro land company limited
MM2024211K3ZQ5Q,"Shwe Panlaw Manufacturing Co., Ltd.","Zayan Panlaw Ward 10, Zayan Gyi Village, Zayan Village Tract, Namhsan Township, Palaung self administrative zone, Shan state",22.9835687,97.1359377,,,,,False,"shwe panlaw manufacturing co., ltd."
MM2024211K5814B,FAME Pharmaceuticals Industry Co. Ltd,"706 Kywe Na Hatuke Village, Pyin Oo Lwin Township, 0",22.014599,96.4929797,,,,,False,fame pharmaceuticals industry co. ltd
MM2024211MS1MCM,W7 TRADING COMPANY LIMITED,"No. 237, BO MYAT TUN STREET, BOTAHTAUNG TOWNSHIP, YANGON",16.7773117,96.1698148,,,,,False,w7 trading company limited
MM2024211NXE4FS,FAME Pharmaceuticals Industry Co. Ltd,"Anee-sa-khan, Pyin-Oo-Lwin, Mandalay",22.0391773,96.471658,,,,,False,fame pharmaceuticals industry co. ltd
MM2024211T2BR8D,"Golden Pineapple Co., Ltd.","No(205), Yaekhaesat Street, Zone (2), Hsipaw Township, Northern Shan State, Myanmar., Hsipaw, Shan State",22.8142262,97.3746163,,,,,False,"golden pineapple co., ltd."
MM2024211VJJ6CQ,"Mya Ayer Manufacturing Co., Ltd.","No.55, Bagan Nyaung Oo St, Ywar Thar Gyi Industrial Zone, South Dagon Township, Yangon",16.8561772,96.2527482,,,,Coco Nuts Products,False,"mya ayer manufacturing co., ltd."
MM2024211ZA26A1,"Aung Nay Lin Htun Co., Ltd.","No.168-1, Myin Thar 10th Street, 14-1 Quarter, South Okkalapa Township, Yangon",16.8491726,96.1966443,,,,Coffee,False,"aung nay lin htun co., ltd."
MM2024220RD717T,"Yangon First Stationery Manufacturing Co., Ltd","Plot No.12, Special Zone (2), Oakthar (9) Block, Bago Township, 8017, Myanmar",17.3242025,96.4943769,,,,Other Toy Product|Other Toy Product,False,"yangon first stationery manufacturing co., ltd"
MM2024224GW1N6J,XIANG YI INDUSTRIAL MANUFACTORY CO LTD,"Hospital Lan (5), No-488/B Hlaing Thar Yar, Yangon",16.8819286,96.0573302,,,,,False,xiang yi industrial manufactory co ltd
MM2024224SC427W,Bago Young Clothing Limited,"Yeni Town, Yaedashae Township Taungngu District Bago",19.4449899,96.2573317,1120,,,,False,bago young clothing limited
MM2024226D4HAG8,Yara Myanmar Limited,"221 Sule Pagoda Road, Sule Square #19-13 Kyaktada Township, Yangon Myanmar",16.777082,96.1585177,,,, Fertilizers | Plant Nutrition| Fertilizers | Plant Nutrition,False,yara myanmar limited
MM2024237AR5Y3P,Princess Power Manufacturing Co. Ltd.,"No. 18/212, Kanaung Min Thar Gyi Street, Shwe Paukkan Industrial Zone, Yangon, Yangon",16.840939,96.173526,,,Final Product Assembly,Jackets,False,princess power manufacturing co. ltd.
MM2024237FD33CW,bago sunny garments co. ltd.,"Thanatpin Street No. 174, Bogyone 18 Quarter, Bago Township",17.2502137,96.6851982,,,,,False,bago sunny garments co. ltd.
MM2024237Y7CEN2,SBMH Company Limited,"Plot No.267, Zagabar (6) Street, Yangon Industrial Zone, Mingalardone Township, Yangon, Yangon",16.9586918,96.1632804,,,Final Product Assembly,,False,sbmh company limited
MM2024240FYVZJ1,"Ellie (Myanmar) Garment Co., Ltd.","Plot No. 17 / A + Myay Taing Plot No. 525 / A, Yesu Anout Taaw Kwin, Mingalardon Townshipm, Yangon",17.0854477,96.1943162,,,,,False,"ellie (myanmar) garment co., ltd."
MM2024240Y0MWSF,MBK Company Limited,"PLOT NO. 241/2, MYAY TAING BLOCK NO. YANGON INDUSTRIAL ZONE, Yangon, Yangon",17.0854477,96.1943162,,,Final Product Assembly,,False,mbk company limited
MM20242430VAJ57,Hunte Textile co. ltd.,"Plot No. 28, 29, Myay Taing Block 4, Industrial Zone, Mya Wady Gyi Street Hlaing Tharyar Township, Yangon, Yangon",16.8819286,96.0573302,501-1000|501-1000|501-1000,,,,False,hunte textile co. ltd.
MM20242432JTAY1,﻿OUTSKIN SPORTSWEAR MYANMAR LIMITED,"PLOT NO.149/5 & 149/6, Myay Taing Block no. 113, Kanaung Min Thar Gyi Street, ﻿DAGON MYOTHIT (EAST) INDUSTRIAL ZONE, Yangon, Yangon, 11451",16.9188097,96.083001,51-500|51-500,,,Sports & activewear|Sports & activewear,False,﻿outskin sportswear myanmar limited
MM2024243DTY57W,hua shan international garment co. ltd.,"No. 4 Main Road, Plot No. 560, Zatkanoat Kwin Thawyarkone Sanpya Village, Hmawbi Township, Yangon, 11362",17.1533377,96.0255738,501-1000|51-500|51-500,,Final Product Assembly|Final Product Assembly|Final Product Assembly|Final Product Assembly,,False,hua shan international garment co. ltd.
MM2024243HTQA4V,huayin tj denim (yangon) manufact.co.ltd,"No. 17, Sayar San Street, Ward 144, Ywa Thar Gyi Heavy Indusrtrial Zone, South Dagon Township, Yangon, 11431",16.8234333,96.1643704,501-1000|51-500|51-500,,Final Product Assembly|Final Product Assembly|Final Product Assembly|Final Product Assembly|Final Product Assembly|Textile or Material Production|Final Product Assembly|Final Product Assembly|Final Product Assembly|Textile or Material Production|Final Product Assembly,Garments|fashion apparel|clothing| clothing|Garments| fashion apparel,False,huayin tj denim (yangon) manufact.co.ltd
MM2024243VBAG2D,"Brighten Glory Myanmar Co., Ltd","No. 67/68, Mya Sein Yaung Housing, Atwin Padan Lane 2, Hlaing Tharyar Township, Yangon, Yangon, 11401",16.9540115,96.0680731,51-500,,,Garments|fashion apparel|Outdoorwear|clothing,False,"brighten glory myanmar co., ltd"
MM20242499DEN5F,NESTLE MYANMAR LIMITED,"Centre Point Tower No. 65, Room 11A & 11B, Corner of Sule Pagoda, Yangon, Myanmar",16.7726858,96.1584418,,,,,False,nestle myanmar limited
MM2024249DR9ER5,Beaume (Hong Kong) International,"No.29, Ban Maw Atwin Wun Road, Industrial(3), Hlaing Thar Yar Township, Yangon, Myanmar., Yangon, Myanmar",16.8819286,96.0573302,,,,,False,beaume (hong kong) international
MM20242802X214J,"ZTE Myanmar Co., LTD KYUNDAW STREET (BETWEEN AMATTAW STREET AND HANTHAWADDY STREET)","19, B2A, TIME CITY COMPLEX, NO.7 WARD, KAMARYUT TOWNSHIP, YANGON REGION, Myanmar",16.8169113,96.1284777,,,,,False,"zte myanmar co., ltd kyundaw street (between amattaw street and hanthawaddy street)"
MM2024280NS10E9,Zuellig Pharma Services Ltd.,"Ingyinmyaing Housing, Bahan Township, 11201 Yangon, Myanmar",16.8041052,96.1612405,,,,,False,zuellig pharma services ltd.
MM2024284DA4SAE,Golden Island (Myanmar) - KGG,No (Idie) Kansung Min Thar Gyiroad Industrial Zone (2) Dagon Seikkan Tsp Yangon,16.8520683,96.2694608,,,,,False,golden island (myanmar) - kgg
MM2024284XC9FCX,Xin Wang Da Carton Box Co Ltd,No 66 Corner Of Minn Ayeyar And Ayeyar Waddi Street Shwe Than Lwin Industrial Zone Hlaing Thr Yar Township,16.850826,96.1155932,,,,Component,False,xin wang da carton box co ltd
MM20242915WA9JM,"Meijie (Myanmar) Clothing & Accessories Co., Ltd. (Plot 244)","No. 244, Ka Naung Min Thar Gyi Road, Shwe Lin Pan Zone, Hlaing Thar Yar, Yangon",16.8514325,96.0802205,,,,,False,"meijie (myanmar) clothing & accessories co., ltd. (plot 244)"
MM202429172BSTN,Handa Garment Co. Ltd.,"No.13, The corner of Ushwen pin road&u myu road, shwen lin ban industrial zone, hlaing thar a townshin Yangon",16.8255767,96.1443215,,,,,False,handa garment co. ltd.
MM20243187SNBT8,Myue & Sue No 3 (Myue & Sue Garment Mfg Co. Ltd),"No 82, Pyin Si Min Thar Gyi Street, Hliang Tharyar, Yangoon",16.8880467,96.048359,,,,,False,myue & sue no 3 (myue & sue garment mfg co. ltd)
MM2024318K6SFR7,Mingalar Sumbiri Garment Co. Ltd,"No 27, Yangon Industrial Park No.3 Highway Road, North Okkalapa Township Yangon, 95273, Yangon",16.8650677,96.1882649,,,,,False,mingalar sumbiri garment co. ltd
MM2024318QDJX23,ZKG (MYM) Ltd.,"Plot No. 271 Corner Of Panbe Gaung Maung Khet Street And U Tayoke Stree Ward 25 Shwe Lin Pan Industrial Zone Hlaing Tharyar Township, Yangon, Yangon, Myanmar",16.895999,96.0673714,,,,Jackets,False,zkg (mym) ltd.
MM20243216N2HD3,Seduno Fashion Co Ltd,"Yangong, Myanmar",16.840939,96.173526,,,,,False,seduno fashion co ltd
MM2024328TSVYWQ,"Myanmar Parfun Co., Ltd","Plot No. 182/1, 182/12 Myay Taing Block No.25, Shwe Lin Ban Sethmu Myo, Hlaing Th, 11181, Rangon",16.9022615,96.0652719,,,,,False,"myanmar parfun co., ltd"
MM2024329Q06EPH,Natural Garment Manufacturing Co Ltd,"Plot No 507/508 Say Yone Street Shwe Lin Pan Intustrial Zone Hlaing Thar Yar Township Yangon Region, Myanmar",16.895999,96.0673714,1815,,,Jackets,False,natural garment manufacturing co ltd
MM2024329Q8P3Y6,MMM WISEPACIFIC APPAREL BAGO,"INNDAGAW INDUSTRIAL COMPLEX, BAGO, BAGO TOWNSHIP, BAGO, MYANMAR",17.3220711,96.4663286,986,,,,False,mmm wisepacific apparel bago
MM2024329QG5N9T,MYANMAR WISEPACIFIC APPAREL YANGON,"YANGON PYAY ROAD, PYINMABIN, MINGALARDON TOWNSHIP YANGON, MYANMAR",16.9995776,96.1301227,754,,,Men's wear,False,myanmar wisepacific apparel yangon
MM2024329TW8SEN,Myanmar Win Win Garments Co Ltd Yaeni,"Yeani Industrial Zone, Bago Division, Myanmar",18.3312802,96.0679194,712,,,,False,myanmar win win garments co ltd yaeni
MM202433063SAK7,Zhongrun (Myanmar) Garment co.ltd.,"Kanaung Min Thar Road, 999091, Yangon",16.8105886,96.2174752,,,,,False,zhongrun (myanmar) garment co.ltd.
MM2024330K3PTYC,"Manufacturer GFT Enterprise Co., Ltd.","Plot No.691, Ka Tot Kan Kwin, Mingalar Quarter, Lu Thant Inn Road, Taik Kyi T/S, Yangon, Myanmar",17.3169964,95.9647536,,,,,False,"manufacturer gft enterprise co., ltd."
MM2024330SWFATG,CAITENG PRINTING FACTORY,NO.D-8 ANAWYAHTAR INDUSTRIAL ZONE,16.853816,96.0254232,40,,,,False,caiteng printing factory
MM20243358DB02F,P&S UNION GROUP LIMITED,"396 HLA THEINGI STREET, SHWE LIN PAN INDUSTRIAL ZONE, YANGON",16.9080013,96.0717567,268,,,,False,p&s union group limited
MM202433598W0B5,K Factory of General Enterprise Garment,No.35 Kanaung Minthar Gyi Road East Dagon Industrial Zone Yangon Region,16.9188097,96.083001,1580,,,,False,k factory of general enterprise garment
MM2024335BJAQJX,Joc Myanmar Garments Co Ltd,Plot no 5 Myay Taing Quarter No C-12 Thar Du Kan Road Thar Du Kan Industrial Zone Shwe Pyi Thar Township Yangon,16.984166,96.0915522,964,,,,False,joc myanmar garments co ltd
MM2024335N22YFK,Huabo Times Textile and Clothing Co. Ltd.,"No. 5 Delta Industrial Zone, Ayeyarwaddy Region, 1011, Pathein Ayeyarwady",16.7977121,94.7682965,,,,,False,huabo times textile and clothing co. ltd.
MM2024335VSMVS9,Fulltex Manufacturing Company Ltd,Plot No 4 5 2740 Block No 1098 Ka Hpa An Industrial Zone 1 Hpa An Township Kayin State Myanmar,16.9482233,97.700611,1415,,,,False,fulltex manufacturing company ltd
MM2024337MMP0ZC,MYANMAR GIGI GOODS CO LTD,"PLOT NO: 95+96 AND PLOT NO: 3KA BLOCK NO.(51), THAR DU KAN INDUSTRIAL ZONE SHWE PYI THAR TPWNSHIP MYANMAR YANGON REGION 11411 MYANMAR",16.9829715,96.0977662,,,,,False,myanmar gigi goods co ltd
MM2025009HMSTDH,"Hansae Myanmar Co., ltd.","Lot No. (BG 1), Zone B, Thilawa Special Economic Zone Thanlyin Township",16.6699485,96.2748947,799|619,,,Sport Shirt,False,"hansae myanmar co., ltd."
MM2025009JGZ43M,"Myanmar LNY Caps Co., Ltd.","Shwe Than Lwin. Plot No. (28), Myay Taing Block No.14.Hlaing Thar Yar Township, Yangon Region, Myanmar",16.8819286,96.0573302,488|488,,,,False,"myanmar lny caps co., ltd."
MM2025009Q7ASS6,"Cobes Industries (Bago) Co., Ltd.","No.13, Internal Industrial Zone, Bago Township",17.3220711,96.4663286,985|985,,,,False,"cobes industries (bago) co., ltd."
MM202503105TXFJ,Texchem Marine Labutta Limited,"Plot No C2, C3, Myay Taing Block, No.579, Kyauk Hmaw Y war Kwin Thein Street, Labutta, Ayeyarwady",16.2048833,94.7639811,,,,Aquatic Product,False,texchem marine labutta limited
MM20250310DFWKJ,"Gallant Ocean Trading Co., Ltd","No.2 Min Gyi Ma Har Min Khaung Street Industrial Zone-2, Hlaing Thar Yar Township, Yangon, Myanmar., Hlaing Tharyar, Yangon",16.8365715,96.0880741,,,,Shrimp Meat,False,"gallant ocean trading co., ltd"
MM20250310V2W55,Ghani Win International Modern Processing Plant & Cold Storage,"No.165, U Htun Nyo Street, Industrial Zone (3), Shwe Pyi Thar Township, Yangon Region, 11411 Shwepyithar, Yangon, Yangon",16.9230481,96.0887325,,,,,False,ghani win international modern processing plant & cold storage
MM202503110CFFJ,Emdees Marine Products Myanmar Ltd.,"No.21, Ward No. C-4, Hlaing Thar Yar Township, Yangon Region., Hlaing Tharyar, Yangon",16.7979499,96.1252516,,,,,False,emdees marine products myanmar ltd.
MM20250312838JE,"Thantwe Marine Product Co., Ltd","1st lane, 1st ward, Dwarwaddy Myothit, Thandwe Township, Rakhine State, Myanmar., 07171 Thandwe, Thandwe District, Rakhine",18.466667,94.383333,,,,Shrimp Meat,False,"thantwe marine product co., ltd"
MM20250312CJQ86,Ayeyarwaddy Fisheries Limited,"Yankin Taung Road, No(l) Quarter, 10271 Pathein, Ayeyarwady",16.7753609,94.7381013,,,,Shrimp Meat,False,ayeyarwaddy fisheries limited
MM20250314S0TYW,Gallant Ocean Production Co Ltd,"No 2 Mingyinaha Minkhaung St, Industrial Zone-2, Hlaing Thar Yar Township, Yangon, Myanmar, 11081 Yangon, Yangon, Yangon",16.8341487,96.230958,,,,,False,gallant ocean production co ltd
MM202503151T56J,Shwe Myanmar Cold Store,"No (92) U Pyo Hlaing Street, Industry Zone II, Dagon Seikkan, 11000 Yangon, Yangon, Yangon",16.8317653,96.2294737,,,,,False,shwe myanmar cold store
MM202503167RGZV,"Min Zar Ni Fisheries Co., LTD","No(2), Kha/1, Hlaing River Bank, Thaung Gyi Taung Quarter, Industrial Zone Part 6, Hlaing Thar Yar Township, 11000 Yangon, Yangon, Yangon",16.8763589,96.0672247,,,,Shrimp Meat,False,"min zar ni fisheries co., ltd"
MM20250316RKMP2,Super Golden Crab Co.Ltd,"3-Mile Myothit, Laputta, Township, Ayeyarwaddy Region, Myanmar, Labutta, Ayeyarwady",16.149328,94.7562159,,,,Aquatic Product,False,super golden crab co.ltd
MM202503171WQ8A,"Global Lucky Fish Co., Ltd","No (430, 431), Seik Kan Thar Street, Shwe Lin Ban Industrial Zone, 25 Ward, Hlaing Thar Yar Township, 11000 Yangon, Yangon, Yangon",16.914015,96.0652719,,,,Shrimp Meat|Prawn|Fish,False,"global lucky fish co., ltd"
MM202503176T5G3,"Myint Myat Hein Co., Ltd","No. 18, DOF compound, West Gyo Gone, lnsein Township, 11000 Yangon, Yangon, Yangon",16.8978016,96.1077366,,,,Shrimp Meat,False,"myint myat hein co., ltd"
MM2025031810KSW,Universal Cold Store.,"No.38, 3rd Street, Ngwe Pin Lae Marine Product Industrial Zone, Hlaing Thar Yar Township, 11000 Yangon, Yangon, Yangon",16.8819286,96.0573302,,,,,False,universal cold store.
MM2025031CBFAYN,"MEF International Co., Ltd","C 10/11, Kyauk Mor Village, (3) Mile Myo Thit, Labutta, Ayeyarwady",16.2013574,94.7792519,,,,,False,"mef international co., ltd"
MM2025031GWCQZN,Ocean Pacific Cold Storage,"No 2/2, DOF compound, West Gyo Gone, Insein Township, 11000 Yangon, Yangon, Yangon",16.8777848,96.1123745,,,,Shrimp Meat,False,ocean pacific cold storage
MM2025031HWS6TD,"C.K. FROZEN FOODS YANGON CO., LTD","plot No(181), U Shwe Bin Street Industrial Zone (1), 113, East Dagon Myothit Township, Dagon, Yangon, Yangon",16.9126237,96.0530378,,,,,False,"c.k. frozen foods yangon co., ltd"
MM2025031HZGG8Z,"Golden Myanmar Honey Co., Ltd","No.69, Conner of Thanlwin St and Malekha ST, Zone 5, Hlaing Thar Yar TSP, Yangon, 11000 Yangon, Yangon, Yangon",16.8892395,96.0404187,,,,,False,"golden myanmar honey co., ltd"
MM2025031JFBTW9,The Unique Golden Country Honey Factory,"No - 156, Myat Lay Street, Nyar Na Ward, Pearl MyoThit, Mingalardon Township, Yangon, Myanmar, Mingaladon, Yangon, Yangon",16.9741855,96.1507877,,,,,False,the unique golden country honey factory
MM2025031JVCYGE,Shwe Yamone Manufacturing Company Limited,"No. 174(B), Seik Kan Thar Street, Industrial Zone (4), 11000 Yangon, Yangon, Yangon",16.8839099,96.082247,,,,Shrimp Meat|Fish,False,shwe yamone manufacturing company limited
MM2025031K7W2FE,"Pyi Phyo Tun International Co., Ltd.","Sin Ma Yin Thar, Pahtet Island, Ma Ai Village, Kyun Su Township, 14051 Myeik, Tanintharyi Region",12.4333333,98.5833333,,,,,False,"pyi phyo tun international co., ltd."
MM2025031P9TS0S,Twin Brothers Seafood Cold Storage,"No.50/52, Yan Naing Swe 2th Street, Tarkayta Township, 11000 Yangon, Yangon, Yangon",16.833864,96.1618456,,,,,False,twin brothers seafood cold storage
MM2025031QV21ZV,Golden Bay Limited,"No.2/2, Department of Fisheries Compound, Bayint Naung Road, 11000 Yangon, Yangon, Yangon",16.8750541,96.1026609,,,,Shrimp Meat,False,golden bay limited
MM2025031REQYKN,Shwe Ngar Processing & Cold Storage Plant,"No 85, Hlay Ah Thinn Wun U Chain Road, Industrial Zone 2, Hlaing Thar Yar Township, 11000 Yangon, Yangon, Yangon",16.9365602,96.0735871,,,,Shrimp Meat|Freshwater Fish,False,shwe ngar processing & cold storage plant
MM2025031SYB19K,SG Crabs World Limited,"MEC Road, Thida Myaing Quarter, Kyauk Tan Township, 11000 Yangon, Yangon, Yangon",16.5765342,96.4503434,,,,Aquatic Product,False,sg crabs world limited
MM2025031V1HTS7,"May Yu Marine Products Co., Ltd","No.525, May Yu St, Industrial Zone(l), South Dagon, 11000 Yangon, Yangon, Yangon",16.8261744,96.2161613,,,,Black Gram|Fishes|Gram Whole,False,"may yu marine products co., ltd"
MM2025031VNNCKB,"The Unique Golden Country Co., Ltd","52/53 Shwe Hin Thar Lane 2, 11 Ward, 6.5 Mile, Hlaing Township Yangon, 11081 Hlaing, Yangon, Yangon",16.846361,96.1369806,,,,,False,"the unique golden country co., ltd"
MM2025031XCAEQZ,"Apiculture Resource and Business Development Center (ARBC) Limited, (Plan Bee Social Enterprise)","Subokone Quarter, Pindaya Taungship, Shan State, Pindaya, Taunggyi District, South Shan State, Shan State",20.9368478,96.6664849,,,,,False,"apiculture resource and business development center (arbc) limited, (plan bee social enterprise)"
MM2025031XG27TQ,"Smile Happy Co., Ltd.","No.212, Building B, Room No.201, Shwegondaing Tower, Shwegondaing Road, Bahan Tsp, 11201 Yangon, Yangon, Yangon",16.805851,96.1547913,,,,,False,"smile happy co., ltd."
MM2025031Y7HRVG,Smile Happy Honey Factory,"No.71, Kyunshwewah Street, Shwenanthar Sanpya Ward., Mingaladon, Yangon, Yangon",16.9924578,96.1451139,,,,,False,smile happy honey factory
MM2025031ZA0DZW,Yuzana Fisheries Ltd,"23(B), KWIN KYAUNG STREET, AHLONE TOWNSHIP, 11000 Yangon, Yangon, Yangon",16.792089,96.1238904,,,,Prawn|Shrimp Meat,False,yuzana fisheries ltd
MM20250431QDFYW,V-TOP INDUSTRIES MYANMAR LIMITED,"PLOT NO-353, MYAUNG DAGAR STEEL INDUSTRIAL ZONE, HMAWBI YANGON, MYANMAR, Myanmar",17.1533377,96.0255738,,,,Electronic Toys,False,v-top industries myanmar limited
MM20250848PQPSK,"Hua Jiang Co., Ltd","No:233A, Than Chof Won Mue Sfree Shwe Lin Pan Indusfrial, Zone Hlaing Thaing Thar Yar Toownship, Yangon (Yangon)",16.8517892,96.1178672,,,"Printing, Product Dyeing and Laundering",,False,"hua jiang co., ltd"
MM2025084XCHK73,"Yong Wei Printing Printing Co., Ltd","No.124 A, L, R Indication Block No.42, Industrial Zone, Shwepyithar Tonship, Yangon (Yangon)",16.9753379,96.0785104,,,"Printing, Product Dyeing and Laundering",,False,"yong wei printing printing co., ltd"
MM2025087011ZG3,"Guang Ming Garment Co., Ltd","138, Pyin Sin Min Thar Gyi Street, Shwelinban Industrial Zone, Hlaingtharya, Yangon",16.914015,96.0652719,,,,Snow Jacket (Men & Women)|Pants,False,"guang ming garment co., ltd"
MM202508702BGAS,"Patheinthar Co., Ltd","174/B, Seik Kan Thar Street, Industrial Zone (4), Hlaingtharya, Yangon",16.8839099,96.082247,,,,Fish,False,"patheinthar co., ltd"
MM20250870363XV,Emdees Import & Export Pte Ltd,"35, Ground Floor, Zalon Street, Sanchaung, Yangon",16.8062178,96.1341431,,,,Beans|Tamarind|Fish|Pulses,False,emdees import & export pte ltd
MM2025087039020,Asia Alpha Company Limited,"No.84/A, Corner of Yaukkaw St & Hakha St, South Dagon, Industrial Zone 1, South Dagon Tsp, Yangon",16.8382557,96.2188851,,,,,False,asia alpha company limited
MM202508703AF4J,Dragon State Ltd,"43/A, No.(3) Main Road, Pyinmabin Industrial Zone, Mingalardon, Yangon",17.0078106,96.1441383,,,,Uniform|Pants|Jackets,False,dragon state ltd
MM202508703C3Y2,"Emerald Fashion Co., Ltd","69/72, Mingyi Mahar Min Khaung Street, Industrial Zone - 3, Hlaingtharya, Yangon",16.8665382,96.1275067,,,,Pants|Jumper (Men & Women),False,"emerald fashion co., ltd"
MM202508703QCKB,"Eternal Victory General Trading Co., Ltd","310, Room-801, 8th Floor, War Tan Street, Win Shwe War Tower, Lanmadaw, Yangon",16.7798993,96.1392974,,,,Rice|Broken Rice,False,"eternal victory general trading co., ltd"
MM202508704BH1K,"Pyae Phyo Aung Co., Ltd","No.74, 2nd Flr, Klar Dan St, Lower Block, Lanmadaw, Yangon",16.776408,96.1407844,,,,Sticky Rice|Tamarind|Onion|Ginger|Black Gram,False,"pyae phyo aung co., ltd"
MM202508704MN76,773,"Inner of HleSu Street, (6)Quarter, Pathein ., 6 Quarter, Pathein",16.7753609,94.7381013,,,,Pepper Sauce,False,773
MM20250870762EF,"New Way Industrial Co., Ltd","180/B, Kyansitthar Street, Industrial Zone (4), Hlaingtharya, Yangon",16.8449009,96.2119282,,,,Shoes,False,"new way industrial co., ltd"
MM2025087083Y3Y,"Thit Shwe Sin Trading Co., Ltd","271, 1st floor, Banya Dala Road, Ah Yoe Gone Ward, Tamwe, Yangon",16.798007,96.1755692,,,,Black Gram|Sugar,False,"thit shwe sin trading co., ltd"
MM202508708DZKS,"AYP (Ayeyar Prince Co., Ltd)","293/294, Seikkan Thar Street, Shwelinban, Hlaingtharya, Yangon",16.7783423,96.1631559,,,,Rice|Rice,False,"ayp (ayeyar prince co., ltd)"
MM202508708QYGZ,"Myanmar Mujar Co., Ltd","40, 67 th St, Botahtaung, Yangon",16.7729404,96.1812568,,,,Shrimp|Fish,False,"myanmar mujar co., ltd"
MM2025087096Q80,Green Hardwood Enterprise Ltd.,"No.12, 123rd Street, Thapyaygone Ward, Mingalar Taung Nyunt T/S, Yangon., Mingalar Taung Nyunt, Yangon",16.7888435,96.1720816,,,,Green Bean,False,green hardwood enterprise ltd.
MM20250870AMNKR,"Hydrodynamic Industrial (Myanmar) Co., Ltd","464/B, Corner of Yaw Atwin Wun U Phone Hlaing Street & Seikkan Thar Street, Shwelinban, Hlaingtharya, Yangon",16.7742519,96.1630711,,,,Swim Suit,False,"hydrodynamic industrial (myanmar) co., ltd"
MM20250870CCHVP,Linn Lett Star General Trading Co-Operative Ltd.,"No.476, Zizawar Road, Yan Aung Quarter, Yangon., Latha, Yangon",16.8036189,96.2154931,,,,Green Bean,False,linn lett star general trading co-operative ltd.
MM20250870D2YWV,"Panda Textile Co., Ltd","No.18/A, Rm 3/4, 1st Flr, Bo Yar Nyunt St, Yaw Min Gyi Ward, Dagon, Yangon",16.7841717,96.1553706,,,,Boy Shirt|Girl Shirt,False,"panda textile co., ltd"
MM20250870D39S4,International Green Land Trading Company Limited,"No.43, San Ywe Dan St, San Ywe DanWard, Thonze, Tharyarwaddy Tsp, Bago Region, Myanmar., Tharyarwaddy Tsp, Yangon",17.6240225,95.7872522,,,,Rice,False,international green land trading company limited
MM20250870DAYRZ,"Mann Int'l Co., Ltd","845, Pathein Street, Ward (10), Shwepyitha, Yangon",16.9621358,96.0648179,,,,Black Gram|Sugar|Gram Whole,False,"mann int'l co., ltd"
MM20250870FKACA,"Xin Long Chang Garment Co., Ltd","Holding No. (N 15, 14/1), Kwin No (475 A, Let Khoke Kwin North), Katokepayargyi Village Tract, Daik-U Tsp, Bago",17.6573732,96.583769,,,,,False,"xin long chang garment co., ltd"
MM20250870FN8DB,Shwe Nagar,"105 miles, North East Gate, Mine Yu Village, Muse, Muse",23.9808991,97.9783593,,,,Mango|Melon|Watermelon,False,shwe nagar
MM20250870FSZSJ,"Sun Flower Co., Ltd","612, Gway Pin Kwin, Thidar Myaing Ward, Industrial Zone Street, Livestock Zone, Kyauktan, Yangon",16.5765342,96.4503434,,,,Crab,False,"sun flower co., ltd"
MM20250870FYX62,Alliance Eagles Group Agriculture Limited,"(66/69) Corner of Kabaraye Pagoda Road & West Shwegondine Road, 910, 9th Floor, Yuzana Tower, Bahan Township, Yangon Region, Myanmar, Bahan, Yangon",16.8062505,96.1546041,,,,Rice,False,alliance eagles group agriculture limited
MM20250870GDV1B,Myanmar Shwe Ayeyar Company,"Pyi Htaung Su Road, No.Ka/8, Kaung Mue Tone Quarter, Muse Township, Northern Shan State, Myanmar, Muse, Shan",23.9932884,97.9102647,,,,Rice,False,myanmar shwe ayeyar company
MM20250870JS2WV,MMW Enterprise Ltd,"59/C, Mya Yar Gone Street, Tha Pyay Gone Ward, Mingalar Taungnyunt, Yangon",16.7885457,96.1700751,,,,Black Gram|Pigeon Pea|Green Gram|Sesame,False,mmw enterprise ltd
MM20250870KGVZF,"SMK Garment Co., Ltd I","64/65, Pyinsi Min Thar Gyi Street, Hlaingtharyar Industrial Zone, Hlaingtharya, Yangon",16.8880467,96.048359,,,,Shirt (Men),False,"smk garment co., ltd i"
MM20250870MQ5MP,Matsuya R&D Myanmar Co.Ltd,"Plot No.A7-2, Mingaladon Industrial Park, Corner of No-3 Highway Road & Khayebin Road, Mingalardon Tsp, Yangon",16.9421429,96.1566754,,,,,False,matsuya r&d myanmar co.ltd
MM20250870N5T06,"Myanmar All Rich Garment Co., Ltd","No.(22-D/10), Kwin No. (50/Thit Nyo Kone Kwin), Telgyigone Rd, (11) Wards, Pathein Tsp",16.7915973,94.7444378,,,,,False,"myanmar all rich garment co., ltd"
MM20250870NFRN3,"Royal River Trading Co., Ltd","521, Mogoke Street, Industrial Zone (1), South Dagon, Yangon",16.8704983,96.2429045,,,,Teak,False,"royal river trading co., ltd"
MM20250870PKA6B,Sioen (Myanmar) Limited,"Plot No (75), U Chain Street & Plot No (102), Mah Kha Yar Min Thargyi Mg Pyoe Street, Hlaing Tharyar Industrial Zone (2), Hlaing Tharyar Township, Yangon.",16.8819286,96.0573302,,,,Safety Coat,False,sioen (myanmar) limited
MM20250870Q2WNW,"Newest Garment Manufacturing Co., Ltd","424, Mandalay Street, South Dagon Industrial Zone - 1, South Dagon, Yangon",16.8324629,96.2224682,,,,Pants|Blouse|Shirt,False,"newest garment manufacturing co., ltd"
MM20250870Q92AY,Adipati Agricultural Produce Trading Ltd,"Satsan(12) Compound, Upper Pazundaung Road, Mingalar Taung Nyunt Township, Yangon, Myanmar., Mingalar Taung Nyunt, Yangon",16.7875578,96.1773036,,,,Rice|Rice,False,adipati agricultural produce trading ltd
MM20250870RP404,"Shinsung Tong Sang International Co., Ltd","20-23, 32-36, Shwepaukkan Industrial Zone, North Okkalapa, Yangon",16.9586918,96.1632804,,,,Lille Jackets|Down Jackets|Down Vest|Long Pants (Men)|Short Pants (Men),False,"shinsung tong sang international co., ltd"
MM20250870S1CYP,"East Growth Garment Co., Ltd","7/8/9, Anawrahtar Street, Anarahtar Industrial Zone, Hlaingtharya, Yangon",16.9126645,96.1443739,,,,Pants|Down Jackets,False,"east growth garment co., ltd"
MM20250870S4AWN,"Sithar Coffee Co., Ltd","No.447, Aue Yeikthar (11) Street, New University Avenue Road, Bahan Township, Yangon, Myanmar., Bahan, Yangon",16.8228064,96.1569096,,,,Coffee,False,"sithar coffee co., ltd"
MM20250870S5CA6,"Prasad Co., Ltd","47, 1st Floor, 29th Street, Lower Middle Block, Pabedan, Yangon",16.8021992,96.1323313,,,,Black Gram|Pigeon Pea,False,"prasad co., ltd"
MM20250870SW0W3,"Golden Jasmine Intimates Manufacturing International Co., Ltd","37, Corner of Seikkanthar Street & Pan Chat Wun U Shwe Oh, Hlaingtharyar Industrial Zone (2), Hlaingtharya, Yangon",16.8545449,96.0712046,,,,Pajamas|Ladies Top|Pants,False,"golden jasmine intimates manufacturing international co., ltd"
MM20250870TVS99,"E.C.S Co., Ltd","91, 39th Street, Lower Middle Block, Kyauktada, Yangon",16.7728392,96.1634151,,,,Prawn|Fish|Crab,False,"e.c.s co., ltd"
MM20250870V2T6F,"Top Co., Ltd","31/33, 5th Street, Lower Block, Lanmadaw, Yangon",16.77345,96.1463396,,,,Cashew Nuts,False,"top co., ltd"
MM20250870WABJN,Myanmar Huasheng Kefu Fashion Company Limited,"Plot No.23, Myay Taing Block No.21, Mya Sain Yaung Industrial Zone, Hlaing Thar Yar Tsp, Yangon",16.8768695,96.0081699,,,,,False,myanmar huasheng kefu fashion company limited
MM20250870WVQ11,Power Man (Bean Divide Machine),"No.Ka/64, May Yu 3 Street, Industries Zone, Pakokku ., Pakokku, Pakokku",21.3339995,95.0713432,,,,Green Bean,False,power man (bean divide machine)
MM20250870Y316T,"Green Land Coffee Co., Ltd","700/716, Upper Pazundaung Road, Ka Toh Seik Ward, Mingalar Taungnyunt, Yangon",16.8028647,96.1881043,,,,Green Tea,False,"green land coffee co., ltd"
MM20250870YTG1V,"Dae Kwang International Co., Ltd","213/215 & 222/224, Bo Tay Za Street, Block 18, Shwe Pauk Kan Industrial Zone, North Okkalapa, Yangon",16.8061103,96.1730163,,,,Shirt (Men & Women)|Pants|Jackets,False,"dae kwang international co., ltd"
MM20250870Z91ZT,IPSC,"105-A, Zion Hill St., Nant Thar Gone Ward, Insein, Yangon, Myanmar, Insein, Yangon",16.8916824,96.1052387,,,,,False,ipsc
MM20250870Z97RS,"Merry Time Foods Myanmar Co., Ltd.","Building No.293, Room No.3, East Yankin, Yankin T/S, Yangon Region., Yankin, Yangong",16.8295967,96.1626413,,,,Crab,False,"merry time foods myanmar co., ltd."
MM202508710EE6N,Satish Int'l Ltd,"187/189, 2nd Floor, 37th Street, Upper Middle Block, Kyauktada, Yangon",16.7891054,96.1701276,,,,Black Gram|Corn Seed|Pigeon Pea,False,satish int'l ltd
MM2025087122SAT,"General Food Technology Indusrty Co., Ltd","2/2, Bay Kyin Street, Myanmar Fishery Enterprise Vehicles Compound, Insein, Yangon",16.8750541,96.1026609,,,,Prawn,False,"general food technology indusrty co., ltd"
MM20250871375XZ,"Kaung YaNant International Trading Co., Ltd","No.18/1(A), Thirimingalar Street, Aung Chan Thar Ward, San Chaung Township, Yangon, Postal code 111111, Myanmar., San Chaung, Yangon",16.7984944,96.1311722,,,,Butter Bean,False,"kaung yanant international trading co., ltd"
MM202508713VM05,Myue & Sue Garment Company Limited,"Plot No.104, Mingyimahar Minkhaung Road, Myay Taing Block No.14, Shwe Than Lwin Industrial Zone, Hlaing Tharyar Tsp.",16.8819286,96.0573302,933,SMK INTERNATIONAL CO.LTD,,,False,myue & sue garment company limited
MM2025087143FFR,"Moe Myint Ko Co., Ltd","No-35, 2nd Flr, 35th St, Lower Block, Kyauktada, Yangon",16.7767849,96.1608,,,,Bag(Hand Bag &Long Bag)|Phone Accessories|Plastic Cap|Cotton Sport|Recycle Plastic Sheet,False,"moe myint ko co., ltd"
MM2025087145EW6,"Golden Composure Co., Ltd","26, Padaethar Street, Saw Yan Paing (South) Ward, Ahlone, Yangon",16.8202295,96.1624114,,,,Rice|Broken Rice,False,"golden composure co., ltd"
MM202508714VDNM,"Golden Pollen Trading Co., Ltd","112-114, Bamaw Atwin Wun Street, Industrial Zone (2), Shwepyitha, Yangon",16.920505,96.0597943,,,,Laminated wood|Decking,False,"golden pollen trading co., ltd"
MM2025087150DBG,Ocean Tiger Company Limited,"Polt No(4) Narzitaung Sityonsu Quarter, Sittwe Township, Rakhine Region, Myanmar., Sittwe, Rakhine",20.1527657,92.8676861,,,,Shrimp Meat,False,ocean tiger company limited
MM202508716KC6Y,"Golden Lace Co., Ltd.","No.26, Khay Mar St., Thiri Khay Mar Ward, Sanchaung T/S., Yangon., Sanchaung, Yangon",16.801435,96.128231,,,,Rice,False,"golden lace co., ltd."
MM20250871781KP,"Silver Fish Islan Manufacturing Co., Ltd.","No.22, Ground Floor, New Thar Gi Street, Saw Yan Paing West Quarter, Ahlone T/S, Yangon Region., Ahlone, Yangong",16.806376,96.129092,,,,Crab,False,"silver fish islan manufacturing co., ltd."
MM202508717FKYT,"Myanmar CNFC Co., Ltd","No.32, Bamaw Ah Twin Wun St, IZ(3), Hlaingtharya, Yangon",16.8819286,96.0573302,,,,Fish,False,"myanmar cnfc co., ltd"
MM202508717V3D5,"Cobes Industries(BII) Co., Ltd","Lot No.62Ka, No.1315, La Hpyor Yoe Kwin, Oakthar 9th Quarter, Bago Tsp, Bago",17.3242025,96.4943769,,,,,False,"cobes industries(bii) co., ltd"
MM202508718GSY2,"Myanmar Fortress Wealth Garment Co., Ltd","Unit A5, No.E2, E, 3, E6, E7, E8, E9, E10, Myay Taing Block No.20, Corner of Anawrahta and Ayarwaddy Street, Anawrahta Industrial Zone Hlaing Tharyar Tsp, Yangon",16.853816,96.0254232,1488|1488,,,,False,"myanmar fortress wealth garment co., ltd"
MM202508718PYM3,"Yelong Trading Co., Ltd","74, Yadanar Theik Pan Street, Mi Gyaung Kan Ward (3), Thingangyun, Yangon",16.8337983,96.1741705,,,,Sawed Wood,False,"yelong trading co., ltd"
MM202508718ZZXP,"Golden Ocean King Co., Ltd","101, Tapin Shwe Htee Street, Mayangone, Yangon",16.8003013,96.1948049,,,,Prawn|Fish|Crab,False,"golden ocean king co., ltd"
MM20250871BP6ZS,"San Mya Thaw Tar Manufacturing Co., Ltd","112, Mya Nandar Street, Thaketa Industrial Zone, Thaketa, Yangon",16.8049606,96.201847,,,,Blouse|T shirt,False,"san mya thaw tar manufacturing co., ltd"
MM20250871C0K3N,"Euro World Int'l Co, Ltd","2, Kwan at thar min thar Street, Industrial Zone - 1, Dagon Seikkan, Yangon",16.8520683,96.2694608,,,,Coat|Jackets|T Shirt,False,"euro world int'l co, ltd"
MM20250871EJE12,"Cupid Star (Golden Zarmani Co., Ltd)","55, 3rd Floor, Shwe Dagon Pagoda Road, Lower Block, Latha, Yangon",16.78367,96.1533558,,,,Black Gram|Bocake|Pigeon Pea,False,"cupid star (golden zarmani co., ltd)"
MM20250871FY5EK,"Young Generation Trading Co., Ltd","70, 4th Floor, Anawrahta Road, Kyauktada, Yangon",16.7767855,96.1612099,,,,Tamarind|Broom,False,"young generation trading co., ltd"
MM20250871GMBHK,"Diamond Eye Co., Ltd","C/55-A, Aung Thapyay Street, Bayintnaung Warehouse, Mayangone, Yangon",16.869486,96.128247,,,,Black Gram,False,"diamond eye co., ltd"
MM20250871K62GY,Grand Sport International Ltd,"42/53-B, Ka Naung Min Thar Gyi Street, SPT Industrial Zone (1), Shwepyitha, Yangon",16.9015352,96.0728256,,,,Hoddies|Sport Wear|Knitting wears,False,grand sport international ltd
MM20250871KX74E,Yangon Fukuyama Apparel Company Limited.,"No.310/A, Ta Pin Shwe Htee Street, War Ta Yar Industrial Zone, Shwe Pyi Thar Tsp, Yangon",16.9622864,96.0229282,,,,,False,yangon fukuyama apparel company limited.
MM20250871NPNK6,"Hman Mart Co., Ltd","78/81, Room - 1307, 13 Florr, Anawrahtar Road, Central Towner, Kyauktada, Yangon",16.7767855,96.1612099,,,,Fish,False,"hman mart co., ltd"
MM20250871NW84G,"Preclo Myanmar Co., Ltd","No.(302, 302 (Extension), Myay Taing Block No. (42), Industrial Zone (1), Shwe Pyi Thar Tsp",16.9400704,96.0986057,,,,,False,"preclo myanmar co., ltd"
MM20250871P57QC,Ewha Knit Company Limited.,"Plot No (218), Block No (25), Phan Chat Wun U Shwe Oh Street, Shwe Lin Ban Industrial Zone, Hlaing Tharyar Township, Yangon.",16.8545449,96.0712046,,,,Pants|Sport Wear|T shirt,False,ewha knit company limited.
MM20250871PZN30,Jiang Tai Company Limited,"No.96/B.Ahmayar Street, North Okkalapa Industrial Zone. North Okkalapa Township, Yangon Region., North Okkalapa, Yangon",16.8942528,96.1576122,,,,Aquatic Product,False,jiang tai company limited
MM20250871QM2WW,"Shokosha Myanmar Co., Ltd","0/4, No.(3) Main Road, Mingalardon Industrial Park, Mingalardon, Yangon",16.9421429,96.1566754,,,,Clock Dial,False,"shokosha myanmar co., ltd"
MM20250871S5QV3,Hla Myanmar General Trading & Services Co-Op Limited.,"No (64/65), Oak Tha Pha Yar Road, Quarter (33), North Dagon Township, Yangon.",16.78367,96.1533558,,,,,False,hla myanmar general trading & services co-op limited.
MM20250871SK8S0,"Reton Industrial Co., Ltd","No.18, Myay Taing Block 21, Mya Sein Yaung Industrial Zone, Hlaing Tharyar Tsp, Yangon",16.8792057,96.0018289,,,,,False,"reton industrial co., ltd"
MM20250871WAWQC,Shwe Ywet Hla Manufacturing Company Limited.,"No (86), Aung Zaya Street, Hlaing Tharyar Industrial Zone (7), Hlaing Tharyar Township, Yangon.",16.7899204,96.1231433,,,,Jackets|Shirt,False,shwe ywet hla manufacturing company limited.
MM20250871YJQF9,"Myanmar Golden web Trading Co., Ltd","8/C, Gabaraye Pagoda Road, 6 Ward, Yankin, Yangon",16.8376004,96.1569011,,,,Jade (Raw),False,"myanmar golden web trading co., ltd"
MM20250871YKJ0P,"Great Line Co., Ltd","115, 4th Floor, 46th Street, Botahtaung, Yangon",16.7760141,96.1683142,,,,Bamboo,False,"great line co., ltd"
MM20250871ZEDJZ,"Golden Delta Co., Ltd","1, Kanaung Min Thar Gyi Street, Hlaingtharya, Yangon",16.9188097,96.083001,,,,Rice|Broken Rice,False,"golden delta co., ltd"
MM20250871ZT4S9,"Myanmar Dixinda Garment Co., Ltd","Unit 8, Plot No.E2, E3, E6, E7, E8, E9, E10, Myay Taing Block No.20, Anawrahta Industrial Zone, Hlaing Tharyar Tsp, Yangon",16.8819286,96.0573302,,,,,False,"myanmar dixinda garment co., ltd"
MM202508720J7DT,"XY Trading Co., Ltd","L/9, 2nd Floor, Nwe Thar Gi Street, Bayint Naung Warehouse, Mayangone, Yangon",16.7822331,96.1306794,,,,Rice|Pulses|Beans,False,"xy trading co., ltd"
MM202508720X62S,Myanmar Golden Brothers Group,"Room-14, Mya Yee Pearl Road, Kan Nee Fishery Zone, Shwe Hinthar Ward, Kawthaung, Kawthaung",9.9958108,98.5528746,,,,Squid|Crab|Prawn|Fish|Shells,False,myanmar golden brothers group
MM202508721P6N6,"International Best Business Group Co., Ltd","3/B, Aung Thiekdi Kyaung Street, Parmaukha Lane, 13 Ward, Mayangone, Yangon",16.8526365,96.1231958,,,,Sesame|Sesame Powder,False,"international best business group co., ltd"
MM202508721SJ77,"Hanien Manufacturing Co., Ltd","300, 42 Ward, 4th Street, Kyoug Street, Shwepyithar, Shwepyitha, Yangon",16.882904,96.1725856,,,,Short Pants|Long Coat|Shirt|Long Pants,False,"hanien manufacturing co., ltd"
MM202508722GZ49,"Myanmar Golden Star Co., Ltd","Bldg 23/24 2nd Flr, Bahai Housing, Lanmadaw, Yangon",16.8812283,96.065635,,,,Rice|Pulses|Beans,False,"myanmar golden star co., ltd"
MM202508724H2BP,Mianyi MFG Co.Ltd,"No.66, Min Theikdi Kyaw Swar Road, Hlaing Tharyar Industrial 3, Hlaing Tharyar Tsp, Ygn",16.8546709,96.0688165,,,,,False,mianyi mfg co.ltd
MM202508725X1WK,Htoo-3,"3/Zamyinzwe, Bayint Naung Rd., Infront Of Bayint Naung Market, Mayangone, Yangon, Myanmar, Mayangone, Yangon",16.8667991,96.1075888,,,,,False,htoo-3
MM202508725ZT3N,"Aung Sein Lin Co., Ltd","85, Yauk Kaw Street, Industrial Zone (1), South Dagon, Yangon",16.8331901,96.2190635,,,,Laminated wood,False,"aung sein lin co., ltd"
MM202508726B33B,"Mya Yar Myay Trading Co., Ltd.","No.(39/A), 1st Floor, Thiri Mon Street, Mayagone T/S, Yangon., Mayagone, Yangon",16.8583519,96.1044941,,,,Green Bean,False,"mya yar myay trading co., ltd."
MM202508729NV8N,Meikta Aung Company Limited.,"No (53), Tine Tar Min Gyi Road, East Dagon Industrial Zone (2), East Dagon Township, Yangon.",16.8908169,96.2508702,,,,,False,meikta aung company limited.
MM20250872CT9HM,"JMKS Co., Ltd","Aye Mya Tharyar village tract, Oakpo, Tharyarwaddy, Bago",18.0932365,95.7405139,,,,Jackets,False,"jmks co., ltd"
MM20250872E4FWH,Tailor Garment Maufacturing Company Limited.,"No (103), Wet Ma Soat Wun Htauk Street, Hlaing Tharyar Industrial Zone (4), Hlaing Tharyar Township, Yangon.",16.8819286,96.0573302,,,,Rain Coat,False,tailor garment maufacturing company limited.
MM20250872ETKK2,"Esung Myanmar Co., Ltd","520, Moe Goke Street, 23 Block, Industrial Zone - 1, South Dagon, Yangon",16.8302511,96.224238,,,,Lugget|Car Cover,False,"esung myanmar co., ltd"
MM20250872EZ8HT,"Cho Cho Industry Co., Ltd","69, Twin Thin Htike Won U Tun Nyo Street, Zone (2) Hlaing Thar Yar Tsp, Yangon., Hlaing Thar Yar, Yangon",16.8594225,96.1291513,,,,Rice Noodle|Shin Shin Instant Rice Noodle,False,"cho cho industry co., ltd"
MM20250872FJV9S,"Garment & Process Global Co., Ltd","142/106, Cherry Street, Shwepyithar Industrial Zone (1), Shwepyitha, Yangon",16.9337149,96.0872415,,,,Sport Wear|Short Pants|Down Jackets,False,"garment & process global co., ltd"
MM20250872FQ6XX,"Yan Yang Int'l Trading Co., Ltd","18, 1st Floor, 88th Street, Kan Daw Kalay (West) Ward, Mingalar Taungnyunt, Yangon",16.7878863,96.1633811,,,,Tumeric Fingers|Ginger,False,"yan yang int'l trading co., ltd"
MM20250872FVRE4,MEF International Company Limited.,"No.C 10-11, Industrial Zone, Laputta Township Ayeyarwaddy Region, Laputta, Ayeyarwaddy",16.149328,94.7562159,,,,Aquatic Product,False,mef international company limited.
MM20250872G8WGR,"Aung Myat Phyo Co., Ltd","No.17, 11 st Street, Lanmadaw, Yangon",16.7770715,96.1438922,,,,Laminated wood,False,"aung myat phyo co., ltd"
MM20250872HQRYJ,Conflate Jade & Jewellery,"No.S/6-A, Mahar Aung Myay Jade Market Mandalay, Chan Aye Thar San, Mandalay",21.9627611,96.0706467,,,,Jewellery|Gems,False,conflate jade & jewellery
MM20250872J493P,"One of Front Co., Ltd","83, Daw Phwar Shin Street, Zone (1), Hlaingtharya, Yangon",16.9086656,96.0762448,,,,Sweater,False,"one of front co., ltd"
MM20250872JGA77,Super Coffee Mix Limited,"No.185/190, Room-902, Pansodan Tower, Pansodan Street, Kyauktada Township, Yangon., Kyauktada, Yangon",16.7730784,96.1618354,,,,Food Stuff,False,super coffee mix limited
MM20250872JKY2S,"Shwe Bo Minthamee Co., Ltd","12, Nwal Ni Street, Saw Yan Paing (West) Ward, Ahlone, Yangon",16.6739313,96.1405236,,,,Thanakha,False,"shwe bo minthamee co., ltd"
MM20250872K2YY5,"Eura Myanmar Hair Co., Ltd","37, Phan Chet Wun U Shwe Ohe Street, East Dagon Industrial Zone, East Dagon, Yangon",16.9333352,96.3013432,,,,Artificial hair for women|Cosmetics,False,"eura myanmar hair co., ltd"
MM20250872K38WE,"Diamond Double Stam Co., Ltd","28, Ngu War Street, Aye Yeik Mon Housing, Hlaing, Yangon",16.8379817,96.1199262,,,,Black Gram,False,"diamond double stam co., ltd"
MM20250872NBEJM,"Myanmar Inno Co., Ltd","19, 1/2 mile, Pyay Road, Pyinmabin Zone, Mingalardon, Yangon",16.907404,96.1293014,,,,Blouse,False,"myanmar inno co., ltd"
MM20250872NWETD,Wonderful Apparel Company Limited,"No.294, 295, 296 Myaungtagar Thanmani Industrial Zone, Hmawbi Tsp, Yangon",17.1813044,95.9753267,,,,,False,wonderful apparel company limited
MM20250872QRW43,Vardacn Steel & Agro Science Ltd,"No, 437, RM 6/2, 6th Floor, Merchant Road, Yadanar Myaing Condo, Botahtaung, Yangon",16.7761023,96.1689619,,,,Tumeric Fingers|Beans,False,vardacn steel & agro science ltd
MM20250872S3PPW,"East Star Machinery Trading Co., Ltd.","673/674, Thiri Mingalar St., Ward (6), Hlaing Thar Yar, Yangon, Myanmar, Hlaing Thar Yar, Yangon",16.8408516,96.1253802,,,,Machinery,False,"east star machinery trading co., ltd."
MM20250872SDXC3,Myint Myat Hein Cold Store (Myeik),"Inlay Myaing Ward, Industrial Zone, Near Fish Auction Market, Myeik Township, Tanintharyi Region, Myanmar, Myeik, Tanitharyi",12.4492291,98.6270628,,,,Shrimp Meat,False,myint myat hein cold store (myeik)
MM20250872SXEWM,"Dishery Fashion Myanmar Co., Ltd","95/96-Kha, Myay Taing Blk 14, Min Gyi Mahar Min Khaung Street, Shwethanlwin, Hlaingtharya, Yangon",16.8365715,96.0880741,,,,Long Coat,False,"dishery fashion myanmar co., ltd"
MM20250872T472V,"ABAB Myanmar Co., Ltd","219, 37th Street, Upper Blk, Kyauktada, Yangon",16.7780438,96.1623142,,,,Rattan,False,"abab myanmar co., ltd"
MM20250872V07VH,"Royal Ruby Manufacturing Co., Ltd.","No.(84), (64)wards, Badewon U Shwe Bin Street, Industrial Zone(3), Shewpyithar T/S, Yangon",16.9126237,96.0530378,,,,Medicine,False,"royal ruby manufacturing co., ltd."
MM20250872W46QH,Mawlamyaing Holdings Ltd,"Than Lwin Garden Street, Bo Gone Ward, Mawlamyine, Mawlamyaing",16.4684505,97.6273506,,,,Fish|Prawn,False,mawlamyaing holdings ltd
MM20250872W7KHV,"Than Lar Mon Trading Co., Ltd","Room-906, 8th Floor, Bargayar Road, Bargayar Conda, Sanchaung, Yangon",16.8040016,96.1322856,,,,Black Gram|Green Gram,False,"than lar mon trading co., ltd"
MM20250872WHYKJ,"Annawa Trade Park Marine Products Co., ltd","104, Yadanar Theingi Street, Industrial Zone (7), Hlaingtharya, Yangon",16.8830095,96.0791184,,,,Freshwater Fish,False,"annawa trade park marine products co., ltd"
MM20250872WKMRF,"Maung Sein(U)&Family Co., Ltd","No.139, 1st Flr, 27th St., Upper Middle Block, Pabedan, Yangon",16.7776497,96.1566754,,,,Black Gram|Ginger|Sesame|Tamarind,False,"maung sein(u)&family co., ltd"
MM20250872WSJSM,"Myanmar Kaido Co., Ltd.","242/243, De Pe Yinn Wun Htauk U Myel St., Shwe Linban Industrial Zone, Hlaing Thar Yar, Yangon, Myanmar, Hlaing Thar Yar, Yangon",16.9022615,96.0652719,,,,Machinery,False,"myanmar kaido co., ltd."
MM20250872X3THZ,Laser World Family trading Company Limited,"No.166, 34 Street, Kyauktada Township, Yangon, Myanmar., Kyauktada, Yangon",16.7775042,96.1599404,,,,Rice|Rice,False,laser world family trading company limited
MM20250872Y062T,"Myanmar Haiding Import & Export Co., Ltd.","D/11, Bayint Naung Rd., Shwe Pin Lon Housing, Ward (27), North Dagon, Yangon, Myanmar, North Dagon, Yangon",16.8569445,96.200241,,,,Machinery,False,"myanmar haiding import & export co., ltd."
MM20250872Y4E48,"Khetan Co., Ltd.","No.79/81, Room No, 201/202, Central Tower, Anawrahta Road, Kyauktada T/S, Yangon., Kyauktada, Yangon",16.7765363,96.1639959,,,,Green Bean,False,"khetan co., ltd."
MM20250872ZDJXF,Korea Link,"68, Min Thitdi Kyaw Swar Street, Zone (3), Hlaingtharya, Yangon",16.8815705,96.0466821,,,,Pants|Coat|Jackets,False,korea link
MM2025087305VB0,"Toe Tet International Co., Ltd","6, Padauk Street, Aye Yeik Mon Housing, Hlaing, Yangon",16.8379817,96.1199262,,,,Dried Prawn|Salted Fish,False,"toe tet international co., ltd"
MM2025087327GXB,MAYLP Agriculture Company Limited,"No(16-A), V-4 Road, Sakhinathiri Tsp, Hotel Zone(3) Nay Pyi Taw, Myanmar., Dat Khina Thri, Nay Pyi Taw",19.7061604,96.1135625,,,,Rice,False,maylp agriculture company limited
MM2025087328YXT,"Shin Kong Int'l Co., Ltd","20, 19th Street, Lower Block, Latha, Yangon",16.7755583,96.1495793,,,,Black Gram|Onion|Green Gram|Tamarind,False,"shin kong int'l co., ltd"
MM20250873291GH,"Shwe Kyal Pwint Co., Ltd","Rm 21, Mya Yee Pearl Road, Shwe Hinthar Ward, Kawthaung, Kawthaung",9.9958108,98.5528746,,,,Squid|Crab|Prown|Fish|Shells,False,"shwe kyal pwint co., ltd"
MM20250873310HA,"Win Shwe Sin Co., Ltd","No.88 (B), Strand Road, Kyeemyindine, Yangon",16.7692367,96.1621521,,,,Diterocarpus|Wood|Teak,False,"win shwe sin co., ltd"
MM202508733J0W6,"A&T International Co., Ltd","150, Damazayti Road, Bahan Township, yangon., Bahan, Yangon",16.8840396,96.1622075,,,,A&T Bakery,False,"a&t international co., ltd"
MM202508734A3BH,"M.Daeyoung Electronic Co., Ltd","20, U Phone Hlaing Street, Industrial Zone (1), Dagon Seikkan, Yangon",16.8277062,96.2656128,,,,Voice Coin|Electronic Speaker,False,"m.daeyoung electronic co., ltd"
MM202508734ZB25,"Shwe Sin Oo Trading Co., Ltd.","No.16, 1st Floor, Sint Oh Dan Street, Latha T/S, Yangon., Latha, Yangon",16.7747295,96.1489731,,,,Green Bean,False,"shwe sin oo trading co., ltd."
MM202508735J4AT,"Golden Trident Co., Ltd","82, Shwe Bon Tha Street, Lower Middle Block, Pabedan, Yangon",16.7730921,96.1559937,,,,Black Gram|Pigeon Pea,False,"golden trident co., ltd"
MM202508736P3D1,"Honda Myanmar Co., Ltd","31 St, Bet 77x78 St, Yuzana (1+2), Kitsanamahi Quarter, Chan Aye Thar Zan T/s, Mandalay, Myanmar., Chan Aye Thar Zan, Mandalay",21.973015,96.0759242,,,,Rubber,False,"honda myanmar co., ltd"
MM202508736ZTJ6,"Dana Nadi Co., Ltd","291, Sat Hmue 5th Street, Myittar Nyunt Industrial Ward, Tamwe, Yangon",16.8120943,96.1831947,,,,Ginger|Tamarind,False,"dana nadi co., ltd"
MM2025087376ZPQ,"Bhome Yaung Chi Co., Ltd","105 miles, Kyal Hman Sein Block, Mine Yu Village, Muse, Muse",23.9808991,97.9783593,,,,Rice|Yellow Maize|Green Gram|Peanut|Sesame,False,"bhome yaung chi co., ltd"
MM202508737TDFJ,Phone Pyae Zaw Trading Company Limited,"No.(280), Swam, Saw-3 Road, Muse Township, Shan State, Myanmar., Muse Township, Yangon",23.9932884,97.9102647,,,,Rice,False,phone pyae zaw trading company limited
MM2025087387V21,"KGG Garment Co., Ltd","1-D/E, kanaung Min Thar Gyi Street, Industrial Zone (2), Dagon Seikkan, Yangon",16.9188097,96.083001,,,,Coat|Jackets,False,"kgg garment co., ltd"
MM202508739RKPZ,BFC Men's Fashion Company Limited.,"No (18), Minnandar Street, Bo Tun Zan Quarter, Dawpone Township, Yangon.",16.7944155,96.1943648,,,,,False,bfc men's fashion company limited.
MM20250873A6ETD,"Golden Mountain Co., Ltd","44, Thein Phyu Street, Pazundaung, Yangon",16.7839434,96.1675693,,,,Black Gram|Green Gram|Rice,False,"golden mountain co., ltd"
MM20250873ABEVK,Top Htay Company Limited.,"No (21), Yangon Industrial Zone, Mingaladon Garden City, Mingaladon Township, Yangon.",16.9586918,96.1632804,,,,,False,top htay company limited.
MM20250873AXRJ6,"Trade Canal Co., Ltd.","No.7, First Floor, 12nd Street, (5) Ward, Lanmadaw T/S, Yangon., Lanmadaw, Yangon",16.7767354,96.1442881,,,,Green Bean,False,"trade canal co., ltd."
MM20250873BAK2Z,"Royal Moon Star Garment Manufacturing Co., Ltd","881, Nyaung Yan Street, Shwepaukkan Ward 16, North Okkalapa, Yangon",16.9174197,96.1898909,,,,Sport Wear,False,"royal moon star garment manufacturing co., ltd"
MM20250873C3YRT,Honey II,"B-4, Mingalardon Industrial Park, Corner of No.(3) High Way Rd, Khayaybin, Mingalardon, Yangon",16.9421429,96.1566754,,,,T shirt|Dresses|Pants|Blouse|Winner Coat,False,honey ii
MM20250873ET6JN,Pabedan Intl'Ltd,"No-64/66, Bo Soon Pat St, Lower Middle Block, Pabedan, Yangon",16.7727084,96.1573524,,,,bamboo accessories|Corn|Broom|Mangosteen|bamboo,False,pabedan intl'ltd
MM20250873FXA3E,"Trusty Friend International Trading Co., Ltd","D/31, Aung Tha Pyay Street, Bayint Naung Warehouse, Mayangone, Yangon",16.7927054,96.1760501,,,,Black Gram|Green Gram,False,"trusty friend international trading co., ltd"
MM20250873G3HA3,"Paing Family International Co., Ltd","11/Rm BSH/1, Baho Rd, Pann Hlaing Ward, Sanchaung, Yangon",16.7887666,96.13464,,,,Black Gram|Sugar,False,"paing family international co., ltd"
MM20250873HF3QF,"Inzali Thidar Co., Ltd","314/315, Ko Haung 8th Street, Shwepaukkan Industrial Zone, North Okkalapa, Yangon",16.9586918,96.1632804,,,Final Product Assembly,Women Wear|Jackets,False,"inzali thidar co., ltd"
MM20250873K29K6,"Rixs Auto Co., Ltd","608, Room-9/A/B, 9th Floor, Merchant Road, Bo Son Patt Tower, Pabedan, Yangon",16.7722643,96.1573156,,,,Sugar,False,"rixs auto co., ltd"
MM20250873KEP7K,"Shwe Pin Lel Trading Co., Ltd","189/B, 52nd Street, Corner of Thukha Street, Ward (6), Hlaing, Yangon",16.8401707,96.124857,,,,Rattan|Rattan Handicrafts,False,"shwe pin lel trading co., ltd"
MM20250873MZYZ5,"Ming Ying Fashion Co., Ltd","Plot No.29/A, Myay Taing Block No.144/ Industrial Zone, Dagon Myo Thit (South) Tsp, Yangon",16.8704983,96.2429045,,,,,False,"ming ying fashion co., ltd"
MM20250873NRV96,"Aung Kaung Myat Trading Co., Ltd","86th Street, Between 31st Street & 32nd Street, Chanayethazan, Mandalay",21.9780187,96.0741505,,,,Rice,False,"aung kaung myat trading co., ltd"
MM20250873NZZ8G,Win Enterprise Ltd,"66, Htay Thin Ah Twin Wun U Chein Street, Hlaingtharya, Yangon",16.9365602,96.0735871,,,,Teak,False,win enterprise ltd
MM20250873QMHZG,JK Garments Company Limited.,"No (33/34), Thilawa Industrial Zone, Thanlyin Kyauktan Township, Yangon.",16.6722723,96.29337110000002,,,,Pants|Jackets,False,jk garments company limited.
MM20250873RQ1Z4,Sky Apparel Group Company Limited.,"No (7), Sunset Road, West Ywama, Insein Township, Yangon.",16.9041792,96.0996978,,,,Pants|Jackets,False,sky apparel group company limited.
MM20250873SPWGG,"MEF Int'l Co., Ltd","3/428, Hlaw Gar Road, Near Yadanar Hospital Ward (19), South Dagon, Yangon",16.8495876,96.2361423,,,,Fish,False,"mef int'l co., ltd"
MM20250873ST60E,"Hlaing Thazin Trading Co., Ltd","Building 2, Room - 21/23, 1 Floor, Pyay Road, Mayangone, Yangon",16.8576836,96.1414863,,,,Black Gram,False,"hlaing thazin trading co., ltd"
MM20250873T184W,"Steel King Co., Ltd","No-296/B/1, Ayeyar wun Rd., Set Hmu Let Hmu Ward, Thaketa, Yangon",16.8531031,96.2519902,,,,Sugar|Chick Pea|Pigeon Pea,False,"steel king co., ltd"
MM20250873TKN7Y,Diamond Class Company Limited.,"No (100/101), Setmhu 3rd Street, (8) Quarter, South Okkalapa Industrial Zone, South Okkalapa Township, Yangon.",16.83708,96.1730243,,,,,False,diamond class company limited.
MM20250873W9VE3,"Htoo Mar & Pop Pop Co., Ltd","25, Waizayantar Road, Mi Chaung Kan 3 Ward, Thingangyun, Yangon",16.7538691,96.5943562,,,,Coffee powder|Sesame Powder,False,"htoo mar & pop pop co., ltd"
MM20250873WFFGZ,"Asia Int'l Fisheries Co., Ltd","Room 104, Ground Floor, Shwe Gon Daing Road, Shwe Gon Daing Tower (A), Bahan, Yangon",16.8069274,96.1569907,,,,Fish|Prawn,False,"asia int'l fisheries co., ltd"
MM20250873WZ94X,"Global Ace Uniform Co., Ltd","Myay Taing Block No.109, Land Plot No(1212), East Dagon Myo Thit, Industrial Zone, East Dagon.",16.840939,96.173526,,,,Polo Shirt|Rain Coat|Jackets|Uniform,False,"global ace uniform co., ltd"
MM20250873YY6J9,Yaminn Thaw Int'l Ltd,"11/13, Tharaphi Street, Saw Yan Paing (West) Ward, Ahlone, Yangon",16.7829882,96.1297632,,,,Prawn,False,yaminn thaw int'l ltd
MM202508740JZ8F,"International Beverages Trading Co., Ltd.","No.33, Pyay Road, 6 ½ Mile, 11 Ward, Hlaing Tsp, Yangon., Hlaing, Yangon",16.8462221,96.1355842,,,,Grand Royal Whisky,False,"international beverages trading co., ltd."
MM202508740YHMS,Myanmar Kuraoda Co.Ltd,"Oo Paing 80/1, Myay Taing 248, Mount Ka Lan Back Field, Mount Ka Lan Village Group, Yay Sa Kyo Tsp, Pakoku Division, Magway",21.3394161,95.0702794,,,,Glove,False,myanmar kuraoda co.ltd
MM202508742FWBE,"Golden Rice Co., Ltd","310, Room-801, 8th Floor, War Tan Street, Win Shwe War Tower, Lanmadaw, Yangon",16.7798993,96.1392974,,,,Rice,False,"golden rice co., ltd"
MM2025087445R7Y,Myanmar Agribusiness Public Corporation (MAPCO) Ltd.,"No.29, Room No.(901-903), Min Ye Kyaw Swar Road, Lanmadaw T/S, Yangon., Lanmadaw, Yangon",16.8873891,96.187665,,,,Rice,False,myanmar agribusiness public corporation (mapco) ltd.
MM202508744W25X,"Sady (Myanmar) Garment Co., Ltd","Plot No. A-4/B, Myay Taing Block No (21), Mya Sein Yaung Industrial Zone, Hlaing Tharyar Tsp, Yangon",16.8792057,96.0018289,,,,,False,"sady (myanmar) garment co., ltd"
MM2025087465TE9,"Hone Shin Co., Ltd","15/C, Lotlatyay Street, Ga Gyi Ward, Thuwana, Thingangyun, Yangon",16.8170491,96.1973871,,,,Fish,False,"hone shin co., ltd"
MM202508748NVBS,"Myanmar Muse Co., Ltd","56/5, Pyi See Min Thar Gyi Street, East Dagon, Yangon",16.8874548,96.1881281,,,,Hand Bag,False,"myanmar muse co., ltd"
MM20250874APY4R,Yangon Pan-Pacific International Company Limited.,"No.B-4, Myay Taing Block No.175, Kyi Su Industrial Zone, Dagon Myothit (Seikan) Township.",16.8520683,96.2694608,,,,,False,yangon pan-pacific international company limited.
MM20250874AVXH9,"Taw Win KBZ Mountain Co., Ltd","No.3, Zone (5), 73th Street, NgweTaw Quarter, Pyigyitagon Township, Mandalay, Myanmar., Pyigyitagon, Mandalay",21.886265,96.1213421,,,,Black Tea,False,"taw win kbz mountain co., ltd"
MM20250874CEMZ3,Asia Golden Shrimp Cold Store,"Zedia Village, KyaukPhyu Tsp, Rakhine State, Myanmar, KyaukPhyu, Rakhine",19.4212029,93.5458489,,,,Shrimp Meat,False,asia golden shrimp cold store
MM20250874D5AJ4,Sandar Hein Industries Company Limited,"No (91), U Myat San Street, (144) Quarter, East Dagon Industrial Zone (2), East Dagon Township, Yangon.",16.8908169,96.2508702,,,,Jackets|Sport Wear,False,sandar hein industries company limited
MM20250874FK04W,"An&Brothers Manufacturing Co., Ltd","Plot No.(360), Myay Taing Block No.49, Settmu Patt Street, 21 Wards, Wartayar Industrial Zone, Shwe Pyi Thar Tsp, Yangon, Myanmar",16.9753379,96.0785104,,,,Pants|T shirt|Kids Wear,False,"an&brothers manufacturing co., ltd"
MM20250874FM02V,"Myanmar Belle Co., ltd","27, Thu Nandar Street, Thu Mingalar Housing (1), Thingangyun, Yangon",16.9118435,96.1728658,,,,Taro|Lady's Finger|Spinach,False,"myanmar belle co., ltd"
MM20250874FZCN5,"Myo Kyunn Nyo Nyo Industry Co., Ltd","48/4/a, 4 Floor, New University Avenue Road, Saya San Ward, Bahan, Yangon",16.8220708,96.1595754,,,,Jackets|Shirt|Pants,False,"myo kyunn nyo nyo industry co., ltd"
MM20250874GNXZQ,Asia Dragon Garment Manufacturing Company Limited,"No (1), Ka Naung Min Thargyi Street, Dagon Seikkan Industrial Zone (1), Dagon Seikkan Township, Yangon.",16.8344399,96.2806526,,,,,False,asia dragon garment manufacturing company limited
MM20250874H0X9D,"Bonny Garden Trading Co., Ltd","12/E, Ground Floor, 55th Street, Upper Middle Block, Pazundaung, Yangon",16.7770954,96.1752377,,,,Fish,False,"bonny garden trading co., ltd"
MM20250874HDX6Q,"Si Yuan Myanmar Co., Ltd","No.27-Ka, Myay Taing Block, Part (4), Ind'l Zone, Hlaing Tharyar Tsp",16.8565476,96.0670174,,,,,False,"si yuan myanmar co., ltd"
MM20250874HKVD2,"Great Quality Industrial Co., Ltd","98/100, Shwe Dagon Pagoda Road, Lower Middle Block, Pabedan, Yangon",16.773463,96.1533716,,,,Pigeon Pea|Black Gram|Green Gram,False,"great quality industrial co., ltd"
MM20250874MA4D5,"EFR Trading Co., Ltd","Building B, Room 1101, 11st Floor, Mahar Bandoola Road, Mahar Bandoola Housing Complex, Pazundaung, Yangon",16.7770954,96.1752377,,,,Rubber,False,"efr trading co., ltd"
MM20250874N3FEB,"Heiwa Plastic Co., Ltd","195, Twin Thin Tike Wun U Tun Nyo Street, Dagon Seikkan, Yangon",16.8520683,96.2694608,,,,Laminated wood,False,"heiwa plastic co., ltd"
MM20250874PRVA9,"Myanmar Huiyang Industrial Co., Ltd","392, Myay Taing Blk (25), Shwelinban Industrial Zone, Hlaingtharya, Yangon",16.914015,96.0652719,,,,Wedding Dress|Knitting Wear,False,"myanmar huiyang industrial co., ltd"
MM20250874QMJ1M,Excel International Trading Company Limited,"BLK79(B3-B3)#101, Shwe Gone Daing Road, Bahan Township, Yangon, Myanmar., Bahan, Yangon",16.8105428,96.1605383,,,,Rice,False,excel international trading company limited
MM20250874R1PNT,Opal International Company Limited,"No (14/15), Depeyin Wun Htauk U Myae Road, Hlaing Tharyar Industrial Zone (2), Hlaing Tharyar Township, Yangon. (Factory 1)",16.8341487,96.230958,,,,Clothing,False,opal international company limited
MM20250874RD162,"Maple Win Naypyitaw Co., Ltd","No.D5, Shwe Gant Gaw (2) St, Dekkhina Thiri Tsp, Nay Pyi Taw.",19.6799614,96.0891032,,,,,False,"maple win naypyitaw co., ltd"
MM20250874S4Z1K,"Golden Circle Co., Ltd","5, Aye Yeik Mon Road, Corner of Yadanar Mon 6th Street, Ward (3), Hlaing, Yangon",16.8348733,96.1152533,,,,Rice|Black Gram|Green Gram,False,"golden circle co., ltd"
MM20250874SC6RS,"Best Choice (Myanmar) Garment Co., Ltd","Plot No.K-7, Myay Taing Block No.20, Anawrahtar Industrial Zone, Hlaing Tharyar Tsp (West), Yangon",16.853816,96.0254232,,,,,False,"best choice (myanmar) garment co., ltd"
MM20250874TFB7H,"Myanmar Talent Group Co., Ltd","310, Room-1202, 2nd Floor, Anawrahta Road, Win Shwe Wah Tower, Lanmadaw, Yangon",16.7778539,96.1391602,,,,Black Gram|Green Gram,False,"myanmar talent group co., ltd"
MM20250874TPPA6,"Myanmar Hongyuan Internation Garment Co., Ltd","No.589-A, BantBwayKone Village Group, Hmawbi Tsp Yangon.",17.123766,96.0308654,,,,,False,"myanmar hongyuan internation garment co., ltd"
MM20250874XGWTS,"Violet Valley Trading Co., Ltd","154/155, Inngyin Street, 34th Block, North Dagon, Yangon",16.8211125,96.1926939,,,,Instant Foods,False,"violet valley trading co., ltd"
MM20250874XR3R6,"Myanmar Belle Co., Ltd.","No.21/A, Upper Pazundaung Road, Mingalar Taung Nyunt T/S, Yangon Region., Mingalar Taung Nyunt, Yangong",16.7801858,96.1746348,,,,Crab,False,"myanmar belle co., ltd."
MM20250874Z5S6S,"Best Garment Co., Ltd","No.561, Residential Ward, Kayin Chaung Kwin, Plot No. 36 A, 38A, 40A, Shwe Pyi Thar Tsp, Yangon",16.9412614,96.0769842,,,,,False,"best garment co., ltd"
MM20250874ZV28T,Htein Lin Ayeyar Trading Company Limited,"No.Q2, Shwe Thit Khwa Street, Shwe Padauk Yeikmon, Kamayut Township, Yangon, Myanmar., Kamayut, Yangon",16.8311152,96.1220792,,,,Rice|Rice,False,htein lin ayeyar trading company limited
MM2025087507S1R,"Bright Light Co., Ltd.","No.F-44, Sein Pan Street, Bayinnaung Pwe Yone Ton, Mayangon Township, Yangon., Mayangon, Yangon",16.8638688,96.1049367,,,,Green Gram|Tamarind|Green Bean|Black gram,False,"bright light co., ltd."
MM202508750VXDW,"Grand Wynn Manufacturing Co., Ltd","50, Yan Naing Swe 2nd Street, Set Hmu Ward, Thakata Industrial Zone, Thaketa, Yangon",16.8071191,96.1972389,,,,Fish|Prawn,False,"grand wynn manufacturing co., ltd"
MM2025087519EJ1,MST Underwear Company Limited,"No. 212, MyinWunUAungThu St, Ind'l Zone Part 2, Hlaing Tharyar Tsp, Yangon",16.8819286,96.0573302,,,,Underwear|Underwears,False,mst underwear company limited
MM202508751QXJY,"Good Brother Co., Ltd.","No.22, Bayint Naung Road, Thirimon Housing, Hlaing T/S, Yangon., Hlaing, Yangon",16.8542992,96.1073441,,,,Rice|Rice|Rice,False,"good brother co., ltd."
MM2025087532JHZ,"Ngwe Sandar Trading Co., Ltd","Building B, Room-116, Ground Floor, Baho Road Upper, Muditar Condo, Mayangone, Yangon",16.8670416,96.1109508,,,,Rice|Gram Whole|Black Gram,False,"ngwe sandar trading co., ltd"
MM202508755CWX1,Swan Htet Myat Company Limited,"No.135, Nawaday(1)St, (1)Ward, Mayangone Tsp, Yangon, Myanmar., Mayangone, Yangon",16.7839396,96.1571235,,,,Rice,False,swan htet myat company limited
MM202508755J6VF,Eternal Victory General Trading Company Limited,"No.274, 1St Floor, Anawrahta Road, Lanmadaw T/S, Yangon., Lanmadaw, Yangon",16.7774568,96.1421874,,,,Rice,False,eternal victory general trading company limited
MM202508757TWAY,"OMIC Myanmar Inspection & Surveying Co., Ltd","Room-601, Ground Floor, MGW Centre, Botahtaung, Yangon",16.7724909,96.1646322,,,,Rice|Black Gram|Green Gram,False,"omic myanmar inspection & surveying co., ltd"
MM202508757V520,Steel Emperor Engineering & General Trading,"No.161/Y, Kyaikkasan Rd., Nat Mauk Ward, Tamwe, Yangon",16.79552,96.1717183,,,,Hotel kitchen Equipment,False,steel emperor engineering & general trading
MM202508759PXZJ,Myanmar Yes Company Limited,"No (64), De Peyin Wun Htauk U Myae Street, Hlaing Tharyar Industrial Zone (3), Hlaing Tharyar Township, Yangon.",16.8819286,96.0573302,,,,Jackets,False,myanmar yes company limited
MM20250875ACDNF,"Myat Noe Thu Co., Ltd","Building A/1, Room-508, 5th Floor, Lower Kyimyindine Road, Shwe Gon Thu Housing, Kyeemyindine, Yangon",16.7987178,96.1245123,,,,Laminated wood,False,"myat noe thu co., ltd"
MM20250875B5AQ8,Asia Trade House Ltd,"I/28-A, 1st Floor, Khattar Street, Bayintnaung Warehouse, Mayangone, Yangon",16.8006512,96.12818,,,,Pigeon Pea|Black gram,False,asia trade house ltd
MM20250875BP5TQ,"Aung Mingalar (SKT Co., Ltd)","7, Pan Pin Gyi Street, Near Hlaing River, Ma Gyee Dan (South-West) Ward, Kyeemyindine, Yangon",16.8116343,96.1221573,,,,Labeo Rohita,False,"aung mingalar (skt co., ltd)"
MM20250875BRT8W,"Sein Enterprise Export & Import Co., Ltd","94, 2nd Floor, Bo Ga Lay Zay Street, Lower Middle Block, Botahtaung, Yangon",16.7878643,96.1935395,,,,Shoes,False,"sein enterprise export & import co., ltd"
MM20250875CAFTP,WHN (Myanmar) Garment Company Limited,"No. 145/B, Sayar San Street, Industrial Zone (2), Hlaing Tharyar Tsp, Yangon",16.8472264,96.0752695,,,,,False,whn (myanmar) garment company limited
MM20250875DBVGT,"Green Island Trading Co., Ltd","78/23 Street, Lower Block, Latha, Yangon",16.7754311,96.152364,,,,Rice|Rubber,False,"green island trading co., ltd"
MM20250875HA8KD,"Bella Interiors Co., Ltd","2730/2731, Than Lwin Street, Industrial Zone (2), Ext: ward 63, South Dagon, Yangon",16.8341487,96.230958,,,,Rattan,False,"bella interiors co., ltd"
MM20250875K3CVM,Shwe Wah Yaung Agriculture Production Trading Ltd.,"No.Nya/73, Yuzana St, Bayint Naung (1) Ward, Mayangone Tsp, Yangon, Myanmar., Mayangone, Yangon",16.8605238,96.1068995,,,,Rice|Rice,False,shwe wah yaung agriculture production trading ltd.
MM20250875K4BWN,"Panko Myanmar Co., Ltd","75/76-B, Hlaw Kar Street, Near of Tae Zone, Shwepyitha, Yangon",17.0075924,96.0811584,1220,,,Blouse|Kid Wear,False,"panko myanmar co., ltd"
MM20250875KR4DK,R.K Brother Ltd,"31, 30th Street, Lower Middle Block, Pabedan, Yangon",16.7776497,96.1566754,,,,Ginger|Tumeric Finger|Black Gram,False,r.k brother ltd
MM20250875M1JPM,"North Shore Group Co., Ltd","D-10, Mingaladon Industrial Park, Corner of No.3 Highway Rd & Kayaybin Rd, Mingalardon, Yangon",16.9421429,96.1566754,,,,Jackets|Sport Wear,False,"north shore group co., ltd"
MM20250875N4HPQ,Great World,"No.7, U Shwe Bin Street, Shwelinban Industrial Zone, Hlaingtharya, Yangon",16.914015,96.0652719,,,,Clothing,False,great world
MM20250875R6F26,"Pyi Phyo Tun Intermational Co., Ltd","No.15, 11th Street, Lanmadaw, Yangon",16.8354825,96.1170879,,,,Prawn|Crab|Fish|Oil Plam|Rubber,False,"pyi phyo tun intermational co., ltd"
MM20250875RH93C,"Myanmar Htan Ta Pin Garment Co., Ltd","Holding No. (23/Ka) (23/Kha). No (1), Kan Gyi Knoe, Ward No.4, Htan Ta Pin, Yangon",16.492282,96.2064083,,,,,False,"myanmar htan ta pin garment co., ltd"
MM20250875X12TH,Fisheries & Marine Products 2000 Ltd,"147, 3rd Floor, Anawrahta Road, Office, Botahtaung, Yangon",16.7764916,96.1705743,,,,Fish,False,fisheries & marine products 2000 ltd
MM20250875YNHVP,"Autumn Sugar Co., Ltd","20, Between 65th Street & 66th Street, Yadanarbon Street, Maharaungmyay, Mandalay",21.9557615,96.0917517,,,,Sugar,False,"autumn sugar co., ltd"
MM20250875ZA2GJ,KTT Private Ltd,"3, Pin Lon Yeik Mon 1 Street, Pon Lon Yeik Mon Housing, Thingangyun, Yangon",16.8458462,96.2090533,,,,Rice,False,ktt private ltd
MM2025087603Y2V,Forever Winner Ltd,"No-16, Phone Gyee St, Lower Block, Lanmadaw, Yangon",16.7781232,96.1407694,,,,Rubber,False,forever winner ltd
MM2025087607818,"Xin Tian Di (Myanmar) Apparel Co., Ltd","1/A, Bamaw Atwin Wun Street, Shwelinban Industrial Zone, Hlaingtharya, Yangon",16.9212186,96.0568096,,,,Jackets|Pants,False,"xin tian di (myanmar) apparel co., ltd"
MM20250876233WW,"Hlaing Yar Zar Myint Co., Ltd","114, 1 Floor, 34 Street, Upper Middle Block, Kyauktada, Yangon",16.7745552,96.1619784,,,,Black Gram,False,"hlaing yar zar myint co., ltd"
MM2025087628ADS,"Excellent Myanmar Co., Ltd.","8(B), Classic Stand Condominium Between Konzaydan Street, and 27th street, Stand Road, Yangon., Yangon, Yangon",16.7691416,96.1650997,,,,Sorghums,False,"excellent myanmar co., ltd."
MM202508762EAQ9,"Aye Chan Myay General Trading Co., Ltd (First Top Group of Companies)","151, Rm 901/902/903/904, 9th Fl, War Dan Street, Myawaddy Luxury Complex, Lanmadaw, Yangon",16.776408,96.1407844,,,,Black Gram|Sesame Powder|Sesame,False,"aye chan myay general trading co., ltd (first top group of companies)"
MM202508762NXV7,"Chia Moon Sports (Myanmar) Co., Ltd","No.(52), Economic Zone, Ward No (13), Pathein, Ayarwaddy Region",16.7753609,94.7381013,,,,,False,"chia moon sports (myanmar) co., ltd"
MM2025087639037,"Hope One Co., Ltd","182, 9/10, Maung Kyanti Street, Shwelinban Industrial Zone, Hlaingtharya, Yangon",16.914015,96.0652719,,,,Jackets|T shirt,False,"hope one co., ltd"
MM202508763KBJB,"Ohm Shwe War Co., Ltd.","No.(Tatalincheik-25), New Thargi Street, WardNo.(1), Mayangone Township, Yangon., Mayangone, Yangon",16.8662832,96.1163418,,,,Sorghums,False,"ohm shwe war co., ltd."
MM202508763QSN0,"Chindwin Banner Co., Ltd","42/103-B, Kanaung Min Thar Gyi Street, Zone (1), Shwepyitha, Yangon",16.9188097,96.083001,,,,Jackets,False,"chindwin banner co., ltd"
MM202508764TDSW,"San Pya Nwe Co., Ltd","34th Street, Between 85th Street & 86th Street, Chanayethazan, Mandalay",21.9780187,96.0741505,,,,Rice,False,"san pya nwe co., ltd"
MM202508766SHHS,Aung Naing Thitsar Company Limited,"Dagon Center 2, 14(C&E), 14th Floor, No.268 Pyay Township, Yangon, Myanmar., Pyay, Yangon",16.8044981,96.1375101,,,,Rice|Rice|Broken Rice,False,aung naing thitsar company limited
MM202508767XHBR,Myanmar Distribution Group,"No.11(A), Myittar Yeik Mon Housing, Nat Chaung Ward, Tamwe Tsp, Yangon., Tamwe, Yangon",16.8103723,96.1783507,,,,Gold Roast Coffee Mix,False,myanmar distribution group
MM202508768N30R,"Aung & Ruble Trading Co., Ltd","26, 8th Floor, Thamain Bayan Road, Tamwe, Yangon",16.8016403,96.1953251,,,,Toffee,False,"aung & ruble trading co., ltd"
MM20250876AGZDY,"Dawei River Holding Enterprise Co., Ltd","Holding No.J (66), Thiriyadana Wholesales Market, North Okkalapa T/s, Yangon., North Okkalapa, Yangon",16.923692,96.1549897,,,,Rubber,False,"dawei river holding enterprise co., ltd"
MM20250876BSA4A,"Great Luck Co., Ltd","119, Lower Kyee Myin Daing Road, Saw Yan Paing (East) Ward, Ahlone, Yangon",16.8086025,96.1228751,,,,Green Gram|Onion|Chille|Green Bean,False,"great luck co., ltd"
MM20250876F3S36,"Myanstar Garment Co., Ltd","Building E, Room-301/302, 3rd Floor, Pyay Road, Diamond Condo, Kamaryut, Yangon",16.8229109,96.1314099,,,,Jackets|Coat|Pants,False,"myanstar garment co., ltd"
MM20250876FMF5F,Kittenish Knitting Company,"No (66), Min Thatedi Kyaw Swar Street, Shwe Pyi Thar Industrial Zone (2), Shwe Pyi Thar Township, Yangon. (Fty 1)",16.971492,96.0763009,,,,Jackets|Kids Wear|Pants,False,kittenish knitting company
MM20250876G662P,"Trade Relation International Co., Ltd","No. Ta-36, Baw Ga Ba Ba La Lan Thwal, Yandayar Yeik Thar, North Okkalapa Tsp, Yangon.",16.9197469,96.1686077,,,,,False,"trade relation international co., ltd"
MM20250876GHBCG,"La Min Htein Htein Thar Trading Co., Ltd.","Building No.62, First Floor, Room No.2, Pansodan Street, Kyauktada T/S, Yangon., Kyauktada, Yangon",16.7726319,96.1617876,,,,Green Bean|Crab,False,"la min htein htein thar trading co., ltd."
MM20250876H7TR2,United Engineering,"23, Thukha Waddy St., Yankin, Yangon, Myanmar, Yankin, Yangon",16.8331267,96.1586281,,,,,False,united engineering
MM20250876HV4PY,Pyone Pyone Family,"101, 123th St., Mingalar Taung Nyunt, Yangon, Myanmar, Mingalar  Taung Nyunt, Yangon",16.7926462,96.171094,,,,Kitchenware,False,pyone pyone family
MM20250876K56K9,Aung Myanmar Technology Cold Storage,"Sinmalike Dockyard, Myanmar Shipyard Compound, Kamaryut Township, Yangon, Myanmar., Kamaryut, Yangon",16.8295638,96.1201286,,,,Shrimp Meat,False,aung myanmar technology cold storage
MM20250876KT16C,"Kaung Lat Trading Co., Ltd.","No.(16), Warn Hmie Village, Warn Hmie Village Group, Maing Kaing Township, Shan State., Maing Kaing, Shan",24.8331528,95.33116520000002,,,,Green Bean,False,"kaung lat trading co., ltd."
MM20250876KW65J,"Organic-Agro Land Co., Ltd","Room-705, 7th Floor, 50th Street, 50th Street Condo, Botahtaung, Yangon",16.7723195,96.1711869,,,,Ginger|Turmeric Fingers|Pigeon Pea|Black Gram|Green Gram,False,"organic-agro land co., ltd"
MM20250876MQ6W5,"Maou Oals Shaung Int'l Co., Ltd","182/194 Rm 3/E, 3rd Flr, Batahtaung Pagoda St. Hnin Si Condo, Pazundaung, Yangon",16.7748648,96.1728838,,,,Pigeon Pea|Black Gram|Sesame,False,"maou oals shaung int'l co., ltd"
MM20250876N3QNW,"Great Value Co., Ltd","28, Corner of Min Theikdi Kyaw Swar Street & U Tayoke Street, Zone (2), Shwepyitha, Yangon",16.9753379,96.0785104,,,,Rice|Black Gram,False,"great value co., ltd"
MM20250876NJ3QS,"Myanmar Technologies Industry Co., Ltd","50, Yaw Atwin Wun U Phoe Hlaing Street, Industrial Zone (1), Dagon Seikkan, Yangon",16.8892591,96.2288841,,,,plywoods|Boards|Wood Decking|Veneers,False,"myanmar technologies industry co., ltd"
MM20250876NMPRF,"Asia Hline Kyaw Family Co., Ltd","253/A, Room 301/A, 3rd Floor, Mahar Bandoola Road, Botahtaung, Yangon",16.7738283,96.1742614,,,,Rice|Black Gram|Green Gram,False,"asia hline kyaw family co., ltd"
MM20250876P8BBC,Myanmar Mercury Garment Manufacturing Company Limited.,"No (198/13), U Pho Hlaing Street, Dagon Seikkan Industrial Zone (1), Dagon Seikkan Township, Yangon.",16.8344399,96.2806526,,,,,False,myanmar mercury garment manufacturing company limited.
MM20250876PE8GM,"Kojima Iryo Myanmar Co., Ltd","869, Rm (A-3), Maharbaga Street, 8th Ward, Mayangone, Yangon",16.8687935,96.1119967,,,,Dress|Shirt|Jackets,False,"kojima iryo myanmar co., ltd"
MM20250876PJGP6,Famous Winner Company Limited,"Plot No.198, Myay Taing Block No.Nga (Industry), Industrial Ward, North Okkalapa Tsp, Yangon",16.9197469,96.1686077,,,,,False,famous winner company limited
MM20250876Q5NFR,"E & E Magnetic Products Co., Ltd","174, Pabe Khaung Mg Khet Street, Industrial Zone (1), Hlaingtharya, Yangon",16.832278,96.2207656,,,,Power Magnetic Transformer,False,"e & e magnetic products co., ltd"
MM20250876RZYEV,Diamond Mercury Wood Product Ltd,"98/42, Set Hmu 6th Street, Industrial Zone (1), Shwepyitha, Yangon",16.8330415,96.2190137,,,,Parquet|plywoods|Veneers|Laminated wood,False,diamond mercury wood product ltd
MM20250876S42H8,"Tek Nay Wun Ni Manufacturing Co., Ltd","142, Mhat Khayar Min Thar Gyi Street, Shwe Pyi Thar Industrial Zone - 3, Shwepyitha, Yangon",16.969617,96.0732146,,,,Pants,False,"tek nay wun ni manufacturing co., ltd"
MM20250876S5Y9X,Holly Garment,"Sayar Shan, Shwelinban Zone, Hlaingtharyar, Hlaingtharya, Yangon",16.8431462,96.0855487,,,,Pants|Shirt,False,holly garment
MM20250876ST9PA,"S.M.A.S Co., Ltd","A-165/166, Yoe Gyi Chaung Street, Bayintnaung Warehouse, Mayangone, Yangon",16.8673092,96.107689,,,,Fish|Salted Fish|Dried Shrimp,False,"s.m.a.s co., ltd"
MM20250876STTX2,"Nang Yan Co., Ltd.","No.167. 36 Street, Between 80 and 81, Mandalay., Mandalay, Mandalay",22.0004462,96.0844479,,,,Aquatic Product,False,"nang yan co., ltd."
MM20250876TGHXG,"Nine Lion Trading Co., Ltd","25, 1st Floor, Anawrahta Road, Latha, Yangon",16.7772208,96.1495051,,,,Fish,False,"nine lion trading co., ltd"
MM20250876YVFAA,"Dragon Garment Co., Ltd","No.19, Mya Sein Yaung Ind'l Zone, Hlaing Tharyar Tsp",16.9540115,96.0680731,,,,,False,"dragon garment co., ltd"
MM20250876Z2KS5,"Paing Family International Co., Ltd.","No.3-C Yuzana Street, Aye Yeik Mon, 4 Ward, Hlaing Township, Yangon., Hlaing, Yangon",16.8401884,96.1141624,,,,Green Bean,False,"paing family international co., ltd."
MM20250876Z41FB,Myawaddy Trading Ltd.,"No.55/61, Strand Road, Serikkan T/S, Yangon., Serikkan, Yangon",16.7676751,96.1669222,,,,Green Bean,False,myawaddy trading ltd.
MM20250876ZYNY8,"Great Diamond Mountain Manufacturing Co., Ltd","132, Corner of Wutmasut Won Htauk Street&Seik Kan Thar Street, Industrial Zone (4) Hlaing Thar Yar Tsp, Yangon., Hlaing Thar Yar, Yangon",16.8446753,96.1154424,,,,Feel Candy,False,"great diamond mountain manufacturing co., ltd"
MM202508770HG5Z,"Advanced Seafood Industries Co., Ltd.","No.127, Than Chat Wun U My Street, Dagon Seink Industrial Zone (1), Yangon, Myanmar., Dagon, Yangon",16.7941555,96.1447455,,,,Squid|Fish|Crab|Shrimp Meat,False,"advanced seafood industries co., ltd."
MM202508770MBVK,"Myat Thiha Soe Trading Co., Ltd","173, 2nd Floor, 36th Street, Upper Middle Block, Kyauktada, Yangon",16.7891054,96.1701276,,,,Ginger|Turmeric Fingers|Black Gram|Rice|Gram Whole,False,"myat thiha soe trading co., ltd"
MM2025087717C9P,"Asia Face Trading Co., Ltd (Double M)","Building S/A, Room 004, Ground Floor, Lay Daunt Kan Road, Min Ye Kyaw Swar Housing, Tamwe, Yangon",16.789224,96.1305225,,,,Fish|Prawn|Soft Crab,False,"asia face trading co., ltd (double m)"
MM202508772CPRN,"New Blaze Co., Ltd","43/B, 31st Street, Lower Middle Block, Pabedan, Yangon",16.7776497,96.1566754,,,,Gram Whole|Pigeon Pea|Black Gram,False,"new blaze co., ltd"
MM202508772JS06,Mansa Iron Steel,"529/3, 529/4, Pin Lon St., Industrial Zone (1), South Dagon, Yangon, Myanmar, South Dagon, Yangon",16.8393657,96.2249931,,,,Kitchenware,False,mansa iron steel
MM202508773WPR6,AEC (Green Eyes Ltd),"83/85, 30th Street, Lower Middle Block, Pabedan, Yangon",16.7776497,96.1566754,,,,Gram Whole|Black Gram,False,aec (green eyes ltd)
MM202508774HCQH,"Golden Island Myanmar Co., Ltd","Plot No(1/A, 1/D, 1/E), Dagon Industrial Zone (2), Dagon Myo Thit (Seikkan) Tsp, Yangon",16.8341487,96.230958,,,,,False,"golden island myanmar co., ltd"
MM202508774S0E4,"Hla Yin Moe Co., Ltd","44/B, No.(3), Main Road, Pyinmabin Industrial Zone, Mingalardon, Yangon",17.0003147,96.1445461,,,,Pants|Knitting wears,False,"hla yin moe co., ltd"
MM202508775S5VQ,Myanmar Chemical & Machinery Co.Ltd,"20/21/Thukhawaddy Street, 6 Ward, Yankin, Yangon",16.8335572,96.158665,,,,Lentil|Black Gram|Green Gram|Rice|Black Eye Bean,False,myanmar chemical & machinery co.ltd
MM202508776NC99,"Jin Kai Manufacturing (Myanmar) Co., Ltd","Plot No.186, Myay Taing Block Zone (2), Hlaing Tharyar Tsp, Yangon",16.8819286,96.0573302,,,,,False,"jin kai manufacturing (myanmar) co., ltd"
MM202508777CM33,"Sincere Season (Myanmar) Garment Co., Ltd","Plot No. A1, Myay Taing Block No 21, Mya Sein Yaung Industrial Zone, Hlaing Tharyar Tsp, Yangon.",16.8792057,96.0018289,,,,,False,"sincere season (myanmar) garment co., ltd"
MM202508779AH2Z,"Htun Padetha Industries & Trading Co., Ltd","44-45, Kanaung Min Thar Gyi Street, Industrial Zone (1) Hlaing Thar Yar Tsp, Hlaing Thar Yar, Yangon",16.8880467,96.048359,,,,Food Stuff,False,"htun padetha industries & trading co., ltd"
MM202508779Y9S2,"Cekap Venture Trading Co., Ltd","Room-504, 5th Floor, Kaba Aye Pagoda Road, Excel Treasure Tower, Bahan, Yangon",16.8152865,96.1559192,,,,Green Gram|Black Gram|Pigeon Pea,False,"cekap venture trading co., ltd"
MM20250877A4SCC,"Crown Star Co., Ltd","26/A, Aung Min Khaung Pagoda Street, 10th Ward, Kamaryut, Yangon",16.8168106,96.1432115,,,,Black Gram|Pigeon Pea,False,"crown star co., ltd"
MM20250877A9CE6,"Native Victor Industries Co., Ltd","77, Yaw Atwin Wun U Poe Hlaing Street, East Dagon, Yangon",16.8934794,96.0825104,,,,T shirt|Shirt|Pants,False,"native victor industries co., ltd"
MM20250877B27P3,Brilliance Textile Corporation Limited,"Plot No. 198/6, 1098/7, Thamardi Street, 2 lane, Industrial Zone (1), Dagon Seikkan Tsp",16.8040669,96.1743291,,,,,False,brilliance textile corporation limited
MM20250877BA5M7,"Shan Maw Myae Co., Ltd","243, 1st Floor, Bo Aung Kyaw Street, Upper Middle Block, Kyauktada, Yangon",16.7742121,96.164351,,,,Envelope|Green Tea,False,"shan maw myae co., ltd"
MM20250877BM192,"San Dara Aung Co., Ltd","71, 31st Street, Lower Middle Block, Pabedan, Yangon",16.7776497,96.1566754,,,,Black Gram|Pigeon Pea,False,"san dara aung co., ltd"
MM20250877C715J,"Golden Propitious (Myanmar) Garment Co., Ltd","Plot No.51, Myay Taing Block No. 51, Thardukan Industrial Zone, Shwe Pyi Thar Tsp, Ygn",16.9845706,96.0922922,,,,,False,"golden propitious (myanmar) garment co., ltd"
MM20250877CZ0Y2,"Aung Myat Phyo Int'l Co., Ltd","15, 11th Street, Lower Block, Lanmadaw, Yangon",16.77345,96.1463396,,,,Prawn|Carb,False,"aung myat phyo int'l co., ltd"
MM20250877D7Q6A,"See Top Co., Ltd","Myo Shaung 4 Street, No(277/279), No(8) Ward, Bago",17.3430693,96.4468214,,,,,False,"see top co., ltd"
MM20250877G26P7,"Hein Aquarium Co., Ltd","1033/1035, Duya Street, Ward (43), North Dagon, Yangon",16.8885399,96.1805422,,,,Fish,False,"hein aquarium co., ltd"
MM20250877G310D,"Sono Myanmar Co., Ltd","No. (85), Di Pe Yinn Wun Htaut U Myal Street, Shwe Pyi Thar Zone (4), Shwe Pyi Thar Township",16.929154,96.0885169,,,,,False,"sono myanmar co., ltd"
MM20250877GDH07,Golden Bayint Naung Rice & Paddy Company Limited,"No.Nya/25, Ahthaw Ka St, BayintnaUNG Pweyontan, No(1) Quarter, Mayangone Tsp, Yangon, Myanmar, Mayangone, Yangon",16.8605843,96.1062494,,,,Rice,False,golden bayint naung rice & paddy company limited
MM20250877GFD05,"Ever Bright (Myanmar) Textile Co., Ltd","No.1002, Phoung Gyi Road, No.53 GA, Mi Chaung Aing Village, Hlegue Tsp, Ygn",17.0948072,96.2110521,,,,,False,"ever bright (myanmar) textile co., ltd"
MM20250877KM9Q0,KBL Fashion Limited,"No (172), Sabai Street, Hlaing Tharyar Industrial Zone (5), Hlaing Tharyar Township, Yangon. No.(19), Myawaday Min Gyi Street, Hlaing Tharyar Zone (4), Hlaing Tharyar Tsp.",16.8819286,96.0573302,,,,,False,kbl fashion limited
MM20250877MAHW4,Indigo Sea Myanmar Trading,"Building 53/54, Bahosi Housing, Lanmadaw, Yangon",16.7792342,96.1404381,,,,Cashew Nuts,False,indigo sea myanmar trading
MM20250877MAP2F,"Two Rivers Co., Ltd.","No.356, D, o.F Compound, West Gyogone, Insein Township, Yangon, Myanmar, Insein, Yangon",16.873332,96.1119528,,,,Shrimp Meat,False,"two rivers co., ltd."
MM20250877NYQPS,Sweet Dreams House Holding Supply.,"No(26*30), Kan Kaunt Haung Quarter, East Myo Pat St, Chan Myae Thar Zan, Mandalay",21.9588282,96.0891032,,,,,False,sweet dreams house holding supply.
MM20250877P46WN,"ZPG Zay Pharmaceutical Group Co., Ltd","No(69), Theikpan Street, Gallon Quater, Ahlone Township, Yangon, Yangon, Yangon",16.7921867,96.1235113,,,,Methylated Spirit|Zinc Oxide ointment|Povidone iodine Solution|Detergent Solution|Povidone iodine Surgical Scrub,False,"zpg zay pharmaceutical group co., ltd"
MM20250877QX2CV,"Diamond Star Co., Ltd","50-51-52, Ka Naung Min Thar Gyi Street, East Dagon Industial Zone, Yangon., East Dagon, Yangon",16.840939,96.173526,,,,Rice,False,"diamond star co., ltd"
MM20250877R4TM3,"Sanny & Brothers Int'l Trading Co., Ltd","17, Room 7/8, Sabae Street, Tamwe, Yangon",16.8144727,96.1296754,,,,Luggage,False,"sanny & brothers int'l trading co., ltd"
MM20250877RN98Q,Golden Phyo Htaung,"57-58 Between, 39(A) Street, Ye Mon Taung Ward, Mahan Aung Myay Township, Mandalay., Mahan Aung Myay, Yangon",21.9588282,96.0891032,,,,Htoo Htoo Shaldable Assorted Sriet Beans,False,golden phyo htaung
MM20250877RWAXM,"Myanmar Fruit, Flower and Vegetable Producer and Exporter Association","Office 29, Level 5, UMFCCI Office Tower, 29, Min Ye Kyaw Swar St; Kanmadaw Tsp, Yangon, Kanmadaw, Yangon",16.7985835,96.1950172,,,,Fruit,False,"myanmar fruit, flower and vegetable producer and exporter association"
MM20250877RXG20,"Ngwe Sandar Trading Co., Ltd","224/225, Kanaung Min Thar Gyi Street, Industrial Zone (2), Hlaingtharya, Yangon",16.8880467,96.048359,,,,Green Gram|Gram Whole|Black Gram,False,"ngwe sandar trading co., ltd"
MM20250877VVXT6,"Eastern Lad Co., Ltd","156, 1st Floor, Yangon-Insein Road, Ward (2), Kamaryut, Yangon",16.8344645,96.128524,,,,Plum Pack|Tea Leaves|Cake|Salad Toppings,False,"eastern lad co., ltd"
MM20250877W8M5P,"Apex Vantage Trading Co., Ltd","180/190, Ground Floor, Set Yone Road (Mill Road), Ma U Gone Ward, Tamwe, Yangon",16.7913954,96.174852,,,,Sunflower Oil|Kitchen Steel Materials,False,"apex vantage trading co., ltd"
MM20250877WS3BW,"All States International Co., Ltd.","No.310, Rm.No.202, (2nd Flr., ), Corner of Anawrahta St., Warden St., Lanmadaw T/S, Yangon., Lanmadaw, Yangon",16.7781232,96.1407694,,,,Green Gram|Black Gram|Green Bean,False,"all states international co., ltd."
MM20250877WX5WK,"Aung Kaung Oo Co., Ltd 4","8, Myachornyo 3 Street, Industrial Zone, Tharkayta Tsp, Tharkayta, Yangon",16.7722833,96.1733079,,,,Tamarind Paste,False,"aung kaung oo co., ltd 4"
MM20250877XMDWK,Asia Vista Manufacturing Company Limited.,"Plot No (51), Myay Taing Block No (109), Sethmu Myo (Extension), East Dagon Township, Yangon.",17.0854477,96.1943162,,,,Long Pants,False,asia vista manufacturing company limited.
MM20250877YJQKK,"Myat Miba Co., Ltd","111, Yangon-Insein Road, Near Thukha Bus Stop, Ward (9), Hlaing, Yangon",16.8460749,96.1255936,,,,Green Gram|Black Gram|Pigeon Pea,False,"myat miba co., ltd"
MM20250877YXTHZ,CREATIVE SEWING Garment Ltd,"159/160, Mingyi Mingaung Street, Shwelinban Industrial Zone, Hlaingtharya, Yangon",16.914015,96.0652719,,,,Knitted Wear|Warm Coat|Rain Coat,False,creative sewing garment ltd
MM202508780BYDG,"Shwe Thit Oo Trading Co., Ltd","K/13-B, Yuzana Street, Bayint Naung Warehouse, Mayangone, Yangon",16.8642964,96.1067996,,,,Green Gram|Black Gram|Sesame|Pigeon Pea|Black Eye Bean,False,"shwe thit oo trading co., ltd"
MM202508781SEDF,Fu Son Garment Factory Myanmar Limited,"Plot No (60), Block No (21), Mya Sein Yaung Industrial Zone, Hlaing Tharyar Township, Yangon.",16.8792057,96.0018289,,,,,False,fu son garment factory myanmar limited
MM202508782XQTA,"So Pyae Win Co., Ltd","So Pyae Win, Site Pyo Yay Chan, Han Myint Moh Village, Kyaukse, Mandalay",21.6098301,96.1341431,,,,Dried Cabbage|Dried Mango|Fresh Mango|Dried Ginger|Dried Tumeric,False,"so pyae win co., ltd"
MM202508784SWZJ,Shining Access Garment Company Limited,"No (159), Set Hmu 2nd Street, Shwe Pyi Thar Industrial Zone (1), Shwe Pyi Thar Township, Yangon.",16.9337149,96.0872415,,,,Shirt (Men),False,shining access garment company limited
MM202508786R5GD,"Thitsar Tun Trading Co., Ltd.","No.136, A U TayoKe Gyi St., Industrial Zone (4), Hlaing Tharyar T/S, Yangon., Hlaing Tharyar, Yangon",16.8346025,96.1201321,,,,Green Bean,False,"thitsar tun trading co., ltd."
MM202508788EXP3,Natural Forest Ptc Ltd,"387/389, Bo Aung Kyaw Street, Upper Block, Kyauktada, Yangon",16.7786909,96.1644154,,,,Sawed Wood,False,natural forest ptc ltd
MM20250878ANDEM,"Mynamar World Trading Co., Ltd","47/ 55, Ngan Yon Pagoda Street, 8.5 Mile, Ward (5), Mayangone, Yangon",16.8724245,96.1393612,,,,Villous Amomum|Traditional Pathein Umbrella,False,"mynamar world trading co., ltd"
MM20250878CYTCA,"May Su Pan Co., Ltd.","No.491, Kachin Phayarr Kyaung Street, Homon Quarter, Muse T/S, Northern Shan State., Muse, Shan",22.8142262,97.3746163,,,,Crab,False,"may su pan co., ltd."
MM20250878D5PCE,"Kim So Young Co., Ltd","Plot No.25, No. (182/5+6+7+8), Mg Kyun Thee Street, Shwe Lin Ban Industrial Zone, Hlaing Tharyar Tsp, Yangon",16.914015,96.0652719,,,,,False,"kim so young co., ltd"
MM20250878G0EA2,"Golden Lucky Bag Trading Co., Ltd.","No.689, Sabai Chan (4) Street, (11) Quarter, Hlaing T/S, Yangon., Hlaing, Yangon",16.8607542,96.1130515,,,,Green Bean,False,"golden lucky bag trading co., ltd."
MM20250878HKYXS,Simon Labels (SML) Myanmar Manufacturing Company Limited.,"No (83), Daw Phwar Shin Street, Hlaing Tharyar Industrial Zone (1), Hlaing Tharyar Township, Yangon.",16.9086656,96.0762448,,,,,False,simon labels (sml) myanmar manufacturing company limited.
MM20250878K65ND,Wakhema Trading Company Limited,"No(127), Ground Floor, 21 Street, Latha Township, Yangon Region, Myanmar., Latha, Yangon",16.7746602,96.1509038,,,,Rice|Rice,False,wakhema trading company limited
MM20250878KTVZ1,Guston Amava Limited,"Lot No.A-19, Thilawa Special Economic Zone, Thanhlyin, Yangon",16.6699485,96.2748947,,,,,False,guston amava limited
MM20250878MGJS9,"Thein Than Mining Co., Ltd","521, Mogoke St, Industrial Zone(1), South Dagon, Yangon",16.8704983,96.2429045,,,,Timber/Wood,False,"thein than mining co., ltd"
MM20250878MNAFW,Casico Garment Limited,"104, Seikkan Thar Street, Zone (3), Hlaingtharya, Yangon",16.7723606,96.1630769,,,,Shirt,False,casico garment limited
MM20250878N8371,Sure Success Enterprise Ltd,"110/B, 1st Floor, Shwe Taung Dan Street, Middle Block, Lanmadaw, Yangon",16.776408,96.1407844,,,,Tamarind,False,sure success enterprise ltd
MM20250878NCZNF,"Super Bean Co., Ltd","Building C, Room-1104, 11th Floor, Pearl Condo, Bahan, Yangon",16.8171048,96.1568412,,,,Green Gram|Black Gram|Pigeon Pea,False,"super bean co., ltd"
MM20250878QJC0F,"EMC Mfg Co., Ltd","B/2, No.(3) Main Road, Mingalardon Industrial Park, Mingalardon, Yangon",16.9437623,96.1555688,1001-5000|1001-5000|1001-5000,ELITE ENTERPRISES CORPORATION LTD |ELITE ENTERPRISES CORPORATION LTD|ELITE ENTERPRISES CORPORATION LTD,,Leather Bag|Back Pack Bag,False,"emc mfg co., ltd"
MM20250878RM7BR,"Lay Lay Sugar Co., Ltd","197/96, Corner of 88th Street & 25th Street, Aungmyaythazan, Mandalay",21.9992205,96.0739222,,,,Sugar,False,"lay lay sugar co., ltd"
MM20250878S3P0C,"B & N Garment Co., Ltd","14, Daw Phwa Shin Street, Zone (2), Shwepyitha, Yangon",16.9753379,96.0785104,,,,Jackets,False,"b & n garment co., ltd"
MM20250878S6J0B,ACE Apparel International Company Limited,"No (92), Min Theikdi Kyaw Swar Road, Hlaing Tharyar Industrial Zone (3), Hlaing Tharyar Township, Yangon.",16.8546709,96.0688165,,,,T shirt,False,ace apparel international company limited
MM20250878SSMMM,"Asia Myint Co., Ltd","9-12, Kyauk Sein Street, Thardukan Industrial Zone, Shwepyitha, Yangon",16.9845706,96.0922922,,,,Green Gram|Black Gram|Pigeon Pea,False,"asia myint co., ltd"
MM20250878TPQ45,"Shwe Pyi Sann Co., Ltd","9/D, Pyi Taw Aye Yeik Thar Lane, Near Yeik Thar Bar Stop, Ward (7), Yankin, Yangon",16.8346697,96.1659376,,,,Black Gram|Pigeon Pea,False,"shwe pyi sann co., ltd"
MM20250878TXHRT,"Myanmar Shwe See Sein Co., Ltd","No.10/A/ / 88th St. Kan Daw Kalay (West) ward, Mingalar Taungnyunt, Yangon",16.7878863,96.1633811,,,,Ginger|Pulses|Beans|Onion,False,"myanmar shwe see sein co., ltd"
MM20250878Z9G5Q,"RDC Co., Ltd","167, Set Hmu 3rd Street, Myittar Nyunt Ward, Tamwe, Yangon",16.8163789,96.1824511,,,,Umbrella,False,"rdc co., ltd"
MM20250878ZDRVS,"Tha Htay Kyite Co., Ltd","No.1222, 4th Htuparyone St, Tharketa, Yangon",16.7971831,96.2028287,,,,Tha Htay Kyite Fish Sauce|Lutinekyite fish sauce 2L|Tha Htay Kyite Fish Paste|Lutinekyite fish sauce 300g|Lutine Kyite fish sauce 1L,False,"tha htay kyite co., ltd"
MM202508790F3R5,"Best of The Best Co., Ltd","561, Room 901, 9th Floor, Merchant Road, MAC Tower, Kyauktada, Yangon",16.7717342,96.1604247,,,,Black Gram|Red Pigeon Pea,False,"best of the best co., ltd"
MM202508790JXKX,"Shwe Me Co., Ltd.","Central Tower No.79-81, 1st Floor, Road 102, Anawahta Rd, Between 39th & 40th Set, Kyauktada Township, Yangon., Kyauktada, Yangon",16.7765363,96.1639959,,,,Green Bean,False,"shwe me co., ltd."
MM2025087911F5H,Du Won Vermicelli,"No.137/63, Corner of Min Gyi Mahar Min Gaung Street & Metkhayar Min Thar Gyi Street, Shwe Pyi Thar Industrial Zone(3), Yangon., Shwe Pyi Thar, Yangon",16.9337149,96.0872415,,,,Rice Vermicelli,False,du won vermicelli
MM2025087914K2N,"United Green Co., Ltd.","No.64, Innwa Street, Kyauk Myaung, Tamwe T/S, Yangon Region., Tamwe, Yangong",16.8001564,96.178642,,,,Crab,False,"united green co., ltd."
MM202508792N3D2,"Green Mast Trading Co., Ltd","1572, May Kha Street, Industrial Zone - 2, South Dagon, Yangon",16.8577013,96.2239688,,,,Laminated wood,False,"green mast trading co., ltd"
MM202508792P1C0,Myanmar Huasheng Yashili Fashion Company Limited,"Plot No.78 (Kha), Special Zone No 1, Okkthar (9) Quarter, Bago Tsp",17.3220711,96.4663286,,,,,False,myanmar huasheng yashili fashion company limited
MM20250879322JM,Shwe Mya Thu Kha Company,"No.Pa -24(B), Corner of Pho Yarzar Street and 69th Street, Zamyinzwe Ward, No.(1) Industrial Zone, Pyaygyitagon, MANDALAY",21.9052238,96.1166861,,,,Rice,False,shwe mya thu kha company
MM202508795MHPV,CNM Garment Industrial Limited,"594/A, Pan Ta Pwint Taung Street, Aout Wa Net Chaung, Hmawbi, Yangon",17.1533377,96.0255738,,,,T shirt,False,cnm garment industrial limited
MM202508795R4QK,Zhongrun (Myanmar) Garment Company Limited.,"Plot No (73_B), Myay Taing No (65), Shwe Pyi Thar Industrial Zone (4), Shwe Pyi Thar Township, Yangon.",16.9337149,96.0872415,,,,,False,zhongrun (myanmar) garment company limited.
MM2025087975ME9,1-2-1 Manufacturing Company Limited,"No (233_B), Mya Khwar Nyo 3rd Street, Thakayta Industrial Zone, Thakayta Township, Yangon.",16.8078694,96.204825,,,,,False,1-2-1 manufacturing company limited
MM202508797QJFT,Maung Jade & Jewellery,"No.64, Bet: 26 x 27 St, Bet: 81 x 82 St Chan Aye Thar San T/S Mandalay, Chan Aye Thar San, Mandalay",21.975521,96.0820583,,,,Jewellery|Gems,False,maung jade & jewellery
MM20250879A56R8,"Shwe Panlaw Manufacture Co., Ltd","Sinlan Village, Sinlan Village Tract Pyin Oo Lwin., Pyin Oo Lwin, Pyin Oo Lwin",22.0333011,96.432074,,,,Black Tea,False,"shwe panlaw manufacture co., ltd"
MM20250879AAMDG,"Easy Rider Motorbike Co., Ltd","26, Nwal Ni Street, Saw Yan Paing (West) Ward, Ahlone, Yangon",16.6739313,96.1405236,,,,Rice|Rubber,False,"easy rider motorbike co., ltd"
MM20250879AD9HC,"Variety Trading Co., Ltd","Building 35, RM 004, Sabei Street, Yuzana Mingalar City Housing, Tamwe, Yangon",16.7814385,96.1706066,,,,Sesame,False,"variety trading co., ltd"
MM20250879AHPBQ,MYPORT Limited,"Plot No.2, Special Zone(2), Oak Thar Ward, Bago Tsp",17.3082622,96.4507184,,,,,False,myport limited
MM20250879BXPZR,"Korace Co., ltd","15, Public Works Compound, Myittar Rd, 14/1, South Okkalapa, Yangon",16.8379779,96.1769261,,,,Suits|Blazers,False,"korace co., ltd"
MM20250879C9XHY,"Myat AnnawarAung Co., Ltd","No.298, 299 Sayar Shan Street, Shwe Lin Pann Industrial Zone, Hlaing Thar Yar Township, Yangon Myanmar., Hlaing Tharyar, Yangon",16.8431462,96.0855487,,,,Shrimp Meat,False,"myat annawaraung co., ltd"
MM20250879CAGCD,"Pearl Phyu Co., Ltd","Room-80, Mya Yee Pearl Road, Kan Nee Fishery Zone, Shwe Hinthar Ward, Kawthaung, Kawthaung",9.9958108,98.5528746,,,,Crab|Fish|Prawn|Shells,False,"pearl phyu co., ltd"
MM20250879DJ868,"Trisea Co., Ltd","124, Aung Mingalar 2 Street, 3 Ward, Mayangone, Yangon",16.7980355,96.1781417,,,,Pajamas|Underwears|T Shirt,False,"trisea co., ltd"
MM20250879DRDAQ,Panda Textile Company Limited,"No(2), Garment & Textile Factory, Palate, Sint Khine Tsp, Mandalay Division",21.9878893,96.076972,,,,,False,panda textile company limited
MM20250879F25J3,"Trisle Asia Co., Ltd","S/1, Oho Bo Shwe Kyin Ward, Aungmyaythazan, Mandalay",22.0207583,96.1065976,,,,Sugar,False,"trisle asia co., ltd"
MM20250879G1CQF,"Beautiful Wood Industry Co., ltd","36, Thitsar Street, South Okkalapa, Yangon",16.8393076,96.1697268,,,,Wood Base Art|Sawed Wood|Flooring,False,"beautiful wood industry co., ltd"
MM20250879KQ8V8,"Horizon Star Co., Ltd","7, 8th Floor, Pan Hlaing Street, Pan Hlaing Ward, Kyeemyindine, Yangon",16.7979641,96.1248159,,,,Sawed Wood,False,"horizon star co., ltd"
MM20250879M1DGD,World Full's Manufacturing Company Limited.,"No (35_A), Bamaw Ahtwinwun Street, Dagon Seikkan Industrial Zone (2), Dagon Seikkan Township, Yangon.",16.8344399,96.2806526,,,,,False,world full's manufacturing company limited.
MM20250879P54F9,"Diamond Century Co., Ltd","33, Latha Street, Lower Block, Latha, Yangon",16.7733104,96.1501012,,,,Black Eye Bean|Green Bean|Green Gram,False,"diamond century co., ltd"
MM20250879PS7EZ,"Myeik Plywood Co., Ltd","189/195, Room-8/B, 8th Floor, Pansoedan Street, Pansoedan Office Tower, Kyauktada, Yangon",16.7755862,96.1616366,,,,Veneers|plywoods,False,"myeik plywood co., ltd"
MM20250879Q5EV0,The Red Stone Company Limited.,"No (42/152-153), Shwe Pyi Thar Industrial Zone(3), Shwe Pyi Thar Township, Yangon.",16.9337149,96.0872415,,,,,False,the red stone company limited.
MM20250879QMHB2,"Prime Pacific Co., Ltd","No (A-1, 606), Aung Chan Thar Condominium Aung Chan Thar Street, Yankin, Yangon",16.8345476,96.173563,,,,,False,"prime pacific co., ltd"
MM20250879QQ1NZ,"Super Tower Co., Ltd.","Rm 49-51/61-63, Bldg Star City A/3, Kyaik Khauk Pagoda Rd., Than Lyin, Yangon, Myanmar, Than Lyin, Yangon",16.7448657,96.2655495,,,,Kitchenware,False,"super tower co., ltd."
MM20250879QYK69,"Great Deal Co., Ltd","139, 1st Floor, 27th Street, Middle Block, Pabedan, Yangon",16.7769571,96.1550291,,,,Black Gram|Pigeon Pea,False,"great deal co., ltd"
MM20250879RC5TY,"Pulses Export Co., Ltd","195/197, 3rd Floor, 32nd Street, Pabedan, Yangon",16.7752832,96.1581053,,,,Black Gram|Pigeon Pea,False,"pulses export co., ltd"
MM20250879RX05N,"Sunny Shoes Co., Ltd (Myanmar Sunny Co., Ltd)","247/B, Twin Thin Tike Wun U Tun Nyo Street, Industrial Zone (2), Hlaingtharya, Yangon",16.8819286,96.0573302,,,,Shoes,False,"sunny shoes co., ltd (myanmar sunny co., ltd)"
MM20250879SEHCZ,"Sung Bo International Co., Ltd","160, Shwe Yin Aye Kaung Street, Industrial Zone - 5, Hlaingtharya, Yangon",16.8943257,96.0450374,,,,Shirt|Jackets|Pants,False,"sung bo international co., ltd"
MM20250879SP0AM,"Mao Feng Garment Co., Ltd","Corner of Myawaddy Mingyi Street & Gayuner St, No.59, 144 Ward, East Dagon Industrial Zone, East Dagon Tsp, Yangon",16.8908169,96.2508702,,,,,False,"mao feng garment co., ltd"
MM20250879V9PTF,"One Lion King Trading Co., Ltd","40/B, 94th Street, Kan Daw Kalay (South) Ward, Mingalar Taungnyunt, Yangon",16.7849738,96.16689,,,,Fish|Betel Nut|Green Gram|Black Gram,False,"one lion king trading co., ltd"
MM20250879W1K6H,"Parise International Co., Ltd","121, Twin Thin Htike Wun U Tun Nyo Street, Industrial Zone, East Dagon, Yangon",16.8989114,96.2394282,,,,,False,"parise international co., ltd"
MM20250879W1QXC,Thiri Sandar Garment,"707, Lower Mingalardon Road, Ywar Thit Bus Stop, Aung San Ward, Insein, Yangon",16.9262642,96.0989077,,,,Shirt|Jackets,False,thiri sandar garment
MM20250879WC3DK,Thang Thai Textile Myanmar,"Pa Bae Kaugn mg Khet Street, Industrial Zone - 1, Hlaingtharya, Yangon",16.832278,96.2207656,,,,Sport Wears,False,thang thai textile myanmar
MM20250879YEJ6Z,"Earch Tamura Electronic (Myanmar) Co., Ltd","475/B, Yauk Kaw Street, Industrial Zone (1), South Dagon, Yangon",16.8246417,96.2207702,,,,Switch|Choke Coil|Transformer,False,"earch tamura electronic (myanmar) co., ltd"
MM20250879YPD3Z,"Sea Field Industries Co., Ltd","Room-006, Bayintnaung Road, Bayintnaung Tower 1/B, Kamaryut, Yangon",16.8333179,96.1204443,,,,Black Gram,False,"sea field industries co., ltd"
MM20250879YTMAH,"Sunforce International Co., Ltd","Holding No.34, Plot No, 620 Kha, Kwin Thit Kwin, Maekhone Village, Bago., Bago, Bago",17.3220711,96.4663286,,,,Rubber,False,"sunforce international co., ltd"
MM20250879Z3P5R,"Ya Tha Wa Thi Co., Ltd","No.152, Wa-9, 65th Street, Pyikyitakhon Township, Mandalay., Pyikyitakhon, Mandalay",21.9807271,96.108139,,,,Red Tea,False,"ya tha wa thi co., ltd"
MM2025087A0TA44,"May Pyone Khaing Co., Ltd","116, University Yeik Thar Street, Kamaryut, Yangon",16.8224879,96.1310916,,,,Prawn|Fish,False,"may pyone khaing co., ltd"
MM2025087A2NZK5,"Royal Ruby Manufacturing Co., Ltd.","Building(30), Room(101), First Floor, Zagawah Street, Dagon T/S, Yangon",16.8492603,96.2805226,,,,,False,"royal ruby manufacturing co., ltd."
MM2025087A30K0J,Myanmar Luxury Group Company Limited,"No (16/42), Set Hmu Paday Thar Street, Shwe Pyi Thar Industrial Zone (1), Shwe Pyi Thar Township, Yangon.",16.9337149,96.0872415,,,,,False,myanmar luxury group company limited
MM2025087A3DDQG,Nice Fashion Garment Industry Limited,"No (304-B), No (4) Highway Road, Shwe Pyi Thar Industrial Zone (1), Shwe Pyi Thar Township, Yangon.",16.9337149,96.0872415,,,,,False,nice fashion garment industry limited
MM2025087A3P4VM,"KAKADO Myanmar Co., Ltd","282/283, Corner of Min Gyi Mahar Min Khaung Street & U Tayote Street, Shwelinban Industrial Zone, Hlaingtharya, Yangon",16.914015,96.0652719,,,,Kid Wear|Jackets,False,"kakado myanmar co., ltd"
MM2025087A4CGVQ,"Tiger Intermational Trading Co., Ltd","134, Seikkanthar Street, Lower Middle Block, Kyauktada, Yangon",16.7723616,96.1629947,,,,Tamarind|Ginger|Maize|Black Gram|Green Gram,False,"tiger intermational trading co., ltd"
MM2025087A5SKFW,"Pyinsawaddy Seafood Production Co., Ltd","No.10, Rm 003, 3rd Flr, Aye Yeik Mon 2nd St, Ward(3), Hlaing, Yangon",16.8377564,96.121868,,,,Prawn|Fish|Crab,False,"pyinsawaddy seafood production co., ltd"
MM2025087A69JA7,Kumar Int'l Ltd,"561, Rm 401/402, 4th Flr, Merchant Rd., MAC Tower, Kyauktada, Yangon",16.7717342,96.1604247,,,,Black Gram|Green Gram,False,kumar int'l ltd
MM2025087A6DCSM,"Lin Star Co., Ltd","C/24, Aung Thapyay Street, Bayintnaung Warehouse, Mayangone, Yangon",16.7926555,96.1761115,,,,Black Gram|Pigeon Pea|Green Gram,False,"lin star co., ltd"
MM2025087A7PGZ8,"First Rice & Paddy Trading Co., Ltd","122/B, De Pe Yinn Wun Htauk U Myel Street, Insdustrial Zone (2), Hlaingtharya, Yangon",16.8394848,96.2252136,,,,Rice,False,"first rice & paddy trading co., ltd"
MM2025087A89RDJ,Bhome Yaung Chi Company Limited,"Between 48th Street & 49th Street, No.Pha Pha 6 (104/105), Htun Tone Ward, Chan Mya Thar Si Township, Mandalay Region, Myanmar., Chan Mya Thar Si, Mandalay",21.9404277,96.1049958,,,,Rice,False,bhome yaung chi company limited
MM2025087A995E1,"Golden King Dragon Co., Ltd","79, 24th Street, Lower Block, Latha, Yangon",16.7744796,96.1526407,,,,Iron Scrap,False,"golden king dragon co., ltd"
MM2025087AA8W8J,"Win Plus Co., Ltd","D/50, Aye Thar Yar Street, FMI City, Hlaingtharya, Yangon",16.8649487,96.0851307,,,,Cowhide|Frozen Beef|Cow,False,"win plus co., ltd"
MM2025087AA9FSQ,M.T.H Garment Factory,"79 St, Between 10 and 11 Road, Aung Myay Thar Zan Tsp, Mandalay",22.000769,96.072764,,,,,False,m.t.h garment factory
MM2025087AAC0K5,"Nature Timber Trading Co., Ltd","68, 5th Floor, U Wisara Road, Olympic Hotel, National Swimming Pool Compound, U Wisara Ward, Dagon, Yangon",16.7836577,96.1513586,,,,sawed wood|Plywood|Veneers,False,"nature timber trading co., ltd"
MM2025087AAQMM5,Cherry Thin Garment,"163, Myin Wun U Aung Thu Street, Zone (2), Hlaingtharya, Yangon",16.8488631,96.0774712,,,,Crewel-work|Sport Wear|T shirt,False,cherry thin garment
MM2025087AC2JA6,Green Land Agriculture Co.operative Society Ltd.,"Sae Myaung Road, Thonze, Tharyarwady T/S, Bago., Tharyarwady, Bago",17.6278062,95.7872314,,,,Rice,False,green land agriculture co.operative society ltd.
MM2025087ACBWCV,CU Myanmar (Private) Limited.,"Room No(510), 5th Floor, Ga Mone Pwint mall, Insein Road, Kamaryut",16.8329399,96.1296754,,,,,False,cu myanmar (private) limited.
MM2025087ACZCZJ,Garo Sero The Best of World Window Covering Company (Kones),"512/B, Waizayantar Road, Ward (4), South Dagon, Yangon",16.8704983,96.2429045,,,,Blinds,False,garo sero the best of world window covering company (kones)
MM2025087ADW5ER,"Sun Myanmar Int'l Impex Co., Ltd","Room-504/B, MAC Tower 2, Ahnawrahta Road, Corner of Wardan Road & Bogyoke Road, Lanmadaw, Yangon",16.7796864,96.1393775,,,,Lead|Sea Weed,False,"sun myanmar int'l impex co., ltd"
MM2025087AEN3SV,"War Soo Oo Co., Ltd","6, Saka Wah Street, 4th Ward, Aye Yeik Mon Housing, Hlaing, Yangon",16.8379817,96.1199262,,,,Black Gram|Pigeon Pea,False,"war soo oo co., ltd"
MM2025087AFKY62,"Kan Kaw Thar Co., Ltd","A/109, Gant Gaw Street (1), Ward (1), Mayangone, Yangon",16.8139886,96.1289511,,,,Black Gram|Mangetout|Black Eye Bean,False,"kan kaw thar co., ltd"
MM2025087AHJTHA,"Shwe Myanmar Export & Import Co., Ltd","13/A, 88th Street, Kan Daw Kalay (West) Ward, Mingalar Taungnyunt, Yangon",16.7878863,96.1633811,,,,Beans|Onions and Garlics|Fish|Pulses,False,"shwe myanmar export & import co., ltd"
MM2025087AJD689,"Myanmar Shwe Ayeyar Agriculture Development Co., Ltd.","Swam Saw(1)St, No(Sa Sa 52), Mant Wain Ward, Muse Township, Shan State, Myanmar., Muse, Shan state",23.9932884,97.9102647,,,,Rice,False,"myanmar shwe ayeyar agriculture development co., ltd."
MM2025087AK4M4B,"Thein Than Kyei Sin Co., Ltd.","No.(Nga/4/Kha), Yae Ta Mar Street, Bayint Naung Pwe Yone Tan, Mayangone Township, Yangon., Mayangone, Yangon",16.8626101,96.1034207,,,,Green Bean,False,"thein than kyei sin co., ltd."
MM2025087AKQTWW,Nilar Win Company Limited,"No (227-228), Botayza Street, Shwe Pauk Kan Industrial Zone, North Okkalapa Township, Yangon.",16.9197469,96.1686077,,,,,False,nilar win company limited
MM2025087ANJ137,"Thein Yarzar Co., Ltd","173, Sabei Street, Industrial Zone (5), Hlaingtharya, Yangon",16.7814385,96.1706066,,,,Soya Bean|Maize,False,"thein yarzar co., ltd"
MM2025087ANJEQ8,"Maisha Myanmar Co., Ltd","Aung Zay Ya Street, EaStreet Dagon Industrial Zone, East Dagon, Yangon",16.867177,96.1202606,,,,Jackets,False,"maisha myanmar co., ltd"
MM2025087APPPPM,"Great Lucky Sar Garment Co., Ltd","42/24/25, Set Hmu Street, Industrial Zone - 1, Shwepyitha, Yangon",16.8330415,96.2190137,,,,Gloves|Uniform|Pants|Jackets,False,"great lucky sar garment co., ltd"
MM2025087AQQ3N2,Myanmar Skyrun International Company Limited,"No (64), Phan Chat Wun U Shwe Oh Street, Shwe Pyi Thar Industrial Zone (3), Shwe Pyi Thar Township, Yangon.",16.9337149,96.0872415,,,,,False,myanmar skyrun international company limited
MM2025087AQWHXX,"Tun Thaw Tar Co., Ltd (TTT)","71, Pagoda 5th Street, Ngwe Pin Lae Industrial Zone, Hlaingtharya, Yangon",16.8819286,96.0573302,,,,Prawn|Fish|Aquatic Product,False,"tun thaw tar co., ltd (ttt)"
MM2025087AQXEGE,"Clean Brother Co., Ltd","15/A, 126th Street, Tha Pyay Gone Ward, Mingalar Taungnyunt, Yangon",16.7891609,96.1708647,,,,Cattle,False,"clean brother co., ltd"
MM2025087AR8Q2N,"Shwe Thz Zin Yuzana Co., Ltd.","130, Corner Of Shwegonedaing St., And Mon Kyaung St., Bahan T/S, Yangon., Bahan, Yangon",16.8054876,96.1380619,,,,Rice,False,"shwe thz zin yuzana co., ltd."
MM2025087AS8B6E,Dawei Holding Ltd,"No.344, Tayoke Tan St, Ta Line Htein, Dawei T/s, Taninthary Region., Dawei, Taninthary",14.0867876,98.1885265,,,,Rubber,False,dawei holding ltd
MM2025087ASS79Y,"Kyaw Elveven Trading Co., Ltgd","11, 11 Street, Lower Block, Lanmadaw, Yangon",16.77345,96.1463396,,,,Ginger|Black Gram|Tumeric Finger|Green Gram,False,"kyaw elveven trading co., ltgd"
MM2025087ATMH1W,Myanmar Honey Food Factory,"No.17, Min Theikdi Kyaw Swar Street, East Dagon Industrial Zone, Yangon, Myanmar., East Dagon, Yangon",16.8908169,96.2508702,,,,Fried Spring Rool,False,myanmar honey food factory
MM2025087ATQ54P,Blessing Intertrade Company Limited.,"No (50/41), Mya Street, Thar Du Kan Industrial Zone, Shwe Pyi Thar Township, Yangon, Myanmar.",16.9845706,96.0922922,,,,,False,blessing intertrade company limited.
MM2025087AVT9YR,"Silver Top Star Co., Ltd","219, Thamaing Butar Yon 12nd Street, Ward (1), Mayangone, Yangon",16.8365324,96.1167493,,,,Black Gram|Corn|Gram Whole,False,"silver top star co., ltd"
MM2025087AXQTBN,"Spider Family Trading Co., Ltd","Rm-201, Shwe Gone Daing Rd., Shwe Gon Daing Tower, Bahan, Yangon",16.8065388,96.1569339,,,,Honey|Apiculture,False,"spider family trading co., ltd"
MM2025087AXRKQV,"Boom Soon Int'l Co., ltd","312/318, Room (203/B), 2nd Floor, Anawyahtar Street, Greatwall Asia Condo, Lanmadaw, Yangon",16.7571493,96.1394041,,,,Fishing Nets,False,"boom soon int'l co., ltd"
MM2025087AY7F3K,"Paragu Int'l Trading Co., Ltd","No.27, Rm 4, 4th Flr, 28th St, Lower Middle Block, Pabedan, Yangon",16.775683,96.1553942,,,,Dried Ginger|Pineapple|Dill|Tamarind|Traditional Pharmaceutical,False,"paragu int'l trading co., ltd"
MM2025087AYR73W,Eternal Victory General Trading Company Limited,"Room No.803, No.310, Wardan St, Winshwewar Building, Lanmadaw Township, Yangon, Myanmar., Lanmadaw, Yangon",16.8142462,96.1714105,,,,Rice,False,eternal victory general trading company limited
MM2025087B2KGY0,"Myint Myat Pann Export & Import Co., Ltd","Bldg 18, Rm 102, 1st Flr, Wireless 3rd st, Kaba Aye Housing, Mayangone, Yangon",16.8568487,96.1544741,,,,Garlic,False,"myint myat pann export & import co., ltd"
MM2025087B39VTY,"Bridge Trading Co., Ltd","445, Corner of Merchant Street & 43th Street, Dagon Seikkan, Yangon",16.7716006,96.1660867,,,,Ginger|Tumeric Finger|Gram Whole,False,"bridge trading co., ltd"
MM2025087B42SXS,"Regis International Co., Ltd","No. 79/81, RM 201/202, 2nd floor, 39th Street and 40th Street, Anawrahta Road, Central Tower, Kyauktada, Yangon",16.7745552,96.1619784,,,,Maize|Rice|Broken Rice|Rice,False,"regis international co., ltd"
MM2025087B4DWT4,"Angel San Co., Ltd","240/D, Natmouk Yakethar Lane, Kokine Bahan Tsp, Yangon., Kokine Bahan, Yangon",16.8070382,96.1638907,,,,Dry Mango|Sterculia Gums,False,"angel san co., ltd"
MM2025087B4YH1H,"Toe Myat Aung Mfg Co., Ltd.","No.109, Bo Aung Kyaw Street, Shwe Than Lwin, Industrial Zone, Hlaing Thar Yar Tsp, Yangon.",16.7708886,96.1642162,,,,,False,"toe myat aung mfg co., ltd."
MM2025087B58T8C,"Mya Oo Thar Trading Co., Ltd","Buildign B/3, Room - 201, Strand Road, Aungzayya Housing Complex, Ahlone, Yangon",16.7712528,96.1560242,,,,Frozen Beef|Frozen Chicken,False,"mya oo thar trading co., ltd"
MM2025087B7R0HD,GTIG Easter Garment Myanmar Company Limited,"Plot No (148 & 153), Myay Taing Block No (49), Wartayar Industrial Zone, Shwe Pyi Thar Township, Yangon.",16.976312,96.0504534,1920|1379|1920,"JIANGSU GTIG EASTAR CO., LTD.",,,False,gtig easter garment myanmar company limited
MM2025087BAAF11,"Macro Trade Link Co., Ltd.","No.128, 4th Floor, Sayar San Road, Sayarsan North East Quarter, Bahan T/S, Yangon., Bahan, Yangon",16.8230457,96.1622729,,,,Rice,False,"macro trade link co., ltd."
MM2025087BAHVXG,"Hanwa Co., Ltd","11st Floor, Myanmar Centre Tower (1), Bahan, Yangon",16.8272189,96.1553334,,,,Fish|Crab,False,"hanwa co., ltd"
MM2025087BDA26W,Pattaya Myanmar Company Limited.,"No (16), Panchatwun U Shwe Owe Road, Hlaing Tharyar Industrial Zone (2), Hlaing Tharyar Township, Yangon.",16.8819286,96.0573302,,,,Underwear,False,pattaya myanmar company limited.
MM2025087BDAVZE,"Randoo(Myanmar) Silk Corp., Ltd","No.(109), Yangon Industrial Zone, Mingalardon Township, Yangon.",16.9586918,96.1632804,,,,,False,"randoo(myanmar) silk corp., ltd"
MM2025087BEMC1C,China National United Oil Corporation,"Fl 20, Rom-1, 3/A, Junction City Tower, Bo Chout Aung San Rd, Pabedan, Yangon",16.7792142,96.1548787,,,,Crude Oil,False,china national united oil corporation
MM2025087BEWAJ3,"Chaung Lair & Co Co., Ltd","138, Thu Mingalar Road, 12rd Ward, South Dagon, Yangon",16.8392068,96.1849022,,,,Frozen Chilli,False,"chaung lair & co co., ltd"
MM2025087BF8FGK,A 39 Trading Company Limited.,"No.(C), Room No.602, Pyinyar Wati, Yeiktha, Than Lwin Street, Yankin T/S, Yangon Region., Yankin, Yangong",16.7573823,96.1480843,,,,Crab,False,a 39 trading company limited.
MM2025087BG3VMZ,"Pyei Phyo Aung Co., Ltd.","No.4, 2/F, Wahdan Street, Lanmadaw Township, Yangon., Lanmadaw, Yangon",16.7781232,96.1407694,,,,Sesame,False,"pyei phyo aung co., ltd."
MM2025087BH8HDM,G.P.E Ltd,"110/B, 1st Floor, Shwe Taung Dan Street, Middle Block, Lanmadaw, Yangon",16.776408,96.1407844,,,,Tamarind,False,g.p.e ltd
MM2025087BKGC0C,"AGT Foods Myanmar Co., Ltd","221, Rm +959-02, 9th Fl, Sule Pagoda Rd, Sule Square, Kyauktada, Yangon",16.7772679,96.1586728,,,,Black Gram|Gram Whole,False,"agt foods myanmar co., ltd"
MM2025087BNPVKP,"Xiamen Morning (Myanmar) Co., Ltd","373, Daw Phwar Shin Street, Shwelinban Industrial Zone, Hlaingtharya, Yangon",16.9086656,96.0762448,,,,Ladies Underwear|Baby Pants|Shirt,False,"xiamen morning (myanmar) co., ltd"
MM2025087BP5A35,"Shwe Myanmar Investment and Commercial Co., Ltd","No. 262, 286, Room no.6/7, Kone Zay Dan Road, Middle Block, Pabedan, Yangon",16.7765744,96.1447123,,,,Beans|Grocery|Fish|Pulses,False,"shwe myanmar investment and commercial co., ltd"
MM2025087BP9YSK,"Ko Ko Noni Co., Ltd","Building(4)-11, Malikha Housing Complex, Yadana Road, Thingangyun Tsp. Yangon., Thingangyun, Yangon",16.8378405,96.1883458,,,,Dalvo Juice,False,"ko ko noni co., ltd"
MM2025087BQ7W90,"Myanmar Cresdev Co., Ltd","105, 1st Flr, 50th st, Middle Block, Pazundaung, Yangon",16.7743443,96.1710208,,,,Black Gram,False,"myanmar cresdev co., ltd"
MM2025087BQ9H6M,Ayeyar Naddy,"Rm 13, 1st Flr, Saya San Rd., Co-operative Business Centre, Bahan, Yangon, Myanmar, Bahan, Yangon",16.818613,96.1588334,,,,Gems,False,ayeyar naddy
MM2025087BREQ3X,"World Jin Garment Co., Ltd","136, Padamyar Street, Thardukan Industrial Zone, Shwepyitha, Yangon",16.9845706,96.0922922,,,,Pants|Blouse,False,"world jin garment co., ltd"
MM2025087BRFWRR,"Linda & Joe's International Co., Ltd","Plot No(44), Myay Taing Block (19/2), Shwe Pouk Kan Industrial, North Okkalapa, Tsp, Yangon",16.9197469,96.1686077,,,,,False,"linda & joe's international co., ltd"
MM2025087BRG9N3,"Kay Thi (Myawady) Co., Ltd","121/Bayintnaung Road, Near Chit Kyi Yay Bridge, Ward (1), Myawaddy, Myawaddy",16.6842708,98.5007116,,,,Chilli|Green Gram|Onion,False,"kay thi (myawady) co., ltd"
MM2025087BSZ7VQ,333,"13, Htar Nar Street, Ma Gyee Dan (North-East) Ward, Kyeemyindine, Yangon",16.7879613,96.1285534,,,,Fish,False,333
MM2025087BVKB7X,Reva Co.ltd,"Building 7, Room-003/004, Nay Kyar Street, Anawrahta Housing, Pazundaung, Yangon",16.7770503,96.1744047,,,,,False,reva co.ltd
MM2025087BY1X4X,Bright Juan Company Limited.,"No (494/495), Ward No (23), Mogoke Street, South Dagon Industrial Zone (1), South Dagon Township, Yangon.",22.9246742,96.5063095,,,,Warm Coat|Coat,False,bright juan company limited.
MM2025087BYQP08,"Diamond Parawood Co., Ltd","KwinName (Kyay Taing Pyin Kwin), Kwin No. (O.S.S.-9) Oo Paing No. (1821), Thanphyuzayut T/s, Mon State., Thanphyuzayut, Yangon",16.840939,96.173526,,,,Rubber,False,"diamond parawood co., ltd"
MM2025087BZ31CC,Maung Sein Win & Brothers,"937, Shu Khinn Thar Myoh Patt Rd., Ward (4-North), Thaketa, Yangon, Myanmar, Thaketa, Yangon",16.8105886,96.2174752,,,,Machinery,False,maung sein win & brothers
MM2025087BZG79W,Indo Sina Trading Pte Ltd,"1109, 11th Floor, 50th Street, Mahar Nawarat Condo, Botahtaung, Yangon",16.7731375,96.1713365,,,,Beans|Rice|Pulses,False,indo sina trading pte ltd
MM2025087BZQ64X,Unity Sports Company Limited.,"No (397), Mya Taung Win Gyi U Mho Street, Shwe Lin Ban Industrial Zone, Hlaing Tharyar Township, Yangon.",23.7211429,96.1606526,,,,,False,unity sports company limited.
MM2025087C0CTPT,Cho Cho Phyu Industry & Manufacturing Company Limited.,"No 225/3, Corner of Gayunar Street and Yadanar Bone Street, 114 Ward, South Dagaon.",16.7941555,96.1447455,,,,,False,cho cho phyu industry & manufacturing company limited.
MM2025087C13VXT,Dagon Seikkan Garment Industry Company Limited.,"No (137-B), Matkhayar Min Thargyi Street, Dagon Seikkan Industrial Zone (1), Dagon Seikkan Township, Yangon.",16.8344399,96.2806526,,,,Pants|Jackets,False,dagon seikkan garment industry company limited.
MM2025087C1R15X,"Crabs World Industries Co., Ltd.","MEC Road, Thida Myaing Quarter, Kyauktan T/S, Yangon Region., Kyauktan, Yangong",16.5765342,96.4503434,,,,Crab,False,"crabs world industries co., ltd."
MM2025087C2DMVW,"Soe Than Brothers Co., Ltd","104, 112, Room 20, 2nd Floor, Anawrahta Road, Kyauktada, Yangon",16.7767855,96.1612099,,,,Laminated wood,False,"soe than brothers co., ltd"
MM2025087C486AT,"General Pharmaceutical & Trading Co., Ltd","Building P, Room-7, 3rd Floor, Shwe Zalat Street, Shwe Sabei Yeik Mon, Kamaryut, Yangon",16.8291794,96.1227089,,,,Fish,False,"general pharmaceutical & trading co., ltd"
MM2025087C4M12S,"Maha Yadana Manaung Co., Ltd","15, 3rd Floor, Nawady Street, Fantastic Condo, Yaw Min Gyi Ward, Dagon, Yangon",16.7836508,96.1555178,,,,Sawed Wood,False,"maha yadana manaung co., ltd"
MM2025087C5207C,"Beng Beng Trading Co., Ltd","Building 1, Room 004, 1st Floor, Botahtaung Pagoda Street, Anawrahta Housing, Pazundaung, Yangon",16.8285318,96.1306646,,,,Shoes (Kids Wear),False,"beng beng trading co., ltd"
MM2025087C75BF4,"Myanmar Pu Min Co., Ltd","24, Latha Street, Lower Block, Latha, Yangon",16.7730458,96.1501043,,,,Black Gram|Maize|Green Gram,False,"myanmar pu min co., ltd"
MM2025087C7QMK3,Alliance Eagels Group Limited,"Rm.910, Corner of Kabaraye Pagoda Road & West Shwe Gone Dine Road, Yuzana Tower, Bahan Township, Yangon., Bahan, Yangon",16.8062505,96.1546041,,,,Sorghums,False,alliance eagels group limited
MM2025087C7V2BD,"Shwe Mya Yan Chael Co., Ltd","B/3, Naung Yoe Street, Bayint Naung Warehouses, Mayangone, Yangon",16.8648837,96.1019732,,,,Sugar|Rice,False,"shwe mya yan chael co., ltd"
MM2025087C83FF7,"Han Htoo Set Naing Co., Ltd","171, Seikkanthar Road, Kyauktada, Yangon",16.7773219,96.1631177,,,,Beans|Ginger|Pulses|Onion,False,"han htoo set naing co., ltd"
MM2025087C8EXF0,"Shwe Pu Zun Co., Ltd","246-248, Anawyahta Road, Lanmadaw Tsp, Yangon., Lanmadaw, Yangon",16.777379,96.1390728,,,,,False,"shwe pu zun co., ltd"
MM2025087C8NCZ6,"Myanmar Mindun Garment Mfg Co., Ltd","24, Khay Mar Thi Street, Industrial Ward, North Okkalapa, Yangon",16.89863,96.1550249,,,,Men's wear|Pit Shirt|Short Sleeve|Men Cotton Shirt,False,"myanmar mindun garment mfg co., ltd"
MM2025087C9520E,"Fudak Enterprise Co., Ltd","No-120/121, De Pe Yinn Wun Htauk U Mye St, IZ(2), Hlaingtharya, Yangon",16.8819286,96.0573302,,,,plywoods|Veneers,False,"fudak enterprise co., ltd"
MM2025087CA5BF7,"Rahul Trading Co., Ltd","152/156, 4th Floor, Shwe Bon Thar Street, Lower Middle Block, Pabedan, Yangon",16.7753594,96.15588,,,,Black Gram,False,"rahul trading co., ltd"
MM2025087CAW5GS,Pyae Thar Kaung,"22/23, Livestock Products Zone, Hlaingtharya, Yangon",16.8819286,96.0573302,,,,Cattle|Goat|Sheet,False,pyae thar kaung
MM2025087CAXR30,"Thiri Tun International Cp., Ltd","224/226, RM 31/32, Mnha Bandula Road, Bo Aung Kyaw Tower, Botahtaung, Yangon",16.7739071,96.1646562,,,,Black Gram|Green Gram,False,"thiri tun international cp., ltd"
MM2025087CB03N1,Ngwe Taung Tan Co-op Ltd,"109, Bogyoke Road, Aung Thu Kha Ward, Kawthaung, Kawthaung",9.9958108,98.5528746,,,,Prawn|Fish|Crab,False,ngwe taung tan co-op ltd
MM2025087CB96TJ,First Image Garment,"No (15/16), Between the corner of Amayar Street & Kyan Sit Thar Street, North Okkalapa Industrial Zone, North Okkalapa Township, Yangon.",16.8942528,96.1576122,,,,Pants|Jackets,False,first image garment
MM2025087CB9XM3,"TV Apparel Co., Ltd","304-B, 4 Main Rd, Industrial Zone - 1, Shwepyitha, Yangon",16.8393657,96.2249931,,,,Pants|Jackets|T Shirt,False,"tv apparel co., ltd"
MM2025087CBV8Q3,The Tharyarwady District Myanmar General Trading Co.operative Society Ltd.,"Zay Street, Thonese, Tharyarwaddy T/S, Bago., Tharyarwaddy, Bago",17.3220711,96.4663286,,,,Rice,False,the tharyarwady district myanmar general trading co.operative society ltd.
MM2025087CC4CKD,Shweziwa Bioertilizer Production,"Shweziwa biofertilizer Factory, Maw lamyine, Mawlamyine",16.4543173,97.6439611,,,,,False,shweziwa bioertilizer production
MM2025087CDEQFZ,Lay Mon Htway Mon Textile Shop,"No (625), Corner of 84th Street & 45th Street, Near Shansu Post Office, Mandalay Region.",21.5619058,95.8987139,,,,,False,lay mon htway mon textile shop
MM2025087CDP9P0,"Moe Mya Chai Co., Ltd","No-2 Min Nandar Rd., Beside Yangon Eastern Disrict Law Office, Set Hmu Let Hmu Ward, Thaketa, Yangon",16.8003415,96.1969221,,,,Rubber,False,"moe mya chai co., ltd"
MM2025087CESYJN,"Kouwa Myanmar Co., Ltd","182/8, Phan Chat Wun U Shwe Oo Street, Shwelinban Industrial Zone, Hlaingtharya, Yangon",16.914015,96.0652719,,,,Bag (Men & Women),False,"kouwa myanmar co., ltd"
MM2025087CFFMJ2,"U Kyu Family Trading Co., Ltd","17-19, Hledan Street, Lanmadaw Township, Yangon., Lanmadaw, Yangon",16.775815,96.1435173,,,,Rice,False,"u kyu family trading co., ltd"
MM2025087CGCQ6Q,AGGL,"Rm 066, 2nd Flr, Bogyoke Aung San Rd., Corner of Shwe  Dagon Pagoda Rd., Junction City, Pabedan, Yangon, Myanmar, Pabedan, Yangon",16.7773235,96.1532085,,,,Gems,False,aggl
MM2025087CGEN1J,"Pinnacle Venture Group Services Co., Ltd","No.425/430, Gandawin Street, Industrial Zone 5, Hlaing Thar Yar Tsp, Yangon",16.8818961,96.0481081,,,,,False,"pinnacle venture group services co., ltd"
MM2025087CGEVKA,"JOC Myanmar Knitwear Co., Ltd","Plot No.84, Myay Taing Block 65, De Pe Yin U Myae Street, Industrial Zone (1) Shwe Pyi Thar Tsp",16.9753379,96.0785104,,,,,False,"joc myanmar knitwear co., ltd"
MM2025087CHBYF7,N.L.M Myawaddy,"36, Dartu Kakayar Street, Near Shwe Myin Wun Pagoda, Ward (4), Myawaddy, Myawaddy",16.6842708,98.5007116,,,,Turmeric Fingers,False,n.l.m myawaddy
MM2025087CHZP59,Myatex,"64/98, Cor of Pa Lae & U Shwe Oo Street, Industrial Zone - 3, South Dagon, Yangon",16.8441352,96.225676,,,,Shirt|Pantss|Blouse|Jackets,False,myatex
MM2025087CM4NFT,Hydrodynamic Industrial (Myanmar) Company Limited.,"Plot No (464/B), Myay Taing Quarter, No (25), Corner of Yaw Atwin Won U Phone Hlaing Street and Sate Kan Thar Street, Shwe Lin Ban Industrial Zone, Hlaing Tharyar Township, Yangon.",16.9022615,96.0652719,,,,,False,hydrodynamic industrial (myanmar) company limited.
MM2025087CNPTMQ,"Robust Friendly Market Co., Ltd.","Tauk Tai Gone, Ayeyar Rural Area, Bogale Township, Pyapon District, Ayeyarwaddy Region., Bogale, Ayeyarwaddy",16.2864333,95.4018087,,,,Crab,False,"robust friendly market co., ltd."
MM2025087CPB2CD,"Sein Family Export & Import Co., Ltd","189, Shwe Yin Aye Kyaung Street, Industrial Zone (5), Hlaingtharya, Yangon",16.8227267,96.1222735,,,,Cattle Leather,False,"sein family export & import co., ltd"
MM2025087CQYT4H,"New High Tide Int'l Trading Co., Ltd","39, Hla Theingi Street, Industrial Zone (3), Shwepyitha, Yangon",16.9072153,96.0749208,,,,Black Gram|Pigeon Pea|Sesame,False,"new high tide int'l trading co., ltd"
MM2025087CQZJY4,"Fidelity Garment Mfg Int'l Co., Ltd","125/126, Pearl Street, Thardukan Industrial Zone, Shwepyitha, Yangon",16.9753379,96.0785104,,,,Underwear,False,"fidelity garment mfg int'l co., ltd"
MM2025087CRE64E,"Mandalay Rice Development Co., Ltd","50, Between 34th Street & 35th Street and Between 86th Street & 85th Street, Chanayethazan, Mandalay",21.9780187,96.0741505,,,,Rice|Rice,False,"mandalay rice development co., ltd"
MM2025087CRTWX9,"SKE Co., Ltd","57, Gandawin Street, Industrial Zone (5), Hlaingtharya, Yangon",16.8889194,96.04638,,,,Anchovy|Dried Squid|Dried Prawn|Salted Mackerel,False,"ske co., ltd"
MM2025087CSKWAG,"United M.P Brothers International Co., Ltd","No.53, 27th Street, Lower Middle Block, Pabedan, Yangon",16.7776497,96.1566754,,,,Broom|Joss Stick Powder,False,"united m.p brothers international co., ltd"
MM2025087CT2RBX,"Great Light Co., Ltd.","No.53(F), Sein Pan Street, Bayintnaung, Mayangone, Yangon., Mayangone, Yangon",16.8638688,96.1049367,,,,Green Bean,False,"great light co., ltd."
MM2025087CTKR25,"Isquire Int'l Co., Ltd","247/C, Hlay Thin Atwin Wun U Chein Street, Industrial Zone (2), Hlaingtharya, Yangon",16.9365602,96.0735871,,,,Shoes,False,"isquire int'l co., ltd"
MM2025087CTQZ4J,Thamadi Family Trading Company Limited,"No.151, U Tayokegyi St, Industrial Zone(4), HlaingTharyar Township, Yangon, Myanmar., HlaingTharyar, Yangon",16.8819286,96.0573302,,,,Rice,False,thamadi family trading company limited
MM2025087CV1W5V,"Sudey Industrial Myanmar Co., Ltd","No.(649) 11/4, Kali (Tap Kalay) Village Tract, Bago.",23.1941702,94.0235718,,,,,False,"sudey industrial myanmar co., ltd"
MM2025087CW0GW6,"Xing Jia (Myanmar) Shoes Co., Ltd","54, Pade Wun U Shwe Bin Street, Industrial Zone (1), Hlaingtharya, Yangon",16.9126237,96.0530378,,,,Shoes,False,"xing jia (myanmar) shoes co., ltd"
MM2025087CWC6R4,"A&T International Co., Ltd","153, Ahnawyathar Road, Industrial Zone (5) Hlaing Thar Yar Tsp, Yangon., Hlaing Thar Yar, Yangon",16.8892395,96.0404187,,,,A&T Bakery,False,"a&t international co., ltd"
MM2025087CY33KN,Weng Hong Hung Garment Manufacturing (Yangon) Company Limited.,"No (78), U Shwe Oae Road, Hlaing Tharyar Industrial Zone (3), Hlaing Tharyar Township, Yangon.",16.8785655,96.056975,,,,,False,weng hong hung garment manufacturing (yangon) company limited.
MM2025087CY9C2K,"Thitsar Tun Trading Co., Ltd","275, Sagawah Street, Aye Yeik Mon Housing, Hlaing, Yangon",16.8379817,96.1199262,,,,Black Gram,False,"thitsar tun trading co., ltd"
MM2025087CYATEE,"US Trading Co., Ltd","155, 1t Floor, Bogyoke Aung San Road, Botahtaung, Yangon",16.7852376,96.1827007,,,,Carrot,False,"us trading co., ltd"
MM2025087CYHCRH,"Pyae Thar Phyo Co., Ltd","Rm 10, Mya Yee Pearl Road, Kan Hee Fishery Zone, Shwe Hinther Ward, Kawthaung, Kawthaung",9.9958108,98.5528746,,,,Prown|Squid|Fish|Crab,False,"pyae thar phyo co., ltd"
MM2025087D0HJPR,"Maha Nadi International Co., Ltd","Building B, Room-803, 8th Floor, Pearl Condo, Bahan, Yangon",16.8171048,96.1568412,,,,Pyinkado|Htauk Kyant|Thityar-Ingyin|Rough Swan Timber of Teak,False,"maha nadi international co., ltd"
MM2025087D2HHTX,"Khiang Su Thu Industrial Co., Ltd","205, Myi Wun U Aung Thu Street, Industrial Zone - 2, Hlaingtharya, Yangon",16.8819091,96.0573238,,,,Teak,False,"khiang su thu industrial co., ltd"
MM2025087D32KRF,Best Industrial Company Limited.,"No (42/107_A) Khayae Street, Shwe Pyi Thar Industrial Zone (1), Shwe Pyi Thar Township, Yangon.",16.8625506,96.1022991,,,,Uniform,False,best industrial company limited.
MM2025087D36H92,A A Pharmacy,"No.81, Insein Road, Corner of Hleden Road, Kamayut Township, Yangon., Kamayut, Yangon",16.8402026,96.1272417,,,,Medicine,False,a a pharmacy
MM2025087D3KSDV,MRTW Manufacturing & Inspection Company Limited,"No.372, Daw Phwar Shin Street, Shwe Lin Ban Industrial Zone, Hlaing Tharyar Tsp.",16.9087082,96.0762616,,,,,False,mrtw manufacturing & inspection company limited
MM2025087D5B3DZ,"Lin Sandar Aung Co., Ltd","350/354, Room-1, Anawrahta Road, Pwint Phyo Aung Compound, Lanmadaw, Yangon",16.7775768,96.1428334,,,,Fish,False,"lin sandar aung co., ltd"
MM2025087D8Q1TS,Pro Cap Company Limited,"No (162), U Aung Thu Road, Hlaing Tharyar Industrial Zone (2), Hlaing Tharyar Township, Yangon.",16.8819091,96.0573238,,,,Hat,False,pro cap company limited
MM2025087D9Q1HH,"Tha Htay Kyite Co., Ltd","No.1296/A, Myin Taw Thar Rd, Tharketa, Yangon, Myanmar",16.7904286,96.2016826,,,,Lu Tine Kyite fish sauce 1L|Lu Tine Kyite fish sauce 2L|Lu Tine Kyite fish sauce 300g|Fish Paste ( Tha Htay Kyite )|Fish Sauce ( Tha Htay Kyite ),False,"tha htay kyite co., ltd"
MM2025087DAR56C,Peninsula Enterprises Ltd.,"529/3, 529/4, Pin Lon St., Industrial Zone (1), Ward (23), South Dagon, Yangon, Myanmar, South Dagon, Yangon",16.8330415,96.2190137,,,,Kitchenware,False,peninsula enterprises ltd.
MM2025087DD5PPX,"Farudas Co., Ltd","241/243, 40th Street, Upper Block, Kyauktada, Yangon",16.7775488,96.1639045,,,,Tea Mix|Mont Phat Chauk|Instant Mont Hin Kha,False,"farudas co., ltd"
MM2025087DDGBEN,"Well Power Co., Ltd","19, Aye Yeik Moon Street, Aye Yeik Mon Housing, Hlaing, Yangon",16.8367989,96.1187118,,,,Cotton|Cotton Seed|Cotton Seed Oil Cake,False,"well power co., ltd"
MM2025087DDPRPG,Tang Tea,"Shwe Hin Thar, Hlaing, Yangon",16.847948,96.1350718,,,,Turmeric palm jaggery|Palm Jaggery|Concentrated Juice|Turmeric powder,False,tang tea
MM2025087DEH6HN,"U H S Co., ltd","223, Banyar Dala Road, Corner of 140th Street, Ma U Gon Ward, Tamwe, Yangon",16.801016,96.1751559,,,,Sawed Wood,False,"u h s co., ltd"
MM2025087DG7CRT,"Mega Marine Frozen Sea Food Co., Ltd","No.174-B (2) Seik Kan Thar Street Industrial Zone 4, Hlaing Thar Yar Township, Yangon., Hlaing Thar Yar, Yangon",16.8830095,96.0828097,,,,Aquatic Product,False,"mega marine frozen sea food co., ltd"
MM2025087DH1ZP6,"Kaung Yar Zar Trading Co., Ltd","73/79, Room - 402, Lanmadaw Street, 4 Floor, CMA Tower, Lanmadaw, Yangon",16.7757237,96.1478796,,,,Crawfish|Fish,False,"kaung yar zar trading co., ltd"
MM2025087DHYTEP,"Myanmar Chemical Engineers Group(3)Co., Ltd","No. 115, Ka Naung Min Thar Gyi Street, Zone (1), Hlaing Thar Yar Tsp, Yangon., Hlaing Thar Yar, Yangon",16.9007941,96.0730316,,,,Alcohol Vegrage,False,"myanmar chemical engineers group(3)co., ltd"
MM2025087DJNGRE,"Vanam Co., Ltd","38/39, Tuangggyi Street, Industrial Zone (1), South Dagon, Yangon",16.8330415,96.2190137,,,,Aluminium|Steel|Iron,False,"vanam co., ltd"
MM2025087DMVSJS,"KHM Co., Ltd","563, Thiri Myaing, Htauk Kyant South Quarter, Mingalardon, Yangon",17.0412816,96.1341431,,,,Coat|Jackets|Pants,False,"khm co., ltd"
MM2025087DPA267,"Trade Friends Trading Co., Ltd","Room(11), 770/774, 11th Floor, Bogyoke Aung San Street, Lucky Condo, Lanmadaw, Yangon",16.7781232,96.1407694,,,,Rice|Black Gram|Pigeon Pea|Green Gram,False,"trade friends trading co., ltd"
MM2025087DPPP56,Myanmar Knitting Factory Limited,"No (35, 36, 37 & 38), Ward No (13), Plot No (P-1, 52), Pathein Industrial Zone, Pathein Township, Ayeyarwaddy Region.",16.7753609,94.7381013,,,,Knitting wears,False,myanmar knitting factory limited
MM2025087DPTYBR,"Hein Soe Co., ltd","494/B, TCC Yeik Thar Street, Ward (8), Kamaryut, Yangon",16.8224879,96.1310916,,,,Laminated wood,False,"hein soe co., ltd"
MM2025087DPYSN1,"International Gate Way Co., Ltd","19, Kyaik Wine Pagoda Road, 8 miles, Myaing Hay Wun Housing, Mayangone, Yangon",16.8648884,96.1406483,,,,Sugar,False,"international gate way co., ltd"
MM2025087DR9X96,Pretty Fashion Myanmar,"No (9), U Shwe Oh Street, Hlaing Tharyar Industrial Zone (2), Hlaing Tharyar Township, Yangon.",16.8819286,96.0573302,,,,,False,pretty fashion myanmar
MM2025087DRZPFV,"NTC Interlining Myanmar Co., Ltd","No.167, Set Hmu (2) Street, Shwe Pyi Thar Industrial Zone (1), Shwe Pyi Thar Tsp, Yangon",16.9337149,96.0872415,,,,,False,"ntc interlining myanmar co., ltd"
MM2025087DS78MV,Myanmar Toppy Limited,"Plot No (278/8), Corner of Hlay Thin Ahtwin  Wun U Chain Street and Wun Saung Mhu Street, Myay Taing Block No (25), Shwe Lin Ban Industrial Zone, Hlaing Tharyar Township, Yangon.",16.914015,96.0652719,,,,,False,myanmar toppy limited
MM2025087DSYY2P,"Alpha Beta Co., ltd","62, 3rd Floor, Shwe Hnin Thar Road, 11st Quarter, Hlaing, Yangon",16.8090234,96.1754634,,,,Jackets|T shirt,False,"alpha beta co., ltd"
MM2025087DT4Q8W,"Hao Yuan Co., Ltd","Holding No.145, Milestone No.25, Naing Hlon Village Track, Mudon T/s, Mon State., Mudon, Mon",16.2584167,97.725376,,,,Rubber,False,"hao yuan co., ltd"
MM2025087DWJ7YJ,"Baw Ma Knitting (Myanmar) Co., Ltd","353, Kin Wun Min Gyi Rd, Shwelinban, Hlaingtharya, Yangon",16.8895583,96.05123530000002,,,,Knitting wears,False,"baw ma knitting (myanmar) co., ltd"
MM2025087DWWAPQ,"Asia Winner Co., Ltd (May Yu Trading Co., Ltd)","529, May Yu Street, Industrial Zone (1), South Dagon, Yangon",16.8316454,96.2248735,,,,Beans|Freshwater Fish|Pulses,False,"asia winner co., ltd (may yu trading co., ltd)"
MM2025087DX2WF9,"Super Soe Co., Ltd","83, 2nd Floor, Yae Street, Kyi Taw Ward, Mingalar Taungnyunt, Yangon",16.7830754,96.1733101,,,,Black Gram|Green Gram,False,"super soe co., ltd"
MM2025087DXTBGH,"Rich Farm Co., Ltd","67, 3rd Floor, 10th Street, Phoh Myay Ward, Mingalar Taungnyunt, Yangon",16.7852187,96.1681865,,,,Fish,False,"rich farm co., ltd"
MM2025087DYP9JE,"Gaiwach (Myanmar) Garment Co., Ltd","87/88 Block, Myay Taing 51, Kyauk Sein Street, Thardukan Industrial Zone, Shwepyitha, Yangon",16.9881238,96.088104,,,,Underwear,False,"gaiwach (myanmar) garment co., ltd"
MM2025087DZ2DCS,"Onrush Manufacturing Co., Ltd","100/E, Bawga Bala Street, Industrial Zone, North Okkalapa, Yangon",16.9197469,96.1686077,,,,Pants|Jackets,False,"onrush manufacturing co., ltd"
MM2025087DZ54KT,Household Mill (Min Su),"Min Su Village, Kyaukse, Mandalay, Myanmar, Mandalay, Mandalay",21.5133988,96.1328179,,,,Kitchenware,False,household mill (min su)
MM2025087E0HKGM,Asahi Fan Garment Myanmar Company Limited.,"Land No (24), Myay Taing Block No (112), East Dagon Industrial Zone, Dagon Myo Thit (East) Township, Yangon.",16.8908169,96.2508702,,,,,False,asahi fan garment myanmar company limited.
MM2025087E0X8PV,Myanmar Korea Timber Int'L Ltd,"Land Transportation Block, Corner of Oak Kyin Bu Tar Yone Street & Bayint Naung Street, 15th Ward, Hlaing, Yangon",16.8372533,96.1275175,,,,Veneer wood|Veneers|plywoods,False,myanmar korea timber int'l ltd
MM2025087E390GW,"Yangtzekiang (Industrial Myanmar) Co., Ltd","7, Bago Industrial Zone, Bago, Bago",17.281978,96.4542038,,,,Shirt (Men),False,"yangtzekiang (industrial myanmar) co., ltd"
MM2025087E3JCYZ,Fair Silver Fashion Limited,"341/A, Yaw Atwin Wun U Phoe Hlaing Street, Shwelinban Industrial Zone, Hlaingtharya, Yangon",16.8502222,96.0849574,,,,Evening Dress|ွ,False,fair silver fashion limited
MM2025087E7FA00,"Prettex Myanmar Co., Ltd","4, Thardukan Industrial Zone, Shwepyitha, Yangon",16.9845706,96.0922922,,,,Long Coat|Jackets,False,"prettex myanmar co., ltd"
MM2025087E82XDM,"Myin Za Yi Co., Ltd","53/54, Kanaung Min Thar Gyi Street, Shwe Pauk Kan Industrial Zone, North Okkalapa, Yangon",16.8918185,96.1919816,,,,Kids Wear|Blouse|Pants,False,"myin za yi co., ltd"
MM2025087EAQTZT,"Great Myanmar Insland Co., Ltd","63, Taunggyi Street, Industrial Zone (1), South Dagon, Yangon",16.8399735,96.2188233,,,,Rattan Furniture,False,"great myanmar insland co., ltd"
MM2025087ECWQ65,WNT Garment Factory,"No (570), San Pya Street, Sint Nguu Ward, Insein Township, Yangon.",16.7834754,96.1871762,,,,,False,wnt garment factory
MM2025087ED60YH,HTM Garment (Shwe Sea Sar),"No. (84), Than Chat Wun U Nyunt Street, Shwe Pyi Thar Industrial Zone 2, Shwe Pyi Thar Tsp.",16.9337149,96.0872415,,,,,False,htm garment (shwe sea sar)
MM2025087ED6X1H,"Tun Tauk Naing Co., Ltd","No.102, Corner of U Tun Nyo Street & U Shwe Bin Street, Industry Zone(1), Hlaing Thar Yar Township.Yangon., Hlaing Thar Yar, Yangon",16.9126237,96.0530378,,,,,False,"tun tauk naing co., ltd"
MM2025087EDA4E9,"Prima Commercial Furnishing Co., Ltd","9, Kyaung Street, Myay Ni Gone (North) Ward, Sanchaung, Yangon",16.8055056,96.138062,,,,Carpet,False,"prima commercial furnishing co., ltd"
MM2025087EEWXJS,"Life Orient Trading Co., Ltd","104, 50 Street, Middle Block, Pazundaung, Yangon",16.7748773,96.171194,,,,Pathein Umbrella,False,"life orient trading co., ltd"
MM2025087EFFV1T,"Amber Store Co., Ltd","48, Twin Thin Taik Wun U Tun Nyo Street, Hlaingtharyar Industrial Zone (2), Hlaingtharya, Yangon",16.8436582,96.0811843,,,,Women & Kids)|Style Pants (Men|Night Dress|Jackets,False,"amber store co., ltd"
MM2025087EFNYFH,Mother's Love Green Tea,"Sa/2, Sein Pan St, Bayint Naung Borker's Sales Centre, Mayangone Tsp, Yangon, Mayangone, Yangon",16.8630212,96.1049884,,,,Green Tea,False,mother's love green tea
MM2025087EJ5W7T,"Excellence Mineral Casting Co., Ltd","142, U Tayoke Gyi Street, Industrial Zone (4), Hlaingtharya, Yangon",16.8571296,96.0602623,,,,Steel Product,False,"excellence mineral casting co., ltd"
MM2025087EJ79RT,"Clean Fisheries Co., Ltd","10, 1 Street Fl, 149th Street, Pyay Yae Gone Ward, Tamwe, Yangon",16.8004142,96.1745723,,,,Prawn|Fish,False,"clean fisheries co., ltd"
MM2025087EJAV5W,"Htoo Wood Products Pte Co., Ltd","5, Pyay, 10 Ward, Hlaing, Yangon",16.8403781,96.1349145,,,,Parquet Tongued & Grooved|Sawed Wood,False,"htoo wood products pte co., ltd"
MM2025087EJB2ED,"Myanmar Rice Mill Co., Ltd.","No.29, Minye Kyaw Swar Road, (7th Floor, UMFCCI Office Tower), Yangon Region, Myanmar., Yangon, Yangon",16.7985835,96.1950172,,,,Rice,False,"myanmar rice mill co., ltd."
MM2025087EK0SKZ,"Best Vision Co., Ltd","No.335, Yaw Ah Twin Wun U Phoe Hlaing St., Shwe Lin Ban Industrial Zone, Hlaingtharya, Yangon",16.914015,96.0652719,,,,Green Gram|Black Eye Bean,False,"best vision co., ltd"
MM2025087EM0TAR,"Medihub Cdo., Ltd","B4-103, Shwe Gone Thu Housing, pan Hlaing Street, Kyeemyindaing Township, Yangon., Kyeemyindaing, Yangon",16.7987178,96.1245123,,,,Sorghums|Rice,False,"medihub cdo., ltd"
MM2025087EMBVC6,"First Top Co., Ltd.","No.11, Tower(A), 9th Floor, Myawaddy Luxury Comlex, Bogyoke Aung San Road, Lanmadaw Township, Yangon., Lanmadaw, Yangon",16.6842708,98.5007116,,,,Sesame,False,"first top co., ltd."
MM2025087EN7C9H,"Westwood Myanmar Co., Ltd","Plot No.149/3-6, Myay Taing Block No.113, East Dagon Industrial Zone, Dagon Myo Thit (East) Tsp",16.8704983,96.2429045,,,,,False,"westwood myanmar co., ltd"
MM2025087ENS0M2,"Aung Naing Thu Star Garment Co., ltd","142/A, Amara St, Industrial Zone, North Okkalapa, Yangon",16.9586918,96.1632804,,,,Pants,False,"aung naing thu star garment co., ltd"
MM2025087EQ29XZ,"Shwe Me' Co., Ltd","G/F & 1st Floor, Shwe Zabu River View Complex, Strand Road., Ahlone, Yangon",16.7846709,96.1267093,,,,Black Gram|Pigeon Pea|Green Gram,False,"shwe me' co., ltd"
MM2025087ERF9ZF,Lin Dagon Garment Company Limited,"No (14/15) U Aung Zaya Street, East Dagon Industrial Zone, East Dagon Township, Yangon.",16.840939,96.173526,,,,Coat (Men)|Trousers (Men),False,lin dagon garment company limited
MM2025087ESERQP,"Classic Home Co., Ltd","151, Twin Thin Tike Wun U Tun Nyo Street, Industrial Zone, Dagon Seikkan, Yangon",16.8520683,96.2694608,,,,Rattan,False,"classic home co., ltd"
MM2025087ESMNDF,"Tet Nay Lin Trading Co., Ltd","11, Khwar Nyo 7th Street, Hla Wun Bae Ward, North Okkalapa, Yangon",16.8723864,96.249459,,,,Cosmetics|Artificial hair for women|Frontal|Closure,False,"tet nay lin trading co., ltd"
MM2025087ESMSRY,"Korea Sin Hwa Garment Co., Ltd","137, Padamyar Street, Thardukan Industrial Zone (1), Shwepyitha, Yangon",16.9845706,96.0922922,,,,Coat|Jackets,False,"korea sin hwa garment co., ltd"
MM2025087ESPAHA,Sun Good Garment (Myanamar),"Holding No. (42), Kwin No. (1167), Inndakaw North Kwin, Inndakaw Village Tract, Bago",17.3220711,96.4663286,,,,,False,sun good garment (myanamar)
MM2025087ETXXM8,"Hnin Wun Co., ltd","225/227, Room (601/602), 6 Floor, Bo Aung Kyaw Street, Olympic Tower, Kyauktada, Yangon",16.7740517,96.1642075,,,,Black Gram,False,"hnin wun co., ltd"
MM2025087EVBQNJ,"Jewoo Manufacturing Co., Ltd","104/107/108, Myanmarlar Street, Tharketa Industrial Zone, Thaketa, Yangon",16.8085999,96.2017649,,,,Pants|Long Jumper|Down Jumper|Jackets,False,"jewoo manufacturing co., ltd"
MM2025087EVPRV4,"Standard Forever Co., Ltd","33/35, 7th Floor, Bogalay Zay Street, Botahtaung, Yangon",16.7716266,96.1656263,,,,Betel Nut|Black Gram|Ginger|Green Gram,False,"standard forever co., ltd"
MM2025087EVWNS5,Thein Ta Yar Rice Warehouse,"86th Street, Between 29th Street & 30th Street, Chanayethazan, Mandalay",21.9780187,96.0741505,,,,Rice,False,thein ta yar rice warehouse
MM2025087EW2GS7,"San Lin Int'l Export & Import Co., Ltd","387, Room-15/27, 2nd Floor, Shwe Bon Thar Street, Upper Block, Pabedan, Yangon",16.7753594,96.15588,,,,Lead|Pure Iron|Pig Iron|Zinc,False,"san lin int'l export & import co., ltd"
MM2025087EWQ25T,Kyaw Kyaw Htun Co.Ltd,"116/118-A, 4 Floor, Bogale Zay St, Lower Middle Block, Botahtaung, Yangon",16.2864333,95.4018087,,,,Onion|Ginger|Pulses|Tamarind|Bean,False,kyaw kyaw htun co.ltd
MM2025087EXBBE1,"Sung Ba Int'l Co., Ltd","160, Shwe Yi Aye Kyaw Street, Industrial Zone (5), Hlaingtharya, Yangon",16.8892395,96.0404187,,,,Jean Pants|Kids Wear|Jackets,False,"sung ba int'l co., ltd"
MM2025087EXV30V,"Thidar Fsiheries Co., Ltd","350/354, RM 1/B, Anawrahta Road, Pwint Phyo Aung Compound, Lanmadaw, Yangon",16.7775768,96.1428334,,,,Fish,False,"thidar fsiheries co., ltd"
MM2025087EYJRS1,Myanmar Qun San Company Limited.,"Myay Taing Block No (25), Plot No (64), Maung Than Street, Shwe Lin Ban Industrial Zone, Hlaing Tharyar Township, Yangon.",16.914015,96.0652719,,,,Pin Pants|Jackets|ွ,False,myanmar qun san company limited.
MM2025087EYK4RD,Panko Bago Company Limited,"U Paing (30+47+6+12+16+14), Field No (OSS 77, Kyae Taing Pyin Field), Nyaung Inn Village Tract, Bago Tsp and U Paing No.24, Field No.1174-B, Wa Sa Nel Field, Buuleinn Village Tract, Bago",17.2504782,96.4532158,,,,,False,panko bago company limited
MM2025087EZRANP,"Myo Thitsar Trading Co., Ltd","459, Anawrahta Road, Ward (14), East Dagon, Yangon",16.8801849,96.208395,,,,Sawed Wood,False,"myo thitsar trading co., ltd"
MM2025087F0GY1G,"Stone Gate Empine Co., Ltd","J/34, Ar Thaw Ka Street, Bayint Naung Warehouse, Mayangone, Yangon",16.807785,96.1801208,,,,Black Gram,False,"stone gate empine co., ltd"
MM2025087F1Q8RS,"Golden Alliance Treasury Enterprise Co., Ltd.","No.79/81, Room No, 201/202, Central Tower, Anawrahta Road, Kyauktada T/S, Yangon., Kyauktada, Yangon",16.7765363,96.1639959,,,,Green Bean,False,"golden alliance treasury enterprise co., ltd."
MM2025087F2VDFT,"Moe Thet Co., Ltd.","No.4(D/2), Bawdi Yeikthar Street, Bahan Township, Yangon., Bahan, Yangon",16.882549,96.101772,,,,Green Bean,False,"moe thet co., ltd."
MM2025087F2WQH7,Thiri Sandar Garment & General Trading Co-op Society Limited.,"Aung San Ward, Lower Mingaladon Road, Insein Township, Yangon.",16.9150759,96.09284900000002,,,,,False,thiri sandar garment & general trading co-op society limited.
MM2025087F4K282,Mingtex Myanmar Industrial Company Limited,"No (197), Ahnawratha Street, Hlaing Tharyar Industrial Zone (5), Hlaing Tharyar Township, Yangon.",16.8819286,96.0573302,,,,Belt|Embroidery Lace|Veils|Wedding Dress|Embroidery Flower,False,mingtex myanmar industrial company limited
MM2025087F54HTN,Aung Kyun Thar,"138/142, Room-8/B/C, White Cloud Condo, Thein Phyu Road, Botahtaung, Yangon",16.7722412,96.1672268,,,,Lab Lab Beans|Green Gram|Black Eye Bean|Sesame,False,aung kyun thar
MM2025087F59K24,Gabbathit Garment Industry,"No, 1158, Pagoda Road, 63 Ward, Industrial zone 2, South Dagon Myo Thit Tsp, Yangon.",16.78367,96.1533558,,,,Shirt (Men),False,gabbathit garment industry
MM2025087F5BMSY,Laxmi Utensils,"C-160/161/162/176/177, G Flr, D Shed, Shwe Dagon Pagoda Rd., Thein Gyi Market, Ward [2], Pabedan, Yangon, Myanmar, Pabedan, Yangon",16.7747547,96.1533912,,,,Kitchenware,False,laxmi utensils
MM2025087F5QC1A,"Weng Hong Hung Garment Mfg (Yangon) Co., Ltd","78, Depeyin Wun Htauk U Myel Street, Industrial Zone (3), Hlaingtharya, Yangon",16.8819286,96.0573302,,,,Shirt (Men),False,"weng hong hung garment mfg (yangon) co., ltd"
MM2025087F67FZW,"Jun Sheng Garment Co., Ltd","No.482, Myay Taing Block No.25, Shwe Lin Ban Industrial Zone, Hlaing Thar Yar Tsp, Yangon",16.914015,96.0652719,,,,,False,"jun sheng garment co., ltd"
MM2025087F87E0Y,"Shwe Ye Chan Thar Gems, Jewellery Shop","No.259, 34st: Bet: 85 x 86Sts, Chan Aye Thar Zan T/S Mandalay., Chan Aye Thar San, Mandalay",21.9764442,96.0944003,,,,Gems|Jewellery,False,"shwe ye chan thar gems, jewellery shop"
MM2025087F8CK9H,"Wormhole Seafood Co., Ltd","1069, Aung Theikdi Street, Ward (40), Dagon Seikkan, Yangon",16.8520683,96.2694608,,,,Shrimp,False,"wormhole seafood co., ltd"
MM2025087F8CQN1,Real Star Manufacturing Company Limited,"(1) No (2/26), Ka Naung Min Thargyi Road, Dagon Seikkan Industrial Zone (2), Dagon Seikkan Township, Yangon.  (2) No (52), Thama Degree Kawlate Street, Ahmuhatan Quarter, Thanlyin Township, Yangon.",16.8344399,96.2806526,,,,,False,real star manufacturing company limited
MM2025087FANSNE,Excellent Grade Agency,"33/49, Room-35, 1st Floor, Mahar Bandoola Garden Street, Lower Block, Strand Condo, Kyauktada, Yangon",16.7742379,96.1625789,,,,Machinery Export,False,excellent grade agency
MM2025087FBWG5X,Metahope (Myanmar) Company Limited,"No(21, 22), Kyansitthar Yeikmon Ind'l Zone, South Dagon Myothit Tsp.Yangon.",16.8317653,96.2294737,,,,,False,metahope (myanmar) company limited
MM2025087FCGVMC,"Tun Myat Thu International Co., Ltd.","No.139, 1st Floor, Anawrahta Road 7 Ward, Lanmadaw Township, Yangon",16.7776332,96.1411439,,,,Pulses and Beans|Green Bean|Pigeon Pea,False,"tun myat thu international co., ltd."
MM2025087FFJB1E,"Trendi Zone Co., Ltd","19/D-2, Kanbawza Street, Shwe Taung Kyar, Bahan, Yangon",16.8092071,96.1508505,,,,Shirt|Denim|Jeans|Polo|Trousers & Short|Blouse|T shirt|Skirts|Dresses,False,"trendi zone co., ltd"
MM2025087FFX1K1,"Excel Garment Mfg Co., Ltd","28/A/538-A, Cor of 4 Main Rd, Near Gate Hong Bus Streetop, Shwepyitha, Yangon",16.9645932,96.0963285,,,,Coat|Pants,False,"excel garment mfg co., ltd"
MM2025087FGJMA1,Bruvo International Manufacturing,"307/A, Ka Naung Min Thar Gyi 10th Street, Shwepaukkan Industrial Zone, North Okkalapa, Yangon",16.920643,96.0888158,,,,Jackets|Pants,False,bruvo international manufacturing
MM2025087FGKA9Q,"Wedtexfasho Co., Ltd","D-6, Middle Block, Mingalardon Industrial Zone, Mingalardon, Yangon",16.9421429,96.1566754,,,,Bride Dress,False,"wedtexfasho co., ltd"
MM2025087FH6PXB,"Dammar Pine Family Co., Ltd","No.9, Tun Shwe War Street, Shwe Nantar Quarter, New Pale, Mingalardon T/s, Yangon., Mingalardon, Yangon",16.9243499,96.1839872,,,,Rubber,False,"dammar pine family co., ltd"
MM2025087FP6EW7,Panda Coldstore,"Ahsin Village, Ye Township, Mon State., Ye, Mon",15.3,97.966667,,,,Aquatic Product,False,panda coldstore
MM2025087FPGZT0,"Blessing Trading Co., Ltd","136, Ground Floor, 27th Street, Upper Middle Block, Pabedan, Yangon",16.7776497,96.1566754,,,,Bakery & Confectionery Products|Black Gram,False,"blessing trading co., ltd"
MM2025087FQ0BKP,"Saiform Int'l Garment (Myanmar) Co., Ltd","37, Min Gyi Maha Min Khaung Street, Shwethalwin Industrial Zone, Hlaingtharya, Yangon",16.8365715,96.0880741,,,,Jackets,False,"saiform int'l garment (myanmar) co., ltd"
MM2025087FQ8Y97,Mingalar General Business Cooperative Ltd,"253/2, Kyae Ta Mar Street, Shwe Pyi Soe Housing, South Okkalapa, Yangon",16.8523207,96.1908316,,,,Thanakha|Cashew|Black Eye Bean,False,mingalar general business cooperative ltd
MM2025087FQHHRJ,Rising White Tiger Manufacturing Company Limited,"No (160), Mingyi Maha Mingaung Street, Shwe Lin Ban Industrial Zone, Hlaing Tharyar Township, Yangon.",16.914015,96.0652719,,,,,False,rising white tiger manufacturing company limited
MM2025087FRDS0Z,"Myanmar Veneer and Plywood Private Co., Ltd","RM 502, 5th Floor, Kyan Taw Road, Crystal Tower, Ward (7), Kamaryut, Yangon",16.8176923,96.1297147,,,,plywoods|Veneers,False,"myanmar veneer and plywood private co., ltd"
MM2025087FTPBKF,Huaxin Times,"116, Wet Ma Sut Wun Htauk Street, Zone (4), Hlaingtharya, Yangon",16.8576394,96.0581268,,,,Clothing,False,huaxin times
MM2025087FVENJH,Yangon Panatex Apparel Company Limited.,"Land No (4), Thardukan Road, Survey Block Nga/12, Thar Du Kan Industrial Zone, Shwe Pyi Thar Township, Yangon.",16.9845706,96.0922922,,,,Chef Wear,False,yangon panatex apparel company limited.
MM2025087FW40FG,Myanmar Rice Trading Company Limited,"No.82 to 88, The conrner of Bo Tike Chun Street and Than Din Street, War Ta Yar Industrial Zone, Shwe Pyi Thar Township, Yangon Region, Myanmar., Shwe Pyi Thar, Yangon",16.9775125,96.0413906,,,,Rice,False,myanmar rice trading company limited
MM2025087FWERSW,Mya Hnin Si Garment,"C-E/2, No (18), Between 62x63, Ngu Shwe War Street, Chan Myae Thar Si Township, Mandalay Region.",21.9477676,96.084576,,,,,False,mya hnin si garment
MM2025087FXW0B5,Ever Strong Group Ltd,"27, 4th Floor, 28th Street, Pabedan, Yangon",16.775683,96.1553942,,,,Cilantro seeds|Herbal medicine|Fennel Flower|Turmeric Fingers|Tamarind,False,ever strong group ltd
MM2025087FYZEZB,"DJY Garment Co., Ltd","8, Kyansitthar Street & Nawaday Street, Zone (3), Hlaingtharya, Yangon",16.8594042,96.2835458,,,,Tights (Women)|Sock,False,"djy garment co., ltd"
MM2025087FZ5W34,"Shwe Taung Koe Lone Brothers Co., Ltd","No(Nga.2/73) Bet: 62& 63St; Thumalar St; Chanmyatharsi Tsp, Mandalay, Myanmar., Chan Aye Thar San, Mandalay",21.9764442,96.0944003,,,,Pu'er Tea|Kokang Tea,False,"shwe taung koe lone brothers co., ltd"
MM2025087G125X7,"PyiPhyoTun Int'l Co., Ltd.","Sinma Yin Thar, PahteKyun, Kyun Su Township, Tanitharyii Region, Myanmar., Kyun Su, Tanitharyii",12.4703705,98.4526986,,,,Shrimp Meat,False,"pyiphyotun int'l co., ltd."
MM2025087G25BPA,"San Pya Nwe Co., Ltd","86th Street, Between 33rd Street & 34th Street, Chanayethazan, Mandalay",21.9780187,96.0741505,,,,Rice,False,"san pya nwe co., ltd"
MM2025087G3JHCM,ZMM International Trading,"212, Bogyoke Street, Monywa South Ward, Monywa, Monywa",22.1215513,95.1536327,,,,Black Gram|Gram Whole|Green Gram|Pigeon Pea,False,zmm international trading
MM2025087G43Y4B,"La Min Thazin Co., Ltd","3, 23rd Street, Between 80th Street & 81st Street, Aungmyaythazan, Mandalay",21.9932295,96.0834592,,,,Sugar,False,"la min thazin co., ltd"
MM2025087G6RS70,Sea Horse Trading Ltd,"63, 1st Floor, 29th Street, Lower Middle Block, Pabedan, Yangon",16.8021992,96.1323313,,,,Vegetables|Cheese Roll|Black Gram|Broom,False,sea horse trading ltd
MM2025087G725R8,Myanmar D System Company Limited,"Kwin No (520), No (47/5, 47/6, 49/4), Yangon Pyay Road, Kyat Phyu Kan (East) Village, Thandaepin Village Tract, Hmawbi Township, Yangon.",17.1007999,96.0451559,,,,,False,myanmar d system company limited
MM2025087G73EXQ,"New Golden Gate (1991) Co., Ltd","57, 4th Street, Lanmadaw, Yangon",16.7767561,96.1388986,,,,Black Gram|Green Gram|Pigeon Pea,False,"new golden gate (1991) co., ltd"
MM2025087G7585V,"Top Direction Industry Co., Ltd","92, Pyin Sin Min Thar Gyi Street, Hlaingtharyar Industrial Zone (4), Hlaingtharya, Yangon",16.8880467,96.048359,,,,Thread,False,"top direction industry co., ltd"
MM2025087G8B9EC,Huasheng International Limited.,"1249 Gway Chaung Kwin, Holding No.116/1, Conmin Myaung Village, Tharyar Waddy Tsp, Bago",17.6701725,96.7806398,,,,,False,huasheng international limited.
MM2025087G932CW,T.K Bakery,"No.995, Mya Kan Thar (1) Lane, 63 Quarter, Industrial Zone (2) South Dagon Tsp, Yangon., South Dagon, Yangon",16.8352631,96.1294799,,,,T.K Bakery,False,t.k bakery
MM2025087G9ET8V,"Grand Twin Brothers Co., Ltd","38, 67th Street, Botahtaung, Yangon",16.7729404,96.1812568,,,,Fish|Prawn,False,"grand twin brothers co., ltd"
MM2025087G9VGVH,"Zayar Moe Myint Co., Ltd","Room-7/A, Merchant Road, Royal River View Condo, Pabedan, Yangon",16.7720834,96.1565492,,,,Teak,False,"zayar moe myint co., ltd"
MM2025087GACD38,"Galaxy 7 Trading Co., Ltd","423, 4th Floor, 12nd Ward, Yadanar Street, South Okkalapa, Yangon",16.9368225,96.1941571,,,,Laminated wood,False,"galaxy 7 trading co., ltd"
MM2025087GAFP6Q,"Golden Sparrow Trading Co., Ltd","459/469, Room-7/B, 6th Floor, Lower Pazutaung Road, Yadanar Myaing Condo, Pazundaung, Yangon",16.7761023,96.1689619,,,,Black Gram|Pigeon Pea,False,"golden sparrow trading co., ltd"
MM2025087GB90A0,"Golden Flower Co., Ltd","214, Wahdan Road, Lanmadaw, Yangon",16.7781232,96.1407694,,,,palm stearin (Soap Raw Material),False,"golden flower co., ltd"
MM2025087GB9RK1,Kyal Sin Wine Manufacturing,"5/6, Myitkyinor Street, b 23 Ward, South Dagon Industrial Zone (1), South Dagon, Yangon",16.8330415,96.2190137,,,,Clothing,False,kyal sin wine manufacturing
MM2025087GBHV81,Vintel Exports (S) Pte Ltd,"220/222, 1st Floor, Botahtaung Pagoda Street, Upper Middle Block, Pazundaung, Yangon",16.7755106,96.172653,,,,Black Gram|Green Gram|Pigeon Pea,False,vintel exports (s) pte ltd
MM2025087GEF368,"New World Trading Co., Ltd","504, Strand Road, Lanmadaw, Yangon",16.7724359,96.1467182,,,,Black Gram|Green Gram,False,"new world trading co., ltd"
MM2025087GEREXK,Myanmar Food Processors and Exporters Association,"Office 29, Level 7, UMFCCI Office Tower, 29, Min Ye Kyaw Swar St; Kanmadaw Tsp, Yangon, Kanmadaw, Yangon",16.7985835,96.1950172,,,,Food Sample,False,myanmar food processors and exporters association
MM2025087GF2DWW,Myanmar Xiang He Garment Company Limited.,"Plot No (5/Ka) + (234/Ka), Inn Wa Street, Myay Taing Block No (18), Shwe Pauk Kan Industrial Zone, North Okkalapa Township, Yangon.",16.907816,96.168351,,,,Kitchen Shirt|T shirt|Jackets|Casual Rouser,False,myanmar xiang he garment company limited.
MM2025087GGZ3J6,"White Sky Co., Ltd","138, No(3) Main Road, Kyaung Gyi Ward, Mingalardon, Yangon",17.0003147,96.1445461,,,,Roselle cardamom|Plum Kernels,False,"white sky co., ltd"
MM2025087GK9DBP,"Shwe Wah Yaung Agriculture Production Co., Ltd","J/73, Yuzana Street, Bayintnaung Warehouse, Mayangone, Yangon",16.8605238,96.1068995,,,,Rice,False,"shwe wah yaung agriculture production co., ltd"
MM2025087GMBMC1,"SG Next Co., Ltd","86, Set Hmu 4th Street, Myinttar Nyunt Quarter, Tamwe, Yangon",16.8140348,96.1841773,,,,Laminated wood,False,"sg next co., ltd"
MM2025087GN29XZ,"Thone Pwint Hsain Co., Ltd","Building 89/90, Basosi Housing, Lanmadaw, Yangon",16.7781232,96.1407694,,,,Fish,False,"thone pwint hsain co., ltd"
MM2025087GQKM22,Third Generation Trading Co. Ltd,"Building 57/58, 2nd Floor, Bahosi Housing, Lanmadaw, Yangon",16.7792342,96.1404381,,,,Rubber,False,third generation trading co. ltd
MM2025087GSG0AN,"Green Peak Trading Co., ltd","276, Anawrahtar Road, Lanmadaw, Yangon",16.7773791,96.1390718,,,,Black Gram|Green Gram,False,"green peak trading co., ltd"
MM2025087GTBPEB,Golden Sea Cold Store & Processing Plant,"No.9, 3D, Twin Thin Wunn U Tun Nyo Street, Industrial Zone (6), Hlaing Thar Yar Township, Yangon Region., Hlaing Thar Yar, Yangon",16.850826,96.1155932,,,,Aquatic Product|Shrimp Meat,False,golden sea cold store & processing plant
MM2025087GTS0J7,Apave Myanmar Company,"192, 3rd Flr, Bogyoke Aung San Rd., Ward (10), Botahtaung, Yangon, Myanmar, Botahtaung, Yangon",16.7635259,96.1871735,,,,,False,apave myanmar company
MM2025087GVW6HG,"Kanbawza Thitsar Hlaing Co., Ltd","75~77, 2nd Street, Yangon Industrial Zone, Mingalardon, Yangon",16.7773887,96.1380582,,,,,False,"kanbawza thitsar hlaing co., ltd"
MM2025087GWTQEX,"Sun & Sky Co., Ltd","Rm 6, Mya Yee Pearl Road, Kan Hee Fishery Zone, Shwe Hinther Ward, Kawthaung, Kawthaung",9.9958108,98.5528746,,,,Crab|Fish|Prawn,False,"sun & sky co., ltd"
MM2025087GWV9XZ,"Bawga Mandaing Mfg Co., Ltd","42/201, Kanaung Min Thar Gyi Street, Industrial Zone (1), Shwepyitha, Yangon",16.9188097,96.083001,,,,Coat|Pants,False,"bawga mandaing mfg co., ltd"
MM2025087GWVJT5,"Green Garment Co., Ltd","No.52, Thama Degree Kaw Late Street, Ahmu Htan Quarter, Thanlyin Tsp, Yangon",16.7587537,96.2482149,,,,,False,"green garment co., ltd"
MM2025087GWY725,"Min Latt Co., Ltd","63, 1st Floor, 29th Street, Pabedan, Yangon",16.774962,96.1564081,,,,Broom,False,"min latt co., ltd"
MM2025087GXABQB,Sakura Garment Company Limited,"No (74), Phan Chet Wun U Shwe Owe Street, Hlaing Tharyar Industrial Zone (3), Hlaing Tharyar Township, Yangon.",16.8819286,96.0573302,,,,Uniform,False,sakura garment company limited
MM2025087H22QNK,"Able Glad Myanmar Co., Ltd","42/53A, Ka Naung Min Thar Gyi Street, Industrial Zone (1), Shwepyitha, Yangon",16.9013356,96.0728811,,,,Jackets,False,"able glad myanmar co., ltd"
MM2025087H76QRZ,"Myint Makha Int'l Trading Co., Ltd","24, Bayintnaung Road, Corner of Thiri Mon 8th Street, Ward (15), Hlaing, Yangon",16.8227524,96.1229286,,,,Teak (Furniture)|Teak (Sawed wood),False,"myint makha int'l trading co., ltd"
MM2025087HAYX2A,"Ngwe Yi Pale Co., Ltd","F/1, 62, Industrial Park Street, Sa Ward, Pyigyitagon, Mandalay",21.965231,96.1122025,,,,Sugar,False,"ngwe yi pale co., ltd"
MM2025087HBXB7X,"Myat Mon Yadanar Co., Ltd","E/42-B, 1st Floor, Ngu War Street, Bayintnaung Warehouse, Mayangone, Yangon",16.8377955,96.1193845,,,,Black Gram|Green Gram|Sesame|Rice,False,"myat mon yadanar co., ltd"
MM2025087HDWTFN,Myanma Overseas Commodity Inspection Company Limited,"No (6), Myaing Marlar Road, Ward (15), Yankin Township, Yangon.",16.8070877,96.133924,,,,,False,myanma overseas commodity inspection company limited
MM2025087HE7Q2H,Hla Baik Hman Int'l Trading,"70, Thit Taw Street, Saw Yan Paing (East), Ahlone, Yangon",16.782314,96.1277358,,,,Black Gram,False,hla baik hman int'l trading
MM2025087HEKYKN,Zin Yaw Food Production,"No.202, Zay Ya Waddy Ward, Aung Lan, Magway, Myanmar., Aung Lan, Magway",20.1544305,94.9454803,,,,Snack Food,False,zin yaw food production
MM2025087HHS6N8,"New KMC Apparrel Co., ltd","84, Than Chat Wun U Nyunt Street, Shwepyithar Industrial Zone (2), Shwepyitha, Yangon",16.8026851,96.133844,,,,Down|Clothing|Pants|Wallon|Jackets,False,"new kmc apparrel co., ltd"
MM2025087HJ4H6G,"Ananda Steel Co., Ltd","167/171, Room 6/B, 6th Floor, 50th Street, Upper Block, Pazundaung, Yangon",16.7786958,96.171425,,,,Black Gram|Rice|Pigeon Pea,False,"ananda steel co., ltd"
MM2025087HJCQE6,"Asia Myint Group Co., Ltd.","No.Nya/43, Yuzana Street, Bayintnaing, Mayangone Township, Yangon., Mayangone, Yangon",16.860949,96.1068778,,,,Green Bean,False,"asia myint group co., ltd."
MM2025087HMAYED,"Rosman Co., Ltd","No.26, U Ta Yoke Kyi St, Shwe Pyi Thar Ind'l Zone 2, Shwe Pyi Thar Tsp, Yangon",16.8571296,96.0602623,,,,,False,"rosman co., ltd"
MM2025087HMCRRK,"Myanmar Padauk Trading Co., Ltd","12/ Da Dwe, Inya Yeik Thar St, Ward(10), Mayangone, Yangon",16.8382625,96.1544619,,,,Black Gram|Pigeon Pea|Butter Bean|Bamboo Bean,False,"myanmar padauk trading co., ltd"
MM2025087HN1RTB,"Octagon Int'l Co., Ltd","1/34-A, Khattar Street, Bayintnaung Warehouse, Mayangone, Yangon",16.8006512,96.12818,,,,Fish,False,"octagon int'l co., ltd"
MM2025087HNHEWK,Agribiz Int'l Private Ltd,"33/A, Yae Ku Butar Yone Street, Ward (8), Mayangone, Yangon",16.8063722,96.1256944,,,,Black Gram|Rice,False,agribiz int'l private ltd
MM2025087HPVPNZ,"Toe Tet International Co., Ltd.","No.1355, Bo Gyoke Aung San Road, (5) Ward, Hlaing Thar Yar Township, Yangon, Hlaing Thar Yar, Yangon",16.8676243,96.0778589,,,,Aquatic Product,False,"toe tet international co., ltd."
MM2025087HRSFHM,Sujin Company Limited,"Plot No.21, Myay Taing Block No. Yangon Industrial Zone, Mingalardon, Yangon",16.9969497,96.1420947,,,,,False,sujin company limited
MM2025087HSTHPX,"Beaume (Hong Kong) International Co., Ltd","No.25, Phan Chet Wun U Shwe Oh St, Hlaing Thar Yar Industrial Zone (2), Hlaing Thar Yar Tsp, Yangon",16.8547146,96.0712625,,,,,False,"beaume (hong kong) international co., ltd"
MM2025087HSXVC0,"Kaung Kyo Chan Than Co., Ltd","812/5, Lower Mingalardon 3rd Street, Aung San Quarter, Insein, Yangon",16.9323199,96.1017265,,,,Art|Moringa Product|Authentic.handmade Pottery,False,"kaung kyo chan than co., ltd"
MM2025087HT0VWM,"Co Co Leaf Co., Ltd","Ma-336, North Ward, Muse, Muse",23.9932884,97.9102647,,,,Cumin Seed,False,"co co leaf co., ltd"
MM2025087HV2P2R,"U Sein Co., Ltd","36, 24th Street, Latha, Yangon",16.7744796,96.1526407,,,,Pulses and Beans,False,"u sein co., ltd"
MM2025087HVESKR,"Cheen Cheen Co., Ltd","No.200, Phan Chet Wun U Shwe Oh Street, Shwe Linn Bann Industrial Zone, Shwe Linn Bann Ward, Hlaing Thar Yar Township/No.31, 5th Street(Ground Floor), Lanmadaw Township, Yangon., Lanmadaw, Yangon",16.8545449,96.0712046,,,,Roasted Cahew Nut,False,"cheen cheen co., ltd"
MM2025087HVTB9C,Myanmar Thai Rubber Joint Corporation Ltd,"96/C, Lan Thit Road, Nant Thar Gone Ward, Insein, Yangon",16.8916824,96.1052387,,,,Rubber Liquid,False,myanmar thai rubber joint corporation ltd
MM2025087HVWTJ6,Myanmar Wan Li Garment Limited,"Plot No (46), Myaungtagar Steel Industrial Zone, Hmawbi Tsp",17.1813044,95.9753267,,,,,False,myanmar wan li garment limited
MM2025087HVXSK7,MAK (Myanmar) Plywood Industry Private Ltd,"15, Thu Khi Tar Street, Industrial Zone (2), Dagon Seikkan, Yangon",16.853725,96.2748808,,,,Veneers|Plywood,False,mak (myanmar) plywood industry private ltd
MM2025087HX0C9N,Chan Brothers,"34/36, G Flr, Kwet Thit St., Near YMBA, Pazundaung, Yangon, Myanmar, Pazundaung, Yangon",16.7820434,96.1731465,,,,Machinery,False,chan brothers
MM2025087HXKTV8,"Myanmar Makro Industry Co., Ltd","No.82, Myamarlar Street, Industrial Zone, Tharketa Township, Yangon., Tharketa, Yangon",16.8080032,96.1979734,,,,Cannde Food,False,"myanmar makro industry co., ltd"
MM2025087HYJANJ,Fitex (Myanmar) Garment Manufacturing Co.Ltd,"Plot No.107+108, Myay Taing Block No.25, Shwe Lin Ban Industrial Zone, Hlaing Thar Yar Tsp, Yangon",16.914015,96.0652719,,,,,False,fitex (myanmar) garment manufacturing co.ltd
MM2025087HYW4AB,"Haine Co., ltd","245 Tharaphi(3th)street, 34wards, North Dagon township, Yangon, North Dagon, Yangon",16.8778611,96.1753684,,,,fruit juice|Instant porridge,False,"haine co., ltd"
MM2025087HZCJ66,"Myanmar Wacoal Co., Ltd","31/2, Thilawa Special Economic Zone (A), Thanlyin, Yangon",16.6699485,96.2748947,,,,Underwear,False,"myanmar wacoal co., ltd"
MM2025087J0N7GG,"Bao Heng Myanmar Furniture Co., Ltd","Olympic Hotel, National Swimming Pool Compound, U Wisara Road, Dangon T/s, Yangon., Dangon, Yangon",16.7836577,96.1513586,,,,Rubber,False,"bao heng myanmar furniture co., ltd"
MM2025087J13CG4,Myanstar Garment Company Limited,"No (1), Theik Gyi-Phaung Gyi Road, Nyaung Inn Junction, Ward (9), Oakha Myothit, Bago Industrial Zone, Bago Division.",17.2877977,96.4343621,,,,,False,myanstar garment company limited
MM2025087J16M65,LEO,"13, Rm 9/10, Pearl 7th St., Corner of Padamyar St., Sawbwargyi Gone Compound, Insein, Yangon, Myanmar, Insein, Yangon",16.8942261,96.1209107,,,,Machinery,False,leo
MM2025087J1B0ZF,"Top Food Manufacturing Co., Ltd","27, De Pe Yin Won Htauk U Mye Street, Industrial Zone (4), Hlaing Thar Yar Tsp, Yangon., Hlaing Thar Yar, Yangon",16.8594225,96.1291513,,,,Want Want Food,False,"top food manufacturing co., ltd"
MM2025087J3682Q,"Lucky Silver Star Trading Co., Ltd.","No.196/B, Sabai Chan 4th Street, (11) Quarter, Hlaing T/S, Yangon Region., Hlaing, Yangong",16.8607542,96.1130515,,,,Crab,False,"lucky silver star trading co., ltd."
MM2025087J51NWV,Dream Seed Company Limited.,"No (42/251), Inngyin Myaing Street, Shwe Pyi Tar Industrial Zone (1), Shwe Pyi Thar Township, Yangon.",16.9579037,96.0884207,,,,Bag|Boots (Gift),False,dream seed company limited.
MM2025087J561M4,"Ye Mhan Thitsar Co., Ltd","29th Street, Between 88th Street & 89th Street, Down Yoe Ward, Chanayethazan, Mandalay",21.9702429,96.0669061,,,,Rice,False,"ye mhan thitsar co., ltd"
MM2025087J57X3G,"Zwe Khant Aung Trading Co., Ltd.","No.12, Mandalay Street, Myaynigone (North), Sanchaung Township, Yangon., Sanchaung, Yangon",16.80471,96.1354683,,,,Sorghums,False,"zwe khant aung trading co., ltd."
MM2025087J5KR8W,"Myanmar Diamond Hill Co., Ltd","159, Shwe Yin Aye Kyaung St, IZ (5), Hlaingtharya, Yangon",16.8227267,96.1222735,,,,Green Gram,False,"myanmar diamond hill co., ltd"
MM2025087J9MX20,"Ubetter (Myanmar) Fashion Co., Ltd","No.5, Plot No.P2, Myay Taing Block No20, Anawrahta Industrial Zone, Hlaing Tharyar Tsp, Yangon",16.8819286,96.0573302,,,,,False,"ubetter (myanmar) fashion co., ltd"
MM2025087J9QFM7,"Aye Yar Phoenix Trading Co., Ltd","47, Rm 3/B, 2nd Fl, Thate Pan Street, Sin Min Ward, Ahlone, Yangon",16.7828822,96.1288426,,,,Flitches|Sawed Wood|Veneer wood,False,"aye yar phoenix trading co., ltd"
MM2025087J9T42D,"Shwe Sin Nan Taw Trading Co., Ltd","Block No.70, 14th Street, Between 86th Street & 87th Street, Aungmyaythazan, Mandalay",22.0040716,96.0825236,,,,Sugar|Rubber,False,"shwe sin nan taw trading co., ltd"
MM2025087JA5KV1,YUHUA Company Limited,"No (42), Bamaw Ahtwin Wun Street, Hlaing Tharyar Industrial Zone (3), Hlaing Tharyar Township, Yangon.",16.8819286,96.0573302,,,,,False,yuhua company limited
MM2025087JAJ347,"Taung Pyar Dan Co., Ltd","N0.105/106, Cherry Street, Zone(1), Shwe Pyi Thar Township, Yangon., Shwe Pyi Thar, Yangon",17.0065317,96.0705583,,,,Curry Powder,False,"taung pyar dan co., ltd"
MM2025087JB3B0X,"Chan Myae Kant Kaw Trading Co., Ltd","265, 2nd Floor, 39th Street, Upper Block, Kamaryut, Yangon",16.774209,96.1634589,,,,Honey|Morinda|Traditional medicine,False,"chan myae kant kaw trading co., ltd"
MM2025087JC2D21,"Ziwaka Trading Co., Ltd","No.262/286, Rm-2, G/F, Konezeydan Street, Pabedan Township, Yangon, Myanmar., Pabedan, Yangon",16.7776497,96.1566754,,,,Medicine,False,"ziwaka trading co., ltd"
MM2025087JCEKK4,Success Creator Company Limited.,"No (Sa/ 316, 317), Phayar Zawdi Street, Ward (6), 8 Miles, Near Pouk Saydi Pagoda, Mayangone Township, Yangon.",16.8648884,96.1406483,,,,Pantss|Uniform|Jackets,False,success creator company limited.
MM2025087JCHK8W,"Dana Arr Man Co., Ltd","485, Khwar Nyo Street, Aung Thu Kha Ward, Kawthaung, Kawthaung",10.0084284,98.5626835,,,,Crab|Fish|Shells|Prawn,False,"dana arr man co., ltd"
MM2025087JCVMFE,"Centre of New Myanmar Trading Export & Import Co., Ltd","51/D, Kabar Aye Pagoda Road, Ward (10), Mayangone, Yangon",16.8468073,96.1569587,,,,Fish|Yam,False,"centre of new myanmar trading export & import co., ltd"
MM2025087JFY2RB,"Na Rain Dara Co., Ltd","No.(704), Building (A) Aung Chan Tha Condo, Aung Chan Tha Road, Yankin Township, Yangon., Yankin, Yangon",16.7942535,96.1915978,,,,Dried Bamboo,False,"na rain dara co., ltd"
MM2025087JFYK37,"Kai Cheng Garment Co., Ltd","349, Myay Taing Blk, Kin Wun Min Gyi, Shwelinban Industrial Zone, Hlaingtharya, Yangon",16.9022615,96.0652719,,,,Jackets|Blouse,False,"kai cheng garment co., ltd"
MM2025087JG4VQA,"Hnin Kay Zin Co., Ltd","15, Chin Su Street, Block 32, Nawaday Garden Housing, Hlaingtharya, Yangon",16.8616315,96.06886430000002,,,,Green Gram|Groudnut|Black Eye Bean,False,"hnin kay zin co., ltd"
MM2025087JJ8C4E,"Kaixi (Myanmar) Lingerie Industrial Co., Ltd","58, Ngwe Pin Lae Industrial Zone, 2nd Street, Hlaingtharya, Yangon",16.8819286,96.0573302,,,,Lingerie,False,"kaixi (myanmar) lingerie industrial co., ltd"
MM2025087JJ8E4G,"Manufacturing G & T Enterprise Co., Ltd","26, 4th Street, Yangon Industrial Zone, Mingalardon, Yangon",16.77582,96.1389365,,,,Coat|Jackets,False,"manufacturing g & t enterprise co., ltd"
MM2025087JJW8ME,"Myanmar Traditional Mfg Co., Ltd","104, 50 Street, Middle Block, Pazundaung, Yangon",16.7748773,96.171194,,,,Pathein Umbrella,False,"myanmar traditional mfg co., ltd"
MM2025087JKE69M,Oumi Fashion Myanmar Company Limited,"No (68), Corner of Depeyin Win Htauk U Mye Street and Pyin Si Min Thargyi Street, Hlaing Tharyar Industrial Zone (4), Hlaing Tharyar Township, Yangon.",16.8880467,96.048359,,,,,False,oumi fashion myanmar company limited
MM2025087JPBED0,"Kai Yue Wedding Dress (Myanmar) Co., Ltd","No.F5, Plot No.20, Anawrahta Industrial Zone, Hlaing Thar Yar Tsp, Yangon",16.7763514,96.1746004,,,,,False,"kai yue wedding dress (myanmar) co., ltd"
MM2025087JS1S5W,"So Zo Food Production Co., Ltd","No.119, Bokalay Zay Street, Botataung Township, Yangon, Myanmar., Botataung, Yangon",16.7728419,96.1655346,,,,Frozen Bakery Food,False,"so zo food production co., ltd"
MM2025087JSSCQS,Gold Delta Company Limited,"No(1), Kanaung Minthar Gyi St., Shwe Lin Pan Industrial Zone, Hlaing Thar Yar Tsp., Yangon, Myanmar., Hlaing Thar Yar, Yangon",16.895999,96.0673714,,,,Rice|Rice,False,gold delta company limited
MM2025087JWK0WF,"X.Y Trading Co., Ltd.","No.(H-24), Padauk St., Bayint Naung Pwe Yone Dan, Mayangone T/S, Yangon., Mayangone, Yangon",16.8624173,96.1052765,,,,Rice,False,"x.y trading co., ltd."
MM2025087JX5WRT,Myanmar Sakichi,"141, Wai Za Yan Dar Street, North Okkalapa Industrial Zone, North Okkalapa, Yangon",16.8942528,96.1576122,,,,Lady Inner,False,myanmar sakichi
MM2025087JXERBJ,Lita Myanmar Company Limited,"Plot No. 51/52, Set Sayar U Tun Street, Industrial Zone (4), Shwe Pyi Thar Township, Yangon.",16.9220133,96.0840662,1229|1229,,,,False,lita myanmar company limited
MM2025087JZ5GC4,"Golden Trogon Industry Co., Ltd (Shwe Zarmani Garment)","42/49, Corner of Satmu 6th Street & Ka Naung Min Thar Gyi Street, Shwepyithar Industrial Zone (1), Shwepyitha, Yangon",16.9015352,96.0728256,,,,Hats & Caps|Shirt (Men & Women)|Apron|Pants (Men & Women),False,"golden trogon industry co., ltd (shwe zarmani garment)"
MM2025087JZC7C2,Maxomi Holdings Ltd,"No-745, Yamanay 6th st. Sittaung Bus Stop, 34 Ward, North Dagon, Yangon",16.8729722,96.1965889,,,,Yam Powder,False,maxomi holdings ltd
MM2025087K09XN0,"Tha Ha Soe San Production Co., Ltd.","No (68) A Kanaung Min Thar Gyi Street, Shwe Pyi Thar Township, Yangon Region, Myanmar., Shwe Pyi Thar Township, Yangon",16.9188097,96.083001,,,,Rice,False,"tha ha soe san production co., ltd."
MM2025087K0ET0D,Shan State (Northern) Rice And Paddy Development Public Company Limited,"New Starlight, Muse Central Business District, Zone(4).No-114, Taw Ywat Qr, Muse Township, Shan State, Myanmar., Muse Township, Yangon",16.840939,96.173526,,,,Rice,False,shan state (northern) rice and paddy development public company limited
MM2025087K3833P,"Lucky Fortune Co., Ltd","Plot No.36, Myay Taing Block, No.24 Ngwe Pin Lae Ind'l, Hlaing Tharyar Tsp, Yangon.",16.8819286,96.0573302,,,,,False,"lucky fortune co., ltd"
MM2025087K394AZ,"Shwe Zalat Industrial Co., Ltd","454, Ba Nyar Dala Street, Infront of Shin Par Ku Hosptal, Byine Yay Oh Sin Kwet Thit Ward, Tamwe, Yangon",16.806542,96.1721944,,,,Laminated wood,False,"shwe zalat industrial co., ltd"
MM2025087K3K623,Enjoy Fashion Co.Ltd,"Plot No.101, Myay Taing Block No.14, Shwe Than Lwin, Hlaing Tharyar Tsp. Yangon.",16.8819286,96.0573302,,,,,False,enjoy fashion co.ltd
MM2025087K4QNE3,"Triple Fish Co., Ltd","211, Ingyin Myaing lane (2), Su Paung Ward, Thingangyun, Yangon",16.8182874,96.1900268,,,,Black Gram|Green Gram,False,"triple fish co., ltd"
MM2025087K5FB15,"Hein Htet San Trading Co., ltd","92, 3rd Floor, 94th Street, Kan Daw Kalay East Ward, Mingalar Taungnyunt, Yangon",23.1941702,94.0235718,,,,Black Gram|Gram Whole,False,"hein htet san trading co., ltd"
MM2025087K6RXHH,"Myanmar Nice Garment Co., Ltd","Plot No.271, Myay Taing Block No.25, Shwe Lin Ban Industrial Zone, Hlaing Tharyar Tsp, Yangon",16.914015,96.0652719,,,,,False,"myanmar nice garment co., ltd"
MM2025087K6VAEY,"Barket Myanmar Trading Co., Ltd","240, Bo Soon Pat Street, Upper Block, Pabedan, Yangon",16.7761962,96.1572947,,,,Rubber|Corn Seed|Rubber ProductsFood,False,"barket myanmar trading co., ltd"
MM2025087K73GBA,"Thein Min Industry Group Co., Ltd","299/301, Pansoedan St., Kyauktada, Yangon",16.7761126,96.1615338,,,,Tyre,False,"thein min industry group co., ltd"
MM2025087K7X9N7,"Thuriya Co., Ltd","162/A, De Pe' Yinn Wun Htauk, U Mye' Street, Industrial Zone (4), Hlaingtharya, Yangon",16.8819286,96.0573302,,,,Black Gram|Black Eye Bean,False,"thuriya co., ltd"
MM2025087KAGFGY,"Great Monmentum Int'l Trading Co., Ltd","Building 29, Room 12, 1st Floor, Yan Shi Street, Golden Housing (2), Yankin, Yangon",16.8817085,96.0953926,,,,Corn|Rice,False,"great monmentum int'l trading co., ltd"
MM2025087KB3H48,"Shwe Lathar Co., Ltd","814, Maha Bandula Road, Lanmadaw, Yangon",16.7748715,96.144173,,,,Black Gram|Pigeon Pea,False,"shwe lathar co., ltd"
MM2025087KC16ZQ,"Htoo Family International Trading Co., Ltd","520/D-1, Gabaraye Pagoda Road, Near Shwe Taung Gone Yeik Thar, Bahan, Yangon",16.8298532,96.1552318,,,,Fish|Prawn,False,"htoo family international trading co., ltd"
MM2025087KCGDGY,Maco Ltd,"106, 49th Street, Middle Block, Pazundaung, Yangon",16.7753499,96.1706314,,,,Bamboo|Rattan,False,maco ltd
MM2025087KE4M0B,Sunkid Myanmar Company Limited,"No.(116 A+B), Myay Taing Ward No.42, Shwe Pyi Thar Industrial Zone (1), Shwe Pyi Thar Tsp",16.9753379,96.0785104,,,,,False,sunkid myanmar company limited
MM2025087KH3S3N,"Yangon Nadia-Pacific Clothing Co., Ltd","Plot No. 64/65, Myay Taing Block No, Industrial Zone (4), Hlaing Tharyar Tsp, Yangon",16.8819286,96.0573302,,,,,False,"yangon nadia-pacific clothing co., ltd"
MM2025087KHJJ93,Hone Shin II Cold Store,"No.524, Moe Koke Street, No-23 Quarter Industrial Zone 1, South Dagon Township, Yangon., South Dagon, Yangon",16.8393657,96.2249931,,,,Aquatic Product,False,hone shin ii cold store
MM2025087KKRV2D,Export Trading Commodities Pte Ltd,"387/395, Room B/C, 10th Floor, Bo Aung Kyaw Street, City Shine Tower, Kyauktada, Yangon",16.7742121,96.164351,,,,Black Gram|Green Gram,False,export trading commodities pte ltd
MM2025087KKRVCQ,"Asia Shwe Wah Trading Co., Ltd","Nya-73, Yu Za Na St, Bayintnaung commodity centre, Mayangone, Yangon",16.8616276,96.1473964,,,,Rice,False,"asia shwe wah trading co., ltd"
MM2025087KMXPAP,Myanmar Tah Hsin Industrial Company Limited,"Plot No (D1-D2), Mingaladon Industrial Park, Mingaladon Township, Yangon.",16.9421429,96.1566754,1699|1000|1283|1000|1091|1000-16000,,"Final Product Assembly|Printing, Product Dyeing and Laundering|Final Product Assembly|Final Product Assembly|Final Product Assembly|Final Product Assembly|Textile or Material Production|Printing, Product Dyeing and Laundering",Sportswear|Sports & activewear|Garments|fashion apparel|clothing|Sports & activewear|Garments| fashion apparel| clothing,False,myanmar tah hsin industrial company limited
MM2025087KMZS8S,"Shwe Latt Ein Trading Co., Ltd","1109, 11 Floor, 50 Street, Maharnawarat Condo, Botahtaung, Yangon",16.7635259,96.1871735,,,,Rice|Broken Rice|Beans,False,"shwe latt ein trading co., ltd"
MM2025087KN9WCB,Myanmar Agri-Business Public Corporation,"100, Strand Roiad, Corner of Wardan Street, Mawtin Ward, Seikkan, Yangon",16.7692369,96.1621494,,,,Rice|Rice,False,myanmar agri-business public corporation
MM2025087KPG6H2,Direct Target Trading,"Chit Kyi Yay Street, West Bayintnaung Market, Ward (4), Myawaddy, Myawaddy",16.6842708,98.5007116,,,,Black Gram|Onion|Ground Nut,False,direct target trading
MM2025087KPWT6Q,Cherry Thin Manufacturing Company Limited.,"No (163), Myin Wun U Aung Thu Street, Hlaing Tharyar Industrial Zone (2), Hlaing Tharyar Township, Yangon.",16.8488631,96.0774712,,,,,False,cherry thin manufacturing company limited.
MM2025087KQ0X5Y,"Full Rong Garment Co., Ltd","Plot No.195, Myay Taing Block No.25, Shwe Lin Ban Industrial Zone, Hlaing Thar Yar Tsp",16.914015,96.0652719,,,,,False,"full rong garment co., ltd"
MM2025087KQP6WM,"Shwe Manaw Myay Trading Co., Ltd","G/45, 1st Floor, Padauk Street, Bayint Naung Warehouses, Mayangone, Yangon",16.8500546,96.1094534,,,,Rice|Rice|Broken Rice|Rice,False,"shwe manaw myay trading co., ltd"
MM2025087KQSX5Q,"Myanmar Golden Phorenix industrial Co., Ltd","No.82m Mya Malar St, IZ, Thaketa, Yangon",16.8449394,96.0934286,,,,Fish,False,"myanmar golden phorenix industrial co., ltd"
MM2025087KR86HW,"Atsumi Myanmar Co., Ltd","B-5, Thilawa SEZ A, Thanlyin, Yangon",16.6713428,96.2788925,,,,Underwear,False,"atsumi myanmar co., ltd"
MM2025087KR90GP,"Jade Blue Co., Ltd","No. (62), Sepcial Zone (2), Okkthar (9) quarter, Bago Tsp",17.3220711,96.4663286,,,,,False,"jade blue co., ltd"
MM2025087KRZK4K,Shwe Pyi Hein (Pwal Yone),"Nya/78, Thitsar Street, Oo-Gyi-Kham Quarter, Taunggyi, Soythern Shan State., Taunggyi, Shan",20.7855735,97.0339639,,,,Sorghums,False,shwe pyi hein (pwal yone)
MM2025087KTYTSG,"Southen Myanmar Timber Co., Ltd","57, 12 Street, Lanmadaw Township, Yangon., Lanmadaw, Yangon",16.7767354,96.1442881,,,,Liquer,False,"southen myanmar timber co., ltd"
MM2025087KVFXT6,Honeys Garment Industry Limited,"132, Yangon Industrial Zone (1), Mingalardon Garden City, Mingalardon, Yangon",16.929374,96.11693540000002,,,,Skirt|Woven Pant|Jackets|Shirt,False,honeys garment industry limited
MM2025087KVR844,"Myanmar Mayson Industries Co., Ltd.","No.1, Bo Aung Kyaw Street, Industrial Zone (4), Hlaing Thar Yar Tsp, Yangon., Hlaing Thar Yar, Yangon",16.8748111,96.0514342,,,,Good Morning,False,"myanmar mayson industries co., ltd."
MM2025087KWFTER,"Eaindra Network Co., Ltd/Eaindra Int'l Co., Ltd","36/A, 120th Street, Yae Twin Gone Ward, Mingalar Taungnyunt, Yangon",16.7908541,96.1735151,,,,Salad Toppings|Tea Leaves|Fruits Jam Products,False,"eaindra network co., ltd/eaindra int'l co., ltd"
MM2025087KZ1T54,EO Yangon Co.Ltd,"Yangon-Pyay Road, Pyinmabin Industrial Zone, Mingaladon Township, Yangon.",16.9995776,96.1301227,,,,,False,eo yangon co.ltd
MM2025087KZ7YR1,"Myanmar Liwayway Food Industries, Ltd","474, Corner of Yauk Kaw Street & Yangon Street, Ward No.23, Industrial Zone (1), South Dagon Township, Yangon, South Dagon, Yangon",16.8331901,96.2190635,,,,Oishi Snacks,False,"myanmar liwayway food industries, ltd"
MM2025087KZ9ERK,"Sein Myin Pyan Industrial Co., Ltd","57, Min Theiddi Kyaw Swar Street, Industrial Zone (3), Hlaingtharya, Yangon",16.8815705,96.0466821,,,,Green Gram,False,"sein myin pyan industrial co., ltd"
MM2025087M473PA,"Khit Sun Sein Co., Ltd","AA-31, 105 miles, Mine Yu Village, Muse, Muse",23.9808991,97.9783593,,,,Rice|Yellow Maize|Pulses|Beans,False,"khit sun sein co., ltd"
MM2025087M4YJSK,"Shwe Tun Co., Ltd.","No.242, 33rd St., Bet:82 St., x 83 St., Chan Aye Thar Zan T/S, Mandalay., Chan Aye Thar Zan, Yangon",21.9764442,96.0944003,,,,Rice,False,"shwe tun co., ltd."
MM2025087M57EFF,"Thein Thiha Industrial Co., Ltd","134, Baho Road, Upper, Corner of U Yay Khae St. Ward (2), Mayangone, Yangon",16.8259991,96.1251122,,,,Pants|Knitting Wear|Jackets,False,"thein thiha industrial co., ltd"
MM2025087M5R2FM,"Sino Protection (Yangon) Non-Woven Products Co., Ltd","Plot 18, U Shwe Bin Street, Myay Taing Block (25(, Shwe Lin Ban Industrial Zone, Hlaing Tharyar Tsp, Yangon.",16.914015,96.0652719,,,,,False,"sino protection (yangon) non-woven products co., ltd"
MM2025087M74RHT,"Sandhi Borther Trading Co., Ltd","No.238/240, Konzaydan Street, Pabedan Township, Yangon, Myanmar., Pabedan, Yangon",16.7759192,96.1547477,,,,Medicine,False,"sandhi borther trading co., ltd"
MM2025087M7E0D8,"Golden Lace Posco International Co., Ltd.","No.322/323, Kanaung Min Thar Gyi Road, Shwe Lin Ban Industrial Zone, Hlaing Thar Yar Tsp, Yangon, Myanmar., Hlaing Thar Yar, Yangon",16.914015,96.0652719,,,,Rice,False,"golden lace posco international co., ltd."
MM2025087M8QEAX,"Early Bird Trading Co., Ltd","10/E, Taw Win Rose (1) Road, North Dagon, Yangon",16.8991459,96.2003945,,,,Cooking Powder,False,"early bird trading co., ltd"
MM2025087M8QZRW,"Phado U Kyaw Co., Ltd","2886/2887, South Dagon Myopat Industrial Zone (2) Street, 63 Ward, South Dagon, Yangon",16.8394848,96.2252136,,,,Raw Timber,False,"phado u kyaw co., ltd"
MM2025087M90Y0D,Medical World Company Ltd,"No.(107/5), Ngwe Sabae, Aung San Ward, Insein Township, Yangon.",16.9041792,96.0996978,,,,,False,medical world company ltd
MM2025087M9CQH3,"Ake Si Tan General Trading Co., Ltd","Nya618, Ar Thaw Ka Street, Bayintnaung, Mayangone, Yangon",16.8075119,96.1797274,,,,Black Gram|Green Gram|Pigeon Pea,False,"ake si tan general trading co., ltd"
MM2025087M9ZXMZ,Grand Enterprise Garment Company Limited.,"Plot No (61+62), Myay Taing Quarter No (133), KaStreet, East Dagon Industrial Zone, Dagon Myothit (East) Township, Yangon.",16.9333352,96.3013432,,,,,False,grand enterprise garment company limited.
MM2025087MBE9PY,"Shwe Wood Industries Co., Ltd","163, Min Gyi Maha Min Khaung Street, Industrial Zone, Dagon Seikkan, Yangon",16.8688761,96.2573497,,,,Sawed Wood,False,"shwe wood industries co., ltd"
MM2025087MBVNCD,"Charming Garment Manufacturing Co., Ltd","38, Seikkan Thar Street, Hlaingtharyar Industrial Zone (2), Hlaingtharya, Yangon",16.7720932,96.163063,,,,Short Pants|Jackets|Sport Wear|Long Pants,False,"charming garment manufacturing co., ltd"
MM2025087MCT5WD,"Shwe Academy Co., Ltd","6, 1st Floor, 138th Street, Ma U Gone Ward, Tamwe, Yangon",16.7938954,96.1745033,,,,Cattle|Fish,False,"shwe academy co., ltd"
MM2025087MCVXAM,United K.M.K Cold Storage,"No.5-A, Sat San Lane, (8) Quarter Mingalar Taung Nyunt Township Yangon",16.8393754,96.172058,,,,Shrimp Meat,False,united k.m.k cold storage
MM2025087METNSW,"MSL Industries Co., Ltd","22, Bayintnaung Road, Fishers Dept. Compound, Gyoh Gone (West) Ward, Insein, Yangon",16.8849456,96.0978613,,,,Fish|Prawn,False,"msl industries co., ltd"
MM2025087MGXJV0,Diamond Arrow General Trading,"797, Room B/001, Bogyoke Aung San Road, MAC Tower II, Lanmadaw, Yangon",16.8836309,96.0747873,,,,Black Gram|Sesame,False,diamond arrow general trading
MM2025087MH0DVZ,"Yangong Oscar Fashion Co., Ltd","Plot No.173A, Myay Taing Block No.113, Phan Chat Wun U Shwe Oh Street, East Dagon Industrial Zone, East Dagon Tsp, Yangon",16.9333352,96.3013432,,,,,False,"yangong oscar fashion co., ltd"
MM2025087MHMFYR,"Twin Brothers Co, Ltd","50/51, Yan Hlaing Swe 2nd Street, Industrial Zone, Thaketa, Yangon",16.8395554,96.1256901,,,,Fish|Prawn,False,"twin brothers co, ltd"
MM2025087MP7D1H,Jeong Ho International Company Limited,"Holding No.46, Kha/1, Kwin No (252A/S), Daedaye TawKyaik Village, Dedaye Tsp, Pyapon District, Ayarwaday.",16.4084134,95.8855146,,,,,False,jeong ho international company limited
MM2025087MQ4R1T,"New Yadanar Steel Co., Ltd.","120/B, Amara St., Industrial Zone, North Okkalapa, Yangon, Myanmar, North Okkalapa, Yangon",16.8957507,96.1588376,,,,Machinery,False,"new yadanar steel co., ltd."
MM2025087MRBEB2,"Glorious Family Co., Ltd","576/E, Damayone Street, 6 miles, Hlaing, Yangon",16.8406431,96.1295319,,,,Cane Furniture,False,"glorious family co., ltd"
MM2025087MYFS1D,Amava Apparel Limited,"Plot No (24-25), Delta Industrial Zone, Pathein Township, Ayeyarwaddy Region, Myanmar. (Factory 1)",16.7977121,94.7682965,,,,,False,amava apparel limited
MM2025087MZ4S46,Golden Trogon Industry Company Limited (Shwe Zarmany Garment),"No(42/99), Corner of Satmu (6) Street & Ka Naung Minn Thar Gyi Street, Shwe Pyi Thar Industrial (1), Shwe Pyi Thar",16.9753379,96.0785104,,,,,False,golden trogon industry company limited (shwe zarmany garment)
MM2025087N0H967,"Tell Int'l Co., Ltd","113, Ananda Thuriya Street, 10 miles, Saw Bwar Gyi Gone Ward, Insein, Yangon",16.8942261,96.1209107,,,,Fish,False,"tell int'l co., ltd"
MM2025087N0K7JK,Fuu Baii Houng Industrial Company Limited,"Plot No.4, Myay Taing Block No.113, Dagon East Industrial Zone, East Dagon Tsp, Yangon",16.8317653,96.2294737,,,,,False,fuu baii houng industrial company limited
MM2025087N0Y52C,Fuxin Fuyi Industry,"29, Than Chet Wun U Mue Street, East Dagon Industrial Zone, East Dagon, Yangon",16.8908169,96.2508702,,,,Duty Coat|Shirt,False,fuxin fuyi industry
MM2025087N16SV2,"Yangon City Red Sun Co., Ltd","186, Pade Wun U Shwe Bin Street, Industrial Zone, East Dagon, Yangon",16.9126237,96.0530378,,,,Artificial Wood,False,"yangon city red sun co., ltd"
MM2025087N1EVBW,Zawtika Thingan General Trading,"No (53), Bahan 3rd Street, Bahan Township, Yangon.",16.7980475,96.1555472,,,,,False,zawtika thingan general trading
MM2025087N20D3S,"Sway Tin Family Trading Co., Ltd","33, Nawaday Street, Yaw Min Gyi Ward, Dagon, Yangon",16.7833191,96.1552932,,,,Rice,False,"sway tin family trading co., ltd"
MM2025087N21J62,Eastern Power Int'l Ltd.,"No.212, D.o.F Compound, Bayintnaung Road, West Gyogone, Insein Township, Yangon, Myanmar., Insein, Yangon",16.873332,96.1119528,,,,Shrimp Meat,False,eastern power int'l ltd.
MM2025087N28DXV,"Xin Mei Manufacture Myanmar Co., Ltd","No (122), Corner of Min Ayeyar Street & Than Lwin Street, Shwe Than Lwin Industrial Zone, Hlaing Tharyar Township, Yangon.",16.866343,96.0347413,,,,,False,"xin mei manufacture myanmar co., ltd"
MM2025087N2TPTK,"Nay Phyo Trading Co., ltd","27, Room-4, 3rd Floor, 28th Street, Middle Block, Pabedan, Yangon",16.775683,96.1553942,,,,Ginger|Fennel Flower|Tumeric Finger,False,"nay phyo trading co., ltd"
MM2025087N4DKJX,"Sen Hui Yuan International Trading Co., Ltd","Holding No.570, Kyaik Kha Mee Road, Mawlamyine T/S, Mon State, Mawlamyine, Mon",16.0949258,97.7088755,,,,Rubber,False,"sen hui yuan international trading co., ltd"
MM2025087N4EJV6,"Great Wall Int'l Co., Ltd","F/79, Sein Pan Street, Bayintnaung Warehouse, Mayangone, Yangon",16.8638688,96.1049367,,,,Rubber Wood,False,"great wall int'l co., ltd"
MM2025087N52K34,Control Star Export & Import,"J/55, 2nd Floor, Yuzana Street, Bayintnaung Warehouse, Mayangone, Yangon",16.8642964,96.1067996,,,,Sugar,False,control star export & import
MM2025087N5X4M1,"Myo Zin Zar Co., Ltd","No.23/D, Saw Maha St., Bo Cho Ward (2), Bahan, Yangon",16.8266597,96.1626413,,,,Ginger|Tamarind|Artificial hair for women|Tumeric Finger,False,"myo zin zar co., ltd"
MM2025087N7RA2J,Myanmar S.M.C. Garment Limited,"Block No (574), Plot No (2/3 Ka + 3/1 Ka + 2/4 Ka), Kyun Taw North Block, Satthwardaw Village, Hmawbi Township, Yangon.",17.16311,95.8934338,,,,Pantss|Jackets,False,myanmar s.m.c. garment limited
MM2025087N8JZCC,Top Myanmar Company Limited. (Top Banner Company Limited),"No (173), Corner of Myawaddy Min Gyi Street & Seik Kan Thar Street, Hlaing Tharyar Industrial Zone (4), Hlaing Tharyar Township, Yangon.",16.8365715,96.0880741,,,,,False,top myanmar company limited. (top banner company limited)
MM2025087N9EJDX,Asian Just Company Limited.,"Plot(64), (Sethmu) Land No(150/151), Industrial zone3, Shwe Pyi Thar Tsp, Yangon.",16.969617,96.0732146,,,,Coat (Men)|Pants,False,asian just company limited.
MM2025087N9HV73,"Hein Myannmar Co., Ltd","167, Set Hmu 3rd Street, Myittar Nyunt Ward, Tamwe, Yangon",16.8163789,96.1824511,,,,Umbrella,False,"hein myannmar co., ltd"
MM2025087NARWX2,Integrated Business Success,"118, Makhayar Min Thar Gyi Maung Pyoe Street, Industrial Zone (2), Hlaingtharya, Yangon",16.8880467,96.048359,,,,Black Gram|Rice,False,integrated business success
MM2025087NB0KNT,"Thezin Nwe Family Trading Co., Ltd","72, 29th Street, Seiktaramah Ward, Chanayethazan, Mandalay",21.9779647,96.095527,,,,Fresh Mango|Mango Puree,False,"thezin nwe family trading co., ltd"
MM2025087NBFEYD,TV Apparel Company Limited.,"No 304(B), No (4) Main Road, Shwe Pyi Thar Industrial Zone (1), Shwe Pyi Thar Township, Yangon.",16.9337149,96.0872415,,,,,False,tv apparel company limited.
MM2025087NED26A,W & F Group Company Limited,"Plot No.252+253, Sethmu (1) Street, 23 Wards, Myay Taing Block No.49, Wartayar Industrial Zone, Shwe Pyi Thar Tsp, Yangon",16.9753379,96.0785104,,,,,False,w & f group company limited
MM2025087NEWYM3,"Thuriya Win Co., Ltd","42, Building F/S, Shwe Tharaphy Yeik Mon, Bayint Naung Road, Kamaryut, Yangon",16.8363612,96.1268744,,,,Rice|Blended Tea,False,"thuriya win co., ltd"
MM2025087NGEXDF,Star Dragon 1,"152, Anawrahtar Street, Industrial Zone - 5, Hlaingtharya, Yangon",16.8776567,96.2127459,,,,Wedding Dress,False,star dragon 1
MM2025087NGTN39,"New Golden Gate (1991) Co., Ltd.","No.6, 19th Street, Latha Township, Yangon., Latha, Yangon",16.7755583,96.1495793,,,,Green Bean|Sesame,False,"new golden gate (1991) co., ltd."
MM2025087NHSSDQ,"Bamar Commodity Trading Co., Ltd.","No.(14/B), Shwe Taung Kyar (2) Ward, Shwe Taung Kyar Street, Bahan T/S, Yangon., Bahan, Yangon",16.8084164,96.1505977,,,,Rice,False,"bamar commodity trading co., ltd."
MM2025087NHVSS5,Lightcraft,"Building 4, 1-1, GEM Condo, Thazin Street, Hlaing, Yangon",16.8427371,96.1274428,,,,Metal Embossed|Art|Rattan material|Sand painting Accessories|Wood art,False,lightcraft
MM2025087NHZ8RQ,Texchem Food (Myanmar) Limited,"565/A, Than Thu Mar Road, Ward (10), South Dagon, Yangon",16.851147,96.1873896,,,,Prawn|Fish,False,texchem food (myanmar) limited
MM2025087NMEH2W,"Wa Minn Co., Ltd","116, Thamaing Butar Yon Rd, Ward (2), Mayangone, Yangon",16.8266597,96.1626413,,,,Bowl|Style Pants|Kitchenware|Enamel Tiffin food carrier|Wedding Dress|Underwear,False,"wa minn co., ltd"
MM2025087NMFA3Q,"Tin Ye Win Manufacturing Co., Ltd","No.310, Room(502), Win Shwe War Housing, Lanmadaw Township, Yangon., Lanmadaw, Yangon",16.8142462,96.1714105,,,,Yesss Candy,False,"tin ye win manufacturing co., ltd"
MM2025087NMK6N9,Da Mei Garment Company Limited,"No.55, Gandawin St, Ind'l Zone(5), Hlaing Tharyar Tsp, Yangon",16.7806092,96.1557652,,,,,False,da mei garment company limited
MM2025087NN099E,"Myanmar combiz Trading Co., Ltd","No.5 kanbawza Yeik Thar St, Shwe Taung Gyar ward (1), Bahan, Yangon",16.8226031,96.1524349,,,,Rice|Rice,False,"myanmar combiz trading co., ltd"
MM2025087NN5YA9,"Yadanar Mandalay Co., Ltd","Sa/57, 7th Street, Kywal Se Kan Street, Chan Mya Thar Yar Ward, Pyigyitagon, Mandalay",21.9233316,96.0898818,,,,Rice,False,"yadanar mandalay co., ltd"
MM2025087NNBNYT,Hubo Jia Mei Garment,"859, Shwe Baho Palt Street, 1 Ward, Shwepyitha, Yangon",16.9934324,96.0698026,,,,Pants|Jackets,False,hubo jia mei garment
MM2025087NNS9XV,"Northern Dragon Trading Co., Ltd","112/113/114, Bamaw Atwin Wun Street, Industrial Zone (2), Shwepyitha, Yangon",16.920505,96.0597943,,,,Laminated wood,False,"northern dragon trading co., ltd"
MM2025087NP1277,"Step Gao Mei Co., Ltd","Plot No.24-Ka, Myay Taing Block No.21, Mya Sein Yaung Industrial Zone, Hlaing Thar Yar Tsp, Yangon",16.8792057,96.0018289,,,,,False,"step gao mei co., ltd"
MM2025087NPW6HG,Great International Fisheries Limited.,"No.46/47 Corna of Myawaddy Min Gyi Street, King Wun Min Gyi Street Industrial Zone-4, Hlaing Thar Yar Township, Yangon, Myanmar., Hlaing Tharyar, Yangon",16.8365715,96.0880741,,,,Shrimp Meat,False,great international fisheries limited.
MM2025087NQGRZ5,"Seinn (U) Co., Ltd","145, Makhayar Min Thar Gyi Street, Shwe Linban Industrial Zone, Hlaingtharya, Yangon",16.8880467,96.048359,,,,Green Gram,False,"seinn (u) co., ltd"
MM2025087NQX5AA,"Aquatic Ornamentals Co., Ltd","199, Pyu Saw Htee Street, Ward (10), East Dagon, Yangon",16.8847219,96.2097253,,,,Aquatic Ornamentals,False,"aquatic ornamentals co., ltd"
MM2025087NSDDJC,"Dynamic Growing Co., Ltd","23, 3rd Floor, Thukha Street, Kyauk Myaung Gyi Ward, Tamwe, Yangon",16.800605,96.1787448,,,,Teak,False,"dynamic growing co., ltd"
MM2025087NSZ7PW,"Pho La Min Trading Co., Ltd","No.26, Nwal Ni St, Saw Yan Paing (West) Ward, Ahlone, Yangon",16.6739313,96.1405236,,,,Rubber,False,"pho la min trading co., ltd"
MM2025087NT8TRV,"Glamoroso Apparel (Myanmar) Co., Ltd","Plot No.48Kha, 49, 50, 51, 60Ka, Special Zone 3, Oakthar Ward 9, Bago Region",17.3250247,96.4949649,,,,,False,"glamoroso apparel (myanmar) co., ltd"
MM2025087NTEA3W,"Yee Shin Co., Ltd","Building 25/26, Bahosi Housing, Lanmadaw, Yangon",16.7792342,96.1404381,,,,Laminated wood|Broken Rice|Pulses|Beans|Sesame|Rice,False,"yee shin co., ltd"
MM2025087NXR9TZ,"Myanmar Sinyoung Fashion Clothers Co., Ltd","No(12A), Myay Taing Block No.363, AhSuGyi Village Group, Htan Ta Bin Tsp, Yangon",16.9676227,95.940971,,,,,False,"myanmar sinyoung fashion clothers co., ltd"
MM2025087NXYJAY,"Sun Flower Co., Ltd","130/A, Kone Baung 1st Street, Industrial Zone (7), Hlaingtharya, Yangon",16.9341679,96.1865737,,,,Soft-shell Crab|Prawn,False,"sun flower co., ltd"
MM2025087NY172F,Heshan (Myanmar) Garments Company Limited.,"Plot No (16), U Pine No (P-3), (52), Quarter (13), Pathein Industrial Zone, Pathein District, Pathein Township, Ayeyarwaddy Division.",16.7995933,94.7668092,,,,,False,heshan (myanmar) garments company limited.
MM2025087NY6MA9,"International Brilliant Power Co., Ltd","55th & 56th Street, Pazundaung, Yangon",16.7749232,96.1743054,,,,Ginger|Broom|Tumeric,False,"international brilliant power co., ltd"
MM2025087NYAW1C,Shwe Taw Win International Trading,"57/59, 4th Street, Lanmadaw, Yangon",16.7767561,96.1388986,,,,Black Gram|Butter Bean|Green Gram,False,shwe taw win international trading
MM2025087NZCZ8S,"Myanmar Pyi Thar Co., Ltd","333, Ka Naung Min Thar Gyi Street, Shwe Pauk Kan Industrial Zone, Yangon., Shwe Pauk Kan, Yangon",16.900401,96.0731415,,,,Food Stuff,False,"myanmar pyi thar co., ltd"
MM2025087P0CBFE,"Global Asia Co., Ltd","78, Daw Thein Tin Street, Kan Daw Kalay (North) Ward, Mingalar Taungnyunt, Yangon",16.7892568,96.1632537,,,,Onion|Ginger|Pulses|Beans|Garlic|Tamarind,False,"global asia co., ltd"
MM2025087P23VPY,"Maruman (Kaung Myat Co., Ltd)","131/Pan Tin Won U Shwe Din St, East Dagon, Yangon",16.969727,96.1908321,,,,plywoods|Veneers,False,"maruman (kaung myat co., ltd)"
MM2025087P3GFER,"Willian (Myanmar) Industrial Co., Ltd","A-8, Mingalardon Industrial Park, Corner of No.3 Highway Rd & Khayaybin Rd, Mingalardon, Yangon",16.9421429,96.1566754,,,,Shoes,False,"willian (myanmar) industrial co., ltd"
MM2025087P3JM0H,World Fashion Company Limited.,"No (84), Than Chat Wun U Nyunt Street, Shwe Pyi Thar Industrial Zone (2), Shwe Pyi Thar Township, Yangon.",16.9337149,96.0872415,,,,,False,world fashion company limited.
MM2025087P50Q04,"Saiyo Engineering Co., Ltd","182/194/F, Ground Floor, Botahtaung Pagoda Street, Hnin Si Condo, Pazundaung, Yangon",16.7748648,96.1728838,,,,Iron Scrap,False,"saiyo engineering co., ltd"
MM2025087P5NETA,JMKS Company Limited.,"No.89, Kwin 1, Ayar Street, Ayemyatharyar Village, Okkpho, Tharyarwaddy Division, Bago.",17.3220711,96.4663286,,,,,False,jmks company limited.
MM2025087P7QA0G,"Asia Wood Co., Ltd","24, Myawaddy Min Gyi Road, Industrial Zone (4), Hlaingtharya, Yangon",16.8737591,96.0384587,,,,Parquet,False,"asia wood co., ltd"
MM2025087P7QCE0,"Shwe Sin Nan Taw Trading Co., Ltd","RM, 207, 2nd Floor, Lower Kyee Myin Daing Road, Shwe Gone Thu Housing, Kyeemyindine, Yangon",16.7987178,96.1245123,,,,Sugar|Rice,False,"shwe sin nan taw trading co., ltd"
MM2025087P8SSEG,"Rainbowtec (Myanmar) Manufacturer Co., Ltd","Plot No.2011, Myay Taing Block No. Zone 2, Hlaing Thar Yar Industrial Zone, Hlaing Thar Yar Tsp, Yangon",16.8594225,96.1291513,,,,,False,"rainbowtec (myanmar) manufacturer co., ltd"
MM2025087PA72B6,"Myanmar Luxury Group Co., Ltd","90/42, Set Hmu Paday Thar Street, Shwepyithar Industrial Zone (1), Shwepyitha, Yangon",16.9337149,96.0872415,,,,Jackets,False,"myanmar luxury group co., ltd"
MM2025087PBD7PX,"Y.J Co., Ltd","5, Kyansitthar Rd, Hlaingtharyar Industrial Zone (3), Hlaingtharya, Yangon",16.8594042,96.2835458,,,,Clothing|Kid Wear,False,"y.j co., ltd"
MM2025087PCGFWF,Angel General Trading & Business Co.op Ltd,"658/A, Thayay Khittayar Street, Ward (133), East Dagon, Yangon",16.9281437,96.230958,,,,Picture|Sculpture,False,angel general trading & business co.op ltd
MM2025087PDJ8R7,Nang Sein A Kar Re Family Company Limited,"No(H-6/7), Homon Quarter, Muse, Shan State, Myanmar., Muse, Yangon",23.9932884,97.9102647,,,,Rice,False,nang sein a kar re family company limited
MM2025087PDMY8F,"Khit Mya Service Co., Ltd","440, Waizayantar Road, 3 Ward, South Okkalapa, Yangon",16.8524361,96.1673771,,,,Rice|Rice|Corn,False,"khit mya service co., ltd"
MM2025087PF0MQ2,"Win Lat Wadi Co., Ltd","Room-103, Building 41, 3rd Floor, Thiri Street, Ward (2), Hlaing, Yangon",16.8266597,96.1626413,,,,Fruits,False,"win lat wadi co., ltd"
MM2025087PFW60S,"Zayangyi Co., Ltd","29x83 Corner, Zayangyi Company Limited, Mandalay, Myanmar., Mandalay, Mandalay",21.964359,96.130939,,,,Picked Tea Leaf,False,"zayangyi co., ltd"
MM2025087PGWDNP,Fu Xing Brother Group of Companies,"16/17, U Chit Maung Housing, Tamwe, Yangon",16.8156406,96.1686568,,,,Rubber,False,fu xing brother group of companies
MM2025087PHW975,Hanjen Manufacturing Company Limited.,"No (306), Ward (42), No. (4) Road, Kyaung Street, Shwe Pyi Thar Township, Yangon.",17.0310842,96.1358945,1800,,,,False,hanjen manufacturing company limited.
MM2025087PJE77P,"M.Buwon Electronic Co., Ltd","149, Knaung Min Thar Gyi Street, Industrial Zone, East Dagon, Yangon",16.9188097,96.083001,,,,Earphone|Small Speaker,False,"m.buwon electronic co., ltd"
MM2025087PJGHPH,"Sandian & Group of Co., Ltd","143, Thudhamar Road, Nga Ward, North Okkalapa, Yangon",16.9197469,96.1686077,,,,Jackets,False,"sandian & group of co., ltd"
MM2025087PKFDD4,Anita Asia Limited,"137B, Thudama Main Rd, North Okkalapa, Yangon",16.911598,96.166139,,,,Swim Suit|Underwear|Sport Wear,False,anita asia limited
MM2025087PM6RTM,Lighthouse Mfg.Ltd,"Building 57/58, Bahosi Housing, Lanmadaw, Yangon",16.7792342,96.1404381,,,,Rubber,False,lighthouse mfg.ltd
MM2025087PN5G1K,"Phone Pyae Mhan Co., Ltd","No.1 Yangon-Mandalay Road, Kyun Thar Yar Ward, Bago, Bago",19.4029639,96.2648355,,,,Rubber,False,"phone pyae mhan co., ltd"
MM2025087PP1V60,"Oumi Fashion Myanmar Co., Ltd","153, Twin Thin Tike Wun U Tun Nyo Street, Industrial Zone (1), Hlaingtharya, Yangon",16.8330415,96.2190137,,,,Coat|Jackets,False,"oumi fashion myanmar co., ltd"
MM2025087PP2R7Z,"Quality Apperal Co., Ltd","112/A, Amara Street, North Okkalapa Industrial Zone, Mingalardon, Yangon",16.9197469,96.1686077,,,,Shirt|Pants|Jackets,False,"quality apperal co., ltd"
MM2025087PQ7VKM,"Aye Nyein Thar Co., Ltd","Bldg R/4, Rm 302, 3rd Fl, Pan Hlaing Street, Pan Hlaing Ward, Sanchaung, Yangon",16.7979426,96.1280156,,,,Soft-shell Crab|Fish,False,"aye nyein thar co., ltd"
MM2025087PR2CXB,Fullway Myanmar Clothing Company Limited.,"No (83), Block No (14), Min Ayeyar Street, Shwe Than Lwin Industrial Zone, Hlaing Tharyar Township, Yangon.",16.8819286,96.0573302,,,,Rain Coat|Pants (Men & Women),False,fullway myanmar clothing company limited.
MM2025087PS6A8S,"United Marketing Co., Ltd","238/240, 1st Floor, Kone Zay Dan Street, Upper Middle Block, Pabedan, Yangon",16.7814112,96.1707856,,,,Dried Ginger|Tumeric Fingers|Pulses|Beans|Soap Nut|Rice,False,"united marketing co., ltd"
MM2025087PSF3E1,"Orient Pearls Co., Ltd","Room-4/A/B/F, 4th Floor, Bo Myat Tun Street, Bo Myat Tun Housing, Pazundaung, Yangon",16.7741971,96.1703179,,,,Pearls,False,"orient pearls co., ltd"
MM2025087PSYJ8S,Ayeyarwaddy Ground Oil,"41-42, 2 Street, Lanmadaw Tsp, Yangon., Lanmadaw, Yangon",16.7770095,96.1380403,,,,,False,ayeyarwaddy ground oil
MM2025087PTHSW8,"Ayar Thukha San Pulses, Beans Trading Co., Ltd","B/4, Naung Yoe Street, Bayintnaung Warehouse, Mayangone, Yangon",16.8648837,96.1019732,,,,Yellow Corn|Black Gram|Rice,False,"ayar thukha san pulses, beans trading co., ltd"
MM2025087PWNCY3,"Falcon Engineering Co., Ltd","95, Yangon Insein Road, New Khawal Chan Bus Stop Ward (3), Mayangone, Yangon",16.8676122,96.1201255,,,,Rubber,False,"falcon engineering co., ltd"
MM2025087PWPFAK,"Dawei Top Interior Co., Ltd","No.1, Arzarni Road, Shanmalalswal Quarter, Dawei T/s, Taninthary Region., Dawei, Yangon",14.0733476,98.2006176,,,,Rubber,False,"dawei top interior co., ltd"
MM2025087PWYW42,"CMF Myanmar Co., Ltd","250/D, Seikkan Thar Street, Industrial Zone (2), New Zone Market, Hlaingtharya, Yangon",16.7776209,96.163482,,,,Handall Bag,False,"cmf myanmar co., ltd"
MM2025087PXSSG7,"Kaung Aunt Garment mfg Co., Ltd","44/B, 3, Main Rd, Pyinmabin Industrial Zone, Mingalardon, Yangon",17.0003147,96.1445461,,,,Boxer|Pants|Jackets,False,"kaung aunt garment mfg co., ltd"
MM2025087PYJGJT,"Mega Marine Frozen Seafood Co., ltd","81, Thein Phyu Rd, Lower Block, Botahtaung, Yangon",16.7703664,96.1667553,,,,Black Gram|Green Gram|Fish|Gram Whole,False,"mega marine frozen seafood co., ltd"
MM2025087Q10TEJ,Myanmar Artisans,"No.14-16, lower 21 street, Latha Tsp, Yangon.",16.7746602,96.1509038,,,,,False,myanmar artisans
MM2025087Q1GDX4,"Known You Seed (Myanmar) Co., Ltd","1/B, Room - 103/104/A/B, Pyay Road, Yandanar Housing, Mayangone, Yangon",16.8761272,96.1372604,,,,Watermelon Seeds|Melon Seeds,False,"known you seed (myanmar) co., ltd"
MM2025087Q2JF1D,"Myanmar S.Flamingo Garment Co., Ltd","Plot No.165, MyayTaing Block 113, East Dagon Myo Thit Tsp. Yangon",16.8520683,96.2694608,,,,,False,"myanmar s.flamingo garment co., ltd"
MM2025087Q4T73H,"Fastpoint Co., Ltd.","No.(592), Bo Aung Kyaw Street, Yangon-Pathein Highway Road, Hlaing Thar Yar T/S, Yangon., Hlaing Thar Yar, Yangon",16.7788947,96.1644257,,,,Rice,False,"fastpoint co., ltd."
MM2025087Q50J00,"Sewell Garment (Myanmar) Industrial Co., Ltd","17/19, 2nd Street, Ngwe Pin Lae Industrial Zone, Hlaingtharya, Yangon",16.7765003,96.1493922,,,,Pajamas|Underwears|Jackets|Animal Suit,False,"sewell garment (myanmar) industrial co., ltd"
MM2025087Q57RW9,"Snowflake Trading Co., Ltd","P/7, Yamonnar Road, Yamonnar Housing, Dawbon, Yangon",16.7801793,96.1913427,,,,Black Gram|Pigeon Pea|Fishes,False,"snowflake trading co., ltd"
MM2025087Q87FAH,"Three Red Stars Co., Ltd (TRS)","52, Kyan Sit Thar Road, Industrial Zone, East Dagon, Yangon",16.8683943,96.2574972,,,,Rattan Furniture|Rattan Handicrafts,False,"three red stars co., ltd (trs)"
MM2025087Q88575,"Kaung Ko Group Co., Ldt","No.10, Mya Wutt Yee Lane(2), Parami Ave, Ward (9), Mayangone, Yangon",16.8545074,96.1428087,,,,Sesame Powder,False,"kaung ko group co., ldt"
MM2025087Q88WNA,United Eastern Commerce Ltd (UEC Ltd),"Building 212 (A), RM 403, 3rd Floor, Shwe Gone Daing Road, Shwe Gone Daing Tower, Bahan, Yangon",16.8069274,96.1569907,,,,Timber|Wood,False,united eastern commerce ltd (uec ltd)
MM2025087Q934B4,"Moe Moe Kyaw Co., Ltd","Building 299, 32nd Street, Between 84th Street & 85th Street, Chanayethazan, Mandalay",21.9586016,96.0763124,,,,Sugar,False,"moe moe kyaw co., ltd"
MM2025087Q98N3J,"Myanmar Pivot Construction & Trading Co., Ltd","504/506, Merchant Street, Corner of 39th Street, 4th Floor, Shwe Myanmar Condo, Kyauktada, Yangon",16.774209,96.1634589,,,,Black Gram|cigarette|Green Gram|Black Eye Bean,False,"myanmar pivot construction & trading co., ltd"
MM2025087Q9JC0G,"SYSMM Apparel Manufacturing Co., Ltd","No.40, Pabe Kaung Mg Khet Street, Industrial 4, Shwe Pyi Thar Tsp, Yangon.",16.969617,96.0732146,,,,,False,"sysmm apparel manufacturing co., ltd"
MM2025087Q9V3K3,Mode Boutique,"No(288/290), Room(101), 1st floor, MWEA Tower, Shwedagon Pagoda Road, Dagon Tsp.Yangon",16.7822324,96.1537756,,,,,False,mode boutique
MM2025087QA6BW0,"Silver Way Co., Ltd","170/176, Room 706, 7th Floor, Bo Aung Kyaw Street, MGW Centre, Botahtaung, Yangon",16.7724909,96.1646322,,,,Ginger|Black Gram|Fishes,False,"silver way co., ltd"
MM2025087QAHB6N,"Kyun Shwe Wah Co., Ltd","151, Room - 901/902/903/904, 9 Floor, Wardan Street, Myawaddy Luxury Complex, Lanmadaw, Yangon",16.7780609,96.140764,,,,Black Gram|Green Gram|Sesame,False,"kyun shwe wah co., ltd"
MM2025087QAJ139,"King Kaytumati Garment Co., Ltd","No.291, 292, 288, Mingyiswe Ward, Kaytumati Myothit, Taungoo, Yangon-Mandalay Highway Road, 154 miles. Bago",19.1399571,96.3508526,,,,,False,"king kaytumati garment co., ltd"
MM2025087QD80RP,Huafa (Myanmar) Garment Company Limited,"Myay Taing Block No 143/3, Kyansitthar Yeik Mon Industrial Zone, South DagonTsp, Yangon.",16.8594042,96.2835458,,,,,False,huafa (myanmar) garment company limited
MM2025087QE3071,"Kaung Hlyan Family Co., Ltd.","No.1213, Nay Myo Thura Street, Myittar Nyunt Ward, Tamwe T/S, Yangon., Tamwe, Yangon",16.8115241,96.1805329,,,,Green Bean,False,"kaung hlyan family co., ltd."
MM2025087QECHRC,"Mianyi Manufacturing Co., Ltd","66, Min Theikdi Kyaw Swar Street, Zone (3), Hlaingtharya, Yangon",16.8546709,96.0688165,,,,Jackets,False,"mianyi manufacturing co., ltd"
MM2025087QH589G,"Manaw Myay (Shwe War Yong Co., Ltd)","465/466, Yaw Atwin Wun U Phoe Hlaing Street, Shwelinban Industrial Zone, Hlaingtharya, Yangon",16.8502222,96.0849574,,,,Rice,False,"manaw myay (shwe war yong co., ltd)"
MM2025087QJ8MRF,"Grate Wall Willmar Holdings Co., Ltd","D/3, 62nd Street, Industrial Zone, Pyigyitagon, Mandalay",21.9483773,96.111241,,,,Sugar,False,"grate wall willmar holdings co., ltd"
MM2025087QJK5M7,First Rice & Paddy Trading Company Limited,"No.45, 1st Floor, 2nd St, Lanmadaw Tsp, Yangon., Lanmadaw, Yangon",16.7770151,96.1380406,,,,Rice,False,first rice & paddy trading company limited
MM2025087QKQ4YN,Kyarlay Apparel Company Limited,"No (164, 166 & 167), Saya San Street, Hlaing Tharyar Industrial Zone (2), Hlaing Tharyar Township, Yangon.",16.8819286,96.0573302,,,,,False,kyarlay apparel company limited
MM2025087QNM5F6,"Myanmar May Kaung Wood Based Industry Co., Ltd","905/906, 9th Flr, Shwe Dagon Pagoda Rd, Awea Tower, Dagon, Yangon",16.78367,96.1533558,,,,Sawed Wood,False,"myanmar may kaung wood based industry co., ltd"
MM2025087QNTA46,"D Frederick Int'l Co., Ltd","41, Min Theikdi Kyaw Swar Street, 2 Ward, Dagon Seikkan Industrial Zone, Dagon Seikkan, Yangon",16.8344399,96.2806526,,,,Jackets,False,"d frederick int'l co., ltd"
MM2025087QP04PS,"Green Villa Co., Ltd","59/A, 2 Floor, 27 Street, Lower Block, Pabedan, Yangon",16.7769571,96.1550291,,,,Black Gram|Green Gram,False,"green villa co., ltd"
MM2025087QPN8B7,"Kyun Shwe Wah Co., Ltd","42/49/50/51, Set Hmu 3 Street, Industrial Zone - 1, Shwepyitha, Yangon",16.8141062,96.1834233,,,,Sesame,False,"kyun shwe wah co., ltd"
MM2025087QPNNJV,"Midas Industry Co., Ltd","236, Corner of Kanaung Min Thar Gyi Street & Twin Thin Tight Wun Htauk U Tun Nyo Street, Zone (2), Hlaing, Yangon",16.850826,96.1155932,,,,Jackets,False,"midas industry co., ltd"
MM2025087QPP6C7,"New Forest Co., Ltd","378, Hla Thheingi Street, Karin Village, Shwe Lin Ban Industrial Zone, Hlaingtharya, Yangon",16.914015,96.0652719,,,,Pants|Blouse|Dress|Peacock feather Coat,False,"new forest co., ltd"
MM2025087QPZ5X0,"Aung Hein Thar Co., Ltd","Between 30th Street & 31st Street and 86th Street & 87th Street, Chanayethazan, Mandalay",21.9780187,96.0741505,,,,Rice,False,"aung hein thar co., ltd"
MM2025087QQ7PDA,"Sein Than Agro Industry Co., Ltd","Building 17/18, Bahosi Housing, Lanmadaw, Yangon",16.7792342,96.1404381,,,,Green Gram|Sesame,False,"sein than agro industry co., ltd"
MM2025087QQDVZ7,"Kyaw Annawah Co., Ltd","Room-7, Kan Nee Fishery Zone, Shwe Hinthar Ward, Kawthaung, Kawthaung",9.9834116,98.5489463,,,,Fish,False,"kyaw annawah co., ltd"
MM2025087QQFJEF,"Tokyo In Myanmar Co., Ltd","A-10, Mingaladon Industrial Park, Mingalardon, Yangon",16.9421429,96.1566754,,,,Dresses (Japanese traditional),False,"tokyo in myanmar co., ltd"
MM2025087QR4AZE,Mirae Myanmar Company Limited,"Plot No (180-D), Kyan Sit Thar Street, Hlaing Tharyar Industrial Zone (4), Hlaing Tharyar Township, Yangon.",16.8455937,96.2123489,,,,Golf Pantss|Jackets|T shirt,False,mirae myanmar company limited
MM2025087QRYC8K,Mis Bloy traditional cloth bag manufacturing,"5/41, Maharvihara street, Ywalut village, Choung Zone Twnship, Mon State, Choung Zone, Choung Zone",16.4382501,97.5220167,,,,,False,mis bloy traditional cloth bag manufacturing
MM2025087QS19YA,National Wood Industry Ltd,"111~113, Pade Wun U Shwe Bin Street, Industrial Zone, East Dagon, Yangon",16.9126237,96.0530378,,,,Laminated wood|Parquet,False,national wood industry ltd
MM2025087QV089N,Top Galaxy (Myanmar) Apparel Limited,"Yenimyaung Taung Kwin, Holding No, (1, 2)Kwin No.1481, Bawnat Kyee Village Tract, Bago",17.2953565,96.4666372,,,,,False,top galaxy (myanmar) apparel limited
MM2025087QW7ERJ,"Myanmar Postarion Co., Ltd Factory (2) (The Red Hone)","42, 152/153/160, Set Hmu 3rd Street, Zone (1), Shwepyitha, Yangon",16.8141062,96.1834233,,,,Uniform,False,"myanmar postarion co., ltd factory (2) (the red hone)"
MM2025087QXADPK,Suitstar Garment Company Limited.,"No (1), Theikgyi-Phaungyi Road, Nyaung Inn Junction Ward (9), Okatha Myint, Bago Township, Bago Division.",17.3221255,96.4663546,,,,Pants|Coat|Jackets,False,suitstar garment company limited.
MM2025087QXBTQ2,"Huasheng Myanmar Co., Ltd","17, 2, 18/1, Kwin No.(184), Kan Gyi Daung (EaStreet), Blk (4), Kang Gyi Daung, Kangyidaunt, Pathein",16.9431579,94.8455517,,,,Coat|Jackets|Style Pan|Sport Wear,False,"huasheng myanmar co., ltd"
MM2025087QXFCKM,"Forerunner Int'l Co., Ltd","No.96, 14th St, Middle Block, Lanmadaw, Yangon",16.7781232,96.1407694,,,,Black Gram|Fish,False,"forerunner int'l co., ltd"
MM2025087QXQKEY,"Myanmar Garuda Trading Co., Ltd","9, 18th St, Lower Blk, Latha, Yangon",16.7756783,96.1485596,,,,Green Gram,False,"myanmar garuda trading co., ltd"
MM2025087QXS1HH,T.A.T Royal Family Jewellewry Shop,"No.285, Yone Thar Ward Magar Aung Myae, Mandalay., Chan Aye Thar San, Mandalay",21.9932777,96.0693804,,,,Jewellery|Gems,False,t.a.t royal family jewellewry shop
MM2025087QYM8MQ,"Sun Impex Co., Ltd","225/227, Room-802, 8th Floor, Bo Aung Kyaw Street, Olympic Tower, Kyauktada, Yangon",16.7740517,96.1642075,,,,Black Gram|Green Gram,False,"sun impex co., ltd"
MM2025087QYP2SR,"Triple Nine Great Integrity Trading Co., Ltd.","No.6/63, 15st, Myingyan, Mandalay., Myingyan, Mandalay",21.9980875,96.113838,,,,Sorghums,False,"triple nine great integrity trading co., ltd."
MM2025087QYRN9X,"Nyi Paung Export & Import Co., Ltd.","No.313 Kyan Sit Thar Street, Bayintnaung, Mayangone T/S, Yangon Region., Mayangone, Yangong",16.8449009,96.2119282,,,,Crab,False,"nyi paung export & import co., ltd."
MM2025087R05BJC,Swiss Singapore Overseas Enterprise Pte Ltd,"Room-1/2/3, 19th Floor, Sule Square, Kyauktada, Yangon",16.7772679,96.1586728,,,,Rice,False,swiss singapore overseas enterprise pte ltd
MM2025087R0GQG1,MSL Industries Fisheries Limited.,"Department of Fisheries Compound Insein Township, Yangon, Myanmar., Insein, Yangon",16.8750496,96.1026655,,,,Shrimp Meat,False,msl industries fisheries limited.
MM2025087R0N289,"Tharmardi Orchard Co., Ltd","286, Corner of 84th Street & 37th Street, Maharaungmyay, Mandalay",21.9658245,96.0916748,,,,Fresh Mango|Banana|Lemon,False,"tharmardi orchard co., ltd"
MM2025087R13YDS,"Delta World Trading Co., Ltd","110, Bo Aung Kyaw Street, Shwe Than Lwin Industrial Zone, Hlaingtharya, Yangon",16.7735465,96.1645394,,,,Black Gram|Green Gram|Sesame,False,"delta world trading co., ltd"
MM2025087R1MWD8,"Shwe Si Sar Co., Ltd","368, 12 Ward, Set Hmu Day Tha Street, Shwepyitha, Yangon",16.9404059,96.0750729,,,,Hoodie|Woven Knicker,False,"shwe si sar co., ltd"
MM2025087R3218R,"Agrocrop Yangon Co., Ltd","186, Rm 503, 4th Fl, Maharbandoola Rd, Nawarat Center, Pazundaung, Yangon",16.774259,96.1722802,,,,Black Gram|Pigeon Pea,False,"agrocrop yangon co., ltd"
MM2025087R3CW9Y,"Blessing Intertrade Co., Ltd","51/24+25, Mya Street, Thardukan Industrial Zone, Shwepyitha, Yangon",16.9845706,96.0922922,,,,Pants|Coat|Jackets|Blouse,False,"blessing intertrade co., ltd"
MM2025087R4CTQB,"MNAC Co., Ltd","3B/65-C, Eiaksathaya Street, Thumingalar Ward, Thingangyun, Yangon",16.8407245,96.1836875,,,,Laminated Ratten,False,"mnac co., ltd"
MM2025087R4GJBV,"Pink Purple Blue Co., Ltd","90th Street, Between 32×33 Street, Mandalay, Aungmyaythazan, Mandalay",21.9694127,96.0649827,,,,Longyi|Woven,False,"pink purple blue co., ltd"
MM2025087R4W9RB,"Shwin Chang Lone Manufacturing Co., Ltd","G/2, Sein Pan St., Bayint Naung Warehouses, Mayangone, Yangon, Myanmar., Mayangone, Yangon",16.8630212,96.1049884,,,,Green Tea,False,"shwin chang lone manufacturing co., ltd"
MM2025087R51Q18,"Attractive World Co., Ltd","273, Corner of Pinlon Street & Anaw Yahta Street, 37th Ward, North Dagon, Yangon",16.8690778,96.1891487,,,,Betel Leaf,False,"attractive world co., ltd"
MM2025087R54BZX,"Running Tex Co., Ltd","51, Seikkan Thar Street, Ngwe Pin Lae Industrial Zone, Hlaingtharya, Yangon",16.7720932,96.163063,,,,Pants|Jackets,False,"running tex co., ltd"
MM2025087R649FC,"Matsuya R& D Myanmar Co., Ltd","A/712, No, (3) Main Rd, Mingalardon Industrial Park, Mingalardon, Yangon",16.9421429,96.1566754,,,,Blood Pleasure Armband|Medical Equipment & Supplies,False,"matsuya r& d myanmar co., ltd"
MM2025087R6YD50,"Rose Yadanar Co., Ltd","134, 2nd Floor, 40th Street, Lower Middle Block, Kyauktada, Yangon",16.7891054,96.1701276,,,,Splits in wood|Bamboo sticks,False,"rose yadanar co., ltd"
MM2025087R7ZQ4B,"Win Ocean Trading Co., Ltd","79/81, Room-1503, 15 Floor, Anawrahta Road, Central Tower, Kyauktada, Yangon",16.7765363,96.1639959,,,,Fish,False,"win ocean trading co., ltd"
MM2025087R8DH0G,"Authentic Timber Technology Co., Ltd (Thazin Oo Co., Ltd)","31, Shan Yeik Thar Street, Pann Hlaing Ward, Sanchaung, Yangon",16.7969469,96.1300842,,,,Hemp,False,"authentic timber technology co., ltd (thazin oo co., ltd)"
MM2025087R9WAB4,"Myint Mar Taung Trading Co., ltd (MMT Trading)","25/B, 87th Street, Between 32nd Street & 33rd Street, Chanayethazan, Mandalay",21.9841724,96.0747934,,,,Black Gram|Green Gram,False,"myint mar taung trading co., ltd (mmt trading)"
MM2025087RAKX26,White Crane Textile Company Limited,"No (92/93), Ka Naung Min Thargyi Street, Hlaing Tharyar Industrial Zone (1), Hlaing Tharyar Township, Yangon.",16.920643,96.0888158,,,,Pants|Coat|Jackets,False,white crane textile company limited
MM2025087RB2AEF,Yathar Cho Industry Ltd,"104, Nwe Khway, Htauk Kyant, Mingalardon Tsp, Mingalardon, Yangon",17.0263881,96.1432736,,,,Yum Yum Instant Noodle,False,yathar cho industry ltd
MM2025087RCFVVV,"Bright Time Trading Co., Ltd","790, Room (203), 2nd Floor, Bogyoke Aung San Road, Danathiha Centre, Lanmadaw, Yangon",16.7802397,96.1397594,,,,Corn|Rice,False,"bright time trading co., ltd"
MM2025087RCHE7W,"Myint Htet Wai Co., Ltd","186, Room-403, 3rd Floor, Mahar Bandoola Road, Nawarat Centre, Pazundaung, Yangon",16.774259,96.1722802,,,,Betel Nut|Black Gram|Tamarind,False,"myint htet wai co., ltd"
MM2025087RDTDKH,DT,"42/69, Kanaung Min Thar Gyi Street, Industrial Zone (1), Shwepyitha, Yangon",16.9188097,96.083001,,,,Fish,False,dt
MM2025087RE7NF3,"High Win International Co., Ltd.","No.107/110 Bamaw Ahtwinwun Street Industrial Zone (2) (39) Sethmu Quarter, Shwe Pyi Thar Township, Yangon, Myanmar., Shwe Pyi Thar, Yangon",16.969617,96.0732146,,,,Shrimp Meat,False,"high win international co., ltd."
MM2025087REC6T4,"Linda Fashion (Myanmar) Co., Ltd","C/3, No. (3), Main Road, Mingalardon Industrial Park, Mingalardon, Yangon",16.9421429,96.1566754,,,,Wedding Dress,False,"linda fashion (myanmar) co., ltd"
MM2025087REMZR3,"Tri Diamond Trading Co., Ltd","414~422, Strand Road, Latha, Yangon",16.7722557,96.1483103,,,,Black Gram|Ground Nuts|Cow Pea|Soy Bean,False,"tri diamond trading co., ltd"
MM2025087RHTCJK,"Moe Mya Chai Co., Ltd","Innwa 3rd St, 372 A, South Okkalapa T/s, Yangon., South Okkalapa, Yangon",16.8453813,96.1740389,,,,Rubber,False,"moe mya chai co., ltd"
MM2025087RHWVTC,"Stylis Star Co., Ltd","44, Thit Taw Street, Saw Yan Paing (East) Ward, Ahlone, Yangon",16.782314,96.1277358,,,,Cosmetics|Comestics,False,"stylis star co., ltd"
MM2025087RJG3EX,White Owl Fashion Company Limited.,"No.62/63, Myay Taing Quarter, NO.143/1Kyan Sitthar Housing, Industrial Zone (2), South Dagon Tsp.",16.8704983,96.2429045,,,,Shirt (Men),False,white owl fashion company limited.
MM2025087RJTKS2,Ko Pya Gyi Trading Company Limited,"R(3, 204), Panhlaing Housing, Panhlaing Street, Sanchaung Township, Yangon, Myanmar., Sanchaung, Yangon",16.7994946,96.1284656,,,,Rice,False,ko pya gyi trading company limited
MM2025087RMBSFH,AT Diamond,"West D Shed, Rm 58/59, Bogyoke Aung San Market, Pabedan, Yangon, Myanmar, Pabedan, Yangon",16.7802529,96.1558196,,,,Gems,False,at diamond
MM2025087RPHH35,"Lin Htet Aung Myin Co., Ltd","No(54), Khine Shwe War Street, Chan Myae Thazi Township, Mandalay.",21.937224,96.090631,,,,,False,"lin htet aung myin co., ltd"
MM2025087RPN3MC,Sonata,"157/169, Rm E-1, 36th St., Middle Block, Kyauktada, Yangon, Myanmar, Kyauktada, Yangon",16.7764409,96.1611296,,,,Kitchenware,False,sonata
MM2025087RQEFWT,"Greenply Inudstries (Myanmar) Co., Ltd","6/7, Thukhitar Street, Industrial Zone, Dagon Seikkan, Yangon",16.853725,96.2748808,,,,plywoods|Veneers,False,"greenply inudstries (myanmar) co., ltd"
MM2025087RRKQN1,"Tai Yi Int'l Co., Ltd","92/94, 2nd Floor, Bogalay Zay Street, Lower Middle Block, Botahtaung, Yangon",16.7716266,96.1656263,,,,Shoes,False,"tai yi int'l co., ltd"
MM2025087RSYH0J,Circus Foodstuff Co-op Ltd,"108, Insein Road, Kamayut Township, Yangon., Kamayut, Yangon",16.8460731,96.1255941,,,,Marina Bakery,False,circus foodstuff co-op ltd
MM2025087RTFTCS,Shwe Myinn Cold Store,"No.304, Taitamingyi Road, Shwe Lin Ban Industrial Zone, Hlaing Tar Yar Township, Yangon, Hlaing Thar Yar, Yangon",16.914015,96.0652719,,,,Aquatic Product,False,shwe myinn cold store
MM2025087RWTYFD,"Cobes Industries (Myanmar) Co., Ltd","109, Bo Aung Kyaw Street, Shwe Than Lwin Indusrtrial Zone, Hlaingtharya, Yangon",16.7708886,96.1642162,,,,Operation Suit,False,"cobes industries (myanmar) co., ltd"
MM2025087RY4A9Z,"Green Hardwood Enterprises Co., Ltd","90/Kanaung Minthargyi Street, Industrial Zone - 1, Hlaingtharya, Yangon",16.8819286,96.0573302,,,,Black Gram|Rice|Gram Whole,False,"green hardwood enterprises co., ltd"
MM2025087S0AV3K,"Myanmar SLP Wood Co., Ltd","No.5/B, Bo Tayza St, Yangon Industrial Zone, Mingalardon, Yangon",17.0335369,96.1381374,,,,Laminated wood,False,"myanmar slp wood co., ltd"
MM2025087S169B6,"Diamond Crown Co., Ltd","70, 29th Street, Lower Block, Pabedan, Yangon",16.7737782,96.1564837,,,,Black Gram|Green Gram|Pigeon Pea,False,"diamond crown co., ltd"
MM2025087S1F904,Special Jewellery,"Rm Counter 7, G Flr, Kabar Aye Gem Musium and Gem Mart, Mayangone, Yangon, Myanmar, Mayangone, Yangon",16.8616276,96.1473964,,,,Gems,False,special jewellery
MM2025087S2AK3D,"Aung Moe Khine Manufacturing Co., Ltd.","No.12, Aye Yeik Mon 1st Street, Ward No.32, Hlaing T/S, Yangon Region., Hlaing, Yangong",16.8348733,96.1152533,,,,Crab,False,"aung moe khine manufacturing co., ltd."
MM2025087S2EY6Z,"Win & Win Co., Ltd","6, Pyay Road, Ward (10), Hlaing, Yangon",16.8403781,96.1349145,,,,Sawed Wood|Teak,False,"win & win co., ltd"
MM2025087S4YQDH,"Yangon Technical And Trading Co., Ltd.","No.(531), Room No.(1104), Yetagon Tower, Lower Kyeemyindine Street, Kyeemyindine T/S, Yangon., Kyeemyindine, Yangon",16.7978227,96.1260041,,,,Rice,False,"yangon technical and trading co., ltd."
MM2025087S5DEW7,Yee Shin Bakery and Confectionery,"4, Corner of Bo Aung Kyaw Street & Depe Yin Won Htauk U Mye Street, Industrial Zone (4) Hlaing Thar Yar Tsp, Yangon., Hlaing Thar Yar, Yangon",16.850826,96.1155932,,,,Noodle,False,yee shin bakery and confectionery
MM2025087S6EGWB,"Best A Garment Co., Ltd","403, Blk (25), Myay Taing Wun Gyi U Hmo Street, Shwelinban, Hlaingtharya, Yangon",16.9022615,96.0652719,,,,Sweater,False,"best a garment co., ltd"
MM2025087S70E44,"Famous Duwon Trading Co., ltd","H/66, Ahthawka Street, Bayintnaung, Mayangone, Yangon",16.8621821,96.1079545,,,,Black Gram|Green Gram|Pigeon Pea,False,"famous duwon trading co., ltd"
MM2025087S8D5PV,"MAPCO Golden Lace Co., Ltd","100, Strand Rd, Corner of War Dan St, Maw Tin Ward, Lanmadaw, Yangon",16.7692369,96.1621494,,,,Rice,False,"mapco golden lace co., ltd"
MM2025087S8R89W,"Padamyar Co., Ltd","No.72, U Ba Han St, Near Than Lan, Lay Daunt Kan Ward, Thingangyun, Yangon",16.8327406,96.1989832,,,,Black Gram|Yellow Bean|Green Gram|Pigeon Pea,False,"padamyar co., ltd"
MM2025087S96WXK,"Glamour Garment Co., Ltd","158, Shwe Yin Aye Kyaun Street, Zone (5), Hlaingtharya, Yangon",16.8943257,96.0450374,,,,Wedding Dress,False,"glamour garment co., ltd"
MM2025087S9CA2C,Star Dragon (Myanmar) Enterprise Limited.,"No (179+180), Corner of Ngu War Street & Hnin Si Street, Hlaing Tharyar Industrial Zone (5), Hlaing Tharyar Township, Yangon.",16.8819286,96.0573302,,,,,False,star dragon (myanmar) enterprise limited.
MM2025087SC587B,"Anawa Devi Fishing & General Trading Co., Ltd","136/A, Myoh Patt Street, Thin Baw Kyin Ward, Dawbon, Yangon",16.7826503,96.1858472,,,,Fish,False,"anawa devi fishing & general trading co., ltd"
MM2025087SCB6X5,"Blue Bird Co., Ltd","9/11, Room 302/E, 3rd Floor, 36th Street, Lower Block, Kyauktada, Yangon",16.77345,96.1463396,,,,Tobacco,False,"blue bird co., ltd"
MM2025087SCH7WB,"UHS Myanmar Co., Ltd","5, 140th Street, Ma U Gone Ward, Tamwe, Yangon",16.7960202,96.1750271,,,,Laminated wood,False,"uhs myanmar co., ltd"
MM2025087SD5WTK,Road To Success,"28, Ngu War Street, Aye Yeik Mon Housing, Hlaing, Yangon",16.8379817,96.1199262,,,,Rice|Green Gram,False,road to success
MM2025087SDFWBE,"Golden & Five Myanmar Co., Ltd","Plot No.53, Myay Taing Block No.21, Mya Sein Yaung Industrial Zone, Hlaing Thar Yar Tsp, Yangon",16.8792057,96.0018289,,,,,False,"golden & five myanmar co., ltd"
MM2025087SDSJ47,"Myanmar Tencent Fashion Co., Ltd","No.42/86, Cherry Street, Shwe Pyi Thar Industrial Zone 1, Shwe Pyi Thar Tsp",16.9337149,96.0872415,,,,,False,"myanmar tencent fashion co., ltd"
MM2025087SEHE1S,Tosevaq Timber Pte Ltd,"422/426, Strand Road, International Commercial Centre, Botahtaung, Yangon",16.7691861,96.1754302,,,,plywoods|Veneers|Wood,False,tosevaq timber pte ltd
MM2025087SF12DA,"Bamaw Veneer & Timber Products Co., Ltd","44, Mya Taung Wun Gyi U Hmo Street, Industrial Zone (3), Shwepyitha, Yangon",16.8337041,96.2817994,,,,Plywood|Veneers,False,"bamaw veneer & timber products co., ltd"
MM2025087SFB0MS,"Shwe Pan Co., Ltd","207/243, Myat Lay Street, Nyar Na Ward, Mingalardon, Yangon",16.9741855,96.1507877,,,,Honey|Apiculture,False,"shwe pan co., ltd"
MM2025087SFT0M8,Myanmar CNFC Cold Storage,"Plot No.23, No. Part-3, Hlaing Tharyar Industrial Zone, Hlaing Tharyar Township, Yangon, Myanmar., Hlaing Tharyar, Yangon",16.8819286,96.0573302,,,,Shrimp Meat,False,myanmar cnfc cold storage
MM2025087SFV3KB,"Melody Global Co., Ltd","26-28, Tike Gyi- Bago Road, Oak Thar Myoe Thit (7) Ward, Bago, Bago",17.3220711,96.4663286,,,,,False,"melody global co., ltd"
MM2025087SK4125,Tin Win Tun Production,"96/987/98, Yaw Ah Twin Wun U Poe Hlaing Street, Dagon Seikkan, Yangon",16.8286886,96.2331044,,,,Timber|Wood,False,tin win tun production
MM2025087SM4PA3,"YST Co., Ltd","195, Min Gyi Mahar Min Khaung Street & U Yay Paw Street, Shwelinban, Hlaingtharya, Yangon",16.9022615,96.0652719,,,,Pants|Clothing,False,"yst co., ltd"
MM2025087SNGTX7,"Power Maw Shan Co., Ltd","340, Baydar Street, Corner of Aung Thapyay Street, Pearl Myoe Thit Word (2), Mingalardon, Yangon",16.8552525,96.2123725,,,,Tea Leaves|Organic Tea Leaf|Dried Tea Leaves,False,"power maw shan co., ltd"
MM2025087STT6SY,"Great Apex Int'l Co., Ltd","71-73, Malikha Street, Industrial Zone (5), Hlaingtharya, Yangon",16.8819286,96.0573302,,,,plywoods|Veneers,False,"great apex int'l co., ltd"
MM2025087SVMQCX,JTY (Myanmar) Company Limited,"Plot No (37), Middle Street, Ngwe Pin Lae Industrial Zone, Hlaing Tharyar Township, Yangon.",16.8819286,96.0573302,,,,,False,jty (myanmar) company limited
MM2025087SVVE8Q,"Tea Art Co., Ltd","No(18/A) Koh Min Koh Chin Road, Bahan Tsp, Yangon., Bahan, Yangon",16.8978016,96.1077366,,,,Pu'er Tea|Green Tea,False,"tea art co., ltd"
MM2025087SWK9Y1,"Myanmar Hua Qiang Wood Industrial Co., Ltd","Kyae Taing Pyin Kwin, Oo Paing No.838, Kwin O.S.S. (9), Thanphyuzayat T/s, Mon State., Thanphyuzayat, Mon",15.8543003,97.7634019,,,,Rubber,False,"myanmar hua qiang wood industrial co., ltd"
MM2025087SX6TQZ,Myanmar King Fish Ltd,"4/64, Min Gyi Maha Min Khaung St, IZ (3), Shwepyitha, Yangon",16.9575267,96.0766582,,,,Fish|Shrimp Meat,False,myanmar king fish ltd
MM2025087SXDPBP,"Sky Seagull Trading Co., Ltd","No.(61), RoomNo. (601/602), Kyaung Gyi St., Dagon Tsp., Yangon., Dagon, Yangon",16.9194736,96.1679671,,,,Food Stuff,False,"sky seagull trading co., ltd"
MM2025087SXSEEX,"Mori's Myanmar Co., Ltd","1/B, Winkabar St, Bo Cho Ward (1), Bahan, Yangon",16.8025814,96.1618765,,,,Gem,False,"mori's myanmar co., ltd"
MM2025087SXTD4K,"Thantwe Marine Products Co., Ltd","170, U Tayoke Gyi Street, Industrial Zone (4), Hlaingtharya, Yangon",16.8571296,96.0602623,,,,Crab|Fish|Prawn,False,"thantwe marine products co., ltd"
MM2025087SYBKEN,Myanmar Paddy Producers Association,"Office 2 & 4, Level 5, UMFCCI Officer Tower, 29, Min Ye Kyaw Swar St; Kanmadaw Tsp, Yangon, Kanmadaw, Yangon",16.7985835,96.1950172,,,,Paddy & Rice,False,myanmar paddy producers association
MM2025087T01K77,Kojima Iryo (Myanmar) Company Limited,"No.(89), Ayar Road, Aye Mya Tharyar Myo Thit, Oakpho Tsp, Tharyar Waddy Region, Bago",18.0932365,95.7405139,,,,,False,kojima iryo (myanmar) company limited
MM2025087T2EWB3,Eastern Ocean Company Limited,"No.A/170 Yoe Gyi Chaung Part Street Bayint Naung Pwe Yone, Ma Yan Gone Township Yangon., Ma Yan Gone, Yangon",16.8616276,96.1473964,,,,Aquatic Product,False,eastern ocean company limited
MM2025087T2G8SZ,Taw Win Myanmar,"41, Kanaungminthargyi Rd, Industrial Zone - 1, Hlaingtharya, Yangon",16.8819286,96.0573302,,,,woven pant (Men & Women/kids)|Jackets|Jean Pants,False,taw win myanmar
MM2025087T2JDN2,"Three Millet Garment Co., Ltd","No. (220/221), Myay Taing Block No.18, Bo Tayza Road, Shwe Pauk Kan Industrial Zone, North Okkalapa Tsp, Yangon",16.9197469,96.1686077,,,,,False,"three millet garment co., ltd"
MM2025087T4QRPN,"Aung Kyun Thar Co., Ltd.","No.61/4. Yaw Min Gyi Street, Dagon Township, Yangon., Dagon, Yangon",16.7828867,96.1585364,,,,Sesame,False,"aung kyun thar co., ltd."
MM2025087T4TXPX,"Myanmar Yangon Richang Apparel Co., Ltd (NISHO)","230, U Yin Baw Street, Shwe Lin Ban Industrial Zone, Hlaingtharya, Yangon",16.914015,96.0652719,,,,Skirt|Pantss,False,"myanmar yangon richang apparel co., ltd (nisho)"
MM2025087T4WEKD,Myanmar Sincerece Company Limited.,"No (10), Seikkan Thar Street, Shwe Than Lwin Industrial Zone, Hlaing Tharyar Township, Yangon.",16.866343,96.0347413,,,,,False,myanmar sincerece company limited.
MM2025087T5E605,"Shunrong Garments Myanmar Co., Ltd","No-77, 78, Myay Taing Block No. Section (B), Industrial Zone, Hlaing Tharyar Tsp",16.8565476,96.0670174,,,,,False,"shunrong garments myanmar co., ltd"
MM2025087T5TWZ6,"Pioneer Power Tools Co., Ltd.","113, G Flr, Shwe Dagon Pagoda Rd., Latha, Yangon, Myanmar, Latha, Yangon",16.7773235,96.1532085,,,,Machinery,False,"pioneer power tools co., ltd."
MM2025087T68ZF8,"Billion Bay Co., Ltd","Holding No.60, Kwin 1333 Bo Kyee Kone, Ma Kyee Kwin Village Group, Tharyarwaddy Tsp, Bago",17.3220711,96.4663286,,,,,False,"billion bay co., ltd"
MM2025087T6EB7J,"TMO Co., Ltd","37, Kyauk Yay Twin, North Okkalapa, Yangon",16.8832041,96.1531118,,,,Fish|Crab,False,"tmo co., ltd"
MM2025087T6YT4E,"Ngwe Moe Family Co., Ltd","No.13 Maha Thuka St., Pazundaung, Yangon",16.7829886,96.1718337,,,,Black Gram,False,"ngwe moe family co., ltd"
MM2025087T746WS,"Shwe Kasone Co., Ltd","G/3, Kanaung Min Thar Gyi Street, Corner of Yangon-Pathein Road, Hlaingtharya, Yangon",16.8880467,96.048359,,,,Elephant Foot Yam,False,"shwe kasone co., ltd"
MM2025087T7CY30,Rain Mart Enterprise Corporation,"17, 4th Street (Zaykabar), Yangon Industrial Zone, Mingalardon, Yangon",16.7772353,96.1389153,,,,Rain Coats|Jackets|Knitter Wear|Down Jackets|Sport Wear,False,rain mart enterprise corporation
MM2025087T8XTP1,Tough Way Garment Manufacturing Company Limited.,"No (42/52) (A+B), Ka Naung Min Thargyi Street, Shwe Pyi Thar Industrial Zone (1), Shwe Pyi Thar Township, Yangon.",16.920643,96.0888158,,,,Pantss|Coat|Shirt|T shirt,False,tough way garment manufacturing company limited.
MM2025087T9EZ13,"Golden Everest Co., Ltd","139, 1st Floor, 27th Street, Upper Middle Block, Pabedan, Yangon",16.8021992,96.1323313,,,,Black Gram|Sesame,False,"golden everest co., ltd"
MM2025087TBJ7AT,"TK-Interiors Co., Ltd","3, Ingyin Street, Nyar Na Ward, Pearl Myo Thit, Mingalardon, Yangon",16.8211249,96.1932382,,,,Rattan Semi-Products|Rattan Handicrafts,False,"tk-interiors co., ltd"
MM2025087TCA0NQ,"Pan Lay Pyay Co., Ltd","15/16, Ar Zarni Street, Ward (3), Shwepyitha, Yangon",16.7873772,96.1932371,,,,Blouse|Skirt,False,"pan lay pyay co., ltd"
MM2025087TCEJD5,"Myan Yi MFG Co., Ltd","66, Min Thitdi Kyaw Swar Street, Zone (3), Hlaingtharya, Yangon",16.8815705,96.0466821,,,,Long Coat|Safety Wears Reflective,False,"myan yi mfg co., ltd"
MM2025087TEMXN0,"Anawar Hlwan Co., Ltd","584, Hlaing River Road, Hlaingtharyar Indusrtial Zone (1), Hlaingtharya, Yangon",16.8763589,96.0672247,,,,Fish,False,"anawar hlwan co., ltd"
MM2025087TFHE5Z,Topline Global Co.Ltd,"Plot No(245), Myay Taing, Shwe Lin Ban Industrial Zone, Hlaing Tharyar Tsp, Yangon",16.914015,96.0652719,,,,,False,topline global co.ltd
MM2025087TGEAYJ,"United K.M.K Co., Ltd","S/A, Set San 1st Street, Set San Ward, Mingalar Taungnyunt, Yangon",16.7899188,96.1811397,,,,Shrimp,False,"united k.m.k co., ltd"
MM2025087TGF8N8,"Myat Tagon Trading Co., Ltd.","122, Thudhamar Rd., Hta Wun Bae Ward, North Okkalapa, Yangon, Myanmar, North Okkalapa, Yangon",16.8957507,96.1588376,,,,,False,"myat tagon trading co., ltd."
MM2025087THFPDF,"Booming Luck Co., Ltd","119, Lower Kyee Myin Daing Road, Saw Yan Paing (East) Ward, Ahlone, Yangon",16.8086025,96.1228751,,,,Green Bean|Onion|Brown Bean|Tamarind|Green Gram|Red Kidney Bean|Black Eye Bean|Black gram,False,"booming luck co., ltd"
MM2025087TJK8YQ,"Myanbisco Food Industries Co., Ltd","109/110, Pearl Road, Industrial Zone - 3, Shwepyitha, Yangon",16.9753379,96.0785104,,,,Cookies|Crackers|Biscuits,False,"myanbisco food industries co., ltd"
MM2025087TJW161,"Htun International Manufacturing Co., Ltd","190/B, Seikkanthar Street, Industrial Zone - 1, Hlaingtharya, Yangon",16.777319,96.1631176,,,,Shoes,False,"htun international manufacturing co., ltd"
MM2025087TKGB3X,O.K Brothers Enterprise Ltd,"17/19, Heldan Street, Lower Block, Lanmadaw, Yangon",16.77345,96.1463396,,,,Green Gram,False,o.k brothers enterprise ltd
MM2025087TKM7NF,"Padamyar Yaung Chi Co., Ltd","Between parami and Corner of Waizayandar Rd, No.1, South Okkalapa, Yangon",16.856815,96.173069,,,,Edible Bird's Nest,False,"padamyar yaung chi co., ltd"
MM2025087TP8TDH,"Shwe Super Light Co., Ltd","No.715, Merchant Street, Pabedan Township, Yangon Region., Pabedan, Yangon",16.772028,96.1542146,,,,Super Coffee Mix,False,"shwe super light co., ltd"
MM2025087TPGE33,China Morning (Myanmar) Company Limited.,"Plot No (25), No (373), Daw Phwar Shin Street, Shwe Lin Ban Industrial Zone, Hlaing Tharyar Township, Yangon.",16.914015,96.0652719,,,,Shirt,False,china morning (myanmar) company limited.
MM2025087TPJZE1,"Shwe Taung koe lone Brothers Co., Ltd","105th Street x 53th (A) Corner, Chan Mya Thar Si Township, Mandalay., Chan Mya Thar Si, Yangon",21.9404277,96.1049958,,,,Green Tea,False,"shwe taung koe lone brothers co., ltd"
MM2025087TRMNN2,Thwin Su Htwe Fashion & Design,"1, Thamardi Street, 14 Ward, Kyauk Kone, Yankin, Yangon",16.8040669,96.1743291,,,,Wedding Dress|Evening Dress,False,thwin su htwe fashion & design
MM2025087TS2KNF,"Maou Ouk Shaung International Co., Ltd.","No.12-194, Room 3D, E & F, Botahtaung Pagoda Road, Pazundaung Township, Yangon., Pazundaung, Yangon",16.7757971,96.1726638,,,,Sesame,False,"maou ouk shaung international co., ltd."
MM2025087TSPJZC,"Latt Aung Kyaw Zaw Co., Ltd","16, 1 Floor, Sagaing Street, Lin Lon (North) Ward, Sanchaung, Yangon",16.8080763,96.1273401,,,,Noni Fruit,False,"latt aung kyaw zaw co., ltd"
MM2025087TTQF4G,"Aung Myint Marr Co., Ltd","7/D, Aye Tharyar Street, Man Aung Ward, Tamwe, Yangon",16.8251892,96.1729192,,,,Black Gram,False,"aung myint marr co., ltd"
MM2025087TV42K0,"LP (Myanmar) Industrial Manufacturing Co., Ltd","Plot No.41, Myay Taing Block No.50, Thardukkan Industrial Zone, Shwe Pyi Thar, Yangon., Shwe Pyi Thar, Yangon",17.0065317,96.0705583,,,,Rubber,False,"lp (myanmar) industrial manufacturing co., ltd"
MM2025087TWGEGP,"Lucky Circle Trading Co., Ltd","G/62-B, Padauk Street, Bayintnaung, Mayangone, Yangon",16.8584851,96.1087208,,,,Pigeon Pea|Black Gram|Green Gram,False,"lucky circle trading co., ltd"
MM2025087TWK8RV,Kyal Sone Lucky Company Limited,"No(B/79), Corner of Kyun Shwe Wah Street and Kargyiwon Park Street, Bayint Naung, Mayangone Yangon Region Township, Yangon., Mayangone, Yangon",16.8621821,96.1079545,,,,Aquatic Product,False,kyal sone lucky company limited
MM2025087TWM4FF,"Jiaxi Yangon Garment Co., Ltd","511/A, Har Khor Street, Zone (1), South Dagon, Yangon",16.8704983,96.2429045,,,,Underwear|Brassier,False,"jiaxi yangon garment co., ltd"
MM2025087TWNBMW,Ya Nant Thit Fashion,"No.10, 25*26, 62*63, Myasadar Street, Zayar Bone, Maharaung Myay, Mandalay.",21.965231,96.1122025,,,,,False,ya nant thit fashion
MM2025087TYW028,"Fulltex Co., Ltd","4/5/27/40, Blk (1098/Ka), Hpa An Hlaingbwe Rd, Hpa An Industrial Zone (1), Hpa-An, Hpa-An",16.875913,97.6439611,,,,Knitting Wear|Sweater,False,"fulltex co., ltd"
MM2025087TZ468X,Top Partner Company Limited,"No(56), 6th Floor, 6th Street, Lanmadaw Tsp, Yangon, Myanmar., Lanmadaw, Yangon",16.7766296,96.1403387,,,,Rice,False,top partner company limited
MM2025087V03YM2,ZPG Zay Pharmaceutical Group Company,"No 580, Minyaekyawsaw Street, 3 Quater, Hmawbi Township, Yangon., Hmawbi, Hmawbi",17.1005634,96.0437507,,,,Povidone iodine Solution|Methylated Spirit|Povidone iodine Surgical Scrub|Zinc Oxide ointment|Detergent Solution,False,zpg zay pharmaceutical group company
MM2025087V086B6,"Toe Tet Linn Co., Ltd","797, Room B/001, Bogyoke Aung San Road, MAC Tower II, Lanmadaw, Yangon",16.8836309,96.0747873,,,,Sesame|Butter Bean|Green Gram|Sesame,False,"toe tet linn co., ltd"
MM2025087V1HH2J,"Hla Yin Kyay Co., Ltd","27/B, Aung Zeya Lane - 2, Shwe Taung Gyar 1 Ward, Bahan, Yangon",16.8181338,96.152839,,,,Art & Craft,False,"hla yin kyay co., ltd"
MM2025087V1YPDF,"Ideal Business Success Co., Ltd","118, Makhayar Minthargyi Maugn Pyo Street, Industrial Zoen - 2, Hlaingtharya, Yangon",16.8394848,96.2252136,,,,Beans|Sesame|Maize|Rice|Pulses,False,"ideal business success co., ltd"
MM2025087V4G629,"Yar 4 Star Trading Co., Ltd","14, 5th Floor, Tha Pyay Gone Ward, Mingalar Taungnyunt, Yangon",16.7911817,96.1705966,,,,Fish,False,"yar 4 star trading co., ltd"
MM2025087V4ZB83,"Phyo Hein Htet Trading Co., Ltd","No.21/23, 5 Flr, 60 St, Botahtaung, Yangon",16.7635259,96.1871735,,,,Ginger|Pigeon Pea|Tamarind|Black Gram|Green Gram,False,"phyo hein htet trading co., ltd"
MM2025087V5AG4G,"Htike Htike Garment Myanmar Co., Ltd","Sagaing Street, South Dagon Industrial Zone (1), South Dagon, Yangon",16.833343,96.2200662,,,,T Shirt|Shirt|Men's wear,False,"htike htike garment myanmar co., ltd"
MM2025087V66DRY,Cobes Industries (Bago) Company Limited,"Plot No(13), Special Zone (2), Oak Thar(8)Ward, Local Industrial, Nyaung Inn Village, Bago",17.3082622,96.4507184,,,,,False,cobes industries (bago) company limited
MM2025087V6AE4F,"Golden Sparkles Co., Ltd","Building E, Room-5, 2nd Floor, Shwe Sabei Street, Shwe Sabei Yeik Mon, Kamaryut, Yangon",16.8434441,96.1302184,,,,Pigeon Pea|Black Gram,False,"golden sparkles co., ltd"
MM2025087V6HWMM,"Willow Oriental(Myanmar) Textile Co., Ltd","Plot No.B-7, Myay Taing Block No.175, Dagon Seikan Tsp, Yangon",16.8520683,96.2694608,,,,,False,"willow oriental(myanmar) textile co., ltd"
MM2025087V77XB3,"Lujee Myanmar Int'l Co., Ltd","28/30, 2nd Floor, Banyardala Road, Mingalar Taungnyunt, Yangon",16.799949,96.1755872,,,,Betel Nut|Black Gram|Green Gram,False,"lujee myanmar int'l co., ltd"
MM2025087V7F1SX,Best Maker Company Limited.,"No (61), Gandawin Road, Hlaing Tharyar Zone (5), Hlaing Tharyar Township, Yangon.",16.8819286,96.0573302,,,,,False,best maker company limited.
MM2025087V7MA7S,"Myanmar Asia Optical Int'l Co., Ltd","A-1/2/3, No.(3) Main Road, Mingalardon Industrial Park, Mingalardon, Yangon",16.953877,96.1524013,,,,Optical Lens,False,"myanmar asia optical int'l co., ltd"
MM2025087V7Y781,"World Full's Mfg Co., Ltd (Classita Myanmar)","35/A, Bamaw Atwin Wun Street, Industrial Zone, Dagon Seikkan, Yangon",16.9212186,96.0568096,,,,Underwear,False,"world full's mfg co., ltd (classita myanmar)"
MM2025087V83TXF,Shwe Sin Nan Taw Trading Company Limited,"Akwet No.7, U Paing 8/E, 14th St, Between 86th & 87th St, Pyi Gyi Yan Lon Quarter, Aung Myay Thar Zan T/S, mandalay, Myanmar., Aung Myay Thar Zan, Mandalay",21.9873667,96.0743917,,,,Rice,False,shwe sin nan taw trading company limited
MM2025087V8SSGQ,SGS Myanmar Co.Ltd,"No.(79/D), Bo Chain Road, 6 Half of Six, Hlaing Tsp, Yangon",16.8452911,96.1385198,,,,,False,sgs myanmar co.ltd
MM2025087VAQ59W,Kyone Doe Group of Companies,"22, 104th Street, Mingalar Taungnyunt, Yangon",16.7850314,96.1700638,,,,Cooking Oil,False,kyone doe group of companies
MM2025087VCD1NW,"Man Sum (Myanmar) Garment Co., Ltd","20, Depaeyin Wun Htauk U Myay Street, Industrial Zone (2), Hlaingtharya, Yangon",16.8341487,96.230958,,,,Underwear|Baby Wear|Pajamas,False,"man sum (myanmar) garment co., ltd"
MM2025087VCEWQT,"Arkar Oo Co., Ltd","24, Wetmasutt Wun Htaut Street, Industrial Zone (4), Hlaing Thar Yar Tsp, Yangon., Hlaing Thar Yar, Yangon",16.8594225,96.1291513,,,,Green Bean,False,"arkar oo co., ltd"
MM2025087VED8J2,"World King International Construction & Trading Co., Ltd","259/261, Room-3/A, Royal Shwe Bon Thar Condo, Shwe Bon Thar Road, 4th Ward, Pabedan, Yangon",16.7753594,96.15588,,,,Cattle|Prawn,False,"world king international construction & trading co., ltd"
MM2025087VH2WFB,"Min Hla Agricultural Products Trading Special Rice Paddy Co., Ltd.","No-125, Thanchatwun U Nyunt St, Zone(2), Shwe Pyi Thar Tsp, Yangon, Myanmar., Shwe Pyi Thar, Yangon",17.0065317,96.0705583,,,,Rice,False,"min hla agricultural products trading special rice paddy co., ltd."
MM2025087VHXFW6,Hsu Lett Toe Co.ltd,"Room - 6, Bayintnaung Road, Bayintnaung Tower 1/B, Kamaryut, Yangon",16.8362128,96.1139874,,,,Dehydrated Taro,False,hsu lett toe co.ltd
MM2025087VJ15FM,"Annawah Tun Co., Ltd","130, 3rd Floor, Shwe Gon Daing Road, Tae Tar Shay Ward, Bahan, Yangon",16.8047497,96.1502994,,,,Crude Palm Kernel Oil (CPKO),False,"annawah tun co., ltd"
MM2025087VJPEX0,"Myanmar Agri-Business Group Co., Ltd","70/71/B, Mingyi Mahar Min Ghaung Street, Industrial Zone - 3, Hlaingtharya, Yangon",16.8628053,96.0598854,,,,Ginger|Tumeric Fingers,False,"myanmar agri-business group co., ltd"
MM2025087VJQSQ6,"Global Eye Manufacturing & Distribution Co., Ltd","A/23, Ba Yint Naung Road, Aung Chan Thar 3 Wards, Thanhlyin Tsp, Ygn",16.8688194,96.1947393,,,,,False,"global eye manufacturing & distribution co., ltd"
MM2025087VJRW0K,"Mascot Co., Ltd","No-44, Room 2, Kyi Taw Housing, Mingalar Taungnyunt, Yangon",16.783442,96.1729096,,,,Broom,False,"mascot co., ltd"
MM2025087VK0ZVT,U & G Myanmar Fashion.,"Plot No (140), Myay Taing Block No (49), Wartayar Industrial Zone, Shwe Pyi Thar Township, Yangon.",16.9753379,96.0785104,,,,,False,u & g myanmar fashion.
MM2025087VK9Y5C,"Tae Hyun (Myanmar) Industry Co., Ltd","Plot No.139, Myay Taing Block No.Part 4, Industrial Zone, Hlaing Thar Yar Tsp, Yangon",16.8819286,96.0573302,,,,,False,"tae hyun (myanmar) industry co., ltd"
MM2025087VKKYAV,"TAS Co., Ltd","270, Room-1/A, Pyay Road, Myae Ni Gone (North) Ward, Sanchaung, Yangon",16.8229079,96.1316519,,,,Rice|Yellow Maize,False,"tas co., ltd"
MM2025087VNJQ5G,Pucca,"697, Maha Bandoola Rd., Corner of Sint Oh Dan St., Latha, Yangon, Myanmar, Latha, Yangon",16.7744954,96.1493333,,,,Gems,False,pucca
MM2025087VPGN5D,"Ever Sunny Industrial Co., Ltd","89, Matkhayar Min Thar Gyi Maung Pyoe Street, Industrial Zone (2), Hlaing Thar Yar Tsp, Hlaing Thar Yar, Yangon",16.8880467,96.048359,,,,Shalala Candy,False,"ever sunny industrial co., ltd"
MM2025087VQDPBJ,"Rain Dragon Co., Ltd","141/145, United Condo (7/B), Kyauktada, Yangon",16.7746387,96.1706017,,,,Black Gram|Green Gram,False,"rain dragon co., ltd"
MM2025087VRFX4N,Ayeyarwaddy Ground Oil 108,"Min Gyi Maha Min Gaung Street, Shwe Pyi Thar Industry Zone (3), Yangon., Shwe Pyi Thar, Yangon",16.969617,96.0732146,,,,,False,ayeyarwaddy ground oil 108
MM2025087VSTQE5,"Lin Aung Industry & Production Co., Ltd","60(A/B), Htan Ta Pin Street, Ward I, Aung Myay Tharsi Housing, Kamaryut, Yangon",16.492282,96.2064083,,,,Fish|Prawn,False,"lin aung industry & production co., ltd"
MM2025087VTR4BE,Linn Yaung Ni Company Limited,"No.183, Shu Khin Thar Street, Nga Quarter, North Okkalapa, Yangon., North Okkalapa, Yangon",16.9197469,96.1686077,,,,Aquatic Product,False,linn yaung ni company limited
MM2025087VW0DC2,"Myanmar Good Wood Trading Co., Ltd","16, 4th Flr, Mya Yar Gone St, Shwe Mya Yar Housing, Mingalar Taungnyunt, Yangon",16.7878684,96.1709281,,,,Laminated Wood|Plywood|Sawed Wood,False,"myanmar good wood trading co., ltd"
MM2025087VW7WCR,Great Lucky Star Garment Manufacturing Company Limited.,"Plot No (24+25), Myay Taing Block No (42), Set Hmu Road, Shwe Pyi Thar Industrial Zone (1), Shwe Pyi Thar Township, Yangon.",16.9500625,96.0554375,,,,,False,great lucky star garment manufacturing company limited.
MM2025087W02XZC,Feng Teng Garment Company Limited,"No. 163, Sapal St, Ind'l Zone(5), Hlaing Thar Yar Tsp.",16.7938229,96.1765329,,,,,False,feng teng garment company limited
MM2025087W1X33J,"Maung Oo &Brother Co., Ltd","Bldgs/10, West Race Course Rd, U Chit Maung Housing, Tamwe, Yangon",16.8147519,96.170874,,,,Pigeon Pea|Black Gram|Green Gram,False,"maung oo &brother co., ltd"
MM2025087W1ZQ5A,"Htoo Htoo Toe International Co., Ltd","BOC Street, Inn Lay Myaing Industrial Zone, Myeik, Myeik",12.4492291,98.6270628,,,,Fish Powder,False,"htoo htoo toe international co., ltd"
MM2025087W2MSMH,"Golden October Co., Ltd.","No.655/A, Taninthary Street, 19 Quarter, South Dagon Myothit Township, Yangon., South Dagon  Myothit, Yangon",16.8704983,96.2429045,,,,Green Bean,False,"golden october co., ltd."
MM2025087W5QY08,1st San Chain Oo,"55/65, Shwe Dagon Pagoda Rd., Lower Block, Latha, Yangon, Myanmar, Latha, Yangon",16.7754167,96.1531393,,,,Machinery,False,1st san chain oo
MM2025087W8JW37,"Midland Shwepyi Trading Co., Ltd","Building 1, Room-301, 3rd Floor, Bayintnaung Road, Zeyar Mon Housing, Mayangone, Yangon",16.8763138,96.1011471,,,,Cardamom|Plum Seed|Dehydrated Taro,False,"midland shwepyi trading co., ltd"
MM2025087W8Y0PA,"Bci Hong Co., Ltd","No-4, Kanaung Min Thar Gyi St, Corner Thanched Wun U Mya St, East Dagon, Yangon",16.8776142,96.2533713,,,,Shirt|Suits (Men-Woman)|T shirt,False,"bci hong co., ltd"
MM2025087WARATM,"Maximas Int'l Co., Ltd","No 19, Rm 1/A Sanyay Twin St, Sanchaung (North ward), Sanchaung, Yangon",16.8219357,96.1640534,,,,Garlic|Black Gram|Green Gram|Tamarind,False,"maximas int'l co., ltd"
MM2025087WAWD34,Thuka San Trading,"B-4, Naungyoe Street, Bayintnaung, Mayangone, Yangon",16.8648837,96.1019732,,,,Pigeon Pea|Black Gram|Green Gram,False,thuka san trading
MM2025087WBZ7A9,CYT Industrial Limited.,"G-3A, Yaw Min Gyi Street, San Pya Industrial Zone, Pyi Gyi Tagon Township, Mandalay Region.",21.9048038,96.1049958,,,,,False,cyt industrial limited.
MM2025087WCEXW1,"Hon Xiang Co., Ltd.","No.67, Corner of U Shwe Bin Street & Matkhayar Min Thar Gyi Street, Dagon Seikkan Industrial Zone (1), Yangon, Myanmar., Dagon, Yangon",16.8344399,96.2806526,,,,Shrimp Meat,False,"hon xiang co., ltd."
MM2025087WDG6XE,"Pep Oversea Co., Ltd","45, Lathe Street, Lower Block, Latha, Yangon",16.77345,96.1463396,,,,Black Gram|Green Gram,False,"pep oversea co., ltd"
MM2025087WEG1ZC,"Real Star Manufacturing Co., Ltd","2/26, Kanaung Min Thar Gyi Street, Dagon Seikkan Industrial Zone, Dagon Seikkan, Yangon",16.8344399,96.2806526,,,,Pants|Coat,False,"real star manufacturing co., ltd"
MM2025087WF3N9Y,"Than Lwin Aye Industrial Co., Ltd","787, Lower Main Road, Mawlamyine, Mawlamyaing",16.4555182,97.6261081,,,,Fish,False,"than lwin aye industrial co., ltd"
MM2025087WGJNHP,Htoonk Main Hilang Company Limited,"No(MaWa/480), Swansaw Quarter, m Mantwein Region, Muse Township, Shan State, Myanmar., Muse Township, Yangon",16.840939,96.173526,,,,Rice,False,htoonk main hilang company limited
MM2025087WGZG0D,GU Family Enterprise Limited,"Taunggyi, Shan State, Taunggyi, Shan",20.7887571,97.0337141,,,,Sorghums,False,gu family enterprise limited
MM2025087WHCN99,"Saw Bwar Gyee & Sons General Trading Co., Ltd","459/469, Room-7/B, Lower Pazuntaung Road, Yadanar Myaing Condo, Pazundaung, Yangon",16.7748334,96.1795174,,,,Pigeon Pea|Black Gram,False,"saw bwar gyee & sons general trading co., ltd"
MM2025087WHVMV9,"Myeik Zenith Industrial Co., Ltd","Bay Kyin Street, Myanmar Fisheries Federation Compound, Gyoh Gone (West) Ward, Insein, Yangon",16.8705492,96.1039731,,,,Fish,False,"myeik zenith industrial co., ltd"
MM2025087WJ1S0T,Huan Yao Manufacturing (Myanmar) Limited,"No.23, East Dagon Industrial Zone, Min Theikdi Kyaw Swear Street, Dagon Myo Thit (East) Tsp, Yangon",16.8908169,96.2508702,,,,,False,huan yao manufacturing (myanmar) limited
MM2025087WKXG0E,The Jewelry Gold and Gems,"61, 1st Flr, Ma Kyee Kyee St., Sanchaung, Yangon, Myanmar, Sanchaung, Yangon",16.8086006,96.1330621,,,,Gems,False,the jewelry gold and gems
MM2025087WMTSF4,"Successful Trade Co., Ltd","116/118, Room 11/B, 11th Floor, Bo Myat Tun Street, Lower Middle Block, Cherry Condo, Botahtaung, Yangon",16.7635259,96.1871735,,,,Rubber,False,"successful trade co., ltd"
MM2025087WMTTC2,Yoma Top Co.Ltd,"No.6/A, 4 Street, Ease Gyo Kone Ward, Insein Tsp, Yangon.",16.8787529,96.1127866,,,,,False,yoma top co.ltd
MM2025087WP8X5E,"Diamond Prize Co., Ltd","J/134, Arr Thaw Ka Street, Bayintnaung Warehouse, Mayangone, Yangon",16.7580536,96.5229159,,,,Black Gram|Sesame,False,"diamond prize co., ltd"
MM2025087WPAE62,Yangon Young Clothig Ltd,"Plot No.126, MyayTaingBlock(51), Thardukan Ind'l Zone, Shwe Pyi Thar Tsp, Yangon",16.9845706,96.0922922,,,,,False,yangon young clothig ltd
MM2025087WSWRD8,"Golden Crop Co., Ltd","Room-406, 4th Floor, Bo Aung Kyaw Street, Olympic Tower, Kyauktada, Yangon",16.7740517,96.1642075,,,,Onion|Beans|Pulses|Tamarind,False,"golden crop co., ltd"
MM2025087WTM2DB,"Shan Yoma Co., Ltd","72, Aung Mingalar Street, Tamwe, Yangon",16.8011596,96.1803103,,,,Fresh Ginger|Garlic|Dried Ginger|Turmeric Fingers,False,"shan yoma co., ltd"
MM2025087WWHCDM,"Thein Than Trading Co., Ltd.","No.33 Rm No.FMI City, Bandar Street, 4 Quarter, Hlaing Tharyar Township, Yangon., Hlaing Tharyar, Yangon",16.8649487,96.0851307,,,,Green Bean,False,"thein than trading co., ltd."
MM2025087WWHT4S,"City Mate General Trading Co., Ltd","67, 27th Street, Lower Middle Block, Pabedan, Yangon",16.7776497,96.1566754,,,,Pigeon Pea|Black Gram,False,"city mate general trading co., ltd"
MM2025087WWX0X4,"Top MTP Co., Ltd.","397, Mandalay St., Corner of Yauk Kaw St., Industrial Zone (1), Ward (23), South Dagon, Yangon, Myanmar, South Dagon, Yangon",16.8331901,96.2190635,,,,Kitchenware,False,"top mtp co., ltd."
MM2025087WXVZJQ,"King Kaytumadi Garment Co., Ltd","291/292, Mingyi Swe Ward, Kayfumadi Myothit, Taungoo, Yangon-Mandalay Highway Rd, 154 miles, Toungoo, Bago",19.1399571,96.3508526,,,,Kid Wear,False,"king kaytumadi garment co., ltd"
MM2025087WXZN54,"Mahar December Family Co., Ltd","118, Makhayar Min Thar Gyi Maung Pyoe Street, Industrial Zone (2), Hlaingtharya, Yangon",16.8880467,96.048359,,,,Rice|Beans|Pulses|Sesame|Onion|Yellow Maize,False,"mahar december family co., ltd"
MM2025087WY3MDG,"Well Being Co., Ltd","5/F, Room-502, 5th Floor, Masgin Kyaung Street, Ywar Ma (East) Ward, Insein, Yangon",16.9041792,96.0996978,,,,Black Eye Bean|Black Gram|Coffee,False,"well being co., ltd"
MM2025087WYSS0Y,Royal Moon Star Garment Manufacturing Company Limited.,"No (479), Padamyar Road, Shwe Paukkan Myo Thit Ward, North Okkalapa Tsp, Ygn",16.9197469,96.1686077,,,,,False,royal moon star garment manufacturing company limited.
MM2025087X05S9P,"Kaung Myat Co., Ltd","131/132, Pade Wun U Shwe Bin Street, East Dagon, Yangon",16.9126237,96.0530378,,,,Veneers|plywoods,False,"kaung myat co., ltd"
MM2025087X2GQH9,"Shan International Trading Co., Ltd","149, 3rd Floor, Bogalayzay Street, Lower Middle Block, Botahtaung, Yangon",16.7716266,96.1656263,,,,Fish,False,"shan international trading co., ltd"
MM2025087X2N25D,Rainbow Ltd.,"No.59, Shwe Hin Tha St., 6 1/2 Miles, Hlaing T/S, Yangon., Hlaing, Yangon",16.8469718,96.1341237,,,,Rice,False,rainbow ltd.
MM2025087X2N3W5,"Point Star (Super Trading Co., Ltd)","78/79, 7th Street, Yangon Industrial Zone, Mingalardon, Yangon",16.7779426,96.1412549,,,,Fish,False,"point star (super trading co., ltd)"
MM2025087X35NQ3,Eurogate Sportwear Ltd,"473(A-3/4), Mogoke Street, Industrial Zone (1), South Dagon, Yangon",16.8704983,96.2429045,,,,Jackets|Sport Wear (Men & Women),False,eurogate sportwear ltd
MM2025087X3XGZY,"Southland Myanmar Rubber Co., ltd","15/16, Kanaung Min Thar Gyi Street, Thilawa Industrial Zone, Thanlyin, Yangon",16.6722723,96.29337110000002,,,,Rubber,False,"southland myanmar rubber co., ltd"
MM2025087X6153Y,"Da Qian Woods Production Co., Ltd.","No.19/B, O.S.S, Yu Myaung Ywar Ma, Tu Myaung Village Group, Mon State., Tu Myaung, Mon",15.2796597,97.883045,,,,Rubber,False,"da qian woods production co., ltd."
MM2025087X7RYX9,"Han Yadanar Tin Co., Ltd","Myawady Min Gyi Street, Industrial Zone (4), Shwepyitha, Yangon",16.9753379,96.0785104,,,,Rice|Black Gram,False,"han yadanar tin co., ltd"
MM2025087X85XVM,"High Win Family Co., Ltd","275, U Wisara Rad, Myaenigone (North) Ward, Sanchaung, Yangon",16.8074753,96.1400446,,,,Rubber,False,"high win family co., ltd"
MM2025087X8EEG3,"TMR Myanmar Co., Ltd","278, Shwe Lin Ban Industrial Zone, Hlaingtharya, Yangon",16.914015,96.0652719,,,,Shirt|Coat|Pants,False,"tmr myanmar co., ltd"
MM2025087X8TPKT,"Shwe Hinthar Yeik Mon Co., Ltd","No.77/D, Shin Saw Pu Street, Aung Chan Thar Quarter, Sanchaung Tsp, Yangon, Sanchaung, Yangon",16.7980913,96.1332315,,,,Sea Food,False,"shwe hinthar yeik mon co., ltd"
MM2025087XB3ZEA,Cho Cho Industry Ltd,"Bldg 3, Rm 5/6/7, 1Street Fl, MICT Park, Hlaing, Yangon",16.8496403,96.1292152,,,,Instant Vermicelli,False,cho cho industry ltd
MM2025087XB9D2J,"Inter Asia Co., Ltd.","Plot 39, No.3, Trunk Rd., Pyinmabin Industrial Zone, Mingalardon, Yangon, Myanmar, Mingalardon, Yangon",16.9969497,96.1420947,,,,,False,"inter asia co., ltd."
MM2025087XBFBK7,"Angle Star Co., Ltd","21, 5th Fl, Htee Tan Thit Street, Kyeemyindine, Yangon",16.8018686,96.1760057,,,,Tobacco,False,"angle star co., ltd"
MM2025087XC7BFW,"Sinma Furnishings Co., Ltd (Mah Sing Co., Ltd)","3rd, Floor, Thiri Mingalar Old Market, Kyeemyindine, Yangon",16.7934966,96.1227905,,,,Laminated Wood|Veneers|plywoods,False,"sinma furnishings co., ltd (mah sing co., ltd)"
MM2025087XCGGGB,"Henhui Fangzhi Co., Ltd","Plot No.352, Myay Taing Block No.25, Shwe Lin Ban Industrial Zone, Hlaing Tharyar Tsp, Yangon",16.914015,96.0652719,,,,,False,"henhui fangzhi co., ltd"
MM2025087XF1AV4,"Tissuue World MFG & Trading Co., Ltd","100, 4th Floor, Bogyote Aung San Road, Corner of 49th Street, Pazundaung, Yangon",16.7852376,96.1827007,,,,Tissue,False,"tissuue world mfg & trading co., ltd"
MM2025087XGEQDH,"Asia Myint Moh Co., Ltd","170/176, Room 406, 4th Floor, Bo Aung Kyaw Street, MGW Centre, Botahtaung, Yangon",16.7724909,96.1646322,,,,Tea Leaves|Clothing,False,"asia myint moh co., ltd"
MM2025087XGQ4QH,"Global Apparel Textile (Myanmar) Mfg Co., Ltd","42, Blk (143/1), Kyansitthar Yeik Mon Industrial Zone, South Dagon, Yangon",16.8594042,96.2835458,,,,Sweater|Pants (Men)|Jackets|Polo Shirts,False,"global apparel textile (myanmar) mfg co., ltd"
MM2025087XJFX1E,"Zhong Xin Auto Machinery Trading Co., Ltd.","FS (15), G Flr, Bayint Naung Rd., Shwe Sabei Yeikmon, Ward (4), Kamaryut, Yangon, Myanmar, Kamaryut, Yangon",16.8290031,96.1221113,,,,Machinery,False,"zhong xin auto machinery trading co., ltd."
MM2025087XK4SWV,Yuan Hong Garment Company Limited,"Plot No (94+95), Block No (25), Shwe Lin Ban Industrial Zone, Hlaing Tharyar Township, Yangon.",16.914015,96.0652719,,,,,False,yuan hong garment company limited
MM2025087XKJ90X,"Min Nwe Trading Co., Ltd","126/A, 4th Floor, Dhama Zayti Road, Business Alliance Hotel, Shwe Gon Daing (West) Ward, Bahan, Yangon",16.8058176,96.1456187,,,,Cosmetics|Cotton|Artificial hair for women,False,"min nwe trading co., ltd"
MM2025087XPB5E3,"Yadanar Theingi Industrial Co., Ltd.","No.9, BayintNaung Road, West Gyogone, DOF Compound, Insein Township, Yangon, Myanmar, Insein, Yangon",16.873332,96.1119528,,,,Aquatic Product|Shrimp Meat,False,"yadanar theingi industrial co., ltd."
MM2025087XPSSKA,"Aung Thiha Co., Ltd","5, Sagawah Street, Aye Yeik Mon Housing, Hlaing, Yangon",16.8379817,96.1199262,,,,Green Gram|Rice|Black Gram,False,"aung thiha co., ltd"
MM2025087XQTNE3,"A & Z International Co., Ltd","46/B, Rm 4/C, 4th Floor, Pan Tro Street, Phayargyi Ward, Dagon, Yangon",16.6556717,96.0185137,,,,Prawn|Fish|Crop,False,"a & z international co., ltd"
MM2025087XRS5X2,Gaurav Int'l Ltd,"429/437, Room-5/E, 6th Floor, Merchant Road, Yadanar Myaing Condo, Botahtaung, Yangon",16.7761023,96.1689619,,,,Green Gram|Black Gram|Pigeon Pea,False,gaurav int'l ltd
MM2025087XRTXB9,"Ayeyar Hinthar Holding Co., ltd","No 531, Room (1103-1106) 11th Flr, Lower Kyee Myin Daing Rd, Ye Ta Khon Tower, Kyeemyindine, Yangon",16.8086025,96.1228751,,,,Rice|Rice,False,"ayeyar hinthar holding co., ltd"
MM2025087XRZ8FX,"Aung Moe Khine Manufacturing Co., Ltd.","Aquaculture Zone, Thida Myaing Quarter, Kyauk Tan Township, Yangon., Kyauk Tan, Yangon",16.6223145,96.2960283,,,,Aquatic Product,False,"aung moe khine manufacturing co., ltd."
MM2025087XS30R3,"Nadi Pacific Apparel Co., Ltd","No.107 Twin Thin Tike Wun U Tun Nyo St., Industrial Zone (2), Hlaingtharya, Yangon",16.9013508,96.2369004,,,,Warm Coat|Seamsealing Jacket and Pants|Down Jackets|Padding Jacket,False,"nadi pacific apparel co., ltd"
MM2025087XWKX50,"Yoyika Garment Co., Ltd","Plot No 339, Myay Taing Block (YaLaPa-25), Shwe Lin Ban Industrial Zone, Hlaing Tharyar Tsp, Yangon.",16.914015,96.0652719,,,,,False,"yoyika garment co., ltd"
MM2025087XXGNCX,Anawar Fisheries Holdings Ltd,"Nyaung Dan Jetty, Lower Pazuntaung Road, Pazuntaung Township, Yangon, Myanmar., Pazuntaung, Yangon",16.7748334,96.1795174,,,,Shrimp Meat,False,anawar fisheries holdings ltd
MM2025087XXJJEY,Ngwe San Eain Cotton (Taungyi) Company Limited,"No (2/335), Ngwe Sandar Street, Phayar Phyu Quarter, Taungyi Township, Southern Shan State",20.8158883,97.0445653,,,,,False,ngwe san eain cotton (taungyi) company limited
MM2025087XXQ86H,Ocean Harvest (Myanmar) Ltd,"118/B, Yadanar Street, Shwe Pauk Kan Industrial Zone, North Okkalapa, Yangon",16.9145451,96.1498024,,,,Prawn|Fish,False,ocean harvest (myanmar) ltd
MM2025087XZDXSH,"Happy Star Co., Ltd","26/B, Ah Wai Yar Street, Ward (15), Yankin, Yangon",16.8313127,96.1709944,,,,Ginger|Gram Whole|Black Gram,False,"happy star co., ltd"
MM2025087XZT0PY,"Myan Kor Global Holding Services Co., Ltd","803, Wai Za Yan Dar 18th Street, 6th East Ward, Thaketa, Yangon",16.7940862,96.2091457,,,,Fish|Squid|Crab|Prawn|Winkle,False,"myan kor global holding services co., ltd"
MM2025087XZXSZ3,"Yangon Fishery Development Co., Ltd","2/24/A, Bay Kyin Street, Gyoh Gone (West) Ward, Insein, Yangon",16.6739313,96.1405236,,,,Fish Flour|Fish|Prawn,False,"yangon fishery development co., ltd"
MM2025087Y2RFZR,"Asia Guiding Star Services Co., Ltd.","83, Rm 5/A, Dhama Zayti Rd., Sanchaung, Yangon, Myanmar, Sanchaung, Yangon",16.8062178,96.1341431,,,,,False,"asia guiding star services co., ltd."
MM2025087Y3GVGE,"Smile Happy Co., Ltd","478, Kyansitthar Street, Shwelinban Industrial Zone, Hlaingtharya, Yangon",16.914015,96.0652719,,,,Honey|Apiculture,False,"smile happy co., ltd"
MM2025087Y3H0X1,"San Htoo San Export & Import Co., Ltd.","No.(387), Lower Pazundaung Street, Pazundaung T/S, Yangon., Pazundaung, Yangon",16.7752703,96.1782476,,,,Green Bean,False,"san htoo san export & import co., ltd."
MM2025087Y49A4B,"Kripa Trading Co., Ltd","Km-405, 4th Flr, La Pyi Wun Plaza, Dagon, Yangon",16.8269515,96.1278264,,,,Veneers|plywoods,False,"kripa trading co., ltd"
MM2025087Y4W17R,KM Healthcare Myanmar Company Limited,"No (35), Special Zone (3), Nyaung Inn Village, Bago Industrial Zone, Bago Division.",17.2504782,96.4532158,,,,,False,km healthcare myanmar company limited
MM2025087Y5G6CQ,Versatile Company Limited.,"221, Myinwun U Ag Thu Street, Hlaing Tharyar Industrial Zone (2), Hlaing Tharyar Township, Yangon.",16.8064449,96.1798337,,,,,False,versatile company limited.
MM2025087Y7MF60,"Mandalay Shwe Yi Co., Ltd","No.34, Ma Naw Hari Road, Dagon Tsp, Yangon., Dagon, Yangon",16.7913077,96.1390556,,,,provides healthy foods,False,"mandalay shwe yi co., ltd"
MM2025087Y7RTBM,"Nine Seas Trading Co., Ltd","79/81, Room-2006, 2nd Floor, Anawrahta Road, Central Tower, Kyauktada, Yangon",16.7765363,96.1639959,,,,Rice,False,"nine seas trading co., ltd"
MM2025087Y7XZAX,Shwe Myanmar Oo Rice Warehouse,"Corner of 85th Street, 33rd Street, West of Aung Nan Yeik Thar, Chanayethazan, Mandalay",21.9764442,96.0944003,,,,Rice,False,shwe myanmar oo rice warehouse
MM2025087Y8EC3N,"929 Co., Ltd","17/18, Balar Kon Htoke Street, Balar Village, Hlegu, Yangon",17.0948072,96.2110521,,,,Skirt|Pants,False,"929 co., ltd"
MM2025087Y8HGPF,Gold Yacht Company Limited.,"No (82), Twin Thin Taik Wun U Tun Nyo Street, Hlaing Tharyar Industrial Zone (1), Hlaing Tharyar Township, Yangon.",16.8436582,96.0811843,,,,,False,gold yacht company limited.
MM2025087Y901VN,"The K-world Co., Ltd","120, Shwe Bo Street, Zone (7), Hlaingtharya, Yangon",16.8830095,96.0791184,,,,Jackets,False,"the k-world co., ltd"
MM2025087Y9QM26,OM Diamond & Jewellery,"1, Than Phyu Shed, Bogyoke Aung San Market, East Wing, Pabedan, Yangon, Myanmar, Pabedan, Yangon",16.7802529,96.1558196,,,,Gems,False,om diamond & jewellery
MM2025087YAFFYP,Direct 2U (US products),"Unit 02-01, 2nd Flr, Pyay Rd., Corner of Min Ye Kyaw Swar Rd., City Mall (St.John), IT Zone, Lanmadaw, Yangon, Myanmar, Lanmadaw, Yangon",16.7828925,96.1443052,,,,Kitchenware,False,direct 2u (us products)
MM2025087YAGNYX,"Top Form Myanmar Co., Ltd","No.614, Myitta Lin Myaing Rd, Aung Chan Tha Quarter, Myitta Lin Myaing Village, Myawaddy",16.6842708,98.5007116,,,,,False,"top form myanmar co., ltd"
MM2025087YB46KR,Su Zhong Clothing Limited,"Plot No.35, Myay Taing Block No.25, Min Theikdi Kyaw Swar Street, Shwe Lin Ban Industrial Zone, Hlaing Thar Yar Tsp, Yangon",16.914015,96.0652719,,,,,False,su zhong clothing limited
MM2025087YC3NH5,"Hanboom(Myanmar) Garment Co., Ltd","Plot No.480, Wat Ma Soot Win Htauk Street Myay Taing Block No.25, Shwe Lin Ban Industrial Zone, Hlaing Thar Yar Tsp, Yangon.",16.914015,96.0652719,,,,,False,"hanboom(myanmar) garment co., ltd"
MM2025087YCH2H0,Atelier E & M International Company Limited.,"No (214), Kant Kaw Street, South Dagon Industrial Zone (3), South Dagon Township, Yangon.",16.8411913,96.2243034,,,,Petticoat|Bolero|Veil|Wedding Dress,False,atelier e & m international company limited.
MM2025087YD8ZBF,"Bailongma Co., Ltd","No.16, Weilk Zar Nyi Naung Street, 9 miles, Mayangone Township, Yangon, Mayangone, Yangon",16.8648837,96.1019732,,,,Sorghums,False,"bailongma co., ltd"
MM2025087YDTVN7,Bravo International Manufacturing Company Limited.,"No. (172-A), U Shwe Bin St, 113 Quarter, East Dagon, Yangon",16.8879224,96.210629,,,,,False,bravo international manufacturing company limited.
MM2025087YECYMW,"Myanmar Yulin Co., Ltd","Plot No(C-10), Myay Taing Block No.(175), Kyi Su Industrial Zone, Dagon Myo Thit (Seikkan) T/s, Yangon., Dagon Myo Thit  (Seikkan), Yangon",16.7688409,96.1566754,,,,Rubber,False,"myanmar yulin co., ltd"
MM2025087YFVWF5,"Jerry Textile Co., Ltd","Plot No.210, Myay Taing block No.25, Shwe Lin Ban Industrial Zone, Hlaing Thar Yar Tsp, Yangon.",16.914015,96.0652719,,,,,False,"jerry textile co., ltd"
MM2025087YGYNQA,"Win Glory Int'l Mfg Co., Ltd","42, Bamaw Atwin Wun St, Industrial Zone (3), Hlaingtharya, Yangon",16.9212186,96.0568096,,,,Pajamas|Baby Wear,False,"win glory int'l mfg co., ltd"
MM2025087YHBMDD,"Eastern Silver Star Co., Ltd","8th Floor, 38th Street, Palaza, Kyauktada, Yangon",16.7779548,96.1629009,,,,Salts|Pomelo|Cucumber,False,"eastern silver star co., ltd"
MM2025087YHMYH4,CMS Apparel Yangon Company Limited,"No.(278/1), Cornor of Hlay Athinwin Wun U Chain street and Wun Saung Mhu Street, Shwe Lin Ban Industrial Zone, Hlaing Tharyar Tsp",16.914015,96.0652719,,,,Pants|Sport Wear,False,cms apparel yangon company limited
MM2025087YHVR8W,"Golden Orient Co., Ltd (GOC)","112, Yadanar Theingi Street, Industrial Zone (7), Hlaingtharya, Yangon",16.8830095,96.0791184,,,,Crab|Fish|Prawn|Shrimp Meat,False,"golden orient co., ltd (goc)"
MM2025087YMJTM4,Myanmar Pharmaceuticals & Medical Equipment Entrepreneurs Association,"No(29), 6th Floor, UMFCCI Tower, Min Ye Kyaw Swar Road, Lanmadaw Township, Yangon., Lanmadaw, Yangon",16.7829978,96.1413678,,,,Medicine,False,myanmar pharmaceuticals & medical equipment entrepreneurs association
MM2025087YNCF22,"Pro Myanmar Trading Co., Ltd","54, Hla Theingi Street, Industrial Zone, Dagon Seikkan, Yangon",16.8520683,96.2694608,,,,,False,"pro myanmar trading co., ltd"
MM2025087YNK8TT,Mahar Hpa An Production,"Plot (1, 2, 3, 4), Hpa An Industrial Zone (2), Group of San Pharee Village, Hpa-An, Hpa-An",16.9482233,97.700611,,,,Brasiar (Girl)|Underwear,False,mahar hpa an production
MM2025087YP91G0,"Gold Yacht Co., Ltd (Shwe Ywet Hlay)","82, Twin Thin Taik Wun U Tun Nyo Street, Hlaingthatyar Industrial Zone (1), Hlaingtharya, Yangon",16.8436582,96.0811843,,,,Jackets|Pants|Brassiere & Biref,False,"gold yacht co., ltd (shwe ywet hlay)"
MM2025087YPJASV,"Goldenberg Myanmar Int'l Co., Ltd","284/285/277, Set Hmu 6th Street, Industrial Zone (1), Shwepyitha, Yangon",16.8330415,96.2190137,,,,Hand Bag|Wallet,False,"goldenberg myanmar int'l co., ltd"
MM2025087YQ199T,"Shwe Pyi Ya Trading Co., Ltd","21, Corner of 88th Street & 11st Street, Aungmyaythazan, Mandalay",21.9992205,96.0739222,,,,Sugar,False,"shwe pyi ya trading co., ltd"
MM2025087YQVFSA,"Zhen Dan (Myanmar) Knitting Industry Co., Ltd","Plot No.367, Myay Taing Block No.49, Wartayar Industrial Zone, Shwe Pyi Thar Tsp, Yangon",16.9753379,96.0785104,,,,,False,"zhen dan (myanmar) knitting industry co., ltd"
MM2025087YRPY3Z,Ah Yee Taung Pickted Tea Leaves,"No(181)/5, 86 Street, 24x25 between Yae Kyi Ward, Mandalay, Myanmar., Mandalay, Mandalay",21.9889231,96.077445,,,,Tea Leaves,False,ah yee taung pickted tea leaves
MM2025087YRRXZW,"Brothers(Myanmar) Co., Ltd","Plot (21), Myay Taing Block No.(24), Ngwe Pin Lal Industrial Zone, Hlaing Tharyar Tsp, Ygn.",16.9274,96.0656,,,,Long Pants|Woven Wear,False,"brothers(myanmar) co., ltd"
MM2025087YSETVC,New Generation Star Company Limited,"No(100).MAPCO Building, Between, Between Lanthit Street & Wardan Street, Seik-Kan Port Area, Seik-Kan Township, Yangon., Seik, Yangon",16.7754921,96.1421346,,,,Rice,False,new generation star company limited
MM2025087YTKM0H,"Thwin International Co., Ltd","RM (6), 2nd floor, 57 59, Yaw Min Gyi Street, Dagon, Yangon",16.781861,96.1549019,,,,Rice|Black Gram|Maize|Tamarind|Rubber,False,"thwin international co., ltd"
MM2025087YTW4KX,"New Asia Co., Ltd","65, Seikkan Thar Street, Ngwe Pin Lae Industrial Zone, Hlaingtharya, Yangon",16.7720932,96.163063,,,,Green Gram|Pigeon Pea,False,"new asia co., ltd"
MM2025087YV0N33,"Lin Aung Industrial & Production Co., Ltd.","Lin Thar Village, Thanttwe Township, Yangon, Myanmar., Thanttwe, Rakhine",18.4289182,94.3282595,,,,Shrimp Meat,False,"lin aung industrial & production co., ltd."
MM2025087YWM2KN,"Happy Sky Co., Ltd","42/50, Room-6/B, 6th Floor, Shwe Bon Thar Street, Diamond Condo, Pabedan, Yangon",16.7726556,96.1560572,,,,Black Eye Bean|Green Gram|Black Gram,False,"happy sky co., ltd"
MM2025087YWMDXA,Myanmar GF Company Limited.,"No (95), Set Mhu 6 Street, Shwe Pyi Thar Industrial Zone (1), Shwe Pyi Thar Township, Yangon.",16.9337149,96.0872415,,,,,False,myanmar gf company limited.
MM2025087YY3RKW,Shwe Thazin Syndicate Ltd,"17/18, Bahosi Housing Estate, Bogyoke Aung San Street, Lanmadaw, Yangon",16.7792342,96.1404381,,,,Green Gram|Black Gram|Sesame,False,shwe thazin syndicate ltd
MM2025087YYFSVH,Well Bom Int'l Ltd,"59, 1st Floor, 28th Street, Lower Middle Block, Pabedan, Yangon",16.8021992,96.1323313,,,,Green Gram|Black Gram|Pigeon Pea,False,well bom int'l ltd
MM2025087YZ4TZC,Needle Art Garment,"23, Daw Hla Khin Street, Baho Road, Mayangone, Yangon",16.8533446,96.1168601,,,,Suits|Underwears,False,needle art garment
MM2025087YZAC49,"Ashro Co., Ltd (VE)","79, B/1, B/2, Shwe Gone Daing Road, Near S.S.C Hospital, Shwe Gone Daing (East) Ward, Bahan, Yangon",16.8105428,96.1605383,,,,Rice|Sugar,False,"ashro co., ltd (ve)"
MM2025087YZP84H,"Aye Nyein Thar Co., Ltd.","Bldg;No.(15), Road No.(5/B), Ashae Kone Street, Sanchaung T/S, Yangon Region., Sanchaung, Yangong",16.8062445,96.1387686,,,,Crab,False,"aye nyein thar co., ltd."
MM2025087Z1XCQJ,"UBH Co., Ltd","No.49/51, (31) Street, Lower Block, (9) Ward, Pabedan, YANGON",16.7776497,96.1566754,,,,Rice,False,"ubh co., ltd"
MM2025087Z3FBFX,"Win Win Vermicelli Industry Co., Ltd","No.28, Upper Pansodan Street, Aung San Stadium Easterwing, Mingalar Taung Nyunt Township, Yangon, Myanmar., Mingalar Taung Nyunt, Yangon",16.7838551,96.160731,,,,Vermicelli,False,"win win vermicelli industry co., ltd"
MM2025087Z40J6D,"Ngwe Tike Soe Co., Ltd","7/D, Aye Tharyar Street, Man Aung Ward, Tamwe, Yangon",16.8251892,96.1729192,,,,Gram Whole|Pigeon Pea,False,"ngwe tike soe co., ltd"
MM2025087Z4D4QX,"Coastline Princess Co., Ltd","No.44, 1st Floor, Bogalay Zay Street, Botahtaung, Yangon",16.7716266,96.1656263,,,,Tumeric Fingers|Ginger,False,"coastline princess co., ltd"
MM2025087Z4NH61,"Sun Flower Lace Co., Ltd","D-7/D-9, Mingalardon Industrial Zone, Mingalardon, Yangon",16.9421429,96.1566754,,,,Crochet,False,"sun flower lace co., ltd"
MM2025087Z5X64X,"Yong Xin Co., Ltd","279, U Wisara Road, Corner of Shan Kone Street, Myay Ni Gone (North) Ward, Sanchaung, Yangon",16.8073003,96.1398356,,,,Rubber,False,"yong xin co., ltd"
MM2025087Z76N8V,"Shwe Pwint Ngwe Pwint Co., Ltd","16, Bogyoke Road, Near Shwe Wut Hlwar Motel, Ward (5), Myawaddy, Myawaddy",16.6891571,98.5022871,,,,Cashew Nuts|Onion|Ground Nuts|Broken Rice,False,"shwe pwint ngwe pwint co., ltd"
MM2025087Z85211,"Myanmar Nyunt Co., Ltd","106/108, 93th St, Kan Daw Kalay (east), Mingalar Taungnyunt, Yangon",16.7874914,96.1712596,,,,Bamboo Bean|Butter Bean|Black Gram|Pigeon Pea,False,"myanmar nyunt co., ltd"
MM2025087ZA41QQ,"Gaotai Garment (Myanmar) Co., Ltd","Myay Taing Block No.42, No72, Shwe Pyi Thar Tsp.",16.9806142,96.0722441,,,,,False,"gaotai garment (myanmar) co., ltd"
MM2025087ZADQ76,"Seven Tigers Trading Co., Ltd","4/ Thiri Myaing Street, Htauk Kyat (South) Ward, Mingalardon, Yangon",16.8501147,96.1186319,,,,Maize,False,"seven tigers trading co., ltd"
MM2025087ZDJ04M,"Blue Sky Myanmar (Apparel Myanmar)Co., Ltd","ShweYinAye(1)Street, No.128, Ind'l Zone(5), Hlaing Tharyar Tsp, Yangon",16.8819286,96.0573302,,,,,False,"blue sky myanmar (apparel myanmar)co., ltd"
MM2025087ZEN570,"Phoe Pyone Cho Co., Ltd","No(1), Pyaw Bawel Ward, Wundwin, Mandalay",21.5290175,95.9885456,,,,,False,"phoe pyone cho co., ltd"
MM2025087ZFEYHX,"Jingphaw City Development Co., Ltd","No.766, Myaymyint 13 street, Myitkyina, Myitkyina, Kachin State",25.3864765,97.3769824,,,,Shao Kaw ( Black Cardammon )|Cordcypes Traditional Gin ( Shipidi Syrup )|Grapefruit|Pickled Onion,False,"jingphaw city development co., ltd"
MM2025087ZG0K4R,"Y & S Co., Ltd","Unit B-10 & B-14, skytech Ind'l Park, No. 5&8, Kyansitthar Rd, Kyansitthar Ind'l Zone, 143/1 War, South Dagon Myo Thit, Tsp, Ygn",16.8520683,96.2694608,,,,Pets Clothes,False,"y & s co., ltd"
MM2025087ZHXBCP,"UMHC Co., Ltd","538-Ka, Block No - 28/Gha, 4 Highway Rd, Shwepyitha, Yangon",16.7827801,96.1506633,,,,Air Bag,False,"umhc co., ltd"
MM2025087ZJF950,Shwe Naga Minn Group of Companies,"101, 1st Floor, Between 39th Street & 40th Street, Anawrahta Road, Central Tower, Kyauktada, Yangon",16.7765363,96.1639959,,,,Rice,False,shwe naga minn group of companies
MM2025087ZMRTQE,Shwe Phone Pyae Shan General Eonomic Cooperative Ltd,"92, Min Ye Kyaw Swar 8th Street, Ward (7), South Okkalapa, Yangon",16.8548431,96.1821384,,,,Black Gram|Rice|Pigeon Pea,False,shwe phone pyae shan general eonomic cooperative ltd
MM2025087ZR78ZQ,Myanmar C & N Company Limited.,"No (41/42), Shwe Yin Aye Kyaung Road, Hlaing Tharyar Industrial Zone (5), Hlaing Tharyar Township, Yangon.",16.7859671,96.128909,,,,T shirt|Shirt|Kid Wear,False,myanmar c & n company limited.
MM2025087ZREYF4,Htoo San Linn Let Trading Company Limited,"No.(Kala-546)Pang Lone Kwet Thit, Kaung Hmu Lwel Quarter, Muse Tsp, Shan State, Myanmar., Muse Tsp, Yangon",23.9932884,97.9102647,,,,Rice,False,htoo san linn let trading company limited
MM2025087ZTX9P7,"Shwe Sakar Co., Ltd","18/19, Thilawa Street, Alwan Soake Village, Thanlyin, Yangon",16.6836797,96.260638,,,,Jackets|Dresses|Pants,False,"shwe sakar co., ltd"
MM2025087ZVF779,"Myanmar Full Win Safety Co., Ltd","76, Corner of U Tun Nyunt Street & Pyin Si Min Thar Gyi Street, Shwelinban Industrial Zone, Hlaingtharya, Yangon",16.9022615,96.0652719,,,,Glove,False,"myanmar full win safety co., ltd"
MM2025087ZW6YWD,"Sunrise (Myanmar) Fashion Co., Ltd","No.81, Myay Taing Block No.51, Thardukan Ind'l Zone, Shwe Pyi Thar Tsp",16.991312,96.084688,,,,,False,"sunrise (myanmar) fashion co., ltd"
MM2025087ZWVGE6,"Rose Golden Mountain Trading Co., Ltd","13/B, Tharyar Shwe Pyi Street, Ward (16), Yankin, Yangon",16.8900966,96.1676251,,,,Shirt,False,"rose golden mountain trading co., ltd"
MM2025087ZY1TQ1,"Four Nines Co., Ltd","No-80, 1St Flr, 29th Street, Lower Middle Block, Pabedan, Yangon",16.7776497,96.1566754,,,,Pigeon Pea,False,"four nines co., ltd"
MM2025087ZYWM0Z,"Tha Shu (Myanmar) Glory Fashion Co., Ltd","Plot No.123, Myay Taing No.14, Shwe Thanlwin Industrial Zone, Hlaing Tharyar Tsp, Yangon",16.8819286,96.0573302,,,,,False,"tha shu (myanmar) glory fashion co., ltd"
MM2025087ZZF3BD,Mandalay Rice Miller's Development Company Limited,"No(86/9) 86 St, Between 16 and 17St, Aung Myay Thar Zan Tsp, Mandalay., Aung Myay Thar Zan, Mandalay",22.000769,96.072764,,,,Rice,False,mandalay rice miller's development company limited
MM20250881Z03J8,"Hlaing Htate Khaung Co., Ltd","449/A, Seikkanthar Street, Shwe Lin Ban Industrial Zone, Hlaingtharya, Yangon",16.914015,96.0652719,,,,Fish,False,"hlaing htate khaung co., ltd"
MM20250886KBAPQ,"Nantong Great One Myanmar Co., Ltd","70, Twin Thin Wun U Tun Nyo Street, Industrial Zone (2), Hlaingtharya, Yangon",16.8341487,96.230958,,,,Warm Coat,False,"nantong great one myanmar co., ltd"
MM2025088DZ68JZ,"Mya Ayar Manufacturing Co., Ltd","55, Bagan - Naung Oo Street, East Dagon Extended Industrial Zone - 2, South Dagon, Yangon",16.8341487,96.230958,,,,Coconut Oil|Coconut Powder|Coconut Product : Copra Coconut Oil (CNO)|Hair Oil Bottles,False,"mya ayar manufacturing co., ltd"
MM2025088KX44DR,"Myanmar Handsome Garment Co., Ltd","107, Padaewon U Shwe Pyin Street, EaStreet Dagon Industrial Zone (1), East Dagon, Yangon",16.9333352,96.3013432,,,,Staff Wear (Uniform)|Jackets,False,"myanmar handsome garment co., ltd"
MM2025088MYEF02,"Wege Garment Co., Ltd","11, Lower Mingalardon Td, Sint Ngu Ward, Insein, Yangon",16.932332,96.1017312,,,,Swim Suit|Jackets|Long Pants,False,"wege garment co., ltd"
MM2025088NXQ03Z,"Myanmar Tah Hsin Industrial Co., Ltd","No.3 Main Rd, Mingalardon Industrial ParK, Mingalardon, Yangon",16.9421429,96.1566754,,,,Sport Wear|Rain Coat,False,"myanmar tah hsin industrial co., ltd"
MM2025088PAJ2RZ,"Min Zarni Co., Ltd","4/Kha-1, Hlaing River Street, Thaung Gyi Ward, Industrial Zone (1), Hlaingtharya, Yangon",16.8888315,96.1088708,,,,Crab|Fish|Prawn,False,"min zarni co., ltd"
MM2025088X66RZK,"Mingalar Sumbiri Garment Co., Ltd","27, 7th Street, Yangon Industrial Park, Mingalardon, Yangon",16.9969497,96.1420947,,,,Underwear,False,"mingalar sumbiri garment co., ltd"
MM2025088Y2B1ED,"JOC Myanmar Garment Co., Ltd","Plot (5), Myay Taing Blk (E-12), Thardukan Industrial Zone, Shwepyitha, Yangon",16.9845706,96.0922922,,,,Coat (Men)|Jackets,False,"joc myanmar garment co., ltd"
MM20250918PABXX,Honeys Garment Company Limited. (Factory 2),"No (B-4), Mingaladon Industrial Zone Park, Mingaladon Township, Yangon",16.9969115,96.1421253,,,,,False,honeys garment company limited. (factory 2)
MM2025091HPA0GE,Htike Htike Company Limited 2,"No (30), 76th Street, Between 9th & 10th Street, Myout Pyin Side, Mandalay Region",22.0150902,96.092379,,,,,False,htike htike company limited 2
MM2025091SCYDGD,Honeys Garment Company Limited (Factory 1),"No (132), Yangon Industrial Zone (1), Mingaladon Garden City, Yangon, Myanmar",16.9969497,96.1420947,,,,,False,honeys garment company limited (factory 1)
MM20250932DDATF,E ENTERPRISES LTD. (MYANMAR) - YANGON,"No.27, Than Chat Wun U Myu Road, East Dagon Industrial Zone, Yangon",16.8908169,96.2508702,,Elan Group|Elan Group,,,False,e enterprises ltd. (myanmar) - yangon
MM20250933648AE,E ENTERPRISES LTD. (MYANMAR) - MANDALAY,"Corner of 43rd and 53rd Street, No.M-38, Ye Mon Taung Ward, Maharaungmyae Tsp, Mandalay",21.9251147,96.1249598,,Elan Group|Elan Group,,,False,e enterprises ltd. (myanmar) - mandalay
MM202509337HV38,Myanmar Solar Power - Myeik Branch,"No. A-3, Kayay Yeik Mon Housing, Thakata (Thaekwin), Kangyi Ward, Myeik",12.4492291,98.6270628,,null|null,,,False,myanmar solar power - myeik branch
MM202509357D33E,Myanmar Solar Power - Yangon Branch,"No.(145/A2), Thiri Mingalar Street, 4 Ward, 8 Miles, Mayangone Township, Yangon",16.8686626,96.1392787,,null|null,,,False,myanmar solar power - yangon branch
MM20250936617GK,Myanmar Solar Power - Naypyitaw Branch,"No.65A/65B, YANGON-MANDALAY Highway Road ( Old Road, Paung Laung Ward (2), Pobbathiri Township, NAYPYITAW, PYINMANAR",19.1405556,96.3512026,,null|null,,,False,myanmar solar power - naypyitaw branch
MM2025093ATHSFC,Myanmar Solar Power - Mandalay Branch,"Corner of 78x42St, YANGON-MANDALAY Main Road, Chan Myae Thar Si Tsp, MANDALAY",21.9588282,96.0891032,,null|null,,,False,myanmar solar power - mandalay branch
MM2025093C9HN8J,Htike Htike Company Limited 1,"No (389/390 & 391) Sagaing Street, South Dagon Industrial Zone (1), South Dagon Township, Yangon",16.833343,96.2200662,,,,,False,htike htike company limited 1
MM2025093E4XMBX,E ENTERPRISES LTD. (MYANMAR) - PAKOKKU,"No. 154, Lane -2, Pakokku Industrial Zone, Pakokku Township",21.3394161,95.0702794,,Elan Group|Elan Group,,,False,e enterprises ltd. (myanmar) - pakokku
MM2025093TDQGDA,E ENTERPRISES LTD. (MYANMAR) - MAGWAY,"No.315, Myopat Street & Corner Street of Yanaung 13th Street, Yanaung Ward, Magway",20.1531774,94.9493784,,Elan Group|Elan Group,,,False,e enterprises ltd. (myanmar) - magway
MM2025093V4HTF8,Sein Gabar Plastics and Woven,"Near Yan-Kin Hill, Pa Thein Gyi Township",21.984834,96.1679447,,"DG General Trading Co., Ltd.|DG General Trading Co., Ltd.",,,False,sein gabar plastics and woven
MM2025093Z7M0BM,ELAN LOGISTICS LTD,"#1217, 12th (A) Floor, SAKURA Tower 339, Bogyoke Aung San Road, Kyauktada Township, Yangon, Myanmar 11181",16.7852376,96.1827007,,Elan Group|Elan Group,,Transportation|Logistics|Transportation|Logistics,False,elan logistics ltd
MM202510547ABKW,"Aung Naing Yoma Thitsar Co., Ltd","Plot 991, Kyaung Gone Kwin, Padeegone Village Tract, Thaegone Township, Pyay District, Bago Region",18.9147053,95.5617279,,,,Rice,False,"aung naing yoma thitsar co., ltd"
MM20251054R83TA,"Tet Tun Khaing Family Co., Ltd","No(635), Sandaku (7) Quarter, ALung Payar Road, Tamu Tsp, Sagaing.",24.2198843,94.3102879,,,,Rice,False,"tet tun khaing family co., ltd"
MM20251054SX1X1,Myanmar Agribusiness Public Company Limited,"No(100), Corner of Wardan Street & Kan Nar Street, Beside the concrete Express Way, Wardan Port Area, Seik Kan (Port) Tsp, Yangon.",16.7688409,96.1566754,,,,Rice,False,myanmar agribusiness public company limited
MM2025105538250,"Rakhine Rice & Paddy Co., Ltd","No.26, 43rd Street, 6 Quarter, Botahtaung Tsp, Yangon.",16.7698153,96.1659248,,,,Rice,False,"rakhine rice & paddy co., ltd"
MM20251055J9JWQ,"Hein Thit Shin Co., Ltd","No(166), 34th street (Upper Block), Kyauktada Tsp, Yangon.",16.7775042,96.1599404,,,,Rice,False,"hein thit shin co., ltd"
MM20251055PZF6R,"Bhome Kyaw San Co., Ltd","105 Mile, Mine Yu Village, Muse Tsp, Northern Shan State.",23.9808991,97.9783593,,,,Rice,False,"bhome kyaw san co., ltd"
MM20251058GZ5QW,"Myanmar Morning Sun Co., Ltd","B (32), Shwe Kan Thar Housing, (15) Ward, Hlaingtharyar Tsp, Yangon.",16.846444,96.1178519,,,,Rice,False,"myanmar morning sun co., ltd"
MM2025105A2YZDZ,"Pan Tha Pyay Co., Ltd","No.127, Ground Floor, 21st Street, Latha Tsp, Yangon.",16.7746602,96.1509038,,,,Rice,False,"pan tha pyay co., ltd"
MM2025105ADEM35,"Precious Myanma Heart Co., Ltd","No.61, Shwe Kyar Yan Housing, Pinlon Street, North Dagon Tsp, Yangon.",16.810182,96.1245318,,,,Rice,False,"precious myanma heart co., ltd"
MM2025105FA3WPQ,"Royal Galaxy Star Co., Ltd","G/79-D, Padauk Street, Bayint Naung, Mayangone Tsp, Yangon.",16.8861174,96.1852131,,,,Rice,False,"royal galaxy star co., ltd"
MM2025105HGX8S8,Swiss Singapore Overseas Enterprise Pte.Ltd,"#19-01/02/03, Sule Square, No.221, Sule Pagoda Road, Kyauktada Tsp, Yangon",16.7772679,96.1586728,,,,Rice,False,swiss singapore overseas enterprise pte.ltd
MM2025105JT0T5M,"Tharaphusan Rice Trading Co., Ltd","101B, 1st Floor, 27 Street (Middle), Pabaedan Tsp, Yangon.",16.7769571,96.1550291,,,,Rice,False,"tharaphusan rice trading co., ltd"
MM2025105NA992W,Kaung Hlaing General Trading Cooperative Limited,"No(7), Lanthit Street, Nanktharkone Quarter, Insein Tsp, Yangon",16.8885674,96.1085886,,,,Rice,False,kaung hlaing general trading cooperative limited
MM2025105QAP7V2,"DA International Co., Ltd","No(105), 50th Street (Middle Block), Pazundaung Tsp, Yangon.",16.7749301,96.1711843,,,,Rice,False,"da international co., ltd"
MM2025105QG4S1E,"Yoma Sun Co., Ltd","No.268, Room No.14(C), 14th Floor, Dagon Center (2), Pyay Road, Sanchaung Township, Yangon.",16.8044981,96.1375101,,,,Rice,False,"yoma sun co., ltd"
MM2025105VVZFT7,"Bamar Commodity Trading Co., Ltd","No.19 Malikha Street, (7) Ward, Mayangone Tsp, Yangon.",16.8618274,96.1114065,,,,Rice,False,"bamar commodity trading co., ltd"
MM2025105WQDXSZ,"Linn Mahar (Myanmar) Co., Ltd","Unit 1(I), Tower C, Royal Sinmin Condo, Alone Tsp, Yangon.",16.7889457,96.1245215,,,,Rice,False,"linn mahar (myanmar) co., ltd"
MM2025105XGQ39S,"Kyaw Kyaw Htun Co., Ltd","No.116/118, 4th A, Bogalay Zay (Upper Block) Botahtaung Tsp, Yangon.",16.7716266,96.1656263,,,,Rice,False,"kyaw kyaw htun co., ltd"
MM2025105XQBNFC,"United Group of Trading Co., Ltd","No.440, Waizayantar Road (Corner of Waizayantar Road and Thitsar Road), (3) Ward, South Okkalapa Tsp, Yangon.",16.8358274,96.1627007,,,,Rice,False,"united group of trading co., ltd"
MM2025105ZACWYR,"Aung Naing Thitsar Co., Ltd","No.268, Room No.14(C), 14th Floor, Dagon Center (2), Pyay Road, Sanchaung Township, Yangon.",16.8044981,96.1375101,,,,Rice,False,"aung naing thitsar co., ltd"
MM2025149DVZFZ6,TMMI Manufacturing Co.Ltd,"Plot No.B-4, Myay Taing Block No.175, Kyisu Industrial Zone, Dagon Myothit (Seikan) Township, Yangon, 11071",16.8704983,96.2429045,1000|1000-16000,,,Outdoor wear and outdoor products|Outdoorwear,False,tmmi manufacturing co.ltd
MM2025149XQEA1Y,Li Chung Enterprise Co.| Ltd.,"No., 558, Lower Mingalardon Road., East Ywathit, Aung San., Yangon, Yangon, 11011",16.9234365,96.0981958,51-500,,,Outdoor products|Outdoorwear,False,li chung enterprise co.| ltd.
MM20251606Z08C3,Rhino Cement Factory,"Myaing Ka Lay (Ywar Gyi), Hpa-An Township, Hpa-An District, Kayin State, 10311, Myanmar",16.877541,97.587079,,Myanmar Economic Corp,,Cement|Cement,False,rhino cement factory
MM2025160940G6D,"Mawlamyine Cement Ltd, Mawlamyine","Kyaikmaraw Township, Mawlamyine District, Mon State, Myanmar",16.365212,97.832081,,Mawlamyine Cement Ltd|Siam Cement PCL,,Cement|Cement,False,"mawlamyine cement ltd, mawlamyine"
MM2025160HE3FSM,Jiashihao (Myanmar) Limited,"Kha Yay Street, No. 77A 42-Waroad, Industrial Zone 1, Shwe Pyi Thar Township, Yangon",16.9753379,96.0785104,1725,,,,False,jiashihao (myanmar) limited
MM2025160PAG2WR,Tiger Head Cement Factory,"Naung Khan Naung Khan Khan Naung Kaukse Township, Kyaukse District, Mandalay, Myanmar",21.512238,96.300802,,U.E. Export Import Co Ltd,,Cement|Cement,False,tiger head cement factory
MM2025160WK4B3B,Crown Cement Factory,"Lauk Hpan, Nawnghkio Township, Kyaukme District, Shan State, TaAng State, Myanmar",22.355843,96.703721,,NGWE YI PA LE' Cement Co Ltd,,Cement|Cement,False,crown cement factory
MM20251823W4DZX,"GOLDEN THEPARERG CO., LTD.","NO. 476, INDUSTRIAL ZONE 1, MOGOKE STREET DAGON MYO THIT (SOUTH), YANGON 11431",16.8704983,96.2429045,1-999,Theparerg co. ltd,Textile or Material Production,,False,"golden theparerg co., ltd."
MM2025199VTHAFN,"Myanmar POSCO Steel Co Ltd, Mingalardon, Yangon","Mingaladon, Mingaladon District, Patti, Yangon City, Yangon, 11023, Myanmar",17.003514,96.140141,,POSCO,,,False,"myanmar posco steel co ltd, mingalardon, yangon"
MM2025205ZFYYM8,"K-Won & Micc Co., Ltd.","No. 20 (Branch), (B/4YGN), Insein-Mingalardone Road, Insein Township, Aung San Myo, 00000, Yangong",16.9054364,96.0978485,1001-5000|1001-5000,,,,False,"k-won & micc co., ltd."
MM2025219AK94D6,he mei company ltd.,Plot. No. 51; Myay Taing Block No. Yalapa 25; Hlaing Tharyar (West) Township Yangon Yangon,16.8812132,96.0503373,,,Final Product Assembly|Final Product Assembly|Final Product Assembly|Final Product Assembly|Final Product Assembly,,False,he mei company ltd.
MM2025219CKSBP8,"KPH Manufacturing Co., Ltd.","No. 7+8 Innwa St., Shwe pauk Kan Ind. Zone, North Okkalap Township, 999091, Yangon, Yangon",16.8477869,96.1745651,,,Final Product Assembly,,False,"kph manufacturing co., ltd."
MM2025219FSMZ3D,SOLE WAY (MYANMAR) GARMENT COMPANY LIMITED,"WAT MA SUT WUN HTAUK, HLAING THAR YAR, 11401, YANGON, Yangon",16.8812132,96.0503373,,,Final Product Assembly,,False,sole way (myanmar) garment company limited
MM202522582D6X6,Join-Profit Garment Co Ltd.,"Industrial Zone(3), Hlaing Thar Yar Township, No.(106), Kyan Sittar Street Hlaing Thar",16.8802957,96.0621604,,,,,False,join-profit garment co ltd.
MM202530816S8TG,Shan Yoma Cement Plant,"Taunggyi, Shan",20.702977,97.142261,,Shan Yoma Cement,,Cement|Cement,False,shan yoma cement plant
MM20253089AXVSJ,Kyangin Hinthada Cement Plant,"Hinthada, Ayeyarwady",18.306528,95.185552,,Ministry of Industry (Myanmar),,Cement|Cement,False,kyangin hinthada cement plant
MM20253089DZYBC,Myanmar Conch Cement (Alpha Cement) Cement Plant,"Kyaukse, Mandalay",21.591939,96.228894,,Myanmar Conch Cement Co Ltd,,Cement|Cement,False,myanmar conch cement (alpha cement) cement plant
MM2025308BZARSK,Yangon Print Company Ltd.,"No.22, 530 Quarter, Shwe Nanther Barlar Thikhwa Special Agriultural Zone, Thazin Street, Mingalardon Township, Yangon, Yangon, 11021",17.0335925,96.136987,26-50,,"Printing, Product Dyeing and Laundering",Outdoor wear and outdoor products,False,yangon print company ltd.
MM2025308DPMTQP,KBZ Taunggyi Cement Plant,"Taunggyi, Shan",20.747189,97.139538,,KBZ Development Co,,Cement|Cement,False,kbz taunggyi cement plant
MM2025308ENGHYG,Yojin Thilawa Cement Plant,"Thilawa, Yangon",16.689406,96.260105,,Yojin Myanmar Engineering Co Ltd,,Cement,False,yojin thilawa cement plant
MM2025308GB236M,Myanmar Sin Cement Plant,"Kyaukse, Mandalay",21.510669,96.289308,,Mandalay Cement Industries Co Ltd,,Cement|Cement,False,myanmar sin cement plant
MM2025308GDH4HH,Blue Diamond Cement Plant,"Phy Nyaung, Mandalay",20.793655,96.403296,,Highland Cement International Co Ltd,,Cement,False,blue diamond cement plant
MM2025308GSPS06,AAA Cement Mandalay Cement Plant,"Kyauk Chao, Mandalay",21.840137,96.255537,,Triple A International Co Ltd,,Cement|Cement,False,aaa cement mandalay cement plant
MM2025308K9EGFQ,Sin Minn Kyaukse Cement Plant,"Kyaukse, Mandalay",21.604788,96.256347,,Myanmar Economic Holdings Ltd,,Cement|Cement,False,sin minn kyaukse cement plant
MM2025308KQBPB4,Dragon Pinlaung Cement Plant,"Pinlaung, Shan",20.464647,96.670618,,Dragon Cement Co Ltd,,Cement|Cement,False,dragon pinlaung cement plant
MM2025308P5KVB2,Shwe Taung Pyi Nyaung Cement Plant,"Pyi Nyaung, Mandalay",20.86698,96.390851,,Shwe Taung Cement Co Ltd,,Cement|Cement,False,shwe taung pyi nyaung cement plant
MM2025308RZZXZ0,Thayet Cement Plant,"Thayet, Magway",19.307006,95.180193,,Ministry of Industry (Myanmar),,Cement|Cement,False,thayet cement plant
MM2025308TYJRWC,YTL Thilawa Cement Plant,"Thilawa, Yangon",16.679919,96.262315,,YTL Cement Myanmar Company Ltd,,Cement,False,ytl thilawa cement plant
MM2025308V7WSAF,AAA Cement Kyaukse Cement Plant,"Kyaukse, Mandalaya",21.963098,96.088765,,Triple A International Co Ltd,,Cement,False,aaa cement kyaukse cement plant
MM2025308WE0SSA,Max Cement Nay Pyi Taw Cement Plant,"Nay Pyi Taw (South), Naypyidaw Union Territory",19.516758,96.397157,,Max Myanmar Co Ltd,,Cement|Cement,False,max cement nay pyi taw cement plant
MM2025308X5NAN4,Double Rhinos Kyaukse Cement Plant,"Kyaukse, Mandalay",21.577615,96.235897,,Arr Thit Man Co Ltd,,Cement|Cement,False,double rhinos kyaukse cement plant
MM20253141NQMR4,Myingyan Myanmar Steel Plant,"Sar Khar village, Myingyan Township, Mandalay Region",21.377652,95.372079,354,Myanmar Economic Corp,,Steel Slab|Steel Billet|Steel|Finished Rolled Steel|Iron and Steel,False,myingyan myanmar steel plant
MM20253396YSKEG,Myainggalay Cement power station,"Hpa-an, Kayin",16.876601,97.585428,,Myanmar Economic Corp,,,False,myainggalay cement power station
MM2025339F8NDDR,Tigyit power station,"Piinlaung Township, Taunggyi, Shan",20.431292,96.703524,,Wuxi Huagaung Electric Power,,Electricity Generation|Power,False,tigyit power station
MM2025342249X3V,Ahlone power station,"Ahlone, Yangon",16.7765,96.1306,,Electric Power Generation Enterprise,,Electricity Generation|Power,False,ahlone power station
MM202534250F0MM,Thaton power station,"Thaton, Mon",16.964053,97.40665,,Electric Power Generation Enterprise,,Electricity Generation|Power,False,thaton power station
MM202534266CAEW,Ahlone (Toyo Thai) power station,"Ahlone, Yangon",16.778587,96.130801,,,,,False,ahlone (toyo thai) power station
MM2025342ENGXHD,Kyaukse power plant,"Kyaukse, Mandalay",21.60774,96.137409,,APR Energy Ltd,,Electricity Generation|Power,False,kyaukse power plant
MM2025342ESQ0S3,Max Power (Thakayta) power station,"Yangon, Yangon",16.811622,96.226606,,Maxpower Thaketa Co Ltd,,,False,max power (thakayta) power station
MM2025342G3TKM0,Kyaukse (PowerGen) power plant,"Kyaukse, Mandalay",21.667691,96.152935,,PowerGen Kyaukse Co Ltd,,Electricity Generation|Power,False,kyaukse (powergen) power plant
MM2025342GF94WM,Kyaukphyu (PowerChina) power station,"Kyaukphyu, Rakhine",19.422155,93.526482,,,,,False,kyaukphyu (powerchina) power station
MM2025342M0781G,Mawlamyine power station,"Mawlamyine, Mandalay",16.46644,97.653662,,Myanmar Lighting (IPP) Co Ltd,,,False,mawlamyine power station
MM2025342QJYYBW,Thaketa power station,"Yangon, Yangon",16.81,96.226,,Electric Power Generation Enterprise,,Electricity Generation|Power,False,thaketa power station
MM2025342QZPRM4,Myingyan II power station,"Myingyan, Mandalay",21.389598,95.375904,,VPower Group Holdings Ltd,,Electricity Generation|Power,False,myingyan ii power station
MM2025342R1GZTE,Ywama power station,"Yangon, Yangon",16.9,96.089,,,,Electricity Generation|Power,False,ywama power station
MM2025342SEG1PT,Myingyan power station,"Myingyan, Mandalay",21.386872,95.376656,,Sembcorp Myingyan Power Co,,,False,myingyan power station
MM2025342SW6SGG,Thaketa (U Energy) power station,"Yangon, Yangon",16.812192,96.226075,,U Energy Thaketa Power Co Ltd,,,False,thaketa (u energy) power station
MM2025342SZ43KY,Hlawga power station,"Yangon, Yangon",16.98,96.125,,Electric Power Generation Enterprise,,,False,hlawga power station
MM20253495YBD1F,MTM (Yangon) Limited,"No. 2, Kyan Sitthar Road, Industrial Zone 2, Dagon Seikkan Township, 11441, Yangon, Myanmar",16.8593155,96.2835635,300,MTM Corporation Limited,,Small Leather Goods|Backpacks|Charms|Wallets|Handbags,False,mtm (yangon) limited
MM20260645BG6SD,"Huasheng Garment & Garment Wash Co., Ltd.","Seik Kan Thar Street, No. 439, Shwe Lin Pan Industrial Zone, Hlaing Thar Yar Tsp, 11401, Yangon",16.8443499,96.0776755,1-1000,,,,False,"huasheng garment & garment wash co., ltd."
