Title,factory_name,date_reported,num_affected,buyers,response_action,allegation_summary,issue_groups,Response Link,source_link,factory_lower
#665 - Universal Apparel,Universal Apparel,2024-10-31,1200.0,"El Corte Inglés (Buyer),Mango (Former buyer),Moores (Buyer),Pronto Uomo (Buyer),Sfera (Buyer)","Universal Apparel allegedly supplies to or has previously supplied to Mango, El Corte Ingles (incl. for its brand Sfera), Pronto Uomo and Moores; El Corte Ingles provided a response to a request for comment from the Resource Centre, stating it is ceasing operations with the factoriy in January 2025, and will cease all relationships with suppliers in Myanmar in 2025. Pronto Uomo and Moores did not respond. Mango has previously informed us it no longer sources from Myanmar.","In October 2024, it was reported that workers at Universal Apparel are facing a series of violations, including mandatory overtime, with workers who do not work overtime subjected to verbal abuse, excessive production targets and workers facing verbal abuse to meet targets, workers denied paid leave and scolded if they take medical leave, the Workplace Coordination Committee being formed by the employer, lack of medicine at the clinic, and child workers who are working at the same level as adult workers.","Attacks on freedom of association,Child labour,Denial of leave,Gender-based violence and harassment,Harassment intimidation and abuse,Inhumane work rates and mandatory overtime,Unsafe working conditions",https://www.business-humanrights.org/en/latest-news/myanmar-universal-apparel-workers-face-series-of-labour-rights-violations-incl-intimidation-pressing-workers-to-meet-high-production-targets/?utm_source=mosaic&utm_medium=api,https://www.business-humanrights.org/en/latest-news/myanmar-labour-rights-abuses-reported-at-universay-apparel-factory/?utm_source=mosaic&utm_medium=api,universal apparel
#664 - Myanmar Jiale Fashion Garment,Myanmar Jiale Fashion Garment,2024-10-31,500.0,"Dub (Buyer),Hennes & Mauritz (H&M) (Former buyer),Inditex (Former buyer),New Yorker (Buyer),OYSHO (part of Inditex) (Former buyer),Shisky (Buyer),Zara (part of Inditex) (Former buyer)","Myanmar Jiale Fashion Garment allegedly supplies or has supplied to H&M, Inditex (for ZARA and OYSHO), Dub and Shisky; H&M provided a response to a request for comment from the Resource Centre, stating it had phased out production in the factory in 2024. Dub and Shisky did not respond. Inditex has previously informed the Resource Centre that it no longer sources from the factory.","In October 2024, it was reported that workers at Myanmar Jiale Fashion are facing a series of violations, including workers unable to withdraw withheld wages, verbal abuse if workers don't meet targets, low overtime pay, no benefits incl. Paid leave according to the law.","Denial of leave,Gender-based violence and harassment,Harassment intimidation and abuse,Inhumane work rates and mandatory overtime,Reduced wages and wage theft",https://www.business-humanrights.org/en/latest-news/myanmar-garment-workers-at-jiale-fashion-report-abuse-benefits-wage-theft/?utm_source=mosaic&utm_medium=api,https://www.business-humanrights.org/en/latest-news/myanmar-garment-factory-owner-withholding-workers-wages/?utm_source=mosaic&utm_medium=api,myanmar jiale fashion garment
#663 - Maiyibei (Yangon) Garment Manufacturing,Maiyibei (Yangon) Garment Manufacturing,2024-10-31,1200.0,"Alcott (Buyer),Hang Ten (Buyer),LPP Spółka Akcyjna (Buyer),Original Marines (Buyer),Sinsay (part of LPP S.A.) (Buyer)","Maiyibei (Yangon) Garment Manufacturing allegedly supplies to Alcott, Hang Ten, LPP (for Sinsay) and Original Marines; LPP provided a response to a request for comment from the Resource Centre. Alcott, Hang Ten and Original Marines did not.","In October 2024, it was reported that the Maiyi Bei Garment factory told workers who had returned to work after visiting their homes for the holiday were told they were not going to be paid for the holiday because they returned to work one day late. Workers also reported that underage workers are forced to work at the same level as their adult counterparts, the transport provided by the factory is too crowded, putting workers at risk, and workers are not receiving their full wages.","Child labour,Reduced wages and wage theft,Unsafe working conditions",https://www.business-humanrights.org/en/latest-news/myanmar-brands-asked-to-respond-to-leave-child-labour-allegations-at-maiyi-bei-garment-factory/?utm_source=mosaic&utm_medium=api,https://www.business-humanrights.org/en/latest-news/myanmar-workers-at-mai-yi-bei-garment-manufacturing-co-allege-wage-theft-poor-sanitation-and-safety-and-illegal-use-of-underage-workers/?utm_source=mosaic&utm_medium=api,maiyibei (yangon) garment manufacturing
#662 - Myanmar Qi Yuan,Myanmar Qi Yuan,2024-10-29,600.0,,,"In October 2024, it was reported that workers at Myanmar Qi Yuan Garment are facing a series of violations, including male workers forced to work as day labourers, receive low wages, stand while working, and face verbal abuse. Workers also reported facing denial of benefits, workers forced to buy soap for the toilets, no clinic or medicine at the factory, overtime shifts reduced after workers asked for an increase in meal allowance, workers fined for wasting fabric, workers forced to pay for gate passes to leave the factory and facing wage cuts, underage workers forced to work as day labourers and continuously without breaks, no breaks for workers to go to the toilet, workers suffering from heatstroke due to the fans not working, and materials piled up in the emergency corridor.","Child labour,Denial of leave,Denial of permanent contracts,Harassment intimidation and abuse,Inhumane work rates and mandatory overtime,Reduced wages and wage theft,Unsafe working conditions",,https://www.business-humanrights.org/en/latest-news/myanmar-workers-report-multiple-violations-at-garment-factory-incl-wage-deductions-verbal-abuse/?utm_source=mosaic&utm_medium=api,myanmar qi yuan
#661 - Aqua Shoe Factory,Aqua Shoe Factory,2024-10-29,,,,"In October 2024, it was reported that workers at Aqua Shoe factory were forced to work overtime everyday incl. on Saturdays, resulting in workers having to return home at night, facing safety issues, especially for those workers travelling long distances to and from the factory.","Inhumane work rates and mandatory overtime,Unsafe working conditions",,https://www.business-humanrights.org/en/latest-news/myanmar-workers-at-shoe-factory-forced-to-work-overtime-everyday-without-a-day-off/?utm_source=mosaic&utm_medium=api,aqua shoe factory
#660 - Prettex Myanmar,Prettex Myanmar,2024-10-29,500.0,,,"In October 2024, it was reported that workers at the factory are facing a series of violations, including workers not paid their owed overtime wages, workers forced to work late night for two consecutive days, workers forced to work overnight without the factory providing dinner or a ticket for the 5am shuttle bus, and workers working overtime on Saturdays and Sundays. It was also reported that the factory stated that there is a Workplace Coordination Committee, but the workers do not know who the members are.",Inhumane work rates and mandatory overtime,,https://www.business-humanrights.org/en/latest-news/myanmar-workers-forced-to-work-overtime-without-a-day-off/?utm_source=mosaic&utm_medium=api,prettex myanmar
#659 - Eternal Fashion,Eternal Fashion,2024-10-29,1.0,"Intersport (Buyer),TOREAD (Buyer),Zhejiang Semir Garment (Buyer)","Eternal Fashion allegedly supplies to Intersport, Semir Garment and Toread to respond; None of the brands provided a response to a request for comment from the Resource Centre.","On 22 October 2024, after workers at Eternal Fashion were required to work overtime until dawn, a worker returning home at 5am was struck by a taxi while crossing the road, after being dropped off by the shuttle bus. The worker sustained a severe head injury.","Inhumane work rates and mandatory overtime,Unsafe working conditions",https://www.business-humanrights.org/en/latest-news/myanmar-garment-workers-risk-accident-injury-returning-home-after-overnight-shifts-incl-co-responses/?utm_source=mosaic&utm_medium=api,https://www.business-humanrights.org/en/latest-news/myanmar-garment-workers-face-injury-or-death-in-road-accidents-after-overtime-shifts/?utm_source=mosaic&utm_medium=api,eternal fashion
#658 - Eternal Fashion,Eternal Fashion,2024-10-29,45.0,"Intersport (Buyer),TOREAD (Buyer),Zhejiang Semir Garment (Buyer)","Eternal Fashion allegedly supplies to Intersport, Semir Garment and Toread to respond; None of the brands provided a response to a request for comment from the Resource Centre.","On 21 October 2024, workers from Eternal Fashion factory were severely injured after a road collision involving a factory shuttle bus and another car. The bus was carrying 45 workers. Among the workers, one required abdominal surgery, one suffered a broken hand, and another sustained facial injuries. The factory refused to cover medical expenses for those workers that were injured but not classified as inpatients, and stated that they couldn’t approve leave, only providing unpaid leave for those workers who were unable to come to work due to trauma from the accident.","Denial of leave,Harassment intimidation and abuse,Unsafe working conditions",https://www.business-humanrights.org/en/latest-news/myanmar-garment-workers-risk-accident-injury-returning-home-after-overnight-shifts-incl-co-responses/?utm_source=mosaic&utm_medium=api,https://www.business-humanrights.org/en/latest-news/myanmar-garment-workers-face-injury-or-death-in-road-accidents-after-overtime-shifts/?utm_source=mosaic&utm_medium=api,eternal fashion
#657 - Eternal Fashion,Eternal Fashion,2024-10-29,10000.0,"Intersport (Buyer),TOREAD (Buyer),Zhejiang Semir Garment (Buyer)","Eternal Fashion allegedly supplies to Intersport, Semir Garment and Toread to respond; None of the brands provided a response to a request for comment from the Resource Centre.","In October 2024,  it was reported that workers at Eternal Fashion are at risk of injury and even death due to working overtime and leaving home in the early morning, as they are prone to accidents when returning home. For example, workers reported a car accident and a worker being hit by a bus. Workers who were involved in the car accident were denied paid leave if they were not inpatients, even if they are injured. Workers also reported that the Workplace Coordination Committee consists of people chosen by the employer, workers not given the same overtime pay, bonuses given only if workers reach their target, the factory pressuring those they don't like to quit and dismissing them, the factory taking money from workers and not returning the full amount, and the factory hiring new workers and moving workers they don't like to different work lines.","Attacks on freedom of association,Denial of leave,Inhumane work rates and mandatory overtime,Reduced wages and wage theft,Unfair dismissal,Unsafe working conditions",https://www.business-humanrights.org/en/latest-news/myanmar-garment-workers-risk-accident-injury-returning-home-after-overnight-shifts-incl-co-responses/?utm_source=mosaic&utm_medium=api,https://www.business-humanrights.org/en/latest-news/myanmar-garment-workers-face-injury-or-death-in-road-accidents-after-overtime-shifts/?utm_source=mosaic&utm_medium=api,eternal fashion
#656 - J-Land Myanmar,J-Land Myanmar,2024-10-28,800.0,"Guess (Buyer),Mango (Reported buyer)",J-Land Myanmar allegedly supplies or has previously supplied to GUESS and MANGO; GUESS did not provide a response to a request for comment from the Resource Centre. MANGO has previously informed the Resource Centre it does not source from the factory.,"In October 2024, it was reported that workers at J-Land Myanmar are facing a series of violations, including workers being publicly scolded for not working overtime and being transferred to different jobs in the factory, workers working everyday without a day off and being forced to work beyond the overtime that is agreed upon, workers not permitted to take their phones into the factory and as a result unable to inform their families of overtime shifts, denial of leave, and the hiring of around 100 underage workers who don't get equal wages to the rest of the workforce. The factory owner has reportedly instructed the manager to not take the WCC members seriously when they ask for help for the factory workers, and the WCC is not recognised.","Attacks on freedom of association,Child labour,Denial of leave,Gender-based violence and harassment,Harassment intimidation and abuse,Inhumane work rates and mandatory overtime,Reduced wages and wage theft",https://www.business-humanrights.org/en/latest-news/myanmar-garment-workers-forced-to-work-overtime-or-face-public-scolding-incl-co-response/?utm_source=mosaic&utm_medium=api,https://www.business-humanrights.org/en/latest-news/myanmar-garment-workers-forced-to-work-overtime-without-a-day-off-facing-verbal-abuse-if-they-refuse/?utm_source=mosaic&utm_medium=api,j-land myanmar
#655 - Myanmar Journey Bags,Myanmar Journey Bags,2024-10-24,300.0,Solo (Buyer),Myanmar Journey Bags allegedly supplies to Solo; Solo did not provide a response to a request for comment from the Resource Centre.,"In October 2024, it was reported that workers at Myanmar Journey Bags are facing a series of violations, including workers forced to work overtime for more than 20 hours incl. during the flooding season, if workers don’t work overtime for a long period they are suspended from normal work hours, workers forced to come in 10 minutes earlier than scheduled working hours, male supervisor being abusive and threatening towards women workers, workers watched while going to the restroom and receiving a warning, veteran workers dismissed, day labourers hired to do the same tasks as the permanent staff and dismissed, workers who resign denied their owed wages if they don’t give a resignation letter one month in advance, workers not permitted to bring phones into the factory, workers not allowed to talk to each other and forced to pay a fine if they are caught, and workers refused permission to go home when their homes were flooded and had to continue working.","Denial of permanent contracts,Gender-based violence and harassment,Harassment intimidation and abuse,Inhumane work rates and mandatory overtime,Reduced wages and wage theft,Surveillance,Unfair dismissal,Unsafe working conditions",https://www.business-humanrights.org/en/latest-news/myanmar-bag-factory-workers-allege-excessive-overtime-in-hazardous-conditions-gender-based-abuse-abusive-hiring-practices/?utm_source=mosaic&utm_medium=api,https://www.business-humanrights.org/en/latest-news/myanmar-workers-at-bag-factory-allege-excessive-and-forced-overtime-and-verbal-and-physical-harassment-and-abuse/?utm_source=mosaic&utm_medium=api,myanmar journey bags
#654 - Eternal Fashion,Eternal Fashion,2024-10-23,10000.0,"Intersport (Buyer),TOREAD (Buyer),Zhejiang Semir Garment (Buyer)","Eternal Fashion allegedly supplies to Intersport, Semir Garment and Toread to respond; None of the brands provided a response to a request for comment from the Resource Centre.","In October 2024, it was reported that workers at Eternal Fashion are facing a series of violations, including factory transportation carrying more people than it has capacity to, causing safety risks, workers having diarrhoea from drinking unclean water, and verbal abuse, discrimination and pressure if workers refuse overtime. Despite workers complaining to relevant labour departments and inspections taking place, no action has been taken.","Gender-based violence and harassment,Harassment intimidation and abuse,Inhumane work rates and mandatory overtime,Unsafe working conditions",https://www.business-humanrights.org/en/latest-news/myanmar-garment-workers-face-safety-risks-due-to-factory-transportation-incl-co-responses/?utm_source=mosaic&utm_medium=api,https://www.business-humanrights.org/en/latest-news/myanmar-labour-rights-violations-incl-mandatory-overtime-reported-but-no-action-taken/?utm_source=mosaic&utm_medium=api,eternal fashion
#653 - TV,TV,2024-10-22,,"Clique (part of New Wave Group) (Buyer),New Wave Group (Buyer)",TV allegedly supplies to New Wave Group (for Clique); New Wave Group provided a response to a request for comment from the Resource Centre. xxx did not.,"In October 2024, it was reported that workers at TV Garment Factory are facing a series of violations, including factory management refusing workers permission to go home despite flooding in the factory and the risk of electric shock. HR reportedly told workers if they go home their wages would be cut. Workers also reported that daily wages are not fixed, with non-payment of wages if workers take a day of leave and the non-payment of owed subsidies.","Denial of leave,Reduced wages and wage theft,Unsafe working conditions",https://www.business-humanrights.org/en/latest-news/myanmar-workers-denied-permission-to-return-home-following-flood-despite-health-risks-incl-co-response/?utm_source=mosaic&utm_medium=api,https://www.business-humanrights.org/en/latest-news/myanmar-garment-workers-prevented-from-returning-home-from-factory-following-flood/?utm_source=mosaic&utm_medium=api,tv
#652 - KBL Garment,KBL Garment,2024-10-19,900.0,David's Bridal (Buyer),KBL Garment allegedly supplies to David's Bridal; David's Bridal did not provide a response to a request for comment from the Resource Centre.,"In October 2024, it was reported that workers at KBL Garment are facing a series of violations, including workers sleeping in the factory after overnight shifts and experiencing subsequent health problems due to mosquito bites and lack of sleep, no accommodation for workers who sleep in the factory and must sleep on the benches, workers denied social security benefits incl. health treatment, workers receiving their wages on payday after they have been told to leave the factory, causing difficulties with workers, and the Workplace Coordination Committee not helping to resolve workers' concerns.","Attacks on freedom of association,Inhumane work rates and mandatory overtime,Reduced wages and wage theft,Unsafe working conditions",https://www.business-humanrights.org/en/latest-news/myanmar-garment-workers-facing-health-issues-due-to-sleeping-overnight-at-the-factory-for-overtime-shifts/?utm_source=mosaic&utm_medium=api,https://www.business-humanrights.org/en/latest-news/myanmar-workers-forced-to-work-overtime-until-11pm-at-garment-factory/?utm_source=mosaic&utm_medium=api,kbl garment
#651 - Lita Myanmar,Lita Myanmar,2024-10-18,,"Burtle (Buyer),Converse (part of Nike) (Reported buyer),Karsee (Buyer),Nike (Reported buyer),Toyo (Buyer),United Arrows (Buyer)","Lita Myanmar allegedly supplies to or has supplied to Burtle, Toyo, Karsee, United Arrows and Nike (for Converse); Burtle, Toyo, Karsee and United Arrows did not provide a response to a request for comment from the Resource Centre. Nike has previously informed the Resource Centre that it does not source from the factory.","In October 2024, it was reported that workers at Lita Myanmar are facing a series of violations, including workers being searched in the evenings, transport delays resulting in workers returning home late, underage workers forced to work without a doctor's certificate and state they are in good health, underage workers expected to work at the same level as adult workers, and denial of social security cards so workers are denied social security benefits.","Child labour,Reduced wages and wage theft,Surveillance,Unsafe working conditions",https://www.business-humanrights.org/en/latest-news/myanmar-garment-workers-at-lita-factory-report-series-of-labour-violations-incl-invasion-of-privacy-child-labour-denial-of-social-security/?utm_source=mosaic&utm_medium=api,https://www.business-humanrights.org/en/latest-news/myanmar-garment-factory-workers-report-forced-overtime-unpaid-wages-and-exploitation-by-managers/?utm_source=mosaic&utm_medium=api,lita myanmar
#650 - Straightex,Straightex,2024-10-18,800.0,,,"In October 2024, it was reported that workers at Straightex are facing a series of violations, including arbitrary dismissals without compensation incl. a worker who was fired because she was pregnant and humiliated in front of the workers in the factory, workers forced to work overtime or they are threatened with dismissal, no breaks and workers forced to work without a day off, workers facing verbal abuse if they don't work overtime because of health issues, and the employers collecting money from workers against their will.","Denial of leave,Gender-based violence and harassment,Harassment intimidation and abuse,Inhumane work rates and mandatory overtime,Unfair dismissal",,https://www.business-humanrights.org/en/latest-news/myanmar-garment-workers-arbitrarily-dismissed-without-compensation/?utm_source=mosaic&utm_medium=api,straightex
#649 - Prettex Myanmar,Prettex Myanmar,2024-10-15,1000.0,,,"In October 2024, it was reported that workers at Prettex Myanmar were forced to work overtime during the Thadingyut holiday, despite workers having made plans to return home. Workers reported losing money because they had to cancel transport they paid for in advance to return home.","Denial of leave,Inhumane work rates and mandatory overtime",,https://www.business-humanrights.org/en/latest-news/myanmar-workers-forced-to-work-on-public-holiday/?utm_source=mosaic&utm_medium=api,prettex myanmar
#648 - General Textile,General Textile,2024-10-13,700.0,Hennes & Mauritz (H&M) (Buyer),General Textile allegedly supplies to H&M; H&M provided a response to a request for comment from the Resource Centre.,"In October 2024, it was reported that workers at General Textile Garment were forced to work overtime overnight continuously after the factory closed for five days for the Thadingyut holiday, causing health problems. Workers working overnight had to sleep on the floor and benches, as the factory turned off the fans and electric lights, and were subsequently bitten by mosquitos and insects. In addition, when the Ministry of Labour called on factories to increase workers’ allowances by 1,000 kyats started 1 August, the factory did not start until September.","Inhumane work rates and mandatory overtime,Reduced wages and wage theft,Unsafe working conditions",https://www.business-humanrights.org/en/latest-news/myanmar-garment-workers-facing-health-issues-after-all-night-overtime-shifts-incl-co-responses/?utm_source=mosaic&utm_medium=api,https://www.business-humanrights.org/en/latest-news/myanmar-garment-workers-forced-to-sleep-overnight-at-the-factory-for-late-shifts/?utm_source=mosaic&utm_medium=api,general textile
#647 - Mengyue Garment,Mengyue Garment,2024-10-12,1.0,Paltex (Buyer),Mengyue Garment allegedly supplies to Palltex; Palltex did not provide a response to a request for comment from the Resource Centre.,"In October 2024, it was reported that a worker at Mengyue Garment was moved to a new department where they lost a finger in an injury. The employer did not take responsibility for the incident.",Unsafe working conditions,https://www.business-humanrights.org/en/latest-news/myanmar-workers-report-injuries-at-factory-incl-working-losing-finger-incl-co-non-response/?utm_source=mosaic&utm_medium=api,https://www.business-humanrights.org/en/latest-news/myanmar-garment-workers-harassed-and-abused-given-excessive-production-targets-provided-with-inadequate-drinking-water-supply-and-exposed-to-unsafe-working-conditions/?utm_source=mosaic&utm_medium=api,mengyue garment
#646 - Mengyue Garment,Mengyue Garment,2024-10-12,100.0,Paltex (Buyer),Mengyue Garment allegedly supplies to Palltex; Palltex did not provide a response to a request for comment from the Resource Centre.,"In October 2024, it was reported that workers at Mengyue Garment are facing a series of violations, including mandatory overtime on Sundays for free if they don’t meet targets, limited drinking water in the workplace, underage workers forced to work at the same level as their adult counterparts and denied leave, and workers getting injured while working.","Child labour,Denial of leave,Inhumane work rates and mandatory overtime,Unsafe working conditions",https://www.business-humanrights.org/en/latest-news/myanmar-workers-report-injuries-at-factory-incl-working-losing-finger-incl-co-non-response/?utm_source=mosaic&utm_medium=api,https://www.business-humanrights.org/en/latest-news/myanmar-garment-workers-harassed-and-abused-given-excessive-production-targets-provided-with-inadequate-drinking-water-supply-and-exposed-to-unsafe-working-conditions/?utm_source=mosaic&utm_medium=api,mengyue garment
#645 - Textile Palace 2,Textile Palace 2,2024-10-11,700.0,"LPP Spółka Akcyjna (Buyer),Sinsay (part of LPP S.A.) (Buyer),TROLLKIDS (Buyer)",Textile Palace 2 allegedly supplies to LPP (for Sinsay) and TROLLKIDS; LPP provided a response to a request for comment from the Resource Centre. TROLLKIDS did not.,"In October 2024, it was reported that workers at Textile Palace 2 are facing a series of violations, including workers receiving their seniority bonus after three years instead of annually, violating the law, and the factory not signing workers’ employment contracts.",Reduced wages and wage theft,https://www.business-humanrights.org/en/latest-news/myanmar-garment-workers-denied-seniority-pay-incl-co-responses/?utm_source=mosaic&utm_medium=api,https://www.business-humanrights.org/en/latest-news/myanmar-factory-issues-seniority-pay-after-three-years-instead-of-one/?utm_source=mosaic&utm_medium=api,textile palace 2
#644 - Myanmar Lucky Fortune Garment,Myanmar Lucky Fortune Garment,2024-10-11,900.0,"Auchan (Former buyer),Bestseller (Reported buyer),Encuentro (Buyer),InExtenso (part of Auchan) (Former buyer),Inditex (Former buyer),LC Waikiki (Buyer),LPP Spółka Akcyjna (Buyer),ONLY (part of Bestseller) (Reported buyer),Pull & Bear (part of Inditex) (Former buyer),Sinsay (part of LPP S.A.) (Buyer),Stradivarius (part of Inditex) (Former buyer),Workman (Buyer),Zara (part of Inditex) (Former buyer)","Myanmar Lucky Fortune Garment allegedly supplies to or has supplied to, Auchan (for Inextenso), LC Waikiki, LPP (for Sinsay), Workman, Encuentro, Inditex (for ZARA, Pull&Bear and Stradivarius) and BESTELLER (for ONLY); Auchan, LPP and Workman provided a response to a request for comment from the Resource Centre. LC Waikiki and Encuentro did not. Auchan stated it had ceased operations with the factory, and its last orders were in October 2024. LPP stated the alleged abuses were at a Lucky Fortune unit that it does not cooperate with. Inditex has previously stated it no longer sources from the factory and has left Myanmar. BESTSELLER has previously stated it does not source from the factory.","In October 2024, it was reported that workers at Lucky Fortune Garment are facing a series of violations, including wage cuts for the upcoming Thadingyut period, only those who are close to the supervisors are granted leave, workers forced to pay for medical treatment if they have an injury, and workers not informed of what happened to the money they donated to the factory after a flood.","Denial of leave,Reduced wages and wage theft,Unsafe working conditions",https://www.business-humanrights.org/en/latest-news/myanmar-migrants-face-wage-cuts-for-upcoming-thadingyut-period-at-lucky-fortune-garment-among-other-abuses/?utm_source=mosaic&utm_medium=api,https://www.business-humanrights.org/en/latest-news/myanmar-workers-allege-range-of-abuses-at-lucky-fortune-garment/?utm_source=mosaic&utm_medium=api,myanmar lucky fortune garment
#643 - Star Sandar Garment,Star Sandar Garment,2024-10-11,800.0,,,"In October 2024, it was reported that workers at Star Sandar are facing a series of violations, including denial of legal benefits incl. medical and casual leave, wage cuts if workers take leave, unhygienic toilets and unclean drinking water, certain day labourers approved as permanent workers and not others, excessive production targets and verbal abuse if workers can't meet the target.","Denial of leave,Gender-based violence and harassment,Harassment intimidation and abuse,Inhumane work rates and mandatory overtime,Reduced wages and wage theft,Unsafe working conditions",,https://www.business-humanrights.org/en/latest-news/myanmar-workers-face-wage-cuts-if-they-take-leave-excessive-production-targets-at-factory/?utm_source=mosaic&utm_medium=api,star sandar garment
#642 - Kingsrich (Myanmar) Fashion,Kingsrich (Myanmar) Fashion,2024-10-10,1300.0,"Hennes & Mauritz (H&M) (Buyer),Marks & Spencer (Former buyer)",Kingsrich allegedly supplies to or has previously supplied to H&M and Marks & Spencer; H&M provided a response to a request for comment from the Resource Centre. Marks & Spencer has previously informed the Resource Centre it ceased all operations in Myanmar in April 2023.,"In October 2024, it was reported that workers at the Kingsrich Myanmar factory went on strike demanding a wage increase, but the factory refused. Supervisors reportedly threatened workers who had not worked more than three months at the factory, and forced them to work, saying they would put their picture up at other factories and make it harder for them to apply or jobs elsewhere.","Harassment intimidation and abuse,Reduced wages and wage theft",https://www.business-humanrights.org/en/latest-news/myanmar-workers-threatened-with-blacklisting-for-protesting-for-wage-increase-incl-co-response/?utm_source=mosaic&utm_medium=api,https://www.business-humanrights.org/en/latest-news/myanmar-over-1000-garment-workers-protest-demanding-wage-increase/?utm_source=mosaic&utm_medium=api,kingsrich (myanmar) fashion
#641 - Tianjin Fashion Milestone,Tianjin Fashion Milestone,2024-10-10,1.0,"Bestseller (Buyer),Inditex (Reported buyer),LC Waikiki (Buyer),LPP Spółka Akcyjna (Buyer),ONLY (part of Bestseller) (Buyer),Primark (part of Associated British Foods) (Former buyer),Sinsay (part of LPP S.A.) (Buyer),Vero Moda (part of Bestseller) (Buyer),Zara (part of Inditex) (Reported buyer)","Tianjin Fashion Milestone allegedly supplies to LC Waikiki, LPP (for Sinsay), BESTSELLER (for Vero Moda and ONLY). ; LPP and BESTSELLER provided a response to a request for comment from the Resource Centre. LC Waikiki did not. Primark had previously said its final handover as a result of its responsible exit took place in June 2023, and Inditex had previously stated it did not source from the factory.","In October 2024, it was reported that a woman worker at Tianjin Fashion Milestone who miscarried was denied a welfare card, and as a result was denied the leave and benefits she is owed according to the law.","Denial of leave,Gender-based violence and harassment,Reduced wages and wage theft,Unsafe working conditions",https://www.business-humanrights.org/en/latest-news/myanmar-garment-worker-who-suffered-miscarriage-denied-leave-incl-co-responses/?utm_source=mosaic&utm_medium=api,https://www.business-humanrights.org/en/latest-news/myanmar-garment-worker-who-miscarried-denied-owed-leave/?utm_source=mosaic&utm_medium=api,tianjin fashion milestone
#640 - Tianjin Fashion Milestone,Tianjin Fashion Milestone,2024-10-10,,"Bestseller (Buyer),Inditex (Reported buyer),LC Waikiki (Buyer),LPP Spółka Akcyjna (Buyer),ONLY (part of Bestseller) (Buyer),Primark (part of Associated British Foods) (Former buyer),Sinsay (part of LPP S.A.) (Buyer),Vero Moda (part of Bestseller) (Buyer),Zara (part of Inditex) (Reported buyer)","Tianjin Fashion Milestone allegedly supplies to LC Waikiki, LPP (for Sinsay), BESTSELLER (for Vero Moda and ONLY). ; LPP and BESTSELLER provided a response to a request for comment from the Resource Centre. LC Waikiki did not. Primark had previously said its final handover as a result of its responsible exit took place in June 2023, and Inditex had previously stated it did not source from the factory.","In October 2024, it was reported that workers at Tianjin Fashion Milestone are facing a series of violations, including the factory denying workers (including pregnant women) access to social security clinics because the factory does not issue social security cards, resulting in workers paying for treatment at external clinics. Pregnant workers are also forced to stand up on the transport provided to workers.","Gender-based violence and harassment,Unsafe working conditions",https://www.business-humanrights.org/en/latest-news/myanmar-garment-worker-who-suffered-miscarriage-denied-leave-incl-co-responses/?utm_source=mosaic&utm_medium=api,https://www.business-humanrights.org/en/latest-news/myanmar-garment-worker-who-miscarried-denied-owed-leave/?utm_source=mosaic&utm_medium=api,tianjin fashion milestone
#639 - Myanmar York,Myanmar York,2024-10-06,1600.0,"Bestseller (Buyer),Hennes & Mauritz (H&M) (Buyer),Inditex (Reported buyer),WE Fashion (Buyer),Zara (part of Inditex) (Reported buyer)","Myanamr York allegedly supplies to H&M, BESTSELLER, WE Europe and Inditex (for ZARA); H&M, BESTSELLER and WE Europe provided a response to a request for comment from the Resource Centre. Inditex has previously informed the Resource Centre that it does not source from the factory.","In October 2024, it was reported that workers at Myanmar York demand a wage hike in response to the price of goods, and reported that other factories paid higher wages, but the factory officials refused. The workers reported that those workers that are close to the supervisors are given a raise and paid leave. Workers who are not close to the supervisors don’t get a pay rise, they are made to take unpaid leave, and also lose their seniority pay.","Denial of leave,Reduced wages and wage theft",https://www.business-humanrights.org/en/latest-news/myanmar-factory-refuses-workers-demand-for-wage-hike-in-response-to-price-of-goods-workers-also-allege-pay-discrimination/?utm_source=mosaic&utm_medium=api,https://www.business-humanrights.org/en/latest-news/myanmar-workers-at-myanmar-york-garment-factory-allege-pay-discrimination-and-inadequate-wages-and-benefits/?utm_source=mosaic&utm_medium=api,myanmar york
#638 - Sunrise Myanmar,Sunrise Myanmar,2024-10-04,800.0,"Adastria (Former buyer),Hennes & Mauritz (H&M) (Reported buyer),Honeys Holdings (Buyer),OVS SpA (Reported buyer),Shimamura (Buyer),Topvalu Collection (part of AEON) (Reported buyer),United Athle (Former buyer)","Sunrise Myanmar allegedly supplies to Honey's and Shimamura; Neither brand provided a response to a request for comment from the Resource Centre. Adastria and United Athle have previously stated they no longer source from the factory. AEON, H&M and OVS SpA have stated they do not source from the factory.","In October 2024, it was reported that workers at Sunrise Myanmar are facing a series of violations, including 60 day labourers hired at the factory who are being denied permanent contracts, and as a result face low wages, unpaid overtime, and denial of benefits that permanent employees receive.","Denial of permanent contracts,Reduced wages and wage theft",https://www.business-humanrights.org/en/latest-news/myanmar-garment-workers-hired-as-day-labourers-denied-benefits-of-permanent-employees-incl-co-responses/?utm_source=mosaic&utm_medium=api,https://www.business-humanrights.org/en/latest-news/myanmar-workers-hired-as-day-labourers-at-sunrise-myanmar-demand-permanent-employment-status/?utm_source=mosaic&utm_medium=api,sunrise myanmar
#637 - Golden Colour Fashion,Golden Colour Fashion,2024-10-04,,"DeFacto (Buyer),Kappa (Buyer),Koton (Buyer)","Golden Colour Fashion allegedly supplies to Kappa, DeFacto and Koton; none of the brands provided a response to a request for comment from the Resource Centre.","In October 2024, it was reported that workers at Golden Colour Fashion are facing a series of violations, including the factory failing to increase wages despite stating this would happen from September 2024, workers facing wage reductions if they miss a day of work, strict measures imposed on workers incl. strict security and physical checks, toilet restrictions and workers forced to complete an 8-hour workday in 6 hours, the Workplace Coordination Committee not being given the right to negotiate re. wages, union-busting and illegal overtime work.","Attacks on freedom of association,Denial of leave,Inhumane work rates and mandatory overtime,Reduced wages and wage theft,Surveillance,Unsafe working conditions",https://www.business-humanrights.org/en/latest-news/myanmar-garment-workers-denied-wage-increase-incl-co-responses/?utm_source=mosaic&utm_medium=api,https://www.business-humanrights.org/en/latest-news/myanmar-garment-workers-denied-promised-wage-increase/?utm_source=mosaic&utm_medium=api,golden colour fashion
#636 - Myanmar Jiale Fashion 2,Myanmar Jiale Fashion 2,2024-10-03,500.0,"Dub (Buyer),Shisky (Buyer)",Jiale Fashion 2 allegedly supplies to Dub and Shisky; Neither brand provided a response to a request for comment from the Resource Centre.,"In October 2024, it was reported that Myanmar Jiale Fashion 2 was not returning workers' owed wage deductions, despite being ordered to by the Labour Department. The Labour Department reportedly said it would not take any action against the employer, and is accused of failing to take action against the factory, despite the factory violating the department's orders.",Reduced wages and wage theft,https://www.business-humanrights.org/en/latest-news/myanmar-brands-asked-to-respond-as-jiale-fashion-2-defies-court-order-to-return-workers-deductions/?utm_source=mosaic&utm_medium=api,https://www.business-humanrights.org/en/latest-news/myanmar-garment-workers-yet-to-receive-deducted-wages/?utm_source=mosaic&utm_medium=api,myanmar jiale fashion 2
#635 - He MeT,He MeT,2024-10-02,,"LPP Spółka Akcyjna (Reported buyer),MO (part of Sonae Group) (Buyer),Sinsay (part of LPP S.A.) (Reported buyer),Sonae (Buyer),Takko (Reported buyer)","He MeT allegedly supplies to LPP (for Sinsay), MO and Takko; LPP and Takko provided a response to a request for comment from the Resource Centre, stating they do not source from the factory. MO did not respond.","On 2 October 2024, around 25 soldiers from the military reportedly went to He MeT garment factory to collect a list of the male workers at the factory for military conscription, stating they would return on 13 October.",Business-military collusion,https://www.business-humanrights.org/en/latest-news/myanmar-military-visit-garment-factory-to-compile-list-of-male-workers-for-conscription-incl-co-responses/?utm_source=mosaic&utm_medium=api,https://www.business-humanrights.org/en/latest-news/myanmar-military-collects-list-of-men-working-at-garment-factory-for-conscription/?utm_source=mosaic&utm_medium=api,he met
#634 - Myanmar Zhi Xin Garment,Myanmar Zhi Xin Garment,2024-10-01,1200.0,"Cutter & Buck (part of New Wave Group) (Buyer),New Wave Group (Buyer)",Myanmar Zhi Xin Garment allegedly supplies to New Wave Group (for Cutter & Buck); New Wave Group provided a response to a request for comment from the Resource Centre.,"In October 2024, it was reported that workers at Myanmar Zhi Xin Garment threatened to sue workers who complained about their grievances at the factory, including workers forced to work overtime (incl. on Sundays) or their wages would be reduced, unfair dismissal of workers that management doesn’t like, wage reductions, denial of paid leave incl. medical leave, denial of permanent contracts for day labourers at the factory, who also receive low wages and are not paid on Sundays, and verbal abuse after workers complained about bad odour on the floor they were transferred to.","Denial of leave,Denial of permanent contracts,Gender-based violence and harassment,Harassment intimidation and abuse,Inhumane work rates and mandatory overtime,Reduced wages and wage theft,Unfair dismissal,Unsafe working conditions",https://www.business-humanrights.org/en/latest-news/myanmar-garment-factory-threatens-to-sue-workers-for-complaining-about-working-conditions-incl-co-response/?utm_source=mosaic&utm_medium=api,https://www.business-humanrights.org/en/latest-news/myanmar-garment-factory-threatens-to-sue-workers-raising-complaints-about-wages-and-conditions/?utm_source=mosaic&utm_medium=api,myanmar zhi xin garment
#633 - Myanmar Zhi Xin Garment,Myanmar Zhi Xin Garment,2024-10-01,1.0,,,"In October 2024, it was reported that a line leader was fired after reporting to management that the workers didn’t want to work on a certain floor because it smelled bad.",Unfair dismissal,,https://www.business-humanrights.org/en/latest-news/myanmar-garment-factory-threatens-to-sue-workers-raising-complaints-about-wages-and-conditions/?utm_source=mosaic&utm_medium=api,myanmar zhi xin garment
#632 - Bohua Fashion,Bohua Fashion,2024-09-30,400.0,"Calliope (Buyer),Cropp (part of LPP S.A) (Reported buyer),LPP Spółka Akcyjna (Reported buyer),Minoti (Reported buyer),NKD (Reported buyer),Reserved (part of LPP Spółka Akcyjna) (Reported buyer),Sinsay (part of LPP S.A.) (Reported buyer),Teddy Group (Buyer)","Bohua Fashion allegedly supplies to or has previously supplied to LPP (for its Reserved, Sinsay and Cropp brands), Minoti, Calliope and NKD; Minoti provided a response, stating it has not ordered directly from the factory. Calliope did not respond. LPP and NKD have previously stated it does not source from the factory.","In September 2024, it was reported that workers at Bohua Fashion are facing a series of violations, including no emergency exits, workers working without a contract, unhygienic toilets, workers illegally fired if they are not needed and then rehired, and underage workers working at the same level as adults so they get sick and tired.","Child labour,Unfair dismissal,Unsafe working conditions",https://www.business-humanrights.org/en/latest-news/myanmar-multiple-labour-rights-abuses-reported-at-bohua-fashion-incl-illegal-dismissals-excessive-production-targets-incl-co-responses/?utm_source=mosaic&utm_medium=api,https://www.business-humanrights.org/en/latest-news/myanmar-labour-rights-violations-reported-at-bohua-fashion-garment-factory/?utm_source=mosaic&utm_medium=api,bohua fashion
#631 - Ten Da Garment,Ten Da Garment,2024-09-27,500.0,"DeFacto (Buyer),LC Waikiki (Buyer),LPP Spółka Akcyjna (Buyer),Mohito (part of LPP S.A.) (Buyer),Reserved (part of LPP Spółka Akcyjna) (Buyer),Sonae (Buyer),Tendam (Reported buyer),MO (part of Sonae Group) (Reported Buyer),Sonae Group (Reported Buyer)","Ten Da Garment allegedly supplies to LPP (for Mohito, Reserved), LC Waikiki, Sonae Group (for MO), DeFacto, and Tendam; MO and LPP provided a response to a request for comment from the Resource Centre. LC Waikiki and DeFacto did not. MO stated it does not source from the factory. Tendam has previously informed us it does not source from the factory.","In September 2024, it was reported that workers at Ten Da Garment factory are facing a series of violations, including workers dismissed for not working overtime, employers taking photos of women workers without permission and those workers who do not want their photo taken told they would be blacklisted from other factories, limited seats in the dining hall due to production materials being stored there, limited and unsanitary toilets which have no water or doors to fully cover workers, the roof leaking, wage deductions if workers are 5 minutes late or take time off work, workers required to work across various departments and locations, verbal abuse if workers don’t meet targets, mandatory overtime overnight, day labourers who have less than 6 months service dismissed without notice if they don’t work overtime, those workers who reported overtime conditions to the labour office discriminated against and pressured to resign, and the suggestion letter box where workers report their concerns not opened or addressed by the factory.","Denial of leave,Gender-based violence and harassment,Harassment intimidation and abuse,Inhumane work rates and mandatory overtime,Reduced wages and wage theft,Unfair dismissal,Unsafe working conditions",https://www.business-humanrights.org/en/latest-news/myanmar-garment-workers-demand-end-to-violations-at-garment-factory-incl-co-responses/?utm_source=mosaic&utm_medium=api,https://www.business-humanrights.org/en/latest-news/myanmar-employers-at-garment-factory-taking-photos-of-women-workers-without-permission/?utm_source=mosaic&utm_medium=api,ten da garment
#630 - Mengyue Garment,Mengyue Garment,2024-09-25,200.0,Paltex (Buyer),Mengyue Garment allegedly supplies to Palltex; Palltex did not provide a response to a request for comment from the Resource Centre.,"In September 2024, it was reported that workers at Mengyue Garment are facing a series of violations, including excessive production targets, workers forced to finish their lunch breaks quickly if they are not meeting the targets, verbal abuse and humiliation if workers don’t meet the target, wage deductions if a worker takes leave incl. if a worker falls sick and returns home, no employment contract for workers, and workers who resign not given the wages they are owed.","Denial of leave,Gender-based violence and harassment,Harassment intimidation and abuse,Inhumane work rates and mandatory overtime,Reduced wages and wage theft,Unsafe working conditions",https://www.business-humanrights.org/en/latest-news/myanmar-production-pressures-exploitative-targets-reported-by-mengyue-garment-workers-among-other-abuses/?utm_source=mosaic&utm_medium=api,https://www.business-humanrights.org/en/latest-news/myanmar-workers-given-excessive-targets-harassed-and-abused-by-supervisors-and-misled-about-wages/?utm_source=mosaic&utm_medium=api,mengyue garment
#629 - Prettex Myanmar,Prettex Myanmar,2024-09-25,1000.0,,,"In September 2024, it was reported that workers at Prettex Myanmar are facing a series of violations, including workers threatening to quit because of forced overtime that increased from 7:30am-6pm, to 7:30am-7pm, workers returning home late as a result of overtime shifts and facing problems including robberies and no electricity, workers forced to work even if they're tired, threatening behaviour from supervisors, workers not given an employment contract, daily labourers hired at the factory, injuries in the workplace, workers denied leave from the factory unless they have a 'valid' reason, limited water in the factory despite workers suffering from the heat, and workers not given lunch or dinner on evenings when they are forced to work 8pm-12am. No action was taken regarding overtime, despite workers complaining to the township labour office.","Denial of leave,Denial of permanent contracts,Gender-based violence and harassment,Harassment intimidation and abuse,Inhumane work rates and mandatory overtime,Unsafe working conditions",,https://www.business-humanrights.org/en/latest-news/myanmar-garment-workers-threaten-to-quit-over-overtime/?utm_source=mosaic&utm_medium=api,prettex myanmar
#628 - Prettex Myanmar,Prettex Myanmar,2024-09-25,1.0,,,"In September, it was reported that a worker at Prettex Myanmar who injured his hand with a knife was not given a day off and had to work with a bandage on.",Unsafe working conditions,,https://www.business-humanrights.org/en/latest-news/myanmar-garment-workers-threaten-to-quit-over-overtime/?utm_source=mosaic&utm_medium=api,prettex myanmar
#627 - Newell (Myanmar) Garment,Newell (Myanmar) Garment,2024-09-24,26.0,,,"In September 2024, it was reported that workers at Newell (Myanmar) Garment were being forced to resign without receiving their owed pay.","Harassment intimidation and abuse,Reduced wages and wage theft",,https://www.business-humanrights.org/en/latest-news/myanmar-garment-workers-pressured-to-quit-without-receiving-owed-wages/?utm_source=mosaic&utm_medium=api,newell (myanmar) garment
#626 - GYSEN (Myanmar) Apparel Co. Ltd,GYSEN (Myanmar) Apparel Co. Ltd,2024-09-19,800.0,"Dunnes Stores (Buyer),PEP&CO (Former buyer)","GYSEN (Myanmar) Apparel allegedly supplies to Pep&Co and Dunnes Stores; Dunnes Stores did not provide a response to a request for comment from the Resource Centre. In September 2024, Pep&Co informed the Resource Centre that it no longer sources from the factory.","In September 2024, it was reported that workers were forced to work overtime continuously without a day off. They filed a complaint with the Labour department but no action was taken.",Inhumane work rates and mandatory overtime,https://www.business-humanrights.org/en/latest-news/myanmar-local-authorities-fail-to-address-worker-complaints-re-mandatory-overtime-at-gysen-myanmar-garment-factory-incl-co-responses/?utm_source=mosaic&utm_medium=api,https://www.business-humanrights.org/en/latest-news/myanmar-authorities-fail-to-respond-to-worker-complaints-re-forced-overtime/?utm_source=mosaic&utm_medium=api,gysen (myanmar) apparel co. ltd
#625 - Wonderful Apparel,Wonderful Apparel,2024-09-18,200.0,"Colin's (Buyer),Encuentro (Buyer),Kiabi (Reported buyer),New Yorker (Buyer),OCHNIK (Buyer),Pimkie (part of Association Familiale Mulliez) (Reported buyer),TROLLKIDS (Buyer),Zhejiang Semir Garment (Buyer)","Wonderful Apparel allegedly supplies to or has supplied to TROLLKIDS, Semir Garment, New Yorker, Encuentro, Colin's, OCHNIK, KIABI and Pimkie; TROLLKIDS, OCHNIK, Semir Garment, New Yorker, Encuentro and Colin's did not provide a response to a request for comment from the Resource Centre. KIABI and Pimkie have previously informed us that they do not source from the factory.","In September 2024, it was reported that workers at Wonderful Apparel are facing a series of violations, including workers being unfairly dismissed, and workers being harassed or discriminated against if they didn't do overtime.","Gender-based violence and harassment,Harassment intimidation and abuse,Inhumane work rates and mandatory overtime,Unfair dismissal",https://www.business-humanrights.org/en/latest-news/myanmar-wonderful-apparel-workers-face-series-of-violations-incl-unfair-dismissal-harassment-discrimination/?utm_source=mosaic&utm_medium=api,https://www.business-humanrights.org/en/latest-news/myanmar-workers-allege-verbal-harassment-unsanitary-conditions-and-excessive-production-targets-at-wonderful-apparel/?utm_source=mosaic&utm_medium=api,wonderful apparel
#624 - Myanmar Shin Won Garment,Myanmar Shin Won Garment,2024-09-16,500.0,,,"In September 2024, it was reported that workers at Myanmar Shin Won Garment are facing a series of violations, including denial of benefits incl. leave, wage cuts if workers take leave, workers facing verbal abuse and forced to work all night if they don't meet targets, workers unable to drink water or go to the toilet in order to meet targets, harassment if workers don't work overnight, workers employed as day labourers on low wage and denied benefits, and day labourers fired and rehired after three months of service.","Denial of leave,Denial of permanent contracts,Gender-based violence and harassment,Harassment intimidation and abuse,Inhumane work rates and mandatory overtime,Reduced wages and wage theft,Unsafe working conditions",,https://www.business-humanrights.org/en/latest-news/myanmar-garment-workers-forced-to-work-overnight-if-targets-are-not-met/?utm_source=mosaic&utm_medium=api,myanmar shin won garment
#623 - Myanmar Bag,Myanmar Bag,2024-09-15,1000.0,,,"In September 2024, it was reported that workers at Myanmar Bag protested, as the factory refused to pay the 1,0000 allowance increase announced by the Military Council. Workers also reported denial of legal benefits incl. leave and wage cuts if workers take leave, excessive production targets and verbal abuse if workers don't meet the target, and unhygienic toilets.","Denial of leave,Gender-based violence and harassment,Harassment intimidation and abuse,Inhumane work rates and mandatory overtime,Reduced wages and wage theft,Unsafe working conditions",,https://www.business-humanrights.org/en/latest-news/myanmar-garment-workers-at-backpack-factory-protest-demanding-wage-increase-announced-by-military-council/?utm_source=mosaic&utm_medium=api,myanmar bag
#622 - Sen Yu/Zhejian Newway (Myanmar),Sen Yu/Zhejian Newway (Myanmar),2024-09-12,1000.0,"LC Waikiki (Buyer),LPP Spółka Akcyjna (Reported buyer),New Yorker (Buyer),Reserved (part of LPP Spółka Akcyjna) (Reported buyer),Sinsay (part of LPP S.A.) (Reported buyer),Teddy Group (Buyer),Terranova (Buyer)","Sen Yu allegedly supplies to LPP (for Sinsay and RESERVED), Teddy Group (for Terranova), LC Waikiki, New Yorker; LPP provided a response to a request for comment from the Resource Centre,, stating it does not source from the factory.","In September 2024, it was reported that workers at Sen Yu staged a strike demanding the 1,000 kyats increase in their allowance that they are owed, but the employers threatened to crackdown on them. Workers reported that they are forced to work excessive overtime, but wages are low, so they stopped working. During the protest, the employer reportedly forced some of the workers to work overnight, and more than 100 daily wage labourers were forced to work overnight without any days off, and were fired immediately if they took a day off. Workers also reported excessive production targets and verbal abuse if workers failed to meet them.","Denial of permanent contracts,Gender-based violence and harassment,Harassment intimidation and abuse,Inhumane work rates and mandatory overtime,Reduced wages and wage theft",https://www.business-humanrights.org/en/latest-news/myanmar-garment-workers-demand-wage-increase-amid-excessive-overtime-incl-co-response/?utm_source=mosaic&utm_medium=api,https://www.business-humanrights.org/en/latest-news/myanmar-garment-workers-protest-excessive-overtime/?utm_source=mosaic&utm_medium=api,sen yu/zhejian newway (myanmar)
#621 - Myanmar Xiang Rui Fashion,Myanmar Xiang Rui Fashion,2024-09-12,1.0,"Frasers Group (Buyer),LC Waikiki (Buyer),LPP Spółka Akcyjna (Buyer),OVS SpA (Buyer),Reserved (part of LPP Spółka Akcyjna) (Buyer)","Myanmar Xiang Rui Fashion Garment allegedly supplies to OVS, LPP (for Reserved), LC Waikiki and Frasers Group; OVS and LPP provided a response to a request for comment from the Resource Centre. LC Waikiki and Frasers Group did not.","In July 2024, it was reported that a worker at Myanmar Xiang Rui Fashion was punched by a mechanic that came to repair a machine, but the factory failed to take any action.",Harassment intimidation and abuse,https://www.business-humanrights.org/en/latest-news/myanmar-factory-fails-to-take-action-after-worker-assaulted-by-mechanic/?utm_source=mosaic&utm_medium=api,https://www.business-humanrights.org/en/latest-news/myanmar-garment-workers-say-theyre-threatened-with-physical-abuse-for-declining-sunday-overtime-work/?utm_source=mosaic&utm_medium=api,myanmar xiang rui fashion
#620 - Myanmar Xiang Rui Fashion,Myanmar Xiang Rui Fashion,2024-09-12,800.0,"Frasers Group (Buyer),LC Waikiki (Buyer),LPP Spółka Akcyjna (Buyer),OVS SpA (Buyer),Reserved (part of LPP Spółka Akcyjna) (Buyer)","Myanmar Xiang Rui Fashion Garment allegedly supplies to OVS, LPP (for Reserved), LC Waikiki and Frasers Group; OVS and LPP provided a response to a request for comment from the Resource Centre. LC Waikiki and Frasers Group did not.","In September 2024, it was reported that workers at Myanmar Xiang Rui Fashion Garment are facing a series of violations, including mandatory overtime on public holidays and Sundays, the manager threatening to physically assault workers if they don't work overtime, threats that workers will be prosecuted under the Communications Act if they contact relevant organisations about the overtime conditions, physical examination of workers, including their underwear, and workers being searched in the toilets, workers denied paid leave if they are sick, and the Workplace Coordination Committee failing to solve the problems at work and informing the employers.","Attacks on freedom of association,Denial of leave,Gender-based violence and harassment,Harassment intimidation and abuse,Inhumane work rates and mandatory overtime,Surveillance",https://www.business-humanrights.org/en/latest-news/myanmar-myanmar-xiang-rui-fashion-garment-workers-face-human-rights-abuse-incl-threats-of-assault-by-management/?utm_source=mosaic&utm_medium=api,https://www.business-humanrights.org/en/latest-news/myanmar-garment-workers-say-theyre-threatened-with-physical-abuse-for-declining-sunday-overtime-work/?utm_source=mosaic&utm_medium=api,myanmar xiang rui fashion
#619 - Lian Fa (Myanmar),Lian Fa (Myanmar),2024-09-12,300.0,,,"In September 2024, it was reported that workers at Lian Fa (Myanmar) are facing a series of violations, including the factory not paying the 1,000 kyats wage increase set by the ministry, the factory not paying workers' holiday allowance, mandatory overtime incl. overnight shifts, no clinic or medical equipment for workers, who must buy their own medical equipment if they are injured, and wage deductions if workers don't work on Saturday.","Inhumane work rates and mandatory overtime,Reduced wages and wage theft,Unsafe working conditions",,https://www.business-humanrights.org/en/latest-news/myanmar-garment-factory-refusing-to-pay-new-allowance-to-workers/?utm_source=mosaic&utm_medium=api,lian fa (myanmar)
#618 - New Plus,New Plus,2024-09-11,1000.0,,,"In September 2024, it was reported that workers at New Plus are facing a series of violations, including workers forced to work overnight until 4am, and having to sleep at the factory and return home at dawn. Workers also reported staff being rude to workers. Despite inspections, the mandatory overtime conditions continue.","Gender-based violence and harassment,Harassment intimidation and abuse,Inhumane work rates and mandatory overtime,Unsafe working conditions",,https://www.business-humanrights.org/en/latest-news/myanmar-garment-workers-forced-to-work-overtime-until-4am/?utm_source=mosaic&utm_medium=api,new plus
#617 - He MeT,He MeT,2024-09-10,1000.0,"LPP Spółka Akcyjna (Reported buyer),MO (part of Sonae Group) (Buyer),Sinsay (part of LPP S.A.) (Reported buyer),Sonae (Buyer),Takko (Reported buyer)","He MeT allegedly supplies to LPP (for Sinsay), MO and Takko; LPP and Takko provided a response to a request for comment from the Resource Centre, stating they do not source from the factory. MO did not respond.","In September 2024, it was reported that workers at He MeT are facing a series of violations, including inadequate dining facilities, pregnant workers forced to work at the same level as other workers and denied maternity leave, all workers forced to work as day labourers for six months before receiving a permanent contract, child labourers forced to work at the same level as adult staff, no health care provided for workers in the factory, transport for workers arriving late, wage cuts incl. deduction of bonuses and for workers who quit, and verbal abuse if workers don't meet targets. Despite the inspection office coming to the factory, conditions have reportedly gotten worse.","Child labour,Denial of leave,Denial of permanent contracts,Gender-based violence and harassment,Harassment intimidation and abuse,Inhumane work rates and mandatory overtime,Reduced wages and wage theft,Unsafe working conditions",https://www.business-humanrights.org/en/latest-news/myanmar-garment-workers-face-multiple-abuses-incl-forced-overtime-until-midnight-excessive-production-targets-incl-co-responses/?utm_source=mosaic&utm_medium=api,https://www.business-humanrights.org/en/latest-news/myanmar-garment-workers-forced-to-work-overtime-until-midnight-without-overtime-pay/?utm_source=mosaic&utm_medium=api,he met
#616 - Bontech Manufacturing,Bontech Manufacturing,2024-09-10,700.0,Delta Plus (Buyer),Bontech Manufacturing allegedly supplies to Delta Plus; Delta Plus did not provide a response to a request for comment from the Resource Centre.,"In September 2024, it was reported that workers at Bontech Manufacturing are facing a series of violations, including workers signing an agreement to volunteer to work overtime due to threats of lower wages and illegal dismissals.","Harassment intimidation and abuse,Inhumane work rates and mandatory overtime,Unfair dismissal",https://www.business-humanrights.org/en/latest-news/myanmar-garment-workers-pressured-to-sign-statement-agreeing-to-work-overtime-incl-co-response/?utm_source=mosaic&utm_medium=api,https://www.business-humanrights.org/en/latest-news/myanmar-garment-workers-incl-pregnant-workers-forced-to-work-overnight-causing-health-issues/?utm_source=mosaic&utm_medium=api,bontech manufacturing
#615 - AYY Garment,AYY Garment,2024-09-09,,,,"In September 2024, it was reported that workers who had resigned from AYY Garment factory were denied their full wages. It was also reported that workers at the factory are paid different salaries despite being in the same pay grade.",Reduced wages and wage theft,,https://www.business-humanrights.org/en/latest-news/myanmar-garment-workers-who-resigned-from-factory-denied-full-wages/?utm_source=mosaic&utm_medium=api,ayy garment
#614 - LZS Apparel,LZS Apparel,2024-09-08,800.0,,,"In September 2024, it was reported that workers at LZS Apparel are facing a series of violations, including excessive production targets, verbal abuse if workers do not meet their targets, wage cuts if workers take leave, wages unfairly distributed among workers depending on skill level, and crowded transport when returning home.","Denial of leave,Gender-based violence and harassment,Harassment intimidation and abuse,Inhumane work rates and mandatory overtime,Reduced wages and wage theft,Unsafe working conditions",,https://www.business-humanrights.org/en/latest-news/myanmar-garment-factory-accused-of-labour-rights-abuses-incl-wage-cuts-if-workers-take-leave-excessive-production-targets/?utm_source=mosaic&utm_medium=api,lzs apparel
#613 - Tai Hong,Tai Hong,2024-09-07,1000.0,"Frasers Group (Buyer),New Yorker (Buyer),Sports Direct (part of Frasers Group) (Buyer)",Tai Hong allegedly supplies to New Yorker and Frasers Group (for Sports Direct); Neither company provided a response to a request for comment from the Resource Centre.,"In September 2024, it was reported that workers at Tai Hong are facing a series of violations, including not receiving full wages, verbal abuse and physical assault towards workers to meet targets, limited medicine available at the factory clinic, workers denied medication even if they are feeling unwell, the factory ruling that medicine cannot be given after 2pm, no transport arranged for workers who work overtime, workers having to work without drinking water or go to the toilet, the factory failing to provide an employment contract to workers, lack of clean toilets, lack of clean water, day labourers dismissed arbitrarily, workers having to buy damaged or lost items with their own money, and the Workplace Coordination Committee failing to resolve disputes in the workplace. A complaint was filed with the Labour Office regarding working conditions at the factory, where a settlement was reached.","Attacks on freedom of association,Denial of permanent contracts,Gender-based violence and harassment,Harassment intimidation and abuse,Reduced wages and wage theft,Unfair dismissal,Unsafe working conditions",https://www.business-humanrights.org/en/latest-news/myanmar-garment-workers-report-multiple-rights-violations-at-tai-hong-garment-factory-incl-co-responses/?utm_source=mosaic&utm_medium=api,https://www.business-humanrights.org/en/latest-news/myanmar-garment-workers-suffering-due-to-labour-rights-abuses-at-tai-hong-garment-factory/?utm_source=mosaic&utm_medium=api,tai hong
#612 - Golden Propitious (Myanmar) Garment,Golden Propitious (Myanmar) Garment,2024-08-31,1.0,"LPP Spółka Akcyjna (Reported buyer),Sinsay (part of LPP S.A.) (Reported buyer),Zhejiang Semir Garment (Buyer)","Golden Propitious (Myanmar) Garment allegedly supplies to LPP (for its Sinsay brand) and Semir Garment; LPP provided a response to a request for comment from the Resource Centre, stating it does not source from the factory. Semir Garment did not respond.","In August 2024, it was reported that a woman QC worker at Golden Propitious (Myanmar) factory was fired after being assaulted inside the factory. A male worker started verbally abusing her, which escalated to a physical attack, with the male worker throwing a wrench at her and trying to beat her. The worker was forced the worker to sign a resignation letter which she refused. The manager told her she would not receive any compensation, and would be blacklisted, and forced her to resign.","Gender-based violence and harassment,Harassment intimidation and abuse,Unfair dismissal",https://www.business-humanrights.org/en/latest-news/myanmar-garment-worker-dismissed-blackmailed-after-being-assaulted-incl-co-response/?utm_source=mosaic&utm_medium=api,https://www.business-humanrights.org/en/latest-news/myanmar-garment-worker-fired-after-being-assaulted-in-the-factory/?utm_source=mosaic&utm_medium=api,golden propitious (myanmar) garment
#611 - U&G,U&G,2024-08-29,100.0,"Adastria (Buyer),Allied Feather and Down (Reported buyer),DoClasse (Buyer),Limonta (Reported buyer)","U&G allegedly supplies to Adastria, Allied Feather & Down, Doclasse and Limonta; All brands provided a response to a request for comment from the Resource Centre. Allied Feather & Down and Limonta stated they do not source from the factory.","In August 2024, it was reported that workers at U&G (Myanmar) Fashion are facing a series of violations, including mandatory overtime all night for almost two months incl. on Saturdays, public humiliation and wage cuts if workers don’t work overtime, workers not permitted to go home during overnight shifts and forced to sleep inside the factory on the floor, making the women workers feel unsafe with the men in the factory, and forced to work continuously until the next day, pregnant workers forced to also work overtime, women facing health problems because of the long shifts, as workers don’t get breaks to eat, the factory clinic having no medicine available for workers, and the factory asking workers to lie during an inspection by the Labour Office.","Gender-based violence and harassment,Harassment intimidation and abuse,Inhumane work rates and mandatory overtime,Reduced wages and wage theft,Unsafe working conditions",https://www.business-humanrights.org/en/latest-news/myanmar-garment-workers-report-health-issues-due-to-excessive-overtime-incl-co-responses/?utm_source=mosaic&utm_medium=api,https://www.business-humanrights.org/en/latest-news/myanmar-garment-workers-incl-pregnant-workers-forced-to-work-excessive-overtime/?utm_source=mosaic&utm_medium=api,u&g
#610 - Dongxin Garment,Dongxin Garment,2024-08-29,1.0,"Alpen Group (Buyer),Burtle (Buyer),LC Waikiki (Former buyer),Voyager (Buyer),Workman (Buyer)","Dongxin Garment allegedly supplies to Burtle, Voyager, Alpen Group and Workman; Workman provided a response to a request for comment from the Resource Centre. Burtle, Voyager and Alpen Group did not. LC Waikiki has previously informed us it no longer sources from the factory.","On 15 July 2024, a worker at Dongxin Garment filed a complaint with the Labour Relations Office about being unfairly dismissed, however the employee did not reach a settlement and filed a complaint with the Arbitration Board. The Arbitration Board ruled that the employer should pay the worker compensation based on their length of employment but the employee was dissatisfied with the order.",Unfair dismissal,https://www.business-humanrights.org/en/latest-news/myanmar-garment-workers-report-multiple-labour-rights-abuses-incl-wage-deductions-verbal-abuse-at-dongxin-garment-incl-co-responses/?utm_source=mosaic&utm_medium=api,https://www.business-humanrights.org/en/latest-news/myanmar-wcc-member-at-garment-factory-dismissed-for-resolving-workplace-problems/?utm_source=mosaic&utm_medium=api,dongxin garment
#609 - Dongxin Garment,Dongxin Garment,2024-08-29,,"Alpen Group (Buyer),Burtle (Buyer),LC Waikiki (Former buyer),Voyager (Buyer),Workman (Buyer)","Dongxin Garment allegedly supplies to Burtle, Voyager, Alpen Group and Workman; Workman provided a response to a request for comment from the Resource Centre. Burtle, Voyager and Alpen Group did not. LC Waikiki has previously informed us it no longer sources from the factory.","In August 2024, it was reported that workers at Dongxin Garment are facing a series of violations, including unclean toilets, discrimination against workers by supervisors, limited medical supplies so workers must buy their own and other work supplies required, workers shouted at through microphones if they don't meet targets, and wage deductions. Despite an inspection by the Department of Labour, working conditions have reportedly not improved.","Gender-based violence and harassment,Harassment intimidation and abuse,Unsafe working conditions",https://www.business-humanrights.org/en/latest-news/myanmar-garment-workers-report-multiple-labour-rights-abuses-incl-wage-deductions-verbal-abuse-at-dongxin-garment-incl-co-responses/?utm_source=mosaic&utm_medium=api,https://www.business-humanrights.org/en/latest-news/myanmar-wcc-member-at-garment-factory-dismissed-for-resolving-workplace-problems/?utm_source=mosaic&utm_medium=api,dongxin garment
#608 - Dongxin Garment,Dongxin Garment,2024-08-29,1.0,"Alpen Group (Buyer),Burtle (Buyer),LC Waikiki (Former buyer),Voyager (Buyer),Workman (Buyer)","Dongxin Garment allegedly supplies to Burtle, Voyager, Alpen Group and Workman; Workman provided a response to a request for comment from the Resource Centre. Burtle, Voyager and Alpen Group did not. LC Waikiki has previously informed us it no longer sources from the factory.","On 11 September 2023, a worker at Dongxin Garment who had been elected as a representative for the Workplace Coordination Committee was dismissed from the WCC for no reason, and is now trying to file a complaint with the Arbitration Council.","Attacks on freedom of association,Unfair dismissal",https://www.business-humanrights.org/en/latest-news/myanmar-garment-workers-report-multiple-labour-rights-abuses-incl-wage-deductions-verbal-abuse-at-dongxin-garment-incl-co-responses/?utm_source=mosaic&utm_medium=api,https://www.business-humanrights.org/en/latest-news/myanmar-wcc-member-at-garment-factory-dismissed-for-resolving-workplace-problems/?utm_source=mosaic&utm_medium=api,dongxin garment
#607 - GYSEN (Myanmar) Apparel Co. Ltd,GYSEN (Myanmar) Apparel Co. Ltd,2024-08-28,500.0,"Dunnes Stores (Buyer),PEP&CO (Former buyer)","GYSEN (Myanmar) Apparel allegedly supplies to Pep&Co and Dunnes Stores; Dunnes Stores did not provide a response to a request for comment from the Resource Centre. In September 2024, Pep&Co informed the Resource Centre that it no longer sources from the factory.","In August 2024, it was reported that workers at GYSEN (Myanmar) Apparel were forced to flee the factory when the relevant department came to inspect the factory for illegal overtime work, causing injuries.","Inhumane work rates and mandatory overtime,Unsafe working conditions",https://www.business-humanrights.org/en/latest-news/myanmar-workers-forced-to-flee-factory-during-inspection-for-illegal-overtime-causing-injuries-incl-co-response/?utm_source=mosaic&utm_medium=api,https://www.business-humanrights.org/en/latest-news/myanmar-over-500-workers-forced-to-flee-overtime-shifts-due-to-inspection/?utm_source=mosaic&utm_medium=api,gysen (myanmar) apparel co. ltd
#606 - Bofei Garment,Bofei Garment,2024-08-28,400.0,"LPP Spółka Akcyjna (Reported buyer),Sinsay (part of LPP S.A.) (Reported buyer),Takko (Reported buyer)","Bofei Garment allegedly supplies to LPP (for its Sinsay brand) and Takko; both brands provided a response to a request for comment from the Resource Centre, stating they have not sourced from the factory.","In February 2024, it was reported that workers at Bofei Garment are facing a series of violations, including unclean water provisions, workers taught what to say during inspections, and mandatory overtime or workers are fired.","Harassment intimidation and abuse,Inhumane work rates and mandatory overtime,Unfair dismissal,Unsafe working conditions",https://www.business-humanrights.org/en/latest-news/myanmar-after-media-reports-on-labour-rights-abuses-factory-dismisses-40-day-labourers-after-brand-inspection-announced-incl-co-responses/?utm_source=mosaic&utm_medium=api,https://www.business-humanrights.org/en/latest-news/myanmar-forty-day-labourers-fired-from-factory-after-brand-inspection-announced/?utm_source=mosaic&utm_medium=api,bofei garment
#605 - Tianjin Fashion Milestone,Tianjin Fashion Milestone,2024-08-27,1400.0,"Bestseller (Buyer),Inditex (Reported buyer),LC Waikiki (Buyer),LPP Spółka Akcyjna (Buyer),ONLY (part of Bestseller) (Buyer),Primark (part of Associated British Foods) (Former buyer),Sinsay (part of LPP S.A.) (Buyer),Vero Moda (part of Bestseller) (Buyer),Zara (part of Inditex) (Reported buyer)","Tianjin Fashion Milestone allegedly supplies to LC Waikiki, LPP (for Sinsay), BESTSELLER (for Vero Moda and ONLY). ; LPP and BESTSELLER provided a response to a request for comment from the Resource Centre. LC Waikiki did not. Primark had previously said its final handover as a result of its responsible exit took place in June 2023, and Inditex had previously stated it did not source from the factory.","In August 2024, it was reported that Tianjin Fashion Milestone had a clinic and nurse, but no medicine. It was also reported that women workers have difficulty finding time to change their menstrual pads during their period, due to having to work excessively to meet targets.",Unsafe working conditions,https://www.business-humanrights.org/en/latest-news/myanmar-workers-allege-excessive-production-targets-lack-of-access-to-medicines-at-tianjin-fashion-milestone/?utm_source=mosaic&utm_medium=api,https://www.business-humanrights.org/en/latest-news/myanmar-women-garment-workers-face-menstrual-health-crisis-amid-rampant-inflation-and-low-salary-under-military-rule/?utm_source=mosaic&utm_medium=api,tianjin fashion milestone
#604 - North Shore Group,North Shore Group,2024-08-27,300.0,,"North Shore Group allegedly supplies to or has supplied to Vaude, Schoffel, Bergans, and JD Sports; Vaude, Schoffel, Bergans provided a response to a request for comment from the Resource Centre, stating they had ended operations with the factory. Bergans stated its last shipment was sent in December 2024 and Schoffel stated its last shipment was in October 2024. JD Sports previously stated it had ceased operations with North Shore Group in September 2021, and exited Myanmar in June 2022.","In August 2024 it was reported that a new HR worker at the North Shore Group factory was bullying workers, particularly older workers, with verbal abuse and derogatory words, humiliating workers.","Gender-based violence and harassment,Harassment intimidation and abuse",https://www.business-humanrights.org/en/latest-news/myanmar-garment-workers-face-derogatory-and-humiliating-abuse-from-hr-employee-incl-co-responses/?utm_source=mosaic&utm_medium=api,https://www.business-humanrights.org/en/latest-news/myanmar-older-garment-workers-at-garment-factory-face-abuse-from-hr-worker/?utm_source=mosaic&utm_medium=api,north shore group
#603 - Hang Kei Myanmar,Hang Kei Myanmar,2024-08-27,1000.0,"Etam Groupe (Buyer),Hunkemoller (Buyer)",Hang Kei Myanmar allegedly supplies to Hunkemoller and Etam Groupe; both brands provided a response to a request for comment from the Resource Centre.,"In August 2024, it was reported that workers at Hang Kei Myanmar are facing a series of violations, including Workplace Coordination Committee (WCC) representatives making disrespectful remarks to workers. When workers decided to coordinate a strike in response to an argument with the WCC, the employer threatened to call the army to arrest the workers, and reportedly continues to threaten to contact the army in response to issues. The relevant labour department went to the factory to resolve the protest, but no solution was found. The workers also reported being denied legal benefits incl. leave such as medical leave when workers are sick, wage cuts if workers take leave, excessive production targets and verbal abuse towards workers to meet the target, mandatory overtime without prior notice, and no medicine available in the factory.","Attacks on freedom of association,Business-military collusion,Denial of leave,Gender-based violence and harassment,Harassment intimidation and abuse,Inhumane work rates and mandatory overtime,Reduced wages and wage theft,Unsafe working conditions",https://www.business-humanrights.org/en/latest-news/myanmar-garment-workers-threatened-with-arrest-over-protest-incl-co-response/?utm_source=mosaic&utm_medium=api,https://www.business-humanrights.org/en/latest-news/myanmar-workers-at-hang-kei-myanmar-factory-report-labour-rights-abuses/?utm_source=mosaic&utm_medium=api,hang kei myanmar
#602 - Lita Myanmar,Lita Myanmar,2024-08-26,900.0,"Burtle (Buyer),Converse (part of Nike) (Reported buyer),Karsee (Buyer),Nike (Reported buyer),Toyo (Buyer),United Arrows (Buyer)","Lita Myanmar allegedly supplies to or has supplied to Burtle, Toyo, Karsee, United Arrows and Nike (for Converse); Burtle, Toyo, Karsee and United Arrows did not provide a response to a request for comment from the Resource Centre. Nike has previously informed the Resource Centre that it does not source from the factory.","In August 2024, it was reported that workers at Lita Myanmar are facing a series of violations, including workers denied the right to select WCC representatives, workers forced to work full time on Saturdays without overtime pay, supervisors verbally abusing workers if they fail to meet targets, workers denied leave if they have health issues, and given an absent in social security documents if they take leave they are legally owed, workers hired as day labourers and denied overtime pay, workers on certain production lines paid more than others. Workers taught what to say ahead of brand inspection and forced to lie.","Attacks on freedom of association,Denial of leave,Denial of permanent contracts,Gender-based violence and harassment,Harassment intimidation and abuse,Inhumane work rates and mandatory overtime,Reduced wages and wage theft,Unsafe working conditions",https://www.business-humanrights.org/en/latest-news/myanmar-garment-factory-lita-allegedly-subjecting-workers-to-abuses-and-coaching-them-to-lie-for-brand-inspections-incl/?utm_source=mosaic&utm_medium=api,https://www.business-humanrights.org/en/latest-news/myanmar-workers-report-forced-overtime-denial-of-leave-and-lack-of-worker-representation/?utm_source=mosaic&utm_medium=api,lita myanmar
#601 - Golden Colour Fashion,Golden Colour Fashion,2024-08-26,1000.0,"DeFacto (Buyer),Kappa (Buyer),Koton (Buyer)","Golden Colour Fashion allegedly supplies to DeFacto, Kappa and Koton; none of the brands provided a response to a request for comment from the Resource Centre.","In August 2024, it was reported that the Golden Colour Fashion factory owner and manager were fined for forcing workers to work overtime without their consent. The workers had previously complained to inspectors but the factory failed to comply.",Inhumane work rates and mandatory overtime,https://www.business-humanrights.org/en/latest-news/myanmar-factory-fined-for-forcing-workers-to-work-mandatory-overtime-without-consent-incl-co-responses/?utm_source=mosaic&utm_medium=api,https://www.business-humanrights.org/en/latest-news/myanmar-factory-owner-manager-fined-for-forcing-workers-to-work-overtime/?utm_source=mosaic&utm_medium=api,golden colour fashion
#600 - Chu Yang,Chu Yang,2024-08-23,,"Bonprix (part of Otto Group) (Former buyer),Otto (Former buyer)","Chu Yang allegedly supplies to Otto Group; Otto Group provided a response to a request for comment from the Resource Centre, stating its last shipment with the factory was finalised in December 2024.","In August 2024, it was reported that a trial regarding the Chu Yang (Myanmar) factory owner had begun, who was facing 13 cases against them since the beginning of 2024, related to: three cases of unfair dismissal, 1 case of discrimination, 2 breaches of employment contract, 2 cases of non-signing of employment contract, 1 violation of the right to organise, 3 cases of wage deduction and 1 case of collective wage increase for 140 workers.","Attacks on freedom of association,Reduced wages and wage theft,Unfair dismissal",https://www.business-humanrights.org/en/latest-news/myanmar-garment-workers-sue-factory-owner-over-labour-rights-violations-incl-co-response/?utm_source=mosaic&utm_medium=api,https://www.business-humanrights.org/en/latest-news/myanmar-workers-at-chu-yang-factory-file-13-cases-against-factory-owner-re-labour-rights-abuses/?utm_source=mosaic&utm_medium=api,chu yang
#599 - Glamour Garment,Glamour Garment,2024-08-22,800.0,Rosa Clará (Buyer),Glamour Garment allegedly supplies to Rosa Clara; Rosa Clara did not provide a response to a request for comment from the Resource Centre.,"In August 2024, it was reported that workers at Glamour Garment are facing a series of violations, including workers working 15 hours a day without a day off and forced to work overnight, impacting their health incl. workers feeling on the verge of fainting due to sleep deprivation, harassment and discrimination if they refuse overtime, denial of social security benefits incl. leave, even in the event of sickness or an emergency, workers charged if they miss a day of work, workers’ phones confiscated without their consent when they enter the workplace and the Workplace Coordination Committee being selected by the employer.","Attacks on freedom of association,Denial of leave,Gender-based violence and harassment,Harassment intimidation and abuse,Inhumane work rates and mandatory overtime,Reduced wages and wage theft,Surveillance,Unsafe working conditions",https://www.business-humanrights.org/en/latest-news/myanmar-garment-workers-fainting-due-to-15-hour-work-days-and-no-time-off-incl-co-response/?utm_source=mosaic&utm_medium=api,https://www.business-humanrights.org/en/latest-news/myanmar-garment-workers-at-glamour-garment-factory-working-15-hour-days-with-no-days-off/?utm_source=mosaic&utm_medium=api,glamour garment
#598 - S.H United Company,S.H United Company,2024-08-21,1200.0,Colin's (Buyer),S.H. United Company allegedly supplies to Colin's; Colin's did not provide a response to a request for comment from the Resource Centre.,"In August 2024, it was reported that workers at S.H United are facing a series of violations, including denial of legal benefits incl. paid leave, wage reductions if workers miss a day of work, pressure for workers not to take sick leave, excessive production targets and verbal abuse if workers don’t meet the target, workers unable to drink water due to excessive work load, day labourers hired and fired if orders are low, and workers who were formerly union members at the factory (before it was closed and renamed) denied employment and publicly humiliated.","Attacks on freedom of association,Denial of leave,Denial of permanent contracts,Gender-based violence and harassment,Harassment intimidation and abuse,Inhumane work rates and mandatory overtime,Reduced wages and wage theft,Unsafe working conditions",https://www.business-humanrights.org/en/latest-news/myanmar-garment-workers-pressured-to-meet-targets-denied-leave-incl-co-response/?utm_source=mosaic&utm_medium=api,https://www.business-humanrights.org/en/latest-news/myanmar-garment-workers-forced-to-work-overtime-denied-sick-leave/?utm_source=mosaic&utm_medium=api,s.h united company
#597 - Pro Cap,Pro Cap,2024-08-21,1.0,Otto Caps (Buyer),Pro Cap allegedly supplies to Otto Caps; Otto Caps did not provide a response to a request for comment from the Resource Centre.,"In August 2024, it was reported that a worker at Pro Cap was dismissed for complaining to the Labour Office about labour rights violations at the factory.",Unfair dismissal,https://www.business-humanrights.org/en/latest-news/myanmar-garment-workers-threatened-to-sign-contract-on-wage-payments-incl-co-response/?utm_source=mosaic&utm_medium=api,https://www.business-humanrights.org/en/latest-news/myanmar-garment-workers-forced-to-sign-contract-on-monthly-wages/?utm_source=mosaic&utm_medium=api,pro cap
#596 - Pro Cap,Pro Cap,2024-08-21,350.0,Otto Caps (Buyer),Pro Cap allegedly supplies to Otto Caps; Otto Caps did not provide a response to a request for comment from the Resource Centre.,"In August 2024, it was reported that workers at Pro Cap are facing a series of violations, including workers forced to sign a contract on wages, that covers wages for 30 days (even on months with 31 days) - those who don’t sign are threatened with demotion to day labourer status, and those who do sign are told they will be paid15,000 kyats. Other violations include pregnant workers denied leave for hospital appointments, wage cuts if workers attend the clinic provided as part of workers’ social security benefits, limited breaks and workers not provided food during shifts.","Gender-based violence and harassment,Harassment intimidation and abuse,Reduced wages and wage theft,Unsafe working conditions",https://www.business-humanrights.org/en/latest-news/myanmar-garment-workers-threatened-to-sign-contract-on-wage-payments-incl-co-response/?utm_source=mosaic&utm_medium=api,https://www.business-humanrights.org/en/latest-news/myanmar-garment-workers-forced-to-sign-contract-on-monthly-wages/?utm_source=mosaic&utm_medium=api,pro cap
#595 - SQI Star Garment,SQI Star Garment,2024-08-21,700.0,,,"In August 2024, it was reported that workers at SQI Star are facing a series of violations, including workers forced to work continuously without breaks causing health issues, workers denied gate passes to leave the factory and charged if they don't attend work, nurses unable to provide health services to workers, illegal dismissals, time limits for workers going to the toilet, no food provided by the factory during overtime shifts, and physical abuse.","Denial of leave,Gender-based violence and harassment,Harassment intimidation and abuse,Inhumane work rates and mandatory overtime,Unfair dismissal,Unsafe working conditions",,https://www.business-humanrights.org/en/latest-news/myanmar-garment-workers-forced-to-work-continuously-without-breaks-causing-health-issues/?utm_source=mosaic&utm_medium=api,sqi star garment
#594 - Chu Yang,Chu Yang,2024-08-21,,"Bonprix (part of Otto Group) (Former buyer),Otto (Former buyer)","Chu Yang allegedly supplies to Otto Group; Otto Group provided a response to a request for comment from the Resource Centre, stating its last shipment with the factory was finalised in December 2024.","In August 2024, it was reported that after workers at Chu Yang (Myanmar) applied to form a labour union, the factory manager and General Manager verbally abused and threatened to blacklist the workers so they can’t work anywhere. One union leader was fired but after a complaint was filed with the relevant labour department and with the brand Otto Group, negotiations took place and a settlement was reached.","Attacks on freedom of association,Gender-based violence and harassment,Harassment intimidation and abuse",https://www.business-humanrights.org/en/latest-news/myanmar-union-leader-dismissed-after-attempts-to-form-a-union-settlement-reached-incl-co-response/?utm_source=mosaic&utm_medium=api,https://www.business-humanrights.org/en/latest-news/myanmar-dismissed-union-leader-returns-to-work-following-negotiations/?utm_source=mosaic&utm_medium=api,chu yang
#593 - Xiang Rong Sports,Xiang Rong Sports,2024-08-20,500.0,Olympia (Buyer),Xiang Rong Sports allegedly supplies to Olympia; Olympia did not provide a response to a request for comment from the Resource Centre.,"In August 2024, it was reported that management at Xiang Rong threated to call the military and police to arrest workers who staged a protest demanding the factory pay the 1,000 kyat allowance they are owed. The workers also reported that an inspection was undertaken at the factory regarding excessive overtime incl. on Sundays, but no action was taken, and stated that if workers took more than five days leave, their seniority leave would be recalculated. Workers reportedly work six hours straight without food, receiving a warning and a fine if they go out to buy food. The toilets are reportedly unsafe and dirty, and waste is dumped close to the workers’ eating area.","Business-military collusion,Denial of leave,Inhumane work rates and mandatory overtime,Reduced wages and wage theft,Unsafe working conditions",https://www.business-humanrights.org/en/latest-news/myanmar-factory-management-threatens-to-call-military-to-arrest-protesting-workers-demanding-allowance/?utm_source=mosaic&utm_medium=api,https://www.business-humanrights.org/en/latest-news/myanmar-workers-threatened-with-arrest-at-xiang-rong-sports/?utm_source=mosaic&utm_medium=api,xiang rong sports
#592 - BOY Garment,BOY Garment,2024-08-20,300.0,Premier (Buyer),BOY Garment allegedly supplies to Premier; Premier did not provide a response to a request for comment from the Resource Centre.,"In August 2024, it was reported that workers at BOY Garment are facing a series of violations, including mandatory overtime overnight without consulting with workers, no doctor or nurse available at the factory clinic, workers’ overtime pay cut if they miss work, low wages and workers dismissed without a valid reason.","Denial of leave,Inhumane work rates and mandatory overtime,Reduced wages and wage theft,Unfair dismissal,Unsafe working conditions",https://www.business-humanrights.org/en/latest-news/myanmar-garment-workers-demand-factory-stop-forcing-workers-to-work-overnight-without-consent-incl-co-response/?utm_source=mosaic&utm_medium=api,https://www.business-humanrights.org/en/latest-news/myanmar-garment-workers-demand-an-end-to-mandatory-overtime-overnight/?utm_source=mosaic&utm_medium=api,boy garment
#591 - Tianjin Fashion Milestone,Tianjin Fashion Milestone,2024-08-19,1500.0,"Bestseller (Buyer),Inditex (Reported buyer),LC Waikiki (Buyer),LPP Spółka Akcyjna (Buyer),ONLY (part of Bestseller) (Buyer),Primark (part of Associated British Foods) (Former buyer),Sinsay (part of LPP S.A.) (Buyer),Vero Moda (part of Bestseller) (Buyer),Zara (part of Inditex) (Reported buyer)","Tianjin Fashion Milestone allegedly supplies to LC Waikiki, LPP (for Sinsay), BESTSELLER (for Vero Moda and ONLY). ; LPP and BESTSELLER provided a response to a request for comment from the Resource Centre. LC Waikiki did not. Primark had previously said its final handover as a result of its responsible exit took place in June 2023, and Inditex had previously stated it did not source from the factory.","In August 2024, it was reported that workers at Tianjin Fashion Milestone are facing a series of violations, including workers having their full bodies checked by security guards on their way to and from work, workers who complain about conditions being watched and fired, verbal abuse if workers don't meet their targets, and workers forced to work all day without a day off for a month, even if they are sick.","Denial of leave,Gender-based violence and harassment,Harassment intimidation and abuse,Inhumane work rates and mandatory overtime,Surveillance,Unfair dismissal,Unsafe working conditions",https://www.business-humanrights.org/en/latest-news/myanmar-workers-at-tianjin-fashion-milestone-allege-human-rights-violations-incl-retaliatory-dismissal-for-raising-complaints/?utm_source=mosaic&utm_medium=api,https://www.business-humanrights.org/en/latest-news/myanmar-garment-workers-face-full-body-searches-to-and-from-work-2/?utm_source=mosaic&utm_medium=api,tianjin fashion milestone
#590 - Myanmar Jiale Fashion 2,Myanmar Jiale Fashion 2,2024-08-19,400.0,"Dub (Buyer),Shisky (Buyer)",Jiale Fashion 2 allegedly supplies to Dub and Shisky; Neither brand provided a response to a request for comment from the Resource Centre.,"On 17 June 2024, a complaint was filed against Myanmar Jiale Fashion 2 for violating workers' employment contract, by: failing to provide transportation, forcing workers to move department without their consent, and not providing overtime to workers.  The case has not been resolved by the labour department , which is reportedly avoiding addressing the workers' grievance. Workers are met with verbal abuse when they ask about their case.",Unsafe working conditions,https://www.business-humanrights.org/en/latest-news/myanmar-jiale-fashion-2-faces-labour-complaint-over-contract-violations-brands/?utm_source=mosaic&utm_medium=api,https://www.business-humanrights.org/en/latest-news/myanmar-garment-workers-complain-over-working-conditions-ignored-by-labour-department/?utm_source=mosaic&utm_medium=api,myanmar jiale fashion 2
#589 - Myanmar Hua Yue,Myanmar Hua Yue,2024-08-18,,"Barbara Lebek (Buyer),Hennes & Mauritz (H&M) (Former buyer),Zhejiang Semir Garment (Buyer)","Myanmar Hua Yue allegedly supplies to or has supplied to Semir Garment, Barbara Lebek and H&M; H&M provided a response to a request for comment from the Resource Centre, stating it phased out production at the factory in 2021. Barbara Lebek and Semir Garment did not.","In August 2024, it was reported that workers at Myanmar Hua Yue Garment are facing a series of violations, including excessive overtime overnight without dinner or transport provided and workers forced to sleep in the factory, workers forced to work overtime if they don’t meet targets, workers feeling tired and weak due to overtime shifts, overtime pay paid a week later, causing financial difficulties, denial of legal benefits and wage deductions if workers take leave, daily wage and overtime pay not paid equally, underage workers and daily wage workers hired at the factory, verbal abuse and harassment from supervisors, workers charged for arriving to work late, and security guards harassing workers during inspections.","Child labour,Denial of leave,Denial of permanent contracts,Gender-based violence and harassment,Harassment intimidation and abuse,Inhumane work rates and mandatory overtime,Reduced wages and wage theft,Surveillance,Unsafe working conditions",https://www.business-humanrights.org/en/latest-news/myanmar-garment-workers-report-multiple-labour-rights-violations-at-myanmar-hua-yue-garment-incl-co-response/?utm_source=mosaic&utm_medium=api,https://www.business-humanrights.org/en/latest-news/myanmar-workers-allegedly-forced-to-work-all-night-among-other-abuses-at-hua-yue-garment/?utm_source=mosaic&utm_medium=api,myanmar hua yue
#588 - Myanmar Hua Yue,Myanmar Hua Yue,2024-08-18,,,,"In August 2024, it was reported that a worker hired as a day labourer at Myanmar Hua Yue Garment fell from a high height when trying to hang clothes, and took three days off after visiting the clinic. The factory dismissed the worker for taking the days off.","Unfair dismissal,Unsafe working conditions",,https://www.business-humanrights.org/en/latest-news/myanmar-workers-allegedly-forced-to-work-all-night-among-other-abuses-at-hua-yue-garment/?utm_source=mosaic&utm_medium=api,myanmar hua yue
#587 - Dong Long (Pathein) Garment Company,Dong Long (Pathein) Garment Company,2024-08-17,2000.0,"Lidl (Former buyer),MUJI (part of Ryohin Keikaku) (Former buyer),Zhejiang Semir Garment (Buyer)","Dong Long (Pathein) Garment allegedly supplies to or has previously supplied LIDL, MUJI and Semir Garment; LIDL and MUJI provided a response to a request for comment from the Resource Centre. LIDL stated it had not sourced anything from the factory since October 2024, and MUJI stated it last sourced from the factory in August 2023. Semir Garment did not respond.","In August 2024, it was reported that workers at Dong Long (Pathein) Garment are facing a series of violations, including workers forced to work overtime without their consent incl. on Sundays, wage cuts and verbal abuse if you refuse to work overtime, no transport provided for workers working late night shifts after 6pm with workers reporting that there have been instances of workers being robbed or killed on their way home after working until 9pm but the factory is covering up these cases. Workers also report verbal and physical abuse incl. workers having clothes thrown at them, wage deductions if targets are not met, and workers being denied breaks or having their phone confiscated if targets are not met.","Gender-based violence and harassment,Harassment intimidation and abuse,Inhumane work rates and mandatory overtime,Killings,Reduced wages and wage theft,Unsafe working conditions",https://www.business-humanrights.org/en/latest-news/myanmar-workers-reportedly-robbed-killed-returning-home-from-overtime-shifts-incl-co-responses/?utm_source=mosaic&utm_medium=api,https://www.business-humanrights.org/en/latest-news/myanmar-garment-workers-forced-to-work-overtime-without-their-consent-denied-leave/?utm_source=mosaic&utm_medium=api,dong long (pathein) garment company
#586 - Myanmar Haisheng,Myanmar Haisheng,2024-08-15,300.0,"Alpen Group (Buyer),Macron (Buyer),Teddy Group (Buyer),Terranova (Buyer),Topvalu Collection (part of AEON) (Former buyer)","Myanmar Haisheng allegedly supplies to Alpen Group (for Tigora), Teddy Group (for Terranova), Macron, and AEON (for Topvalu); AEON provided a response to a request for comment from the Resource Centre, stating it no longer sources from the factory. Alpen Group, Teddy Group and Macron did not.","In August 2024, it was reported that workers at Myanmar Haisheng Fashion Clothes are facing a series of violations, including excessive overtime until dawn, which is hidden when inspections happen, workers told to lie when inspections take place, and the Workplace Coordination Committee being formed by the employer.","Attacks on freedom of association,Harassment intimidation and abuse,Inhumane work rates and mandatory overtime",https://www.business-humanrights.org/en/latest-news/myanmar-haisheng-fashion-workers-allegedly-told-to-hide-labour-violations-incl-excessive-overtime-incl-brand/?utm_source=mosaic&utm_medium=api,https://www.business-humanrights.org/en/latest-news/myanmar-workers-allege-excessive-overtime-and-health-and-safety-issues-at-garment-factory/?utm_source=mosaic&utm_medium=api,myanmar haisheng
#585 - New Plus,New Plus,2024-08-15,1000.0,,,"In August 2024, it was reported that workers at New Plus are facing a series of violations, including workers feeling tired due to being forced to work everyday without a day off, and are working overtime until Monday-Friday, despite an inspection by labour officials. Workers are not given official meal breaks, and receive money if they don't take a break. When workers return home late from shifts the electricity is down and its difficult to go shopping and cook.","Inhumane work rates and mandatory overtime,Unsafe working conditions",,https://www.business-humanrights.org/en/latest-news/myanmar-workers-forced-to-work-overtime-until-9pm-despite-inspection/?utm_source=mosaic&utm_medium=api,new plus
#584 - Bontech Manufacturing,Bontech Manufacturing,2024-08-15,1000.0,Delta Plus (Buyer),Bontech Manufacturing allegedly supplies to Delta Plus; Delta Plus did not provide a response to a request for comment from the Resource Centre.,"In August 2024, it was reported that workers at Bontech Manufacturing are facing a series of violations, including low overtime pay, wage cuts if workers take leave, workers forced to work overtime without their prior consent, workers being fined if they are late to the factory in the morning with their names written on a whiteboard in public, workers working overnight all night and not getting enough sleep before the morning shift, impacting workers’ health, excessive production targets and verbal abuse to pressure workers to meet targets, workers who are injured not given paid leave and coming to work with bandages because they are afraid of not being paid, pregnant workers having to work overtime, no toilets in the dining hall and insufficient transport home.","Denial of leave,Gender-based violence and harassment,Harassment intimidation and abuse,Inhumane work rates and mandatory overtime,Reduced wages and wage theft,Unsafe working conditions",https://www.business-humanrights.org/en/latest-news/myanmar-garment-workers-report-labour-rights-abuses-incl-unpaid-overtime-pay-incl-co-response/?utm_source=mosaic&utm_medium=api,https://www.business-humanrights.org/en/latest-news/myanmar-workers-denied-owed-overtime-pay-at-garment-factory/?utm_source=mosaic&utm_medium=api,bontech manufacturing
#583 - New Top Lotus,New Top Lotus,2024-08-14,400.0,Majestic Legon (Buyer),New Top Lotus allegedly supplies to Majestic Legon; Majestic Legon did not provide a response to a request for comment from the Resource Centre.,"In August 2024, it was reported that workers at New Top Lotus are facing a series of violations, including non-payment of workers’ owed 1,000 kyats subsidy, non-payment of medical leave and workers’ wages being deducted if they miss a day of work, day labourers hired at the factory, young workers forced to work at the same level as adult workers, excessive production targets and verbal abuse if workers don’t meet the targets, unhygienic toilets and unfair dismissals.","Child labour,Denial of leave,Denial of permanent contracts,Gender-based violence and harassment,Harassment intimidation and abuse,Inhumane work rates and mandatory overtime,Reduced wages and wage theft,Unfair dismissal,Unsafe working conditions",https://www.business-humanrights.org/en/latest-news/myanmar-garment-workers-protest-demanding-subsidy-incl-co-response/?utm_source=mosaic&utm_medium=api,https://www.business-humanrights.org/en/latest-news/myanmar-garment-workers-demand-payment-of-1000-kyats-subsidy/?utm_source=mosaic&utm_medium=api,new top lotus
#582 - De Xin,De Xin,2024-08-13,,"Frasers Group (Buyer),Prenatal (Buyer),Voyager (Buyer)","De Xin allegedly supplies to Voyager, Prenatal and Frasers Group; None of the brands provided a response to a request for comment from the Resource Centre.","In August 2024, it was reported that workers at De Xin Myanmar were fired for responding truthfully during an inspection, and were told to write back an inform the inspectors that they were lying.","Harassment intimidation and abuse,Unfair dismissal",https://www.business-humanrights.org/en/latest-news/myanmar-garment-workers-dismissed-for-reporting-labour-rights-conditions-to-inspectors-incl-co-responses/?utm_source=mosaic&utm_medium=api,https://www.business-humanrights.org/en/latest-news/myanmar-garment-workers-fired-for-reporting-truthfully-re-working-conditions-to-inspectors/?utm_source=mosaic&utm_medium=api,de xin
#581 - Bohua Fashion,Bohua Fashion,2024-08-05,250.0,"Calliope (Buyer),Cropp (part of LPP S.A) (Reported buyer),LPP Spółka Akcyjna (Reported buyer),Minoti (Reported buyer),NKD (Reported buyer),Reserved (part of LPP Spółka Akcyjna) (Reported buyer),Sinsay (part of LPP S.A.) (Reported buyer),Teddy Group (Buyer)","Bohua Fashion allegedly supplies to or has previously supplied to LPP (for its Reserved, Sinsay and Cropp brands), Minoti, Calliope and NKD; Minoti provided a response, stating it has not ordered directly from the factory. Calliope did not respond. LPP and NKD have previously stated it does not source from the factory.","In August 2024, it was reported that workers at Bohua Fashion are facing a series of violations, including workers being dismissed or having their wages cut for refusing to work overtime, workers not permitted to leave the factory if they are feeling unwell, workers not eating after overtime shifts because the markets are closed and the electricity goes out when they return home, day labourers denied permanent contracts despite working for nearly a year, underage workers forced to work at the same level as adult workers, workers not permitted to eat because the space in the factory is cramped, the security guards being rude towards workers.","Child labour,Denial of leave,Denial of permanent contracts,Gender-based violence and harassment,Harassment intimidation and abuse,Inhumane work rates and mandatory overtime,Reduced wages and wage theft,Unfair dismissal,Unsafe working conditions",https://www.business-humanrights.org/en/latest-news/myanmar-garment-workers-forced-to-work-late-overtime-shifts-or-face-wage-deductions-dismissal-incl-co-responses/?utm_source=mosaic&utm_medium=api,https://www.business-humanrights.org/en/latest-news/myanmar-garment-workers-who-refuse-overtime-face-wage-cuts/?utm_source=mosaic&utm_medium=api,bohua fashion
#580 - Hanboom (Myanmar),Hanboom (Myanmar),2024-08-05,3000.0,Honeys Holdings (Buyer),Hanboom (Myanmar) allegedly supplies to Honeys; Honeys provided a response to a request for comment from the Resource Centre.,"In March 2024, it was reported that workers at Hanboom (Myanmar) are facing a series of violations, including workers being denied the government 30,000 kyat subsidy if they don't meet excessive and varying production targets, mandatory and unpaid overtime if workers don't meet targets, verbal abuse if workers don't meet targets, wage cuts if workers take leave and unfair dismissals.","Denial of leave,Gender-based violence and harassment,Harassment intimidation and abuse,Inhumane work rates and mandatory overtime,Reduced wages and wage theft,Unfair dismissal",https://www.business-humanrights.org/en/latest-news/myanmar-garment-workers-denied-government-subsidy-if-they-fail-to-meet-targets-incl-co-response/?utm_source=mosaic&utm_medium=api,https://www.business-humanrights.org/en/latest-news/myanmar-garment-workers-face-wage-cuts-if-they-fail-to-meet-targets-or-take-leave/?utm_source=mosaic&utm_medium=api,hanboom (myanmar)
#579 - Sincere Season,Sincere Season,2024-08-03,2000.0,"Bestseller (Reported buyer),Inditex (Reported buyer),LPP Spółka Akcyjna (Buyer),New Yorker (Buyer),Pull & Bear (part of Inditex) (Reported buyer),Sinsay (part of LPP S.A.) (Buyer),Vero Moda (part of Bestseller) (Reported buyer)","Sincere Season allegedly supplies to BESTSELLER (for VERO MODA), LPP (for Sinsay), Inditex (for Pull&Bear) and New Yorker; BESTSELLER, LPP and Inditex provided a response to a request for comment from the Resource Centre. BESTSELLER stated it does not source from the factory. Inditex stated it no longer sources from Myanmar. New Yorker did not respond.","In August 2024, it was reported that workers at Sincere Season are facing a series of violations, including mandatory overtime daily, verbal abuse if workers don’t work overtime, workers not signing an employment contract, underage workers, day labourers hired and then fired, workers taught what to answer during inspections, denial of leave incl. medical leave, no medicine available.","Child labour,Denial of leave,Denial of permanent contracts,Gender-based violence and harassment,Harassment intimidation and abuse,Inhumane work rates and mandatory overtime,Unfair dismissal,Unsafe working conditions",https://www.business-humanrights.org/en/latest-news/myanmar-garment-workers-report-suffering-over-excessive-mandatory-overtime-incl-co-responses/?utm_source=mosaic&utm_medium=api,https://www.business-humanrights.org/en/latest-news/myanmar-garment-workers-request-help-over-excessive-overtime-work/?utm_source=mosaic&utm_medium=api,sincere season
#578 - Myanmar Chaofa,Myanmar Chaofa,2024-08-03,200.0,,,"In January 2024 it was reported that workers at the Myanmar Chaofa factory were facing a series of violations, including child labour and the children working at the factory facing low wages incl. no overtime pay, workers receiving low pay on days the factory closed due to low orders, unpaid overtime, workers forced to lie during inspections and unsanitary toilets.","Child labour,Harassment intimidation and abuse,Reduced wages and wage theft,Unsafe working conditions",,https://www.business-humanrights.org/en/latest-news/myanmar-child-labour-reported-at-garment-factory/?utm_source=mosaic&utm_medium=api,myanmar chaofa
#577 - Dongxin Garment,Dongxin Garment,2024-07-31,,"Alpen Group (Buyer),Burtle (Buyer),LC Waikiki (Former buyer),Voyager (Buyer),Workman (Buyer)","Dongxin Garment allegedly supplies to Burtle, Voyager, Alpen Group and Workman; Workman provided a response to a request for comment from the Resource Centre. Burtle, Voyager and Alpen Group did not. LC Waikiki has previously informed us it no longer sources from the factory.","In July 2024, it was reported that workers at Dongxin Garment are facing a series of violations, including harassment by the employer-selected Workplace Coordination Committee that is not addressing workers' concerns, workers denied sick leave if they feel unwell and are told to take medicine, despite limited medicine available in the factory, or have a short break at the clinic, and the factory announcing at a meeting that workers' mobile phones will be confiscated.","Attacks on freedom of association,Denial of leave,Gender-based violence and harassment,Harassment intimidation and abuse,Surveillance,Unsafe working conditions",https://www.business-humanrights.org/en/latest-news/myanmar-garment-workers-report-multiple-labour-rights-abuses-incl-wage-deductions-verbal-abuse-at-dongxin-garment-incl-co-responses/?utm_source=mosaic&utm_medium=api,https://www.business-humanrights.org/en/latest-news/myanmar-garment-workers-at-dongxin-garment-denied-right-to-select-members-of-workplace-coordination-committee/?utm_source=mosaic&utm_medium=api,dongxin garment
#576 - Myanmar Haisheng,Myanmar Haisheng,2024-07-31,300.0,"Alpen Group (Buyer),Macron (Buyer),Teddy Group (Buyer),Terranova (Buyer),Topvalu Collection (part of AEON) (Former buyer)","Myanmar Haisheng allegedly supplies to Alpen Group (for Tigora), Teddy Group (for Terranova), Macron, and AEON (for Topvalu); AEON provided a response to a request for comment from the Resource Centre, stating it no longer sources from the factory. Alpen Group, Teddy Group and Macron did not.","In July 2024, it was reported that workers at Myanmar Haisheng Fashion Garment are facing a series of violations, including workers being monitored by CCTV cameras installed in front of the restrooms, no medicine available at the factory, unclean toilets, rain leaking into the factory creating a risk of electric shock, mandatory overtime without workers’ consent, workers being threatened or pressured if they don’t do overtime, excessive production targets and verbal abuse to pressure workers, denial of leave and wage deductions if workers take leave and low overtime pay.","Denial of leave,Gender-based violence and harassment,Harassment intimidation and abuse,Inhumane work rates and mandatory overtime,Reduced wages and wage theft,Surveillance,Unsafe working conditions",https://www.business-humanrights.org/en/latest-news/myanmar-brands-asked-to-respond-to-allegations-of-worker-surveillance-restrictions-on-medication-unsafe-working-conditions-at-haisheng-fashion/?utm_source=mosaic&utm_medium=api,https://www.business-humanrights.org/en/latest-news/myanmar-garment-workers-allegedly-subjected-to-abuses-including-sexual-harassment-and-monitoring-by-cctv-cameras-in-front-of-the-toilets/?utm_source=mosaic&utm_medium=api,myanmar haisheng
#575 - Tristate Myanmar,Tristate Myanmar,2024-07-29,1.0,"C.P. Company (Buyer),Max Mara Fashion Group (Buyer),Nautica (Buyer),New Look (Former buyer),Otto (Former buyer)","Tristate Myanmar allegedly supplies to Max Mara, Nautica, New Look, C.P. Company and Otto Group, New Look, C.P. Company and Otto Group provided responses to a request for comment by the Resource Centre. New Look stated it had not sourced from the factory since 2016. Otto Group stated it had ceased operations with the factory in 2022, and is in the process of exiting Myanmar. Max Mara and Nautica did not respond.","In July 2024, it was reported that a worker who had a miscarriage was denied medical leave and had to leave the job.","Gender-based violence and harassment,Unsafe working conditions",https://www.business-humanrights.org/en/latest-news/myanmar-women-workers-reportedly-suffering-miscarriage-in-garment-factory-incl-co-responses/?utm_source=mosaic&utm_medium=api,https://www.business-humanrights.org/en/latest-news/myanmar-garment-workers-forced-to-work-overtime-without-holidays/?utm_source=mosaic&utm_medium=api,tristate myanmar
#574 - Tristate Myanmar,Tristate Myanmar,2024-07-29,,"C.P. Company (Buyer),Max Mara Fashion Group (Buyer),Nautica (Buyer),New Look (Former buyer),Otto (Former buyer)","Tristate Myanmar allegedly supplies to Max Mara, Nautica, New Look, C.P. Company and Otto Group, New Look, C.P. Company and Otto Group provided responses to a request for comment by the Resource Centre. New Look stated it had not sourced from the factory since 2016. Otto Group stated it had ceased operations with the factory in 2022, and is in the process of exiting Myanmar. Max Mara and Nautica did not respond.","In July 2024, it was reported that workers at Tristate Myanmar Garment are facing a series of violations, including workers forced to work on public holidays and weekends, workers forced to sign an agreement that they are willing to work Martyrs' Day to be given to the labour office, workers denied sick leave and facing cuts to their wages and benefits if they take leave, mandatory overtime everyday incl. Sundays without a day off, causing health problems incl. miscarriages, workers who request leave for health issues denied, and humiliation from supervisors.","Denial of leave,Gender-based violence and harassment,Harassment intimidation and abuse,Inhumane work rates and mandatory overtime,Reduced wages and wage theft,Unsafe working conditions",https://www.business-humanrights.org/en/latest-news/myanmar-women-workers-reportedly-suffering-miscarriage-in-garment-factory-incl-co-responses/?utm_source=mosaic&utm_medium=api,https://www.business-humanrights.org/en/latest-news/myanmar-garment-workers-forced-to-work-overtime-without-holidays/?utm_source=mosaic&utm_medium=api,tristate myanmar
#573 - ,,2024-07-29,,"Calliope (Buyer),House (part of LPP S.A) (Buyer),LPP Spółka Akcyjna (Buyer),OVS SpA (Former buyer),Promod (Reported buyer),Sinsay (part of LPP S.A.) (Buyer),Teddy Group (Buyer)","WHM Myanmar allegedly supplies to LPP (for Sinsay and House), Promod, OVS SpA and Teddy Group (for Calliope); LPP, Promod and OVS SpA provided a response to a request for comment from the Resource Centre. Promod stated it does not source from the factory. OVS SpA stated it no longer sourced from the factory. Teddy Group did not respond.","In July 2024, it was reported that workers at WHM Myanmar are facing a series of violations, including workers forced to work overtime on Sundays without a day off, causing health problems, the factory transport arriving late at 4am for workers who work overnight, giving them no time to sleep before their next shift, mosquito bites from sleeping overnight in the factory due to late overtime shifts and workers working nonstop for seven hours without a break.","Denial of leave,Inhumane work rates and mandatory overtime,Unsafe working conditions",,https://www.business-humanrights.org/en/latest-news/myanmar-workers-say-they-have-to-work-seven-days-per-week-have-no-time-to-sleep-between-shifts-and-work-in-unsanitary-conditions-at-whm-garment-factory/?utm_source=mosaic&utm_medium=api,
#572 - Myanmar Long Sheng Fashion,Myanmar Long Sheng Fashion,2024-07-29,2000.0,,,"In July 2024, it was reported that workers at Myanmar Long Sheng Fashion are facing a series of violations, including excessive mandatory overtime overnight, affecting workers' health, workers treated badly if they don't work overtime, the Workplace Coordination Committee not solving workers' problems, excessive production targets and verbal abuse if workers don't meet targets, and underage workers hired as day labourers and denied leave, benefits or regular pay, and forced to work at the same level as adult workers.","Attacks on freedom of association,Child labour,Denial of leave,Denial of permanent contracts,Gender-based violence and harassment,Harassment intimidation and abuse,Inhumane work rates and mandatory overtime,Reduced wages and wage theft,Unsafe working conditions",,https://www.business-humanrights.org/en/latest-news/myanmar-garment-workers-say-theyre-forced-to-work-20-hours-a-day-among-other-abuses/?utm_source=mosaic&utm_medium=api,myanmar long sheng fashion
#571 - Feng Teng Garment,Feng Teng Garment,2024-07-23,500.0,,,"In July 2024, it was reported that workers at Feng Teng Garment are facing a series of violations, including excessive production targets, verbal abuse if targets are not met, day labourers hired who are denied holidays, receive low wages, denied permanent status and sometimes fired without compensation after three months, child labour, mandatory overtime making workers tired, workers denied leave incl. sick leave or they face wage cuts, denial of social security benefits, unclean and damaged toilets, no clinic at the factory, and workers who resign denied their full wages.","Child labour,Denial of leave,Denial of permanent contracts,Gender-based violence and harassment,Harassment intimidation and abuse,Inhumane work rates and mandatory overtime,Reduced wages and wage theft",,https://www.business-humanrights.org/en/latest-news/myanmar-garment-workers-at-feng-teng-garment-report-multiple-abuses-incl-excessive-targets-mandatory-overtime/?utm_source=mosaic&utm_medium=api,feng teng garment
#570 - Myanmar Guotai Huasheng Glory Fashion,Myanmar Guotai Huasheng Glory Fashion,2024-07-18,600.0,"Auchan (Buyer),Carrefour (Former buyer),InExtenso (part of Auchan) (Buyer),Lidl (Former buyer),Primark (part of Associated British Foods) (Former buyer),Tendam (Reported buyer)","Myanmar Guotai Huasheng Glory Fashion allegedly supplies to or has supplied to Auchan (for inextenso), Tendam, Primark, Carrefour, LIDL ; Auchan, Tendam and Carrefour provided a response to a request for comment from the Resource Centre. Tendam stated it does not source from the factory. LIDL and Primark have previously informed us they no longer source from the factory.","In July 2024, it was reported that workers at Myanmar Guotai Huasheng Glory Fashion Garment are facing a series of violations, including workers denied sick leave and allowances cut if they take leave for health problems, verbal abuse if workers take leave, excessive production targets despite limited workers on production lines, workers pressured to sign a contract to work extra overtime, workers forced to work overtime every Sunday without a break, and pregnant workers told to leave.","Denial of leave,Gender-based violence and harassment,Harassment intimidation and abuse,Inhumane work rates and mandatory overtime,Reduced wages and wage theft,Unfair dismissal,Unsafe working conditions",https://www.business-humanrights.org/en/latest-news/myanmar-european-brands-response-to-alleged-pregnancy-discrimination-leave-wage-violations-among-garment-supply-chain-workers/?utm_source=mosaic&utm_medium=api,https://www.business-humanrights.org/en/latest-news/myanmar-workers-face-series-of-abuses-including-pregnancy-discrimination-at-garment-factory/?utm_source=mosaic&utm_medium=api,myanmar guotai huasheng glory fashion
#569 - Kseng garment factory,Kseng garment factory,2024-07-18,900.0,"Clique (part of New Wave Group) (Buyer),Cutter & Buck (part of New Wave Group) (Buyer),Matalan (Former buyer),New Wave Group (Buyer),New Yorker (Buyer),Orsay (Buyer),Springfield (part of Tendam) (Buyer),Tendam (Former buyer)","Kseng allegedly supplies to New Wave Group (for Cutter & Buck and Clique), New Yorker, Tendam (for Springfield), and Orsay; New Wave Group and Tendam provided a response to a request for comment from the Resource Centre. Orsay and New Yorker did not. Matalan stated its last orders from Kseng were shipped out in October 2024 and final payments were made end November. Tendam stated that the factory has not been part of its production network since 2023.","In July 2024, it was reported that workers at Kseng (Myanmar) Apparel are facing a series of violations, including mandatory overtime everyday, sometimes until dawn, with only half an hour at the end of the day for lunch, workers getting tired and sick from the overtime,  a Workplace Coordination Committee member pressuring workers to meet targets as a line leader. Workers wages were reportedly cut for 11 days in April for not working 2 days a week, when the factory was closed, despite not informing workers of the closure. The excessive overtime has been raised with the Yangon Division labour office, but has been accused of failing to help the workers.","Gender-based violence and harassment,Harassment intimidation and abuse,Inhumane work rates and mandatory overtime,Unsafe working conditions",https://www.business-humanrights.org/en/latest-news/myanmar-garment-workers-at-kseng-apparel-report-labour-abuses-incl-hours-wage-violations/?utm_source=mosaic&utm_medium=api,https://www.business-humanrights.org/en/latest-news/myanmar-garment-workers-forced-into-excessive-overtime-face-salary-cuts-and-unsafe-conditions/?utm_source=mosaic&utm_medium=api,kseng garment factory
#568 - De Xin,De Xin,2024-07-17,500.0,"Frasers Group (Buyer),Prenatal (Buyer),Voyager (Buyer)","De Xin allegedly supplies to Prenatal, Frasers Group and Voyager; none of the brands provided a response to a request for comment from the Resource Centre.","In July 2024, it was reported that workers at De Xin Myanmar Garment are facing a series of violations, including unclean and unsafe toilets and cafeteria, and verbal abuse and managers kicking things during meal breaks.","Gender-based violence and harassment,Harassment intimidation and abuse,Unsafe working conditions",https://www.business-humanrights.org/en/latest-news/myanmar-workers-denied-leave-and-forced-to-work-excessive-overtime-at-garment-factory-incl-co-responses/?utm_source=mosaic&utm_medium=api,https://www.business-humanrights.org/en/latest-news/myanmar-workers-at-de-xin-myanmar-garment-factory-face-labour-rights-abuses-incl-excessive-mandatory-overting/?utm_source=mosaic&utm_medium=api,de xin
#567 - He MeT,He MeT,2024-07-17,1050.0,"LPP Spółka Akcyjna (Reported buyer),MO (part of Sonae Group) (Buyer),Sinsay (part of LPP S.A.) (Reported buyer),Sonae (Buyer),Takko (Reported buyer)","He MeT allegedly supplies to LPP (for Sinsay), MO and Takko; LPP and Takko provided a response to a request for comment from the Resource Centre, stating they do not source from the factory. MO did not respond.","In July 2024, it was reported that workers at He MeT are facing a series of violations, including workers forced to constantly work overnight shifts without time off, affecting their health, unpaid overtime, and workers getting injured while working and not receiving treatment.","Inhumane work rates and mandatory overtime,Reduced wages and wage theft,Unsafe working conditions",https://www.business-humanrights.org/en/latest-news/myanmar-garment-workers-facing-severe-injuries-denied-treatment-incl-co-responses/?utm_source=mosaic&utm_medium=api,https://www.business-humanrights.org/en/latest-news/myanmar-garment-workers-report-continued-workplace-abuses-after-inspection-at-garment-factory/?utm_source=mosaic&utm_medium=api,he met
#566 - Heng Li Garment,Heng Li Garment,2024-07-11,300.0,"House (part of LPP S.A) (Reported buyer),LPP Spółka Akcyjna (Reported buyer)","Heng Li Garment allegedly supplies to LPP (for its House brand); LPP provided a response to a request for comment from the Resource Centre, stating it does not source from the factory.","In July 2024, it was reported that workers at Heng Li Garment are facing a series of violations, including mandatory overtime without rest days incl. on Sundays, verbal abuse if workers don't work overtime or meet targets, unequal pay among workers across different roles, workers made to hold umbrellas while they sew due to rain leaking into the factory in certain areas, pregnant workers fired without reason, workers denied sick leave or access to the social security clinic, workers facing wage cuts, discrimination and harassment if they take a day off work.","Denial of leave,Gender-based violence and harassment,Harassment intimidation and abuse,Inhumane work rates and mandatory overtime,Reduced wages and wage theft,Unsafe working conditions",https://www.business-humanrights.org/en/latest-news/myanmar-workers-report-harassment-verbal-abuse-discrimination-pressure-at-garment-factory-incl-co-response/?utm_source=mosaic&utm_medium=api,https://www.business-humanrights.org/en/latest-news/myanmar-workers-face-verbal-abuse-pressure-to-meet-excessive-production-targets-at-garment-factory/?utm_source=mosaic&utm_medium=api,heng li garment
#565 - JOC Myanmar Garment,JOC Myanmar Garment,2024-07-11,2.0,"Alpen Group (Buyer),Burtle (Buyer),Dunlop Sports (Buyer)","JOC Myanmar allegedly supplies to Dunlop, Alpen Group and Burtle; None of the brands provided a response to a request for comment from the Resource Centre.","In July 2024, it was reported that two workers AT JOC Myanmar Garment were both fired unfairly for arguing.",Unfair dismissal,https://www.business-humanrights.org/en/latest-news/myanmar-garment-workers-protest-demanding-wage-increase-incl-co-response/?utm_source=mosaic&utm_medium=api,https://www.business-humanrights.org/en/latest-news/myanmar-garment-workers-protest-demanding-wage-increase-amid-increasing-living-costs/?utm_source=mosaic&utm_medium=api,joc myanmar garment
#564 - JOC Myanmar Garment,JOC Myanmar Garment,2024-07-11,800.0,"Alpen Group (Buyer),Burtle (Buyer),Dunlop Sports (Buyer)","JOC Myanmar allegedly supplies to Dunlop, Alpen Group and Burtle; None of the brands provided a response to a request for comment from the Resource Centre.","In July 2024, it was reported that workers at JOC Myanmar Knitwear are demanding a wage increase to 7,800 kyats and 40,000 kyats grade bonus, to address the recent rising in prices and living conditions.",Reduced wages and wage theft,https://www.business-humanrights.org/en/latest-news/myanmar-garment-workers-protest-demanding-wage-increase-incl-co-response/?utm_source=mosaic&utm_medium=api,https://www.business-humanrights.org/en/latest-news/myanmar-garment-workers-protest-demanding-wage-increase-amid-increasing-living-costs/?utm_source=mosaic&utm_medium=api,joc myanmar garment
#563 - Hengda (Myanmar) Apparel,Hengda (Myanmar) Apparel,2024-07-11,1500.0,"Hennes & Mauritz (H&M) (Buyer),Inditex (Reported buyer),Zara (part of Inditex) (Reported buyer)",Hengda (Myanmar) Apparel allegedly supplies to H&M; H&M provided a response to a request for comment from the Resource Centre. Inditex has previously informed the Resource Centre it does not source from the factory.,"In July 2024, it was reported that workers at Hengda Myanmar are facing a series of violations, including the continuation of excessive overtime following brand and labour office inspections, public scolding of workers who don't work overtime even if they are sick and the Workplace Coordination Committee unable to speak out for fear of being criticised.","Attacks on freedom of association,Gender-based violence and harassment,Harassment intimidation and abuse,Inhumane work rates and mandatory overtime",https://www.business-humanrights.org/en/latest-news/myanmar-garment-workers-face-continued-excessive-overtime-despite-inspections-incl-co-response/?utm_source=mosaic&utm_medium=api,https://www.business-humanrights.org/en/latest-news/myanmar-garment-workers-forced-to-work-overtime-following-brand-inspections/?utm_source=mosaic&utm_medium=api,hengda (myanmar) apparel
#562 - Toe Tet Garment,Toe Tet Garment,2024-07-10,160.0,,,"In December 2023, it was reported that workers at the Toe Tet garment factory were facing a series of violations incl. the hiring of child labourers, who were denied compensation for the factory relocation and social security benefits, verbal abuse if workers miss a day of work and workers forced to quit.","Child labour,Denial of leave,Gender-based violence and harassment,Harassment intimidation and abuse,Reduced wages and wage theft,Unfair dismissal",,https://www.business-humanrights.org/en/latest-news/myanmar-garment-workers-allege-factory-employs-child-workers-who-were-denied-owed-compensation-for-factory-relocation/?utm_source=mosaic&utm_medium=api,toe tet garment
#561 - Wonderful Apparel,Wonderful Apparel,2024-07-09,200.0,"Colin's (Buyer),Encuentro (Buyer),Kiabi (Reported buyer),New Yorker (Buyer),OCHNIK (Buyer),Pimkie (part of Association Familiale Mulliez) (Reported buyer),TROLLKIDS (Buyer),Zhejiang Semir Garment (Buyer)","Wonderful Apparel allegedly supplies to or has supplied to TROLLKIDS, Semir Garment, New Yorker, Encuentro, Colin's, OCHNIK, KIABI and Pimkie; TROLLKIDS, OCHNIK, Semir Garment, New Yorker, Encuentro and Colin's did not provide a response to a request for comment from the Resource Centre. KIABI and Pimkie have previously informed us that they do not source from the factory.","In July 2024, it was reported that workers at Wonderful Apparel are facing a series of violations, including workers forced to work all-night shifts without notice, no medicine or doctors available in the factory, and excessive production targets so workers are unable to drink water.","Inhumane work rates and mandatory overtime,Unsafe working conditions",https://www.business-humanrights.org/en/latest-news/myanmar-workers-at-wonderful-apparel-allegedly-forced-to-work-all-night-shifts-without-notice-among-other-violations/?utm_source=mosaic&utm_medium=api,https://www.business-humanrights.org/en/latest-news/myanmar-garment-workers-say-theyre-forced-to-work-all-night-with-no-notice-given-excessive-production-targets-and-denied-medicine-and-medical-care/?utm_source=mosaic&utm_medium=api,wonderful apparel
#560 - J-Land Myanmar,J-Land Myanmar,2024-07-06,1000.0,"Guess (Buyer),Mango (Reported buyer)",J-Land Myanmar allegedly supplies or has previously supplied to GUESS and MANGO; GUESS did not provide a response to a request for comment from the Resource Centre. MANGO has previously informed the Resource Centre it does not source from the factory.,"In July 2024, it was reported that workers at J-Land Myanmar are facing a series of violations, including workers forced to sign a document accepting a reduction in their wages.",Reduced wages and wage theft,https://www.business-humanrights.org/en/latest-news/myanmar-garment-workers-forced-to-sign-document-accepting-wage-reduction-incl-co-response/?utm_source=mosaic&utm_medium=api,https://www.business-humanrights.org/en/latest-news/myanmar-garment-workers-forced-to-accept-reduced-wages/?utm_source=mosaic&utm_medium=api,j-land myanmar
#559 - GYSEN (Myanmar) Apparel Co. Ltd,GYSEN (Myanmar) Apparel Co. Ltd,2024-07-05,60.0,"Dunnes Stores (Buyer),PEP&CO (Former buyer)","GYSEN (Myanmar) Apparel allegedly supplies to Pep&Co and Dunnes Stores; Dunnes Stores did not provide a response to a request for comment from the Resource Centre. In September 2024, Pep&Co informed the Resource Centre that it no longer sources from the factory.","In July 2024, it was reported that more than 60 trade union members had been dismissed and the union was dissolved. A complaint was filed but no action has been taken.","Attacks on freedom of association,Unfair dismissal",https://www.business-humanrights.org/en/latest-news/myanmar-union-members-dismissed-under-guise-of-reducing-workforce-due-to-lack-of-orders-incl-co-response/?utm_source=mosaic&utm_medium=api,https://www.business-humanrights.org/en/latest-news/myanmar-union-members-and-leaders-fired-under-pretext-of-reducing-workforce/?utm_source=mosaic&utm_medium=api,gysen (myanmar) apparel co. ltd
#558 - Tha Shu Myanmar Apparel,Tha Shu Myanmar Apparel,2024-07-03,1200.0,,,"In July 2024, it was reported that workers at Tha Shu (Myanmar) Glory Fashion are facing a series of violations, including workers forced to work overtime for seven hours without a break to eat, causing health issues, workers with health issues receiving a warning, conditions remaining the same despite an inspection by the relevant authorities, and excessive production targets.","Inhumane work rates and mandatory overtime,Unsafe working conditions",,https://www.business-humanrights.org/en/latest-news/myanmar-garment-workesr-forced-to-work-for-seven-hours-without-break-causing-health-issues/?utm_source=mosaic&utm_medium=api,tha shu myanmar apparel
#557 - Myanmar Lucky Fortune Garment,Myanmar Lucky Fortune Garment,2024-07-01,1000.0,"Auchan (Former buyer),Bestseller (Reported buyer),Encuentro (Buyer),InExtenso (part of Auchan) (Former buyer),Inditex (Former buyer),LC Waikiki (Buyer),LPP Spółka Akcyjna (Buyer),ONLY (part of Bestseller) (Reported buyer),Pull & Bear (part of Inditex) (Former buyer),Sinsay (part of LPP S.A.) (Buyer),Stradivarius (part of Inditex) (Former buyer),Workman (Buyer),Zara (part of Inditex) (Former buyer)","Myanmar Lucky Fortune Garment allegedly supplies to or has supplied to, Auchan (for Inextenso), LC Waikiki, , LPP (for Sinsay), Workman, Encuentro, Inditex (for ZARA, Pull&Bear and Stradivarius) and BESTELLER (for ONLY); Auchan, LPP and Workman provided a response to a request for comment from the Resource Centre. LC Waikiki and Encuentro did not. Auchan stated it had ceased operations with the factory, and its last orders were in October 2024. LPP stated the alleged abuses were at a Lucky Fortune unit that it does not cooperate with. Inditex has previously stated it no longer sources from the factory and has left Myanmar. BESTSELLER has previously stated it does not source from the factory.","In July 2024, it was reported that workers at Lucky Fortune Garment are facing a series of violations, including workers told that their wages have been cut by more than half, workers denied food or water if targets are not met, bonuses only given to supervisors if the targets are met, verbal abuse shouted through a microphone at the lines not meeting targets, and workers not able to take a day off due to illness and denied leave. The labour office reportedly came to inspect the violations and informed the employers in advance. The inspection found no issues.","Denial of leave,Gender-based violence and harassment,Harassment intimidation and abuse,Inhumane work rates and mandatory overtime,Reduced wages and wage theft,Unsafe working conditions",https://www.business-humanrights.org/en/latest-news/myanmar-workers-at-lucky-fortune-garment-allege-series-of-human-rights-violations-incl-denial-of-food-water-labour-rights-abuses/?utm_source=mosaic&utm_medium=api,https://www.business-humanrights.org/en/latest-news/myanmar-garment-workers-have-wages-slashed-in-half-and-denied-food-and-water-if-targets-arent-met/?utm_source=mosaic&utm_medium=api,myanmar lucky fortune garment
#556 - Myanmar Huasheng Golden,Myanmar Huasheng Golden,2024-07-01,1000.0,Benetton Group (Buyer),Myanmar Huasheng Golden allegedly supplies to Benetton Group; Benetton Group provided a response to a request for comment from the Resource Centre.,"In July 2024, it was reported that workers at Myanmar Huasheng Golden Garment factory are facing a series of violations, including workers forced to work all night every day in June, with officials forcing workers to sleep in the dark in the factory. Workers had to take the ferry back home at 5am. Workers are not given any breaks and are unable to eat, and report that the excessive working hours cause them to feel dizzy. If workers take time off work, their salary is reduced. Despite the factory being inspected by the Township Labour Office, workers were not able to speak to the inspectors freely, and were told what to say. The workers also report that the factory knew in advance that the labour office was coming to inspect the factory.","Denial of leave,Harassment intimidation and abuse,Inhumane work rates and mandatory overtime,Reduced wages and wage theft,Unsafe working conditions",https://www.business-humanrights.org/en/latest-news/myanmar-benetton-supply-chain-workers-report-series-of-labour-violations-incl-night-working-sleeping-at-the-factory/?utm_source=mosaic&utm_medium=api,https://www.business-humanrights.org/en/latest-news/myanmar-garment-factory-workers-allegedly-forced-to-work-all-night/?utm_source=mosaic&utm_medium=api,myanmar huasheng golden
#555 - Gold Emperor,Gold Emperor,2024-06-28,2000.0,,,"In June 2024, it was reported that workers at Gold Emperor shoe factory face a series of violations, including mandator overtime, including workers forced to work on Sundays without a day off and with limited breaks, causing health issues, threats of wage cuts if workers don't work overtime on weekends, and physical abuse.","Denial of leave,Gender-based violence and harassment,Harassment intimidation and abuse,Inhumane work rates and mandatory overtime,Reduced wages and wage theft,Unsafe working conditions",,https://www.business-humanrights.org/en/latest-news/myanmar-workers-at-shoe-factory-report-mandatory-overtime-physical-abuse-at-factory/?utm_source=mosaic&utm_medium=api,gold emperor
#554 - Full Rong,Full Rong,2024-06-28,500.0,,,"In June 2024, it was reported that workers at Full Rong are facing a series of violations, including mandatory overtime with workers forced to work all day and night without a day off, resulting in workers' health being affected incl. workers falling asleep at work and hitting their heads on the machines, and workers' wages cut if they don't work overtime.","Inhumane work rates and mandatory overtime,Reduced wages and wage theft,Unsafe working conditions",,https://www.business-humanrights.org/en/latest-news/myanmar-workers-forced-to-work-day-night-without-break/?utm_source=mosaic&utm_medium=api,full rong
#553 - Lita Myanmar,Lita Myanmar,2024-06-26,900.0,"Burtle (Buyer),Converse (part of Nike) (Reported buyer),Nike (Reported buyer),Toyo (Buyer)","Lita Myanmar allegedly supplies to Toyo, Nike (for its Converse brand) and Burtle; Nike provided a response to a request for comment from the Resource Centre, stating it does not source from the factory. Burtle and Toyo did not.","In June 2024, it was reported that a child labourer at Lita Myanmar was fired after being accused of taking clothes, and the army and police were called on to arrest workers.","Business-military collusion,Child labour",https://www.business-humanrights.org/en/latest-news/myanmar-police-called-on-workers-after-child-labourer-fired-for-reportedly-taking-clothes-from-the-factory-incl-co-response/?utm_source=mosaic&utm_medium=api,https://www.business-humanrights.org/en/latest-news/myanmar-garment-workers-report-multiple-labour-rights-abuses-incl-mandatory-overtime-denial-of-leave/?utm_source=mosaic&utm_medium=api,lita myanmar
#552 - Lita Myanmar,Lita Myanmar,2024-06-26,900.0,"Burtle (Buyer),Converse (part of Nike) (Reported buyer),Nike (Reported buyer),Toyo (Buyer)","Lita Myanmar allegedly supplies to Toyo, Nike (for its Converse brand) and Burtle; Nike provided a response to a request for comment from the Resource Centre, stating it does not source from the factory. Burtle and Toyo did not.","In June 2024, it was reported that workers at Lita Myanmar are facing a series of violations, including mandatory overtime on public holidays and all night without the factory providing transport to return home, reduced wages, workers threatened with dismissal if they miss more than three days of work, verbal abuse, excessive production targets so its difficult for workers to take a break to drink water, wage cuts if you take leave incl. medical leave, management taking pictures of workers with their phone, no water provided during meal breaks and no water in the restrooms, and workers forced to work in departments they don't have the skills for and dismissed if they refuse.","Denial of leave,Gender-based violence and harassment,Harassment intimidation and abuse,Inhumane work rates and mandatory overtime,Reduced wages and wage theft,Surveillance,Unfair dismissal,Unsafe working conditions",https://www.business-humanrights.org/en/latest-news/myanmar-police-called-on-workers-after-child-labourer-fired-for-reportedly-taking-clothes-from-the-factory-incl-co-response/?utm_source=mosaic&utm_medium=api,https://www.business-humanrights.org/en/latest-news/myanmar-garment-workers-report-multiple-labour-rights-abuses-incl-mandatory-overtime-denial-of-leave/?utm_source=mosaic&utm_medium=api,lita myanmar
#551 - Huafu Garment,Huafu Garment,2024-06-24,1200.0,SanMar (Buyer),Huafu Garment allegedly supplies to SanMar; SanMar did not provide a response to a request for comment from the Resource Centre.,"In June 2024, it was reported that workers at Huafu Garment are facing a series of violations, including day labourers denied permanent contracts and consequently denied social security benefits incl. paid leave and healthcare, child labourers expected to work at the same level as adults, excessive production targets, verbal abuse, wage cuts if workers take leave, workers fearing inspections by soldiers and arrest when leaving the factory late from mandatory overtime shifts, and the employers selecting members of the workplace coordination committee.","Attacks on freedom of association,Child labour,Denial of leave,Denial of permanent contracts,Gender-based violence and harassment,Harassment intimidation and abuse,Inhumane work rates and mandatory overtime,Reduced wages and wage theft,Unsafe working conditions",https://www.business-humanrights.org/en/latest-news/myanmar-workers-fear-arrest-or-inspection-by-soldiers-when-returning-home-after-mandatory-overtime-shifts-incl-co-response/?utm_source=mosaic&utm_medium=api,https://www.business-humanrights.org/en/latest-news/myanmar-workers-at-alleged-port-authority-supplier-report-multiple-labour-rights-abuses/?utm_source=mosaic&utm_medium=api,huafu garment
#550 - Sheng Mei,Sheng Mei,2024-06-21,800.0,"Bestseller (Buyer),Lidl (Former buyer),New Yorker (Buyer),OVS SpA (Former buyer),Shimamura (Buyer)","Sheng Mei allegedly supplies to or has previously supplied to LIDL, New Yorker, BESTSELLER and OVS SpA and Shimamura; LIDL, BESTSELLER and OVS SpA provided a response to a request for comment from the Resource Centre. New Yorker and Shimamura did not. LIDL stated it has not had a relationship with the factory since 2022 and OVS SpA stated it no longer sources from the factory.","In July 2024, it was reported that workers at Sheng Mei Garment are facing a series of violations, including denial of leave for public holidays, mandatory overtime shifts everyday without a day off and short 10-minute lunch breaks, reduction in overtime pay, bonuses and allowances, wage increases only applying to garment workers and excluding workers in other departments, the issuing of new rules for worker that reduce their rights and threatening to fire workers if they violate them, and the WCC failing to solve workers' problems as they are supervisors in the factory.","Attacks on freedom of association,Denial of leave,Harassment intimidation and abuse,Inhumane work rates and mandatory overtime,Reduced wages and wage theft",https://www.business-humanrights.org/en/latest-news/myanmar-garment-workers-forced-to-sign-contract-reducing-their-rights-or-face-dismissal-incl-co-responses/?utm_source=mosaic&utm_medium=api,https://www.business-humanrights.org/en/latest-news/myanmar-garment-workers-forced-to-sign-contract-reducing-their-rights/?utm_source=mosaic&utm_medium=api,sheng mei
#549 - Hengda (Myanmar) Apparel,Hengda (Myanmar) Apparel,2024-06-20,1500.0,Hennes & Mauritz (H&M) (Buyer),Hengda (Myanmar) allegedly supplies to H&M; H&M provided a response to a request for comment from the Resource Centre.,"In June 2024, it was reported that workers at Hengda (Myanmar) Apparel are facing a series of violations, including mandatory overtime everyday without days off and on public holidays, causing health issues and also security concerns when returning home late from work e.g. fear of arrest.","Inhumane work rates and mandatory overtime,Unsafe working conditions",https://www.business-humanrights.org/en/latest-news/myanmar-garment-workers-experiencing-health-issues-due-to-mandatory-overtime-incl-co-response/?utm_source=mosaic&utm_medium=api,https://www.business-humanrights.org/en/latest-news/myanmar-garment-workers-at-alleged-hm-supplier-pressured-to-work-overtime/?utm_source=mosaic&utm_medium=api,hengda (myanmar) apparel
#548 - North Shore Group,North Shore Group,2024-06-20,600.0,"Bergans (Former buyer),JD Sports Fashion (Former buyer),Schöffel (Former buyer),Vaude (Former buyer)","North Shore Group allegedly supplies or has supplied to Vaude, Schoffel, Bergans, and JD Sports; Vaude, Schoffel, Bergans provided a response to a request for comment from the Resource Centre, stating they were in the process of withdrawing production from the factory.  JD Sports previously stated it had ceased operations with North Shore Group in September 2021, and exited Myanmar in June 2022.","In June 2024, it was reported that workers at North Shore Group are facing a series of violations, including workers forced to work overtime on public holiday and workers forced to work overtime even if they're sick, only workers who have been trained by management for inspections being present during inspections, workers forced to clean the factory and non-payment of overtime.","Harassment intimidation and abuse,Inhumane work rates and mandatory overtime,Reduced wages and wage theft,Unsafe working conditions",https://www.business-humanrights.org/en/latest-news/myanmar-garment-workers-threatened-to-work-overtime-on-public-holiday-incl-co-responses/?utm_source=mosaic&utm_medium=api,https://www.business-humanrights.org/en/latest-news/myanmar-garment-workers-forced-to-work-overtime-against-their-will/?utm_source=mosaic&utm_medium=api,north shore group
#547 - He MeT,He MeT,2024-06-17,1000.0,"MO (part of Sonae Group) (Buyer),Takko (Reported buyer)",He MeT allegedly supplies to Takko and MO; Takko provided a response to a request for comment from the Resource Centre stating it does not source from the factory. MO did not respond.,"In June 2024, it was reported that workers at He MeT factory are facing a series of violations, including mandatory overtime on Sundays without paying overtime pay, day labourers hired on lower wages than permanent staff, child labourers hired in the factory and hidden when inspectors come, excessive production targets, verbal abuse, pregnant workers forced to resign, denial of social security benefits incl. medical leave and workers facing wage cuts when they take leave, and unclean restrooms.","Child labour,Denial of leave,Denial of permanent contracts,Gender-based violence and harassment,Harassment intimidation and abuse,Inhumane work rates and mandatory overtime,Reduced wages and wage theft,Unsafe working conditions",https://www.business-humanrights.org/en/latest-news/myanmar-garment-workers-report-multiple-abuses-at-factory-incl-mandatory-overtime-child-labour-verbal-abuse-incl-co-responses/?utm_source=mosaic&utm_medium=api,https://www.business-humanrights.org/en/latest-news/myanmar-garment-workers-report-violations-incl-mandatory-overtime-verbal-abuse-pregnancy-discrimination/?utm_source=mosaic&utm_medium=api,he met
#546 - Fuu Baii Houng Industrial,Fuu Baii Houng Industrial,2024-06-17,400.0,"LPP Spółka Akcyjna (Reported buyer),Sinsay (part of LPP S.A.) (Reported buyer)",Fuu Baii Houng Industrial allegedly supplies to LPP for its Sinsay brand; LPP provided a response to a request for comment from the Resource Centre stating it does not source from the factory.,"In June 2024, it was reported that workers at Fu Baii Houng Industrial are facing a series of violations, including child labourers hired at the factory forced to meet the same excessive production targets as adults, unable to go to the restroom due to the demands, and facing verbal abuse to meet the targets, high temperatures due to the lack of a fan, resulting in workers fainting, and no clinic at the factory.","Child labour,Harassment intimidation and abuse,Inhumane work rates and mandatory overtime,Unsafe working conditions",https://www.business-humanrights.org/en/latest-news/myanmar-supervisors-at-garment-factory-verbally-abuse-children-to-meet-excessive-production-targets-incl-co-response/?utm_source=mosaic&utm_medium=api,https://www.business-humanrights.org/en/latest-news/myanmar-children-hired-at-garment-factory-face-verbal-abuse-excessive-production-targets/?utm_source=mosaic&utm_medium=api,fuu baii houng industrial
#545 - New Plus,New Plus,2024-06-14,1000.0,,,"In June 2024, it was reported that workers are New Plus are facing a series of violations, including mandatory overtime every Sunday, with only those workers who work on Sundays given rice and oil,  no transport provided to those who don't work overtime shifts, limited breaks and no food provided to workers, and excessive production targets.","Gender-based violence and harassment,Harassment intimidation and abuse,Inhumane work rates and mandatory overtime,Unsafe working conditions",,https://www.business-humanrights.org/en/latest-news/myanmar-workers-at-new-plus-factory-forced-to-work-on-sundays/?utm_source=mosaic&utm_medium=api,new plus
#544 - KBL Garment,KBL Garment,2024-06-14,900.0,,,"In June 2024, it was reported that workers at KBL Garment are facing a series of violations, including workers forced to work on Sundays and public holidays, and no transport arranged for workers working overtime until the early morning, despite the industrial zone being under military administration.","Denial of leave,Inhumane work rates and mandatory overtime,Unsafe working conditions",,https://www.business-humanrights.org/en/latest-news/myanmar-garment-workers-working-overtime-until-early-morning/?utm_source=mosaic&utm_medium=api,kbl garment
#543 - New Talent Garment (Myanmar),New Talent Garment (Myanmar),2024-06-11,1000.0,"O'Neill (Buyer),WE Fashion (Buyer)",New Talent Garment allegedly supplies to WE Fashion and O'Neill; WE Fashion provided a response to a request for comment from the Resource Centre. O'Neill did not.,"In June 2024, it was reported that workers at New Talent Garment (Myanmar) are facing a series of violations, including workers forced to sign an agreement stating they will work overtime because they failed to meet targets despite this being false, workers only having two days of rest a month causing health problems, wages cut if workers don't work overtime, workers given a warning if they eat during 12:30-7:30pm shift, rainwater entering the dining hall making it difficult to sit and eat during meal breaks, and unclean water.","Denial of leave,Harassment intimidation and abuse,Inhumane work rates and mandatory overtime,Unsafe working conditions",https://www.business-humanrights.org/en/latest-news/myanmar-workers-forced-to-work-overtime-with-just-two-days-off-incl-co-responses/?utm_source=mosaic&utm_medium=api,https://www.business-humanrights.org/en/latest-news/myanmar-garment-workers-forced-to-work-overtime-under-pretence-of-workers-failing-to-meet-targets/?utm_source=mosaic&utm_medium=api,new talent garment (myanmar)
#542 - Kingsrich (Myanmar) Fashion,Kingsrich (Myanmar) Fashion,2024-06-10,1000.0,"Hennes & Mauritz (H&M) (Buyer),Marks & Spencer (Former buyer)",Kingsrich (Myanmar) Fashion allegedly supplies to or has supplied to H&M and Marks & Spencer; H&M provided a response to a request for comment from the Resource Centre. Marks & Spencer previously informed us it ceased all operations in Myanmar in April 2023.,"In June 2024, it was reported that workers at Kingsrich (Myanmar) Fashion went on strike demanding and increase in wages, as the wages are too low to meet the rising cost of living. Workers were given a verbal promise rather than contract, and reported that plain-clothed police and soldiers came to watch the protests.","Business-military collusion,Reduced wages and wage theft",https://www.business-humanrights.org/en/latest-news/myanmar-garment-workers-stage-strike-over-low-wages-incl-co-response/?utm_source=mosaic&utm_medium=api,https://www.business-humanrights.org/en/latest-news/myanmar-garment-workers-strike-demanding-wage-increase-due-to-rising-living-costs/?utm_source=mosaic&utm_medium=api,kingsrich (myanmar) fashion
#541 - Great Summer (Myanmar) (formerly Cherry Apparel),Great Summer (Myanmar) (formerly Cherry Apparel),2024-06-09,1000.0,Workman (Buyer),Great Summer (Myanmar) allegedly supplies to Workman; Workman provided a response to a request for comment from the Resource Centre.,"In Great Summer (Myanmar) (formerly Cherry Apparel), it was reported that workers are facing a series of violations, including workers receiving warnings if they are caught eating or taking medication outside of the factory, security taking pictures of workers if they take medication outside, overtime shifts without breaks to eat causing health conditions and wage cuts if workers take leave incl. medical leave.","Denial of leave,Inhumane work rates and mandatory overtime,Reduced wages and wage theft,Surveillance,Unsafe working conditions",https://www.business-humanrights.org/en/latest-news/myanmar-garment-factory-workers-denied-medication-food-in-factory-causing-health-issues-incl-co-response/?utm_source=mosaic&utm_medium=api,https://www.business-humanrights.org/en/latest-news/myanmar-garment-workers-facing-health-conditions-due-to-mandatory-overtime/?utm_source=mosaic&utm_medium=api,great summer (myanmar) (formerly cherry apparel)
#540 - Mayfair (Myanmar) Industry,Mayfair (Myanmar) Industry,2024-06-07,1500.0,DeFacto (Buyer),Mayfair (Myanmar) Industry allegedly supplies to DeFacto; DeFacto did not provide a response to a request for comment from the Resource Centre.,"In July 2024, it was reported that workers at Mayfair (Myanmar) Industry are facing a series of violations, including workers forced to work overtime incl. Sundays, including a week where workers had to work until 1am and were forced to sleep in the factory where they felt unsafe and their belongings went missing, workers feeling hungry due to continuous seven hour shifts, low overtime pay, the factory cutting wages if workers miss a deadline, denial of leave and wage cuts if workers take leave.","Denial of leave,Inhumane work rates and mandatory overtime,Reduced wages and wage theft,Unsafe working conditions",https://www.business-humanrights.org/en/latest-news/myanmar-mayfair-garment-workers-allegedly-forced-to-work-overtime-sleep-insecurely-within-the-factory-incl/?utm_source=mosaic&utm_medium=api,https://www.business-humanrights.org/en/latest-news/myanmar-workers-forced-to-sleep-in-factory-were-underpaid-for-overtime-and-failed-to-receive-medical-care/?utm_source=mosaic&utm_medium=api,mayfair (myanmar) industry
#539 - Popular Garment/Beaume International Garment,Popular Garment/Beaume International Garment,2024-06-05,70.0,"Beaume (Buyer),Iturri (Buyer),JD Sports Fashion (Reported buyer),Jeans Fritz (Buyer),Lidl (Former buyer),Regatta (Former buyer)","Popular Garment allegedly supplies or has supplied to to Lidl, Regatta, JD Sports, Beaume, Jeans Fritz and Iturri; Beaume provided a response to a request for comment from the Resource Centre. Jeans Fritz and Iturri did not respond. Regatta has previously stated it does not have current business with the factory in response to a request for comment from the Resource Centre. JD Sports previously stated in 2022 that it had not proceeded with production at the factory after authorisation. Lidl has previously stated that it had stopped business with the factory from September 2021.","On 20 May 2024, over 70 workers were reportedly temporarily suspended because they could not meet their targets.","Inhumane work rates and mandatory overtime,Unfair dismissal",https://www.business-humanrights.org/en/latest-news/myanmar-garment-workers-fired-for-seeking-clarity-over-seniority-benefits-incl-co-responses/?utm_source=mosaic&utm_medium=api,https://www.business-humanrights.org/en/latest-news/myanmar-garment-workers-fired-after-requesting-clarification-on-employment-status/?utm_source=mosaic&utm_medium=api,popular garment/beaume international garment
#538 - Popular Garment/Beaume International Garment,Popular Garment/Beaume International Garment,2024-06-05,32.0,"Beaume (Buyer),Iturri (Buyer),JD Sports Fashion (Reported buyer),Jeans Fritz (Buyer),Lidl (Former buyer),Regatta (Former buyer)","Popular Garment allegedly supplies or has supplied to to Lidl, Regatta, JD Sports, Beaume, Jeans Fritz and Iturri; Beaume provided a response to a request for comment from the Resource Centre. Jeans Fritz and Iturri did not respond. Regatta has previously stated it does not have current business with the factory in response to a request for comment from the Resource Centre. JD Sports previously stated in 2022 that it had not proceeded with production at the factory after authorisation. Lidl has previously stated that it had stopped business with the factory from September 2021.","In June 2024, it was reported that 32 workers at Beaume International Garment/Popular Garment were fired after asking for clarity regarding seniority benefits for those workers that had worked in the Popular Garment factory before the Beaume International Garment factory was opened.","Reduced wages and wage theft,Unfair dismissal",https://www.business-humanrights.org/en/latest-news/myanmar-garment-workers-fired-for-seeking-clarity-over-seniority-benefits-incl-co-responses/?utm_source=mosaic&utm_medium=api,https://www.business-humanrights.org/en/latest-news/myanmar-garment-workers-fired-after-requesting-clarification-on-employment-status/?utm_source=mosaic&utm_medium=api,popular garment/beaume international garment
#537 - GYSEN (Myanmar) Apparel Co. Ltd,GYSEN (Myanmar) Apparel Co. Ltd,2024-05-26,50.0,"Dunnes Stores (Buyer),PEP&CO (Reported buyer)","Gysen (Myanmar) Apparel allegedly supplies to Dunnes Stores and Pep&Co; Pep&Co provided a response to a request for comment from the Resource Centre, stating it no longer sources from Myanmar. Dunnes Stores did not respond.","In May 2024, it was reported that 50 trade union members at Gysen Myanmar Apparel were dismissed on the grounds of mass layoffs, but the factory continued to hire day labourers instead.","Attacks on freedom of association,Unfair dismissal",https://www.business-humanrights.org/en/latest-news/myanmar-fifty-union-leaders-dismissed-from-factory-incl-co-responses/?utm_source=mosaic&utm_medium=api,https://www.business-humanrights.org/en/latest-news/myanmar-fifty-trade-unionists-dismissed-under-pretence-of-mass-layoffs/?utm_source=mosaic&utm_medium=api,gysen (myanmar) apparel co. ltd
#536 - GTIG Guohua Glory Garment,GTIG Guohua Glory Garment,2024-05-25,1.0,"Benetton Group (Buyer),Bestseller (Buyer),Mango (Reported buyer)","GTIG Guohua Glory Garment allegedly supplies to MANGO, Bestseller and Benetton Group; All brands provided a response to a request for comment from the Resource Centre. MANGO stated it does not operate in Myanmar and does not source from the factory.","In May 2024, it was reported that a security worker at GTIG Guohua Glory Garment was unfairly dismissed for no reason. He reported he had also been hired as a day labourer for two years, and was not receiving overtime pay.","Denial of permanent contracts,Reduced wages and wage theft,Unfair dismissal",https://www.business-humanrights.org/en/latest-news/myanmar-security-officer-who-was-denied-overtime-permanent-employment-illegally-dismissed-incl-co-responses/?utm_source=mosaic&utm_medium=api,https://www.business-humanrights.org/en/latest-news/myanmar-security-worker-at-garment-factory-illegally-dismissed/?utm_source=mosaic&utm_medium=api,gtig guohua glory garment
#535 - Panko Bago,Panko Bago,2024-05-25,1000.0,,,"In May 2024, it was reported that workers at Panko Bago Company are facing a series of violations, including mandatory overtime, with workers forced to sleep overnight at the factory and having to arrange their own meals, security concerns regarding workers returning at home late at midnight due to patrol teams and parents worried about their children working late without notice, workers fainting due to excessive overtime, denial of leave and wage cuts if workers take leave, gambling taking place in the factory with the administration team participating, and workers having to run to eat meals quickly due to the far distance of the dining room from the factory.","Denial of leave,Inhumane work rates and mandatory overtime,Reduced wages and wage theft,Unsafe working conditions",,https://www.business-humanrights.org/en/latest-news/myanmar/?utm_source=mosaic&utm_medium=api,panko bago
#534 - Tha Shu Myanmar Apparel,Tha Shu Myanmar Apparel,2024-05-25,1400.0,,,"In May 2024, it was reported that the Tha Shu (Myanmar) factory had selected line clerks to speak to labour office inspectors and pretend to be workers in different departments, and told them what to say during the inspection, incl. denying labour rights issues that had been highlighted in the media.",Harassment intimidation and abuse,,https://www.business-humanrights.org/en/latest-news/myanmar-workers-told-to-remain-silent-on-working-conditions-ahead-of-inspection/?utm_source=mosaic&utm_medium=api,tha shu myanmar apparel
#533 - Li Da Garment,Li Da Garment,2024-05-23,250.0,,,"In March 2024, it was reported that workers at Li Da Garment were forced to work overtime everyday without breaks, causing health problems and resulting in some workers going to the hospital.","Inhumane work rates and mandatory overtime,Unsafe working conditions",,https://www.business-humanrights.org/en/latest-news/myanmar-garment-workers-forced-to-work-overtime-causing-health-problems/?utm_source=mosaic&utm_medium=api,li da garment
#532 - JOC Myanmar Garment,JOC Myanmar Garment,2024-05-20,700.0,Burtle (Buyer),JOC Myanmar Garment allegedly supplies to Burtle; Burtle did not provide a response to a request for comment from the Resource Centre.,"In May 2024, it was reported that workers at JOC Garment were facing a series of violations, including wage reductions, mandatory overtime and workers facing threats and verbal abuse if they refuse to work overtime.","Gender-based violence and harassment,Harassment intimidation and abuse,Inhumane work rates and mandatory overtime,Reduced wages and wage theft",https://www.business-humanrights.org/en/latest-news/myanmar-garment-workers-threatened-if-they-refuse-overtime-incl-co-responses/?utm_source=mosaic&utm_medium=api,https://www.business-humanrights.org/en/latest-news/myanmar-garment-workers-face-wage-cuts-forced-overtime/?utm_source=mosaic&utm_medium=api,joc myanmar garment
#531 - Saung Oo Shwe Nay (Golden Sunshine),Saung Oo Shwe Nay (Golden Sunshine),2024-05-20,1800.0,"Hennes & Mauritz (H&M) (Former buyer),New Yorker (Buyer)",Saung Ooo Shwe Nay (Golden Sunshine) allegedly supplies to H&M and New Yorker; H&M provided a response to a request for comment from the Resource Centre stating it does not source from the factory. New Yorker did not respond.,"In May 2024, it was reported that workers at Saung Oo Shwe Nay garment factory filed a lawsuit against the owners of the factory for violating the employment contract, regarding the transfer of workers from one factory to another to shut down the previous factory, without the consent of the workers.",Unfair dismissal,https://www.business-humanrights.org/en/latest-news/myanmar-garment-workers-file-lawsuit-over-factory-transfer-without-workers-consent-incl-co-responses/?utm_source=mosaic&utm_medium=api,https://www.business-humanrights.org/en/latest-news/myanmar-garment-workers-file-lawsuit-over-factory-transfer/?utm_source=mosaic&utm_medium=api,saung oo shwe nay (golden sunshine)
#530 - Tha Shu Myanmar Apparel,Tha Shu Myanmar Apparel,2024-05-19,1400.0,,,"In May 2024, it was reported that workers at Tha Shu (Myanmar) were facing a series of violations. Including poor dining facilities for workers, unclean drinking water, verbal abuse, and workers falling unwell due to working in the factory with all doors closed and no fans during the hot weather.","Gender-based violence and harassment,Harassment intimidation and abuse,Unsafe working conditions",,https://www.business-humanrights.org/en/latest-news/myanmar-garment-workers-report-verbal-abuse-humiliation-from-factory-management/?utm_source=mosaic&utm_medium=api,tha shu myanmar apparel
#529 - Dishang,Dishang,2024-05-17,1000.0,"Bestseller (Buyer),Inditex (Reported buyer),Mango (Reported buyer),ONLY (part of Bestseller) (Buyer),Pimkie (part of Association Familiale Mulliez) (Former buyer)","Dishang Fashion allegedly supplies or has supplied to BESTSELLER, Mango, Pimkie and Inditex; All brands provided a response to a request for comment from the Resource Centre. Pimkie stated it has not sourced from the factory since September 2022. Mango also stated it no longer operates in Myanmar, and that it did not source from Dishang Fashion. Inditex previously stated it does not source from the factory.","In May 2024, it was reported that workers  at Dishang Fashion demanded an increase in wages, as their wages do not accommodate the rising cost of living, resulting in workers taking on debts.",Reduced wages and wage theft,https://www.business-humanrights.org/en/latest-news/myanmar-95-of-garment-workers-at-dishang-fashion-call-for-wage-increase-amid-increasing-living-costs-incl-co-responses/?utm_source=mosaic&utm_medium=api,https://www.business-humanrights.org/en/latest-news/myanmar-garment-workers-demand-wage-increase-as-cost-of-living-rises/?utm_source=mosaic&utm_medium=api,dishang
#528 - Eternal Fashion,Eternal Fashion,2024-05-16,2000.0,Intersport (Buyer),Eternal Fashion allegedly supplies to Intersport; Intersport did not provide a response to a request for comment from the Resource Centre.,"In May 2024, it was reported that workers at Eternal Fashion face a series of violations, including mandatory overtime overnight and workers forced to sleep at the factory overnight, denial of bonuses if workers refuse overtime, workers' health impacted by the overnight shifts,  wage cuts if workers take leave, and unclean drinking water.","Denial of leave,Inhumane work rates and mandatory overtime,Reduced wages and wage theft,Unsafe working conditions",https://www.business-humanrights.org/en/latest-news/myanmar-garment-workers-forced-to-sleep-at-factory-to-complete-overtime-shifts-incl-co-response/?utm_source=mosaic&utm_medium=api,https://www.business-humanrights.org/en/latest-news/myanmar-garment-workers-forced-to-work-until-12am-sleep-overnight-at-the-factory/?utm_source=mosaic&utm_medium=api,eternal fashion
#527 - WHM Myanmar,WHM Myanmar,2024-05-14,200.0,"Calliope (Buyer),OVS SpA (Former buyer),Promod (Buyer)","WHM Myanmar allegedly supplies to Promod, Calliope and OVS SpA; OVS SpA provided a response to a request for comment from the Resource Centre, stating it was an unautheorised subcontractor that had produced OVS clothing in November 2023 but no longer does. Promod and Calliope did not respond.","In May 2024, it was reported that workers at WHM Myanmar are facing a series of violations, including workers forced to work in roles they have no experience in causing them stress, wage cuts for those who don't work overtime, workers vomiting due to unclean drinking water and limited hygiene products supplied such as soap.","Inhumane work rates and mandatory overtime,Reduced wages and wage theft,Unsafe working conditions",https://www.business-humanrights.org/en/latest-news/myanmar-garment-workers-reported-vomiting-due-to-unclean-drinking-water-forced-to-switch-roles-despite-lack-of-experience-incl-co-responses/?utm_source=mosaic&utm_medium=api,https://www.business-humanrights.org/en/latest-news/myanmar-garment-workers-forced-to-switch-jobs-against-their-will/?utm_source=mosaic&utm_medium=api,whm myanmar
#526 - Gainway International (Myanmar),Gainway International (Myanmar),2024-05-14,500.0,"Carrefour (Former buyer),Etam Groupe (Buyer),Hennes & Mauritz (H&M) (Former buyer),Kiabi (Former buyer),Primark (part of Associated British Foods) (Former buyer),Tesco (Reported buyer)","Gainway International (Myanmar) allegedly supplies or has supplied to Tesco, H&M, Primark, KIABI, Carrefour and Etam; Tesco, H&M, Primark, and KIABI provided a response to a request for comment from the Resource Centre. H&M stated it does not source from the factory. Primark stated it stopped sourcing from Myanmar in October 2023. KIABI stated its last orders at the factory were in May 2024. Etam did not respond. Tesco has previously stated it stopped sourcing from Myanmar in Spring 2022, but works with Gainway in other countries.","In May 2024, it was reported that workers at Gainway International are facing a series of violations, including workers being intimidated into working overtime including on Sundays, no breaks or food provided during overtime shifts, differences in the salaries workers receive, high temperatures in the factory without any air conditioning, and limited water provided for workers.","Harassment intimidation and abuse,Inhumane work rates and mandatory overtime,Reduced wages and wage theft,Unsafe working conditions",https://www.business-humanrights.org/en/latest-news/myanmar-garment-workers-at-gainway-international-factory-reportedly-intimidated-forced-into-working-overtime-incl-co-responses/?utm_source=mosaic&utm_medium=api,https://www.business-humanrights.org/en/latest-news/myanmar-garment-workers-intimidated-into-doing-overtime-shifts/?utm_source=mosaic&utm_medium=api,gainway international (myanmar)
#525 - Myanmar Lucky Fortune Garment,Myanmar Lucky Fortune Garment,2024-05-13,1000.0,"Bestseller (Reported buyer),Calliope (Buyer),Inditex (Former buyer),LPP Spółka Akcyjna (Buyer),ONLY (part of Bestseller) (Reported buyer),Pull & Bear (part of Inditex) (Former buyer),Sinsay (part of LPP S.A.) (Buyer),Stradivarius (part of Inditex) (Former buyer),Workman (Buyer),Zara (part of Inditex) (Former buyer)","Myanmar Lucky Fortune Garment allegedly supplies or has supplied to Inditex for its ZARA, Stradivarius and Pull&Bear brands, LPP S.A. for its Sinsay brand, BESTSELLER for its ONLY brand, Calliope and Workman; Inditex, Workman and LPP S.A provided a response to a request for comment from the Resource Centre. Inditex stated it does not source from the factory as it has completed its exit from Myanmar. Calliope did not respond. BESTSELLER has previously informed us that it does not source from the factory.","In May 2024, it was reported that workers at Lucky Fortune Garment are facing a series of violations, including the factory accusing workers of theft if they want to fire them and asking the army to arrest them, and supervisors telling workers what to say during inspections or else they will be fired.","Business-military collusion,Harassment intimidation and abuse,Unfair dismissal",https://www.business-humanrights.org/en/latest-news/myanmar-lucky-fortune-factory-reportedly-calling-army-to-arrest-workers-incl-co-responses/?utm_source=mosaic&utm_medium=api,https://www.business-humanrights.org/en/latest-news/myanmar-garment-factory-allegedly-calls-on-army-to-arrest-workers-they-want-to-dismiss/?utm_source=mosaic&utm_medium=api,myanmar lucky fortune garment
#524 - Eternal Fashion,Eternal Fashion,2024-05-12,4000.0,Intersport (Buyer),Eternal Fashion allegedly supplies to Intersport; Intersport did not provide a response to a request for comment from the Resource Centre.,"In May 2024, it was reported that workers at Eternal Fashion face a series of violations, including receiving only 2 days off a month resulting in difficulties in workers' health, continuous work shifts without breaks, wage cuts if workers and supervisors fail quality standards and dismissal if workers receive 3 warnings over quality.","Denial of leave,Reduced wages and wage theft,Unfair dismissal,Unsafe working conditions",https://www.business-humanrights.org/en/latest-news/myanmar-garment-workers-reported-forced-to-work-with-just-two-days-off-with-limited-breaks-incl-co-response/?utm_source=mosaic&utm_medium=api,https://www.business-humanrights.org/en/latest-news/myanmar-workers-at-garment-factory-report-receiving-only-two-days-off-a-month/?utm_source=mosaic&utm_medium=api,eternal fashion
#523 - ZYZ Apparel,ZYZ Apparel,2024-05-10,,"Gémo (Buyer),LPP Spółka Akcyjna (Buyer),Next (Buyer),Roman Originals (Buyer),Sinsay (part of LPP S.A.) (Buyer)","ZYZ Apparel allegedly supplies to Roman, LPP (for its Sinsay brand), Next and Gémo; LPP and Next provided a response to a request for comment from the Resource Centre. Gémo and Roman did not.","In May 2024, it was reported that workers at ZYZ Apparel were facing a series of violations, including mandatory overtime without pay, denial of social security benefits, denial of leave, verbal abuse and unfair dismissal.","Denial of leave,Gender-based violence and harassment,Harassment intimidation and abuse,Inhumane work rates and mandatory overtime,Reduced wages and wage theft,Unfair dismissal",https://www.business-humanrights.org/en/latest-news/myanmar-workers-at-garment-factory-report-escalating-labour-rights-abuses-since-military-takeover-incl-co-responses/?utm_source=mosaic&utm_medium=api,https://www.business-humanrights.org/en/latest-news/myanmar-labour-rights-violations-reported-at-zyz-apparel-factory/?utm_source=mosaic&utm_medium=api,zyz apparel
#522 - Huitai Manufacturing,Huitai Manufacturing,2024-05-09,300.0,"LPP Spółka Akcyjna (Reported buyer),Sinsay (part of LPP S.A.) (Reported buyer)","Huitai Manufacturing allegedly supplies to LPP for its Sinsay brand; LPP provided a response to a request for comment from the Resource Centre, stating it does not source from the factory.","In May 2024, it was reported that workers at Huitai Manufacturing (Myanmar) are facing a series of violations, including day labourers denied permanent contracts, denied access to full wages and benefits, and dismissed if they refuse overtime, verbal abuse if workers fail to meet excessive production targets, wage cuts if workers take leave, and no access to drinking water in hot weather.","Denial of leave,Denial of permanent contracts,Gender-based violence and harassment,Harassment intimidation and abuse,Inhumane work rates and mandatory overtime,Reduced wages and wage theft,Unfair dismissal,Unsafe working conditions",https://www.business-humanrights.org/en/latest-news/myanmar-over-50-day-labourers-at-garment-factory-denied-permanent-contracts-benefits-incl-co-response/?utm_source=mosaic&utm_medium=api,https://www.business-humanrights.org/en/latest-news/myanmar-day-labourers-at-alleged-sinsay-supplier-denied-permanent-contracts-denied-benefits/?utm_source=mosaic&utm_medium=api,huitai manufacturing
#521 - Myanto Industrial,Myanto Industrial,2024-05-06,500.0,"New Yorker (Buyer),October (Buyer)",Myanto Industrial allegedly supplies to New Yorker and October; neither brand provided a response to a request for comment from the Resource Centre.,"In May 2024,  it was reported that workers at Myanto Industrial are facing a series of violations, including workers not allowed to drink water or go to the toilet if targets are not met, workers not allowed to bring water to work, unclean water in the factory, and unhygienic restrooms.","Inhumane work rates and mandatory overtime,Unsafe working conditions",https://www.business-humanrights.org/en/latest-news/myanmar-garment-workers-report-health-wellbeing-concerns-at-factory-incl-co-responses/?utm_source=mosaic&utm_medium=api,https://www.business-humanrights.org/en/latest-news/myanmar-garment-workers-denied-water-or-toilet-breaks-if-targets-are-not-met/?utm_source=mosaic&utm_medium=api,myanto industrial
#520 - Ace Apparel,Ace Apparel,2024-05-06,1000.0,,,"In May 2024, it was reported that workers at Ace Apparel are facing a series of violations, including physical and verbal assault, denial of social security benefits incl. leave and workers forced to pay if they take leave incl. medical leave, mandatory overtime, unfair dismissals, and supervisors demanding money from those workers who join the factory.","Denial of leave,Gender-based violence and harassment,Harassment intimidation and abuse,Inhumane work rates and mandatory overtime,Reduced wages and wage theft,Unfair dismissal,Unsafe working conditions",,https://www.business-humanrights.org/en/latest-news/myanmar-garment-workers-at-factory-report-verbal-physical-assault/?utm_source=mosaic&utm_medium=api,ace apparel
"#519 - s.Oliver Group,s.Oliver (part of s.Oliver Group),Vicsong","s.Oliver Group,s.Oliver (part of s.Oliver Group),Vicsong",2024-05-03,2000.0,,VIcsong allegedly supplies to s.Oliver; s.Oliver did not provide a response to a request for comment from the Resource Centre.,"In May 2024, it was reported that workers at Vicsong shoe factory are facing a series of violations, including inadequate dining rooms for all the workers, resulting in workers eating together with goats in the factory, workers struggling to work in the heat, workers only receiving 40% of their salary when the factory is closed, during factory closures workers are fired without compensation, including those who have worked 3 months or 6 months, mandatory and unpaid overtime, workers fainting because they're forced to go to work early without eating, verbal abuse, no medicine or access to the clinic, workers threatened with dismissal if they don't work overtime and denial of leave.","Denial of leave,Gender-based violence and harassment,Harassment intimidation and abuse,Inhumane work rates and mandatory overtime,Reduced wages and wage theft,Unfair dismissal,Unsafe working conditions",https://www.business-humanrights.org/en/latest-news/myanmar-workers-at-shoe-factory-report-violations-incl-unsanitary-dining-conditions-mandatory-overtime-wage-theft-incl-co-response/?utm_source=mosaic&utm_medium=api,https://www.business-humanrights.org/en/latest-news/myanmar-garment-workers-forced-to-eat-meals-with-animals-in-factory/?utm_source=mosaic&utm_medium=api,"s.oliver group,s.oliver (part of s.oliver group),vicsong"
#518 - Wonderful Apparel,Wonderful Apparel,2024-05-01,200.0,"Kiabi (Reported buyer),New Yorker (Buyer),Pimkie (part of Association Familiale Mulliez) (Reported buyer),TROLLKIDS (Buyer)","Wonderful Apparel allegedly supplies to or has supplied to KIABI, Pimkie, TROLLKIDS and New Yorker; New Yorker and TROLLKIDS did not provide a response to a request for comment from the Resource Centre. KIABI and Pimkie have previously informed us that they do not source from the factory.","In May 2024  it was reported that workers at Wonderful Apparel were facing a series of violations, including unwell workers not being able to visit the factory clinic because the manager is there.",Unsafe working conditions,https://www.business-humanrights.org/en/latest-news/myanmar-workers-rights-violated-at-wonderful-apparel-factory-incl-co-responses/?utm_source=mosaic&utm_medium=api,https://www.business-humanrights.org/en/latest-news/myanmar-workers-rights-violations-incl-unlawful-dismissal-and-excessive-production-targets-reported-at-factory/?utm_source=mosaic&utm_medium=api,wonderful apparel
#517 - Lon John International,Lon John International,2024-05-01,600.0,,,"In May 2024, it was reported that workers at Lon John International are facing a series of violations, including workers unable to go to the toilet or drink water to meet increased production targets, abuse from male supervisors, workers told what to say during inspections, workers dismissed if they fail to meet targets after three warnings, and workers not permitted to take their phones to the factory, even in emergencies.","Gender-based violence and harassment,Harassment intimidation and abuse,Inhumane work rates and mandatory overtime,Unfair dismissal,Unsafe working conditions",,https://www.business-humanrights.org/en/latest-news/myanmar-supervisors-at-garment-factory-reportedly-humiliating-workers-to-meet-increased-production-targets/?utm_source=mosaic&utm_medium=api,lon john international
#516 - Myanto Industrial,Myanto Industrial,2024-04-29,600.0,"New Yorker (Buyer),October (Buyer)",Myanto Industrial allegedly supplies to New Yorker and October; neither brand provided a response to a request for comment from the Resource Centre.,"In April 2024, it was reported that workers at Myanto Industrial are facing a series of violations, including a shortage of drinking water during hot weather, workers not permitted to go to the clinic for a medical check-up, and workers not receiving their owed wages based on their skill level.","Reduced wages and wage theft,Unsafe working conditions",https://www.business-humanrights.org/en/latest-news/myanmar-garment-workers-reportedly-denied-factory-clinic-access-sufficient-drinking-water-at-factory-incl-co-responses/?utm_source=mosaic&utm_medium=api,https://www.business-humanrights.org/en/latest-news/myanmar-garment-workers-unable-to-take-leave-incl-sick-leave/?utm_source=mosaic&utm_medium=api,myanto industrial
#515 - NKM Apparel Manufacturing,NKM Apparel Manufacturing,2024-04-27,200.0,,,"In April 2024, it was reported that workers at NKM Apparel Manufacturing are facing a series of violations, including the woman manager at the factory verbally abusing workers and causing them to suffer, workers forced to finish their lunch quickly, denial of leave, and wage cuts if workers take leave.","Denial of leave,Gender-based violence and harassment,Harassment intimidation and abuse,Reduced wages and wage theft,Unsafe working conditions",,https://www.business-humanrights.org/en/latest-news/myanmar-manager-at-garment-factory-accused-of-humiliating-and-verbally-abusing-women-workers/?utm_source=mosaic&utm_medium=api,nkm apparel manufacturing
#514 - Lat War Garment,Lat War Garment,2024-04-25,,"Auchan (Reported buyer),Kapalua (Buyer),LC Waikiki (Former buyer),Mavi (Reported buyer),Regatta (Reported buyer),Tom Tailor (Former buyer)","Lat War Garment allegedly supplies to or has supplied to Regatta, LC Waikiki, Tom Tailor, Auchan, Mavi and Kapaula; LC Waikiki, Regatta, Mavi and Auchan provided a response to a request for comment from the Resource Centre. Auchan and Regatta stated they do not source from the factory. Lapaula did not respond. LC Waikiki previously informed us it had last sourced from the factory in early 2023. Tom Tailor previously informed us that its final orders in Myanmar were completed in 2022.","In April 2024, it was reported that workers at Lat War garment factory who quit their job were not paid their full owed wages.",Reduced wages and wage theft,https://www.business-humanrights.org/en/latest-news/myanmar-garment-workers-denied-owed-wages-incl-co-responses/?utm_source=mosaic&utm_medium=api,https://www.business-humanrights.org/en/latest-news/myanmar-garment-workers-who-quit-their-job-over-pay-not-paid-full-wages/?utm_source=mosaic&utm_medium=api,lat war garment
#513 - Shunrong Garments (Myanmar),Shunrong Garments (Myanmar),2024-04-23,,,,"In April 2024, it was reported that worker at Shunrong Garments (Myanmar) quit their jobs due to a reduction in wages.",Reduced wages and wage theft,,https://www.business-humanrights.org/en/latest-news/myanmar-garment-workers-quit-after-wage-reductions/?utm_source=mosaic&utm_medium=api,shunrong garments (myanmar)
#512 - Erdos Myanmar,Erdos Myanmar,2024-04-22,,"Edinburgh Woollen Mill (Buyer),Just Cashmere (Buyer),Marks & Spencer (Reported buyer)","Erdos Myanmar allegedly supplies to orhas supplied to Marks & Spencer, Just Cashmere and Edinburgh Woollen Mill; Neither Just Cashmere nor Edinburgh Woollen Mill provided a response to a request for comment from the Resource Centre. Marks & Spencer previously told us  it has been inactive in Myanmar since April 2023, and therefore cannot comment on allegations.","In April 2024, it was reported that workers at Erdos Myanmar garment factory are facing a series of violations, including sexual harassment and physical assault of women workers, mandatory overtime shifts at night without providing workers with food and child labour.","Child labour,Gender-based violence and harassment,Harassment intimidation and abuse,Inhumane work rates and mandatory overtime,Unsafe working conditions",https://www.business-humanrights.org/en/latest-news/myanmar-physical-violence-against-women-workers-reported-at-garment-factory-incl-co-responses/?utm_source=mosaic&utm_medium=api,https://www.business-humanrights.org/en/latest-news/myanmar-garment-workers-report-sexual-harassment-physical-assault-at-factory/?utm_source=mosaic&utm_medium=api,erdos myanmar
#511 - Dishang Kenny (Dishang Group),Dishang Kenny (Dishang Group),2024-04-22,600.0,"Bestseller (Reported buyer),Inditex (Reported buyer),K-Way (part of BasicNet) (Buyer),Kiabi (Buyer),LPP Spółka Akcyjna (Reported buyer),ONLY (part of Bestseller) (Reported buyer),Reserved (part of LPP Spółka Akcyjna) (Reported buyer),Shimamura (Buyer),Zara (part of Inditex) (Reported buyer)","Dishang Kenny (Dishang Group) allegedly supplies or has supplied to BESTSELLER, Inditex, K-Way, LPP, Shimamura and KIABI;  LPP and KIABI provided a response to a request for comment from the Resource Centre. LPP stated it does not source from the factory. K-Way and Shimamura did not respond. BESTSELLER and Inditex previously informed us it does not source from the factory.","In April 2024, it was reported that workers at Dishang Kenny were facing high temperatures in the factory with a lack of air conditioning.",Unsafe working conditions,https://www.business-humanrights.org/en/latest-news/myanmar-garment-workers-forced-to-work-overtime-to-meet-excessive-targets-amid-hot-conditions-incl-co-responses/?utm_source=mosaic&utm_medium=api,https://www.business-humanrights.org/en/latest-news/myanmar-garment-workers-face-mandatory-overtime-excessive-targets-2/?utm_source=mosaic&utm_medium=api,dishang kenny (dishang group)
#510 - GTIG Eastar Garment (Myanmar) Company Limited,GTIG Eastar Garment (Myanmar) Company Limited,2024-04-20,2000.0,"C&A (Former buyer),Calliope (Buyer),HK Works London (Buyer),House (part of LPP S.A) (Buyer),Inditex (Reported buyer),Kiabi (Former buyer),LPP Spółka Akcyjna (Buyer),Lidl (Former buyer),OVS SpA (Former buyer),Tesco (Former buyer),Zara (part of Inditex) (Reported buyer)","GTIG Eastar allegedly supplies or has supplied to C&A, KIABI, Lidl, OVS SpA, Tesco, LPP (for its HOUSE brand), HK Works London, Calliope and Inditex (for its ZARA brand); Inditex, KIABI and OVS provided a response to a request for comment from the Resource Centre. OVS stated it had resumed operations with the factory. Inditex stated it is no longer working with any factories in Myanmar. KIABI said it stopped sourcing from the factory in February 2022. C&A stated it had stopped order placement in March 2021, and Tesco stated it decided to exit Myanmar in early 2022. HK Works London and Calliope did not respond, while LPP did not respond to the allegations linked to GTIG Easter Garment (Myanmar).

LIDL has previously informed us that it ceased operations with the factory in Sept 2021, C&A had stated it had removed the factory from its system in Aug 2021, and Tesco said it stopped sourcing from Myanmar in Spring 2022.","In April 2024, it was reported that workers at GTIG Eastar had not yet received the compensation owed to them three years ago, after a fire caused the factory to close.",Reduced wages and wage theft,https://www.business-humanrights.org/en/latest-news/myanmar-workers-call-for-compensation-from-factory-closure-owed-three-years-ago-incl-co-responses/?utm_source=mosaic&utm_medium=api,https://www.business-humanrights.org/en/latest-news/myanmar-garment-workers-yet-to-receive-compensation-from-factory-closure-three-years-ago/?utm_source=mosaic&utm_medium=api,gtig eastar garment (myanmar) company limited
#509 - Hengrun Garment,Hengrun Garment,2024-04-13,1200.0,"Blue Wave (Buyer),House (part of LPP S.A) (Reported buyer),LPP Spółka Akcyjna (Reported buyer),Next (Buyer)","Hengrun Myanmar allegedly supplies to Blue Wave, LPP (for its HOUSE brand) and Next; Next and LPP provided a response to a request for comment from the Resource Centre. LPP stated it does not source from the factory. Blue Wave did not respond.","In April 2024, it was reported that workers at Hengrun Myanmar are facing a series of violations, including one third of workers being hired as day labourers who are denied permanent employment contracts and are denied benefits incl. medical leave or Thingyan holiday leave, excessive production targets, workers being charged for medicine and cleaning equipment, wage cuts if workers take leave, verbal abuse for not finishing targets, workers dismissed if management don't like them, workers not having have time to go to the toilet during the work day, and the employer paying bonuses to supervisors to oppress workers.","Denial of leave,Denial of permanent contracts,Gender-based violence and harassment,Harassment intimidation and abuse,Inhumane work rates and mandatory overtime,Reduced wages and wage theft,Unfair dismissal,Unsafe working conditions",https://www.business-humanrights.org/en/latest-news/myanmar-factory-allegedly-paying-bonuses-to-supervisors-to-oppress-workers-incl-co-responses/?utm_source=mosaic&utm_medium=api,https://www.business-humanrights.org/en/latest-news/myanmar-workplace-violations-reported-at-heng-run-garment/?utm_source=mosaic&utm_medium=api,hengrun garment
#508 - Myanka Garment,Myanka Garment,2024-04-13,1500.0,"Springfield (part of Tendam) (Buyer),Tendam (Buyer)",Myanka Garment allegedly supplies to Tendam for its Springfield brand; Tendam did not provide a response to a request for comment from the Resource Centre.,"In April 2024, it was reported that workers at Myanka Garment are facing a series of violations, including denial of legal benefits including maternity leave, wage cuts if workers take leave, verbal abuse if workers fail to meet excessive targets, workers pressured to work all night overtime shifts and treated badly if they refuse, outdated food provided during night shifts, unclean water and no medical clinic or medication provided available.","Denial of leave,Gender-based violence and harassment,Harassment intimidation and abuse,Inhumane work rates and mandatory overtime,Reduced wages and wage theft,Unsafe working conditions",https://www.business-humanrights.org/en/latest-news/myanmar-garment-workers-denied-leave-incl-maternity-leave-incl-co-response/?utm_source=mosaic&utm_medium=api,https://www.business-humanrights.org/en/latest-news/myanmar-pregnant-workers-denied-maternity-leave-in-garment-factory/?utm_source=mosaic&utm_medium=api,myanka garment
#507 - Dongxin Garment,Dongxin Garment,2024-04-13,,"LC Waikiki (Former buyer),Voyager (Buyer)","Dongxin Garment allegedly supplies to LC Waikiki and Voyager; LC Waikiki provided a response to a request for comment from the Resource Centre, stating it has no orders at the factory. Voyager did not respond.","In April 2024, it was reported that women workers at Dongix Garment were facing sexual abuse and harassment, including by a LC Waikiki brand representative.",Gender-based violence and harassment,https://www.business-humanrights.org/en/latest-news/myanmar-garment-workers-report-sexual-abuse-and-harassment-from-factory-management-incl-co-responses/?utm_source=mosaic&utm_medium=api,https://www.business-humanrights.org/en/latest-news/myanmar-workers-report-sexual-abuse-at-myanmar-dongxin-garment-factory/?utm_source=mosaic&utm_medium=api,dongxin garment
#506 - Dongxin Garment,Dongxin Garment,2024-04-13,,"LC Waikiki (Former buyer),Voyager (Buyer)","Dongxin Garment allegedly supplies to LC Waikiki and Voyager; LC Waikiki provided a response to a request for comment from the Resource Centre, stating it has no orders at the factory. Voyager did not respond.","In April 2024, it was reported that workers at Dongxin Garment who had been working overnight were approached by a group of plain clothed men with knives who tried to pull them away. Workers have reported concerns about working overnight because of the political situation.","Inhumane work rates and mandatory overtime,Unsafe working conditions",https://www.business-humanrights.org/en/latest-news/myanmar-garment-workers-report-sexual-abuse-and-harassment-from-factory-management-incl-co-responses/?utm_source=mosaic&utm_medium=api,https://www.business-humanrights.org/en/latest-news/myanmar-workers-report-sexual-abuse-at-myanmar-dongxin-garment-factory/?utm_source=mosaic&utm_medium=api,dongxin garment
#505 - Vicsong,Vicsong,2024-04-13,2000.0,"s.Oliver (part of s.Oliver Group) (Buyer),s.Oliver Group (Buyer)",VIcsong allegedly supplies to s.Oliver; s.Oliver did not provide a response to a request for comment from the Resource Centre.,"In April 2024, it was reported that workers at Vicsong shoe factory are facing a series of violations, including workers told to lie about conditions during inspections, no drinking water, inadequate transport provided to return workers home and dirty toilets.","Harassment intimidation and abuse,Unsafe working conditions",https://www.business-humanrights.org/en/latest-news/myanmar-garment-workers-report-multiple-labour-rights-violations-at-shoe-factory-incl-co-response/?utm_source=mosaic&utm_medium=api,https://www.business-humanrights.org/en/latest-news/myanmar-workers-at-shoe-factory-face-40-salary-reduction-during-closed-periods/?utm_source=mosaic&utm_medium=api,vicsong
#504 - Bohua Fashion,Bohua Fashion,2024-04-12,300.0,"Calliope (Buyer),Cropp (part of LPP S.A) (Reported buyer),LPP Spółka Akcyjna (Reported buyer),Minoti (Reported buyer),NKD (Reported buyer),Reserved (part of LPP Spółka Akcyjna) (Reported buyer),Sinsay (part of LPP S.A.) (Reported buyer),Teddy Group (Buyer)","Bohua Fashion allegedly supplies to or has previously supplied to LPP (for its Reserved, Sinsay and Cropp brands) and NKD; LPP provided a response to a request for comment from the Resource Centre, stating it does not source from the factory. NKD has previously informed us it does not source from the factory.
In December 2024, the Resource Centre invited Teddy Group (for its brand Calliope) and Minoti to respond. Minoti stated it did not place orders with the factory. Teddy Group did not respond.","In April 2024, it was reported that workers at Bohua Fashion were facing a series of violations, including day labourers facing contract termination after two months of service, poor drinking facilities and unkept toilets during the hot weather, and workers asked to clean the factory in the evening.","Denial of permanent contracts,Unsafe working conditions",https://www.business-humanrights.org/en/latest-news/myanmar-multiple-labour-rights-abuses-reported-at-garment-factory-incl-co-response/?utm_source=mosaic&utm_medium=api,https://www.business-humanrights.org/en/latest-news/myanmar-garment-workers-face-abuse-from-supervisors-to-meet-targets/?utm_source=mosaic&utm_medium=api,bohua fashion
#503 - Shunrong Garments (Myanmar),Shunrong Garments (Myanmar),2024-04-07,500.0,,,"In April 2024, it was reported that workers at Shunrong Garments (Myanmar) were told that whoever did not work overtime would not be paid holiday pay for the Thingyan holidays. Workers also reported being forced to work unpaid overtime during the night and during other public holidays, and no access to medicine in the factory.","Inhumane work rates and mandatory overtime,Reduced wages and wage theft,Unsafe working conditions",,https://www.business-humanrights.org/en/latest-news/myanmar-garment-workers-forced-to-work-overtime-or-be-denied-holiday-pay/?utm_source=mosaic&utm_medium=api,shunrong garments (myanmar)
#502 - Yichang Handbag (Myanmar),Yichang Handbag (Myanmar),2024-04-03,500.0,Lenovo (Reported buyer),"Yichang Handbag (Myanmar) allegedly supplies to Lenovo; Lenovo provided a response to a request for comment from the Resource Centre, stating it does not source from the factory, and has no suppliers in Myanmar.","In April 2024, it was reported that workers at Yichang Handbag (Myanmar) are facing a series of violations, including denial of leave incl. medical leave and wage cuts if workers take leave, unclean drinking water, unclean restrooms, no access to medicine at the clinic, mandatory overtime, excessive production targets, verbal abuse when demanding targets be met, and day labourers who are denied permanent contracts and face dismissals if there isn't much work.","Denial of leave,Denial of permanent contracts,Gender-based violence and harassment,Harassment intimidation and abuse,Inhumane work rates and mandatory overtime,Reduced wages and wage theft,Unfair dismissal,Unsafe working conditions",https://www.business-humanrights.org/en/latest-news/myanmar-factory-allegedly-supplying-lenovo-accused-of-multiple-labour-rights-abuses-incl-co-response/?utm_source=mosaic&utm_medium=api,https://www.business-humanrights.org/en/latest-news/myanmar-workers-at-factory-allegedly-supplying-lenovo-bags-report-multiple-labour-rights-abuses/?utm_source=mosaic&utm_medium=api,yichang handbag (myanmar)
#501 - Saung Oo Shwe Nay (Golden Sunshine),Saung Oo Shwe Nay (Golden Sunshine),2024-04-01,1800.0,"Hennes & Mauritz (H&M) (Former buyer),New Yorker (Buyer)",Saung Ooo Shwe Nay (Golden Sunshine) allegedly supplies to H&M and New Yorker; H&M provided a response to a request for comment from the Resource Centre stating it does not source from the factory. New Yorker did not respond.,"In April 2024, it was reported that the employers at Saung Oo Shew Ney factory are trying to form a yellow union and spreading false rumours on social media about the existing union leaders.",Attacks on freedom of association,https://www.business-humanrights.org/en/latest-news/myanmar-garment-factory-allegedly-forming-yellow-union-incl-co-responses/?utm_source=mosaic&utm_medium=api,https://www.business-humanrights.org/en/latest-news/myanmar-employers-at-hm-supplier-allegedly-forming-yellow-union/?utm_source=mosaic&utm_medium=api,saung oo shwe nay (golden sunshine)
#500 - GTIG Eastar Garment (Myanmar) Company Limited,GTIG Eastar Garment (Myanmar) Company Limited,2024-03-31,1000.0,"C&A (Former buyer),Calliope (Buyer),HK Works London (Buyer),House (part of LPP S.A) (Buyer),Kiabi (Former buyer),LPP Spółka Akcyjna (Buyer),Lidl (Former buyer),OVS SpA (Former buyer),Tesco (Former buyer)","GTIG Eastar allegedly supplies or has supplied to C&A, KIABI, Lidl, OVS SpA, Tesco, LPP (for its HOUSE brand), HK Works London, Calliope and Inditex (for its ZARA brand); Inditex, KIABI and OVS provided a response to a request for comment from the Resource Centre. OVS stated it had resumed operations with the factory. Inditex stated it is no longer working with any factories in Myanmar. KIABI said it stopped sourcing from the factory in February 2022.  HK Works London and Calliope did not respond, while LPP did not respond to the allegations linked to GTIG Easter Garment (Myanmar).

LIDL has previously informed us that it ceased operations with the factory in Sept 2021, C&A stated it had removed the factory from its system in Aug 2021, and Tesco said it stopped sourcing from Myanmar in Spring 2022.","In March 2024, it was reported that workers at GTIG Eastar face a series of violations, including mandatory overtime including on weekends without a rest period, limited breaks and no food provisions for late night overnight workers, excessive production targets and unclean restrooms.","Inhumane work rates and mandatory overtime,Unsafe working conditions",https://www.business-humanrights.org/en/latest-news/myanmar-workers-report-mandatory-overtime-for-long-period-without-rest-period-incl-co-response/?utm_source=mosaic&utm_medium=api,https://www.business-humanrights.org/en/latest-news/myanmar-garment-workers-forced-to-work-overtime-continuously/?utm_source=mosaic&utm_medium=api,gtig eastar garment (myanmar) company limited
#499 - Myanmar Dihuali Garment (Dishang Group),Myanmar Dihuali Garment (Dishang Group),2024-03-27,,"Mango (Reported buyer),SanMar (Buyer),Tom Tailor (Reported buyer)","Dihuali Garment (Dishang Group) allegedly supplies to MANGO, Tom Tailor and SanMar; MANGO and Tom Tailor provided a response to a request for comment from the Resource Centre. MANGO stated it has left Myanmar and did not have a relationship with this factory. Tom Tailor stated they have not had any active suppliers in Myanmar since September 2023.","In March 2024, it was reported that workesr at Myanmar Dihuali Garment were told they must work four days to compensate for the five days of Thingyan holidays they received and would have a day's equivalent of overtime pay cut from their wages.","Denial of leave,Reduced wages and wage theft",https://www.business-humanrights.org/en/latest-news/myanmar-garment-workers-face-overtime-wage-cut-extra-work-days-to-substitute-public-holiday-incl-co-responses/?utm_source=mosaic&utm_medium=api,https://www.business-humanrights.org/en/latest-news/myanmar-garment-workers-forced-to-work-substitute-days-and-denied-overtime-wages-to-compensate-for-public-holiday/?utm_source=mosaic&utm_medium=api,myanmar dihuali garment (dishang group)
#498 - Myanto Industrial,Myanto Industrial,2024-03-27,600.0,"New Yorker (Buyer),October (Buyer)",Myanto Industrial allegedly supplies to New Yorker and October; neither brand provided a response to a request for comment from the Resource Centre.,"In March 2024, it was reported that workers at Myanto Industrial are facing a series of violations, including excessive production targets, verbal abuse and workers told to leave their job if they can't meet targets, denial of leave incl. medical leave and wage cuts if workers take leave, day labourers denied permanent employment and facing unfair dismissals, and workers not paid for taking Thingyan holiday leave.","Denial of leave,Denial of permanent contracts,Gender-based violence and harassment,Harassment intimidation and abuse,Inhumane work rates and mandatory overtime,Reduced wages and wage theft,Unfair dismissal,Unsafe working conditions",https://www.business-humanrights.org/en/latest-news/myanmar-garment-workers-report-several-rights-abuses-at-alleged-new-yorker-supplier-incl-co-response/?utm_source=mosaic&utm_medium=api,https://www.business-humanrights.org/en/latest-news/myanmar-garment-workers-harassed-to-meet-excessive-production-targets-at-factory/?utm_source=mosaic&utm_medium=api,myanto industrial
#497 - Synergy Garment,Synergy Garment,2024-03-24,1000.0,"Gémo (Buyer),LPP Spółka Akcyjna (Reported buyer),Lidl (Former buyer),Mango (Former buyer),New Yorker (Buyer),Sinsay (part of LPP S.A.) (Reported buyer)","Synergy Garment allegedly supplies to or has supplied to Mango, Lidl, Gemo, LPP for its Sinsay brand and New Yorker; Lidl, Mango and LPP provided a response to an invite to comment from the Resource Centre. Lidl stated it has not sourced from the factory in years. LPP and Mango stated they did not source from the factory. Gemo and New Yorker did not respond.","In March 2024, it was reported that workers at Synergy Garment were forced to give false answers during inspections.",Harassment intimidation and abuse,https://www.business-humanrights.org/en/latest-news/myanmar-workers-at-garment-factory-report-multiple-violations-at-synergy-garment-factory-incl-co-responses/?utm_source=mosaic&utm_medium=api,https://www.business-humanrights.org/en/latest-news/myanmar-workers-reportedly-forced-to-give-false-answers-during-inspections/?utm_source=mosaic&utm_medium=api,synergy garment
#496 - Tong Ying HK (Garment),Tong Ying HK (Garment),2024-03-16,5000.0,Hennes & Mauritz (H&M) (Buyer),Tong Ying HK (Garment) allegedly supplies to H&M; H&M provided a response to a request for comment from the Resource Centre.,"In March 2024, it was reported that workers at Tong Ying HK Garment were forced to sign an agreement stating they would work continuously for 20 days without a day off, in replacement of the Thingyan holiday leave.","Denial of leave,Harassment intimidation and abuse,Inhumane work rates and mandatory overtime",https://www.business-humanrights.org/en/latest-news/myanmar-garment-workers-pressured-to-work-20-days-continuously-in-replacement-of-thingyan-holiday-leave-incl-co-response/?utm_source=mosaic&utm_medium=api,https://www.business-humanrights.org/en/latest-news/myanmar-garment-workers-pressured-to-sign-agreement-to-work-continuously-for-20-days-to-substitute-holiday-leave/?utm_source=mosaic&utm_medium=api,tong ying hk (garment)
#495 - Saung Oo Shwe Nay (Golden Sunshine),Saung Oo Shwe Nay (Golden Sunshine),2024-03-16,25.0,"Hennes & Mauritz (H&M) (Former buyer),New Yorker (Buyer)",Saung Ooo Shwe Nay (Golden Sunshine) allegedly supplies to H&M and New Yorker; H&M provided a response to a request for comment from the Resource Centre stating it does not source from the factory. New Yorker did not respond.,"In March 2024, it was reported that 25 workers at Saung Oo Shwe Nay Garment were being pressured to meet high targets with fewer workers employed in their manufacturing line.",Inhumane work rates and mandatory overtime,https://www.business-humanrights.org/en/latest-news/myanmar-garment-workers-pressured-to-meet-excessive-production-targets-with-fewer-workers-incl-co-responses/?utm_source=mosaic&utm_medium=api,https://www.business-humanrights.org/en/latest-news/myanmar-workers-being-forced-to-meet-high-targets-with-fewer-workers/?utm_source=mosaic&utm_medium=api,saung oo shwe nay (golden sunshine)
#494 - Hanfex Garment,Hanfex Garment,2024-03-16,700.0,,,"In March 2024, it was reported that workers at Hanfex Garment are facing a series of violations, including day labourers being denied permanent contracts, denial of benefits and dismissals if they miss a day of work, excessive production targets, verbal abuse, denial of benefits incl. medical treatment, wage cuts if workers take leave and unclean restrooms.","Denial of leave,Denial of permanent contracts,Gender-based violence and harassment,Harassment intimidation and abuse,Inhumane work rates and mandatory overtime,Reduced wages and wage theft,Unfair dismissal,Unsafe working conditions",,https://www.business-humanrights.org/en/latest-news/myanmar-workers-denied-social-security-benefits-incl-medical-treatment/?utm_source=mosaic&utm_medium=api,hanfex garment
#493 - Huiyuan Garment,Huiyuan Garment,2024-03-15,1000.0,"LPP Spółka Akcyjna (Buyer),Sinsay (part of LPP S.A.) (Buyer)",Huiyuan Garment allegedly supplies LPP brand Sinsay; LPP provided a response to a request for comment from the Resource Centre.,"In March 2024, it wa reported that workers at Huiyuan Garment are facing a series of violations, including working continuously for seven hours without a break, workers forced to work late at night despite security issues and verbal abuse.","Gender-based violence and harassment,Harassment intimidation and abuse,Inhumane work rates and mandatory overtime,Unsafe working conditions",https://www.business-humanrights.org/en/latest-news/myanmar-workers-reportedly-forced-to-work-for-hours-without-breaks-incl-co-response/?utm_source=mosaic&utm_medium=api,https://www.business-humanrights.org/en/latest-news/myanmar-workers-forced-to-work-continuously-for-seven-hours-without-a-break/?utm_source=mosaic&utm_medium=api,huiyuan garment
#492 - Suntime JCK Co.,Suntime JCK Co.,2024-03-15,1000.0,Strauss (Buyer),Suntime JCK allegedly supplies to Engelbert Strauss; Engelbert Strauss provided a response to a request for comment from the Resource Centre.,"In March 2024, it was reported that workers at Suntime JCK are facing a series of violations, including denial of leave incl. medical leave and wage cuts if workers take leave, excessive production targets with workers struggling to take breaks to drink water, verbal abuse, poor water quality and high temperatures in the factory, and the Workplace Coordination Committee working according to the wishes of the employer.","Attacks on freedom of association,Denial of leave,Gender-based violence and harassment,Harassment intimidation and abuse,Inhumane work rates and mandatory overtime,Reduced wages and wage theft,Unsafe working conditions",https://www.business-humanrights.org/en/latest-news/myanmar-garment-workers-report-abuses-incl-denial-of-leave-at-alleged-engelbert-strauss-supplier-incl-co-response/?utm_source=mosaic&utm_medium=api,https://www.business-humanrights.org/en/latest-news/myanmar-garment-workers-at-suntime-jck-report-multiple-labour-rights-abuses/?utm_source=mosaic&utm_medium=api,suntime jck co.
#491 - Sun Good,Sun Good,2024-03-14,,,,"In March 2024, workers at Sun Good factory expressed concerns that the factory manager was trafficking women workers to men in China, as she would speak privately to chosen girls in her office, had shown women pictures of men on her phone, and had reportedly taken girls to China with her.",Gender-based violence and harassment,,https://www.business-humanrights.org/en/latest-news/myanmar-garment-workers-concerned-manager-is-trafficking-women-workers/?utm_source=mosaic&utm_medium=api,sun good
#490 - Sen Yu/Zhejian Newway (Myanmar),Sen Yu/Zhejian Newway (Myanmar),2024-03-13,1000.0,"LC Waikiki (Former buyer),LPP Spółka Akcyjna (Reported buyer),New Yorker (Buyer),Sinsay (part of LPP S.A.) (Reported buyer),Terranova (Buyer)","Sen Yu/Zhejian Newway (Myanmar) allegedly supplies or has supplied to LC Waikiki, Terranova, New Yorker and LPP (for Sinsay); LC Waikiki provided a response to a request for comment from the Resource Centre, stating it no longer sources from the factory. Terranova and New Yorker did not respond. LPP has previously informed us it does not source from the factory.","In March 2024, it was reported that workers at Sen Yu/Zhejiang Newway (Myanmar) are facing a series of violations, including. mandatory overnight overtime shifts without workers receiving overtime pay and other bonuses.","Inhumane work rates and mandatory overtime,Reduced wages and wage theft",https://www.business-humanrights.org/en/latest-news/myanmar-garment-workers-denied-overtime-pay-bonuses-incl-co-responses/?utm_source=mosaic&utm_medium=api,https://www.business-humanrights.org/en/latest-news/myanmar-excessive-production-targets-denial-of-leave-reported-at-garment-factory/?utm_source=mosaic&utm_medium=api,sen yu/zhejian newway (myanmar)
#489 - KBL Garment,KBL Garment,2024-03-12,900.0,,,"In March 2024, it was reported that during an inspection by the Department of Labour (DoL) , workers were taught what to say to inspectors. Labour rights violations continue in the factory, as the DoL inspectors are accused of working with the employer to oppress the workers.","Business-military collusion,Harassment intimidation and abuse",,https://www.business-humanrights.org/en/latest-news/myanmar-workplace-violations-continue-in-garment-factory-after-labour-office-inspection/?utm_source=mosaic&utm_medium=api,kbl garment
#488 - WHM Myanmar,WHM Myanmar,2024-03-11,500.0,"Calliope (Buyer),OVS SpA (Former buyer),Promod (Buyer)","WHM Myanmar allegedly supplies to Promod, Calliope and OVS SpA; OVS SpA provided a response to a request for comment from the Resource Centre, stating it was an unautheorised subcontractor that had produced OVS clothing in November 2023 but no longer does. Promod and Calliope did not respond.","In March 2024, it was reported that workers at WHM Myanmar factory are facing a series of violations, including mandatory overtime at night despite workers fears about leaving the factory due to the political situation, health issues due to workers working all night, unclean toilets and limited dining facilities.","Inhumane work rates and mandatory overtime,Unsafe working conditions",https://www.business-humanrights.org/en/latest-news/myanmar-garment-workers-report-several-rights-violations-at-garment-factory-incl-co-responses/?utm_source=mosaic&utm_medium=api,https://www.business-humanrights.org/en/latest-news/myanmar-workers-rights-violated-at-whm-garment-factory/?utm_source=mosaic&utm_medium=api,whm myanmar
#487 - Jiashihao (Myanmar),Jiashihao (Myanmar),2024-03-10,1000.0,"Hennes & Mauritz (H&M) (Former buyer),Inditex (Former buyer),Lidl (Former buyer),Otto (Former buyer),Zara (part of Inditex) (Former buyer)","Jiashihao (Myanmar) allegedly supplies to H&M, Inditex (for its ZARA brand), Lidl and Otto; All brands provided a response to a request for comment from the Resource Centre, stating the factory is no longer or was not in their supply chain.","In March 2024, it was reported that workers at Jiashihao (Myanmar) factory are facing a series of violations, including workers not receiving their owed wages if they are not comfortable with the supervisors, denial of leave and wage cuts if workers take leave, and inadequate dining facilities.","Denial of leave,Reduced wages and wage theft,Unsafe working conditions",https://www.business-humanrights.org/en/latest-news/myanmar-garment-workers-report-wage-cuts-if-they-take-leave-incl-co-responses/?utm_source=mosaic&utm_medium=api,https://www.business-humanrights.org/en/latest-news/myanmar-garment-workers-face-ongoing-labour-rights-abuses/?utm_source=mosaic&utm_medium=api,jiashihao (myanmar)
#486 - Myanmar Lucky Fortune Garment,Myanmar Lucky Fortune Garment,2024-03-09,1000.0,"Bestseller (Reported buyer),Calliope (Buyer),Inditex (Former buyer),LPP Spółka Akcyjna (Buyer),ONLY (part of Bestseller) (Reported buyer),Pull & Bear (part of Inditex) (Former buyer),Sinsay (part of LPP S.A.) (Buyer),Stradivarius (part of Inditex) (Former buyer),Workman (Buyer),Zara (part of Inditex) (Former buyer)","Myanmar Lucky Fortune Garment allegedly supplies or has supplied to Inditex for its ZARA, Stradivarius and Pull&Bear brands, LPP S.A. for its Sinsay brand, BESTSELLER for its ONLY brand, Calliope and Workman; Inditex, Workman and LPP S.A provided a response to a request for comment from the Resource Centre. Inditex stated it does not source from the factory as it has completed its exit from Myanmar. Calliope did not respond. BESTSELLER has previously informed us that it does not source from the factory.","In March 2024, it was reported that workers at Lucky Fortune Garment were facing a series of violations, including workers unable to drink water during shifts due to excessive production targets, child labourers at the factory forced to meet the same targets as older workers and denied social security medical leave for more than two days, limited transport for workers to return home from shifts, and no access to medical clinic and medicine for workers.","Child labour,Denial of leave,Inhumane work rates and mandatory overtime,Unsafe working conditions",https://www.business-humanrights.org/en/latest-news/myanmar-ongoing-labour-rights-abuses-reported-at-lucky-fortune-garment-factory-incl-co-responses/?utm_source=mosaic&utm_medium=api,https://www.business-humanrights.org/en/latest-news/myanmar-child-labourers-hired-at-factory-denied-leave/?utm_source=mosaic&utm_medium=api,myanmar lucky fortune garment
#485 - Jiashihao (Myanmar),Jiashihao (Myanmar),2024-03-06,40.0,"Hennes & Mauritz (H&M) (Reported buyer),Inditex (Former buyer),Lidl (Former buyer),Otto (Former buyer),Zara (part of Inditex) (Former buyer)","Jiashihao (Myanmar) allegedly supplies to or has supplied to H&M, LIDL, Inditex, and Otto Group; LIDL, Inditex and Otto Groupprovided a response to a request for comment from the Resource Centre, stating they no longer source from the factory. H&M stated it does not source from the factory.","In March 2024, it was reported that around 40 workers who resigned from Jiashihao (Myanmar) following news of the new conscription law and returned home are told they must come back to the factory to receive their owed wages, despite the difficulties returning due to the political situation and condition of the roads.",Reduced wages and wage theft,https://www.business-humanrights.org/en/latest-news/myanmar-garment-workers-told-to-return-to-factory-to-receive-wages-despite-security-concerns-incl-co-response/?utm_source=mosaic&utm_medium=api,https://www.business-humanrights.org/en/latest-news/myanmar-garment-workers-who-resigned-following-introduction-of-conscription-law-unable-to-retrieve-wages/?utm_source=mosaic&utm_medium=api,jiashihao (myanmar)
#484 - Dongxin Garment,Dongxin Garment,2024-03-06,700.0,"LC Waikiki (Former buyer),Voyager (Buyer)","Dongxin Garment allegedly supplies to LC Waikiki and Voyager; LC Waikiki provided a response to a request for comment from the Resource Centre, stating it has no orders at the factory. Voyager did not respond.","In March 2024, it was reported that workers at Dongxin Garment are facing a series of violations, including mandatory and unpaid overtime all night and on Sundays if workers don't meet excessive production targets, denial of leave, day labourers denied permanent employment and overtime pay, and no medical clinic in the factory.","Denial of leave,Denial of permanent contracts,Inhumane work rates and mandatory overtime,Reduced wages and wage theft,Unsafe working conditions",https://www.business-humanrights.org/en/latest-news/myanmar-garment-workers-forced-to-work-unpaid-overtime-all-night-if-they-fail-to-meet-targets-incl-co-responses/?utm_source=mosaic&utm_medium=api,https://www.business-humanrights.org/en/latest-news/myanmar-garment-workers-forced-to-work-until-dawn-if-excessive-targets-are-not-met/?utm_source=mosaic&utm_medium=api,dongxin garment
#483 - Fullway Myanmar Clothing,Fullway Myanmar Clothing,2024-03-05,197.0,Fristads (Former buyer),"Fullway Myanmar Clothing allegedly supplies to Fristads; Fristads provided a response to a request for comment from the Resource Centre, stating it no longer sources from the factory as it has now ceased operations in Myanmar.","In March 2024, it was reported that Fullway Myanmar Clothing closed without paying workers' owed wages and benefits.",Reduced wages and wage theft,https://www.business-humanrights.org/en/latest-news/myanmar-nearly-200-workers-laid-off-without-owed-wages-benefits-following-factory-closure-incl-co-response/?utm_source=mosaic&utm_medium=api,https://www.business-humanrights.org/en/latest-news/myanmar-garment-factory-closes-without-paying-workers-owed-wages-benefits/?utm_source=mosaic&utm_medium=api,fullway myanmar clothing
"#482 - Myanmar Sunview Garments Company (part of Solamoda Group),Solamoda Garment Group","Myanmar Sunview Garments Company (part of Solamoda Group),Solamoda Garment Group",2024-03-04,800.0,Fast Retailing (Former buyer),"Myanmar Sunview Garments allegedly supplies to Fast Retailing; Fast Retailing provided a response to a request for comment from the Resource Centre, stating it stopped sourcing from the factory prior to March 2024.","In March 2024, it was reported that workers at Myanmar Sunview Garment (part of Solamoda Group) are facing a series of violations, including excessive production targets, mandatory and unpaid overtime, denial of leave, verbal abuse, and promotions and demotions for workers depending on whether the factory manager likes them.","Denial of leave,Gender-based violence and harassment,Harassment intimidation and abuse,Inhumane work rates and mandatory overtime,Reduced wages and wage theft",https://www.business-humanrights.org/en/latest-news/myanmar-garment-workers-at-solamoda-group-factory-report-multiple-abuses-incl-co-response/?utm_source=mosaic&utm_medium=api,https://www.business-humanrights.org/en/latest-news/myanmar-garment-worekrs-report-multiple-abuses-at-myanmar-sunview-garment-factory/?utm_source=mosaic&utm_medium=api,"myanmar sunview garments company (part of solamoda group),solamoda garment group"
"#481 - Myanmar Sunrun Garments (part of Solamoda Group),Solamoda Garment Group","Myanmar Sunrun Garments (part of Solamoda Group),Solamoda Garment Group",2024-03-03,,"Fast Retailing (Former buyer),GU (part of Fast Retailing) (Former buyer)","Myanmar Sunrun Garments allegedly supplies to Fast Retailing for its GU brand; Fast Retailing provided a response to a request for comment from the Resource Centre, stating it stopped sourcing from the factory prior to March 2024.","In March 2024, it was reported that workers at Myanmar Sunrun Garments (part of Solamoda Group) are facing a series of violations, including workers unable to return home due to overnight shifts and forced to sleep at work stations. Workers do not want to work until late because of security concerns. Workers also reported limited meals provided, limited breaks, verbal abuse, and workers being demoted and forced to quit without compensation.","Gender-based violence and harassment,Harassment intimidation and abuse,Inhumane work rates and mandatory overtime,Reduced wages and wage theft,Unfair dismissal,Unsafe working conditions",https://www.business-humanrights.org/en/latest-news/myanmar-garment-workers-forced-to-sleep-overnight-at-factory-due-to-late-overnight-shifts-incl-co-response/?utm_source=mosaic&utm_medium=api,https://www.business-humanrights.org/en/latest-news/myanmar-garment-workers-forced-to-sleep-at-work-stations-overnight/?utm_source=mosaic&utm_medium=api,"myanmar sunrun garments (part of solamoda group),solamoda garment group"
#480 - Mountain Tree,Mountain Tree,2024-03-03,300.0,,,"In March 2024, it was reported that workers at Mountain Tree factory are facing a series of violations, including verbal abuse, physical abuse with the manager throwing clothes at workers and limited transport for workers to return home after overnight overtime shifts.","Gender-based violence and harassment,Harassment intimidation and abuse,Inhumane work rates and mandatory overtime,Unsafe working conditions",,https://www.business-humanrights.org/en/latest-news/myanmar-garment-workers-face-physical-verbal-assault-at-factory/?utm_source=mosaic&utm_medium=api,mountain tree
#479 - New Way Shoe,New Way Shoe,2024-03-02,30.0,"Reebok (part of Authentic Brands Group) (Buyer),adidas (Reported buyer)","New Way Shoes allegedly supplies to or will supply to adidas and Reebok; adidas provided a response to a request for comment from the Resource Centre, stating it has no plans to source from the factory. Authentic brands (for Reebok) did not respond.","In March 2024, it was reported that 30 day labourers at New Way Shoes were denied permanent contracts and benefits, and were dismissed without compensation.","Denial of permanent contracts,Reduced wages and wage theft",https://www.business-humanrights.org/en/latest-news/myanmar-shoe-factory-refuses-to-provide-compensation-to-workers-unable-to-move-to-relocated-factory-incl-co-responses/?utm_source=mosaic&utm_medium=api,https://www.business-humanrights.org/en/latest-news/myanmar-workers-demand-compensation-for-factory-relocation/?utm_source=mosaic&utm_medium=api,new way shoe
#478 - New Way Shoe,New Way Shoe,2024-03-02,,"Reebok (part of Authentic Brands Group) (Buyer),adidas (Reported buyer)","New Way Shoes allegedly supplies to or will supply to adidas and Reebok; adidas provided a response to a request for comment from the Resource Centre, stating it has no plans to source from the factory. Authentic brands (for Reebok) did not respond.","In March 2024, it was reported that New Way Shoes told workers they were unable to pay compensation to workers who were unable to move to the new relocated factory.",Reduced wages and wage theft,https://www.business-humanrights.org/en/latest-news/myanmar-shoe-factory-refuses-to-provide-compensation-to-workers-unable-to-move-to-relocated-factory-incl-co-responses/?utm_source=mosaic&utm_medium=api,https://www.business-humanrights.org/en/latest-news/myanmar-workers-demand-compensation-for-factory-relocation/?utm_source=mosaic&utm_medium=api,new way shoe
#477 - Tianjin Fashion Milestone,Tianjin Fashion Milestone,2024-02-29,300.0,"Bestseller (Buyer),Inditex (Reported buyer),LPP Spółka Akcyjna (Buyer),ONLY (part of Bestseller) (Buyer),Primark (part of Associated British Foods) (Former buyer),Sinsay (part of LPP S.A.) (Buyer),Vero Moda (part of Bestseller) (Buyer),Zara (part of Inditex) (Reported buyer)","Tianjin Fashion Milestone allegedly supplies or has supplied to Inditex for its ZARA brand, BESTSELLER for its ONLY and VERO MODA brands, LPP S.A for its Sinsay brand and Primark; BESTSELLER and LPP S.A provided a response to a request for comment from the Resource Centre. Primark had previously said its final handover as a result of its responsible exit took place in June 2023, and Inditex had previously stated it did not source from the factory.","In February 2024, it was reported that around 300 workers from Tianjin Fashion Milestone were forced to walk home because the factory did not arrange transport for workers working overtime, despite the security concerns.","Inhumane work rates and mandatory overtime,Unsafe working conditions",https://www.business-humanrights.org/en/latest-news/myanmar-garment-workers-forced-to-walk-at-home-from-overtime-shifts-despite-safety-issues-incl-co-responses/?utm_source=mosaic&utm_medium=api,https://www.business-humanrights.org/en/latest-news/myanmar-around-300-workers-forced-to-walk-home-from-factory-after-overtime-shift-despite-safety-concerns/?utm_source=mosaic&utm_medium=api,tianjin fashion milestone
#476 - Myanmar I-Tex Garment,Myanmar I-Tex Garment,2024-02-28,1000.0,P&VV (Buyer),I-Tex Garment allegedly supplies to P&VV; P&VV did not provide a response to a request for comment from the Resource Centre.,"In February 2024, it was reported that workers at Myanmar I-Tex Garment are facing a series of violations, including verbal abuse when demanding workers meet excessive production targets, bonuses given to those who are closer to supervisors or soldiers, and denial of leave.","Business-military collusion,Denial of leave,Gender-based violence and harassment,Harassment intimidation and abuse,Inhumane work rates and mandatory overtime,Reduced wages and wage theft",https://www.business-humanrights.org/en/latest-news/myanmar-garment-workers-pressured-to-meet-excessive-production-targets-incl-co-responses/?utm_source=mosaic&utm_medium=api,https://www.business-humanrights.org/en/latest-news/myanmar-workers-report-verbal-abuse-if-they-fail-to-meet-excessive-production-targets/?utm_source=mosaic&utm_medium=api,myanmar i-tex garment
#475 - Welcomebine Leather Myanmar,Welcomebine Leather Myanmar,2024-02-28,500.0,Parfois (Buyer),Welcomebine Leather Myanmar allegedly supplies to Parfois; Parfois did not provide a response to a request for comment from the Resource Centre.,"In February 2024, it was reported that workers at Welcomebine Leather Myanmar are facing a series of violations, including wage cuts, denial of leave and wage cuts if workers take leave, excessive production targets, verbal abuse, denial of permanent contracts for day labourers, unfair dismissals, and workers facing discrimination if they don't work overtime.","Denial of leave,Denial of permanent contracts,Gender-based violence and harassment,Harassment intimidation and abuse,Inhumane work rates and mandatory overtime,Reduced wages and wage theft,Unfair dismissal",https://www.business-humanrights.org/en/latest-news/myanmar-multiple-labour-rights-violations-reported-at-backpack-factory-incl-co-response/?utm_source=mosaic&utm_medium=api,https://www.business-humanrights.org/en/latest-news/myanmar-workers-wages-cut-at-backpack-factory/?utm_source=mosaic&utm_medium=api,welcomebine leather myanmar
#474 - Bofei Garment,Bofei Garment,2024-02-28,40.0,"LPP Spółka Akcyjna (Reported buyer),Sinsay (part of LPP S.A.) (Reported buyer),Takko (Reported buyer)","Bofei Garment allegedly supplies to LPP (for its Sinsay brand) and Takko; both brands provided a response to a request for comment from the Resource Centre, stating they have not sourced from the factory.","In February 2024, it was reported that 40 day labourers at Bofei Garment were dismissed after it was announced a brand inspection would take place.",Unfair dismissal,https://www.business-humanrights.org/en/latest-news/myanmar-after-media-reports-on-labour-rights-abuses-factory-dismisses-40-day-labourers-after-brand-inspection-announced-incl-co-responses/?utm_source=mosaic&utm_medium=api,https://www.business-humanrights.org/en/latest-news/myanmar-forty-day-labourers-fired-from-factory-after-brand-inspection-announced/?utm_source=mosaic&utm_medium=api,bofei garment
#473 - Tianjin Fashion Milestone,Tianjin Fashion Milestone,2024-02-28,1000.0,"Bestseller (Buyer),Inditex (Reported buyer),LPP Spółka Akcyjna (Buyer),ONLY (part of Bestseller) (Buyer),Primark (part of Associated British Foods) (Former buyer),Sinsay (part of LPP S.A.) (Buyer),Vero Moda (part of Bestseller) (Buyer),Zara (part of Inditex) (Reported buyer)","Tianjin Fashion Milestone allegedly supplies or has supplied to Inditex for its ZARA brand, BESTSELLER for its ONLY and VERO MODA brands, LPP S.A for its Sinsay brand and Primark; BESTSELLER and LPP S.A provided a response to a request for comment from the Resource Centre. Primark had previously said its final handover as a result of its responsible exit took place in June 2023, and Inditex had previously stated it did not source from the factory.","In February 2024, it was reported that workers at Tianjin Milestone Garment faced security personnel taking pictures of them as they entered the toilets, and lowering of their pay based on skill level if they can't meet targets.","Inhumane work rates and mandatory overtime,Reduced wages and wage theft,Surveillance",https://www.business-humanrights.org/en/latest-news/myanmar-garment-workers-reportedly-surveilled-as-they-enter-toilets-incl-co-responses/?utm_source=mosaic&utm_medium=api,https://www.business-humanrights.org/en/latest-news/myanmar-security-personnel-at-garment-factory-reportedly-taking-pictures-of-workers-entering-toilets/?utm_source=mosaic&utm_medium=api,tianjin fashion milestone
#472 - Handa (Yangon) Myanmar,Handa (Yangon) Myanmar,2024-02-25,3000.0,"Active Brands (Reported buyer),Burtle (Buyer),Clique (part of New Wave Group) (Buyer),Craft (part of New Wave Group) (Buyer),Honeys Holdings (Former buyer),Kiabi (Former buyer),Lidl (Former buyer),Mizuno (Buyer),New Wave Group (Buyer),Next (Former buyer),United Athle (Buyer)","Handa (Yangon) allegedly supplies to or has supplied to Lidl, Mizuno, Active Brands, KIABI, New Wave Group, Honeys, Burtle, United Athle and Next; Lidl, Active Brands, New Wave Group, Honeys, United Athle and KIABI provided a response to a request for comment from the Resource Centre. Active Brands stated it sources from another Handa Factory (number 1). Honeys stated it has not done business with the factory since May 2020. KIABI said its last orders at the factory were in October 2023. LIDL said it stopped sourcing from the factory several years ago. Mizuno and Burtle did not respond. Next has previously stated it had ceased operations with the factory in September 2022.","In February 2024, it was reported that workers at Handa (Yangon) Myanmar are facing a series of violations, including pregnant women hidden during inspections, unclean water and toilets odours and mandatory overtime.","Inhumane work rates and mandatory overtime,Unsafe working conditions",https://www.business-humanrights.org/en/latest-news/myanmar-labour-rights-violations-reported-at-handa-yangon-myanmar-factory-incl-co-responses/?utm_source=mosaic&utm_medium=api,https://www.business-humanrights.org/en/latest-news/myanmar-garment-workers-report-labour-rights-violations-at-factory-incl-mandatory-unpaid-overtime/?utm_source=mosaic&utm_medium=api,handa (yangon) myanmar
#471 - Rainbowtec Myanmar,Rainbowtec Myanmar,2024-02-24,1000.0,Leo Workwear (Buyer),Rainbowtec Myanmar allegedly supplies to Leo Workwear; Leo Workwear did not provide a response to a request for comment from the Resource Centre.,"In February 2024, it was reported that workers at Rainbowtec Myanmar are facing a series of violations, including wage cuts if workers take leave, child labour, unclean water and toilet facilities, workers not permitted to take full breaks and forced to clean after work, unlawful dismissals and verbal abuse.","Child labour,Denial of leave,Gender-based violence and harassment,Harassment intimidation and abuse,Reduced wages and wage theft,Unfair dismissal,Unsafe working conditions",https://www.business-humanrights.org/en/latest-news/myanmar-garment-workers-report-abuses-incl-denial-of-leave-verbal-abuse-at-garment-factory-incl-co-response/?utm_source=mosaic&utm_medium=api,https://www.business-humanrights.org/en/latest-news/myanmar-garment-workers-face-wage-cuts-for-taking-leave/?utm_source=mosaic&utm_medium=api,rainbowtec myanmar
#470 - KBL Garment,KBL Garment,2024-02-24,,,,"In February 2024, it was reported that workers at KBL Garment are facing a series of violations, including workers who don't work overtime not receiving any overtime for one month, mandatory overtime into the night despite safety concerns when leaving home, excessive production targets, verbal abuse, denial of full wages and denial of leave.","Denial of leave,Gender-based violence and harassment,Harassment intimidation and abuse,Inhumane work rates and mandatory overtime,Reduced wages and wage theft,Unsafe working conditions",,https://www.business-humanrights.org/en/latest-news/myanmar-garment-workers-forced-to-work-overtime-until-late-despite-political-situation/?utm_source=mosaic&utm_medium=api,kbl garment
#469 - Lat War Garment,Lat War Garment,2024-02-24,800.0,"Auchan (Reported buyer),Kapalua (Buyer),LC Waikiki (Former buyer),Mavi (Reported buyer),Regatta (Reported buyer),Tom Tailor (Former buyer)","Lat War Garment allegedly supplies to or has supplied to Regatta, LC Waikiki, Tom Tailor, Auchan, Mavi and Kapaula; LC Waikiki, Regatta, Mavi and Auchan provided a response to a request for comment from the Resource Centre. Auchan and Regatta stated they do not source from the factory. Lapaula did not respond. LC Waikiki previously informed us it had last sourced from the factory in early 2023. Tom Tailor previously informed us that its final orders in Myanmar were completed in 2022.","In February 2024, it was reported that workers at Lat War garment factory were facing a series of violations, including day labourers hired on low wages and denied permanent contracts, and verbal abuse if workers fail to meet targets.","Denial of permanent contracts,Gender-based violence and harassment,Harassment intimidation and abuse,Inhumane work rates and mandatory overtime,Reduced wages and wage theft",https://www.business-humanrights.org/en/latest-news/myanmar-garment-workers-report-harassment-if-they-fail-to-meet-targets-incl-co-responses/?utm_source=mosaic&utm_medium=api,https://www.business-humanrights.org/en/latest-news/myanmar-garment-workers-face-wage-cuts-if-they-take-one-day-of-leave/?utm_source=mosaic&utm_medium=api,lat war garment
#468 - Dishang Kenny (Dishang Group),Dishang Kenny (Dishang Group),2024-02-23,600.0,"Bestseller (Reported buyer),Inditex (Reported buyer),K-Way (part of BasicNet) (Buyer),Kiabi (Buyer),LPP Spółka Akcyjna (Reported buyer),ONLY (part of Bestseller) (Reported buyer),Reserved (part of LPP Spółka Akcyjna) (Reported buyer),Shimamura (Buyer),Zara (part of Inditex) (Reported buyer)","Dishang Kenny (Dishang Group) allegedly supplies or has supplied to BESTSELLER, Inditex, K-Way, LPP, Shimamura and KIABI;  LPP and KIABI provided a response to a request for comment from the Resource Centre. LPP stated it does not source from the factory. K-Way and Shimamura did not respond. BESTSELLER and Inditex previously informed us it does not source from the factory.","In February 2024, it was reported that workers at Dishang Kenny were facing a series of violations, including workers forced to sleep inside the factory due to mandatory overtime, workers fired if they say they can't work overtime, wage cuts, day labourers denied permanent contracts, excessive production targets and unpaid overtime if workers don't meet their targets.","Denial of permanent contracts,Inhumane work rates and mandatory overtime,Reduced wages and wage theft,Unfair dismissal",https://www.business-humanrights.org/en/latest-news/myanmar-garment-workers-forced-to-sleep-overnight-to-meet-excessive-production-targets-incl-co-response/?utm_source=mosaic&utm_medium=api,https://www.business-humanrights.org/en/latest-news/myanmar-garment-workers-forced-to-work-16-hours-a-day/?utm_source=mosaic&utm_medium=api,dishang kenny (dishang group)
#467 - Wai Hua,Wai Hua,2024-02-23,600.0,"Hang Ten (Buyer),LPP Spółka Akcyjna (Buyer),Mohito (part of LPP S.A.) (Buyer),Tendam (Buyer)","Wai Hua (Myanmar) allegedly supplies to Tendam, Hang Ten and LPP (for its Mohito brand); LPP provided a response to a request for comment from the Resource Centre. Tendam and Hang Ten did not.","In February 2024, it was reported that workers at Wai Hua (Myanmar) Garment are facing a series of violations, including mandatory overtime, which continued after inspections and denial of leave.","Denial of leave,Inhumane work rates and mandatory overtime",https://www.business-humanrights.org/en/latest-news/myanmar-garment-workers-forced-to-work-overtime-following-inspections-incl-co-responses/?utm_source=mosaic&utm_medium=api,https://www.business-humanrights.org/en/latest-news/myanmar-garment-workers-forced-to-work-overtime-despite-inspections/?utm_source=mosaic&utm_medium=api,wai hua
#466 - Sun Apparel Myanmar,Sun Apparel Myanmar,2024-02-20,300.0,"ALDI South (Former buyer),JAKO (Former buyer)","Sun Apparel factory allegedly supplies to or has supplied to JAKO and Aldi South. JAKO  provided a response to a request for comment from the Resource Centre, stating it had withdrawn production from Myanmar. Aldi South had previously stated it stopped sourcing from Myanmar in 2021.","In February 2024, it was reported that the Sun Apparel factory was laying off workers without paying their owed wages.","Reduced wages and wage theft,Unfair dismissal",https://www.business-humanrights.org/en/latest-news/myanmar-garment-factory-reportedly-laying-off-workers-without-paying-owed-wages-incl-co-response/?utm_source=mosaic&utm_medium=api,https://www.business-humanrights.org/en/latest-news/myanmar-sun-apparel-reportedly-laying-off-workers-without-paying-owed-wages/?utm_source=mosaic&utm_medium=api,sun apparel myanmar
#465 - Myanmar Dixinda Garment,Myanmar Dixinda Garment,2024-02-18,1400.0,"Baroque Japan Limited (Buyer),Gratex Industries (Buyer),Workman (Buyer)","Myanmar Dixinda allegedly supplies to Gratex, Workman and Baroque for its Azul brand; Workman provided a response to a request for comment from the Resource Centre. Baroque and Gratex did not.","In February 2024, it was reported that workers at Myanmar Dixinda Garment are facing a series of violations, including mandatory overtime resulting in health conditions, dismissal if workers refuse overtime, excessive production targets, day labourers unlawfully dismissed when they are not needed, and verbal abuse.","Denial of permanent contracts,Gender-based violence and harassment,Harassment intimidation and abuse,Inhumane work rates and mandatory overtime,Unfair dismissal,Unsafe working conditions",https://www.business-humanrights.org/en/latest-news/myanmar-garment-workers-report-health-conditions-caused-by-excessive-overtime-incl-co-responses/?utm_source=mosaic&utm_medium=api,https://www.business-humanrights.org/en/latest-news/myanmar-garment-workers-reportedly-working-overtime-of-up-to-200-hours-per-month/?utm_source=mosaic&utm_medium=api,myanmar dixinda garment
#464 - Asdet Garment,Asdet Garment,2024-02-18,600.0,"Etam Groupe (Buyer),Footmark (Buyer),Lidl (Former buyer),Undiz (part of Etam Groupe) (Buyer)","Asdet Garment allegedly supplies to LIDL (for Esmara), Etam Groupe (for Undiz) and Footmark; LIDL provided a response to a request for comment from the Resource Centre, stating it no longer sources from the factory as it is withdrawing from Myanmar. Footmark and Etam Groupe did not.","In February 2024, it was reported that workers at Asdet Garment are facing a series of violations, including physical abuse, denial of permanent contracts for day labourers, the dismissal of day labourers after workers complained about rights violations, wage cuts for day labourers who don't work overtime, dismissal of day labourers without valid reason, and verbal abuse if workers don't want to work overtime.","Denial of permanent contracts,Gender-based violence and harassment,Harassment intimidation and abuse,Inhumane work rates and mandatory overtime,Reduced wages and wage theft,Unfair dismissal",https://www.business-humanrights.org/en/latest-news/myanmar-day-labourers-fired-after-workers-complained-about-mandatory-overtime-conditions-incl-co-responses/?utm_source=mosaic&utm_medium=api,https://www.business-humanrights.org/en/latest-news/myanmar-day-labourers-fired-after-complaint-filed-over-overtime-shifts/?utm_source=mosaic&utm_medium=api,asdet garment
#463 - JOC Myanmar Garment,JOC Myanmar Garment,2024-02-17,1000.0,Burtle (Buyer),JOC Myanmar Garment allegedly supplies to Burtle; Burtle did not provide a response to a request for comment from the Resource Centre.,"In February 2024, it was reported that workers at JOC Garment are facing a series of violations, including the hiring of day labourers (often children) who are denied permanent contracts, paid lower wages, fired without compensation and denied benefits, and insufficient fire extinguishers available in the factory.","Child labour,Denial of permanent contracts,Reduced wages and wage theft,Unfair dismissal,Unsafe working conditions",https://www.business-humanrights.org/en/latest-news/myanmar-workers-report-day-labourers-rights-violated-in-garment-factory-incl-co-responses/?utm_source=mosaic&utm_medium=api,https://www.business-humanrights.org/en/latest-news/myanmar-day-labourers-including-children-face-rights-violations-in-garment-factory/?utm_source=mosaic&utm_medium=api,joc myanmar garment
#462 - Synergy Garment,Synergy Garment,2024-02-15,1000.0,"Gémo (Buyer),LPP Spółka Akcyjna (Reported buyer),Lidl (Former buyer),Mango (Reported buyer),New Yorker (Buyer),Sinsay (part of LPP S.A.) (Reported buyer)","Synergy Garment allegedly supplies to or has supplied to Mango, Lidl, Gemo, LPP for its Sinsay brand and New Yorker; Lidl and LPP provided a response to an invite to comment from the Resource Centre. Lidl stated it has not sourced from the factory in years. LPP stated it does not source from the factory. Gemo and New Yorker did not respond. Mango has previously stated it conducted a responsible exit and therefore does not source from Myanmar.","In February 2024, it was reported that workers at Synergy Garment are facing a series of violations, including excessive production targets, employer interference in WCC candidates, phones kept by supervisor while they're working, and wages cut if workers take leave.","Attacks on freedom of association,Denial of leave,Inhumane work rates and mandatory overtime,Reduced wages and wage theft,Surveillance",https://www.business-humanrights.org/en/latest-news/myanmar-garment-workers-report-abuses-at-factory-incl-confiscation-of-mobile-phones-excessive-targets-incl-co-responses/?utm_source=mosaic&utm_medium=api,https://www.business-humanrights.org/en/latest-news/myanmar-garment-workers-phones-taken-from-them-during-shifts/?utm_source=mosaic&utm_medium=api,synergy garment
#461 - Hope One,Hope One,2024-02-14,1000.0,,,"In February 2024, it was reported that workers at Hope One factory were facing a series of violations, including physical and verbal abuse, excessive production targets and wage cuts if workers don't meet the target, denial of leave incl. medical leave, wage theft, hiring of day labourers on low wages who are fired after three months, workers not allowed to bring phones into the workplace, workers forced to clean the factory and wage cuts if the machines are not clean, and unpaid mandatory overtime.","Denial of leave,Denial of permanent contracts,Gender-based violence and harassment,Harassment intimidation and abuse,Inhumane work rates and mandatory overtime,Reduced wages and wage theft,Unfair dismissal,Unsafe working conditions",,https://www.business-humanrights.org/en/latest-news/myanmar-garment-workers-report-several-abuses-at-factory-incl-verbal-physical-abuse/?utm_source=mosaic&utm_medium=api,hope one
#460 - Myam Bag,Myam Bag,2024-02-12,1000.0,,,"In February 2024, it was reported that workers at Myam Bag factory are facing a series of violations, including excessive production targets within the 8-hour workday resulting in workers not able to drink enough water during shifts, denial of leave incl. medical leave and wage cuts if workers take leave, and verbal abuse towards workers to get them to meet targets.","Denial of leave,Gender-based violence and harassment,Harassment intimidation and abuse,Inhumane work rates and mandatory overtime,Reduced wages and wage theft,Unsafe working conditions",,https://www.business-humanrights.org/en/latest-news/myanmar-rights-violations-reported-at-backpack-factory/?utm_source=mosaic&utm_medium=api,myam bag
#459 - Kseng garment factory,Kseng garment factory,2024-02-12,,"Clique (part of New Wave Group) (Buyer),Matalan (Buyer),New Wave Group (Buyer),New Yorker (Buyer),Orsay (Buyer),Springfield (part of Tendam) (Buyer),Tendam (Buyer)","Kseng (Myanmar) Apparel allegedly supplies to New Wave Group (for its Clique brand), Matalan, New Yorker, Orsay and Tendam (for its Springfield brand); New Wave Group and Matalan provided a response to a request for comment from the Resource Centre. New Yorker, Orsay and Tendam did not.","In February 2024, it was reported that workers at Kseng (Myanmar) Apparel were facing a series of violations, including workers forced to go without toilet breaks or drinking water to meet excessive production targets, denial of leave for those with ill health, the Workers Coordination Committee acting according to the will of the employers, lack of meals provided for workers working and sleeping overnight at the factory, and workers' not allowed to use their phones during work.","Attacks on freedom of association,Denial of leave,Inhumane work rates and mandatory overtime,Surveillance,Unsafe working conditions",https://www.business-humanrights.org/en/latest-news/myanmar-garment-workers-denied-toilet-breaks-water-to-meet-excessive-production-targets-incl-co-responses/?utm_source=mosaic&utm_medium=api,https://www.business-humanrights.org/en/latest-news/myanmar-garment-workers-at-kseng-myanmar-apparel-denied-access-to-phones-during-shifts/?utm_source=mosaic&utm_medium=api,kseng garment factory
#458 - E&P Fashion,E&P Fashion,2024-02-11,100.0,"LPP Spółka Akcyjna (Reported buyer),Mohito (part of LPP S.A.) (Reported buyer),OVS SpA (Reported buyer),Sinsay (part of LPP S.A.) (Reported buyer)","E&P Fashion allegedly supplies to LPP (for its Sinsay and MOHITO brands) and OVS; both brands provided a response to a request for comment from the Resource Centre, stating they do not source from the factory.","In February 2024, it was reported that day labourers at E&P Fashion were denied employment despite working beyond the probation period day labourers being fired if they cannot work shifts they were not notified of previously, workers facing wage deductions if they take leave, and workers denied seniority benefits.","Denial of leave,Denial of permanent contracts,Reduced wages and wage theft",https://www.business-humanrights.org/en/latest-news/mynanmar-garment-workers-report-labour-rights-abuses-incl-wage-deductions-when-workers-take-leave-incl-co-responses/?utm_source=mosaic&utm_medium=api,https://www.business-humanrights.org/en/latest-news/myanmar-garment-workers-report-rights-violations-incl-wage-deductions-if-they-take-leave/?utm_source=mosaic&utm_medium=api,e&p fashion
#457 - Tianjin Fashion Milestone,Tianjin Fashion Milestone,2024-02-10,1400.0,"Bestseller (Buyer),Inditex (Reported buyer),LPP Spółka Akcyjna (Buyer),ONLY (part of Bestseller) (Buyer),Primark (part of Associated British Foods) (Former buyer),Sinsay (part of LPP S.A.) (Buyer),Vero Moda (part of Bestseller) (Buyer),Zara (part of Inditex) (Reported buyer)","Tianjin Fashion Milestone allegedly supplies or has supplied to Inditex for its ZARA brand, BESTSELLER for its ONLY and VERO MODA brands, LPP S.A for its Sinsay brand and Primark; BESTSELLER and LPP S.A provided a response to a request for comment from the Resource Centre. Primark had previously said its final handover as a result of its responsible exit took place in June 2023 and Inditex had previously stated it did not source from the factory.","In February 2024, it was reported that workers at Tianjin Milestone Garment were having their phones seized by management, and there was no access to medicine in the factory clinic.","Surveillance,Unsafe working conditions",https://www.business-humanrights.org/en/latest-news/myanmar-workers-at-tianjin-milestone-garment-factory-report-abuses-incl-co-responses/?utm_source=mosaic&utm_medium=api,https://www.business-humanrights.org/en/latest-news/myanmar-garment-factory-allegedly-seizing-workers-phones-demanding-excessive-production-targets/?utm_source=mosaic&utm_medium=api,tianjin fashion milestone
#456 - Handa (Yangon) Myanmar,Handa (Yangon) Myanmar,2024-02-09,2500.0,"Active Brands (Reported buyer),Burtle (Buyer),Clique (part of New Wave Group) (Buyer),Craft (part of New Wave Group) (Buyer),Honeys Holdings (Former buyer),Kiabi (Former buyer),Lidl (Former buyer),Mizuno (Buyer),New Wave Group (Buyer),Next (Former buyer),United Athle (Buyer)","Handa (Yangon) allegedly supplies to or has supplied to Lidl, Mizuno, Active Brands, KIABI, New Wave Group, Honeys, Burtle, United Athle and Next; Lidl, Active Brands, New Wave Group, Honeys, United Athle and KIABI provided a response to a request for comment from the Resource Centre. Active Brands stated it sources from another Handa Factory (number 1). Honeys stated it has not done business with the factory since May 2020. KIABI said its last orders at the factory were in October 2023. LIDL said it stopped sourcing from the factory several years ago. Mizuno and Burtle did not respond. Next has previously stated it had ceased operations with the factory in September 2022.","In February 2024, it was reported that workers at Handa (Yangon) Myanmar were facing a series of violations, including verbal abuse if workers don't meet excessive production targets, physical violence, photos taken of workers if they get up to drink water and unfair dismissals.","Gender-based violence and harassment,Harassment intimidation and abuse,Inhumane work rates and mandatory overtime,Surveillance,Unfair dismissal",https://www.business-humanrights.org/en/latest-news/myanmar-labour-rights-abuses-reported-at-factory-supplying-international-brands-incl-co-responses/?utm_source=mosaic&utm_medium=api,https://www.business-humanrights.org/en/latest-news/myanmar-garment-workers-face-verbal-abuse-if-excessive-production-targets-are-not-met/?utm_source=mosaic&utm_medium=api,handa (yangon) myanmar
#455 - Popular Garment/Beaume International Garment,Popular Garment/Beaume International Garment,2024-02-08,1100.0,"Beaume (Buyer),Iturri (Buyer),JD Sports Fashion (Reported buyer),Jeans Fritz (Buyer),Lidl (Former buyer),Regatta (Former buyer)","Popular Garment allegedly supplies or has supplied to to Lidl, Regatta, JD Sports, Beaume, Jeans Fritz and Iturri; Beaume provided a response to a request for comment from the Resource Centre. Jeans Fritz and Iturri did not respond. Regatta has previously stated it does not have current business with the factory in response to a request for comment from the Resource Centre. JD Sports previously stated in 2022 that it had not proceeded with production at the factory after authorisation. Lidl has previously stated that it had stopped business with the factory from September 2021.","In February 2024, it was reported that workers at Beaume International Garment, where Popular Garment was initially based, had the police and army called in by the employer over a labour dispute, regarding confusion as to what factory the workers are employed under, as they are currently working in both and those that worked in Popular Garment are not receiving their legally owed seniority benefits. The workers reported anxiety due to excessive targets, the denial of permanent contracts and dismissal of day labourers, child labourers forced to work in unsanitary and unsafe conditions, wage cuts if workers take leave.","Business-military collusion,Child labour,Denial of leave,Denial of permanent contracts,Inhumane work rates and mandatory overtime,Reduced wages and wage theft,Unsafe working conditions",https://www.business-humanrights.org/en/latest-news/myanmar-military-called-to-garment-factory-to-handle-labour-dispute-incl-co-responses/?utm_source=mosaic&utm_medium=api,https://www.business-humanrights.org/en/latest-news/myanmar-beaume-international-garment-management-call-police-army-to-handle-employer-employee-dispute/?utm_source=mosaic&utm_medium=api,popular garment/beaume international garment
#454 - Wai Hua,Wai Hua,2024-02-07,600.0,"Hang Ten (Buyer),LPP Spółka Akcyjna (Buyer),Mohito (part of LPP S.A.) (Buyer),Tendam (Buyer)","Wai Hua (Myanmar) allegedly supplies to Tendam, Hang Ten and LPP (for its Mohito brand); LPP provided a response to a request for comment from the Resource Centre. Tendam and Hang Ten did not.","In February 2024, it was reported that two workers at Wai Hua Myanmar factory were unfairly dismissed because they had had a minor dispute when inspectors from a brand were expected to come. Workers were forced to work urgently ahead of the inspection and those who made mistakes were dismissed.",Unfair dismissal,https://www.business-humanrights.org/en/latest-news/myanmar-garment-workers-reportedly-dismissed-due-to-minor-dispute-ahead-of-brand-inspection-incl-co-responses/?utm_source=mosaic&utm_medium=api,https://www.business-humanrights.org/en/latest-news/myanmar-garment-workers-unfairly-dismissed-over-minor-dispute/?utm_source=mosaic&utm_medium=api,wai hua
#453 - San Yuan Oversea (2) Myanmar,San Yuan Oversea (2) Myanmar,2024-02-07,,"Inditex (Reported buyer),Stradivarius (part of Inditex) (Reported buyer)","San Yuan Oversea (2) Myanmar allegedly supplies to Inditex for its Stradivarius brand; Inditex provided a response to a request for comment from the Resource Centre, stating it has completed its responsible exit and does not source from Myanmar.","In February 2024, it was reported that workers at San Yuan Oversea (2) had their wages cut.",Reduced wages and wage theft,https://www.business-humanrights.org/en/latest-news/myanmar-garment-workers-face-wage-cuts-at-factory-incl-co-response/?utm_source=mosaic&utm_medium=api,https://www.business-humanrights.org/en/latest-news/myanmar-workers-wages-cut-at-garment-factory/?utm_source=mosaic&utm_medium=api,san yuan oversea (2) myanmar
#452 - Nadia Pacific Apparel,Nadia Pacific Apparel,2024-02-07,1.0,,,"In February 2024, it was reported that a worker at Nadia Pacific Apparel was stabbed with scissors by a supervisor for failing in quality and not meeting deadlines. The worker continued to work until his targets were completed and required treatment for three days. The worker reported having faced physical and verbal abuse before this.","Harassment intimidation and abuse,Inhumane work rates and mandatory overtime",,https://www.business-humanrights.org/en/latest-news/myanmar-garment-worker-stabbed-by-supervisor-required-three-days-treatment/?utm_source=mosaic&utm_medium=api,nadia pacific apparel
#451 - Myanmar Jiale Fashion 2,Myanmar Jiale Fashion 2,2024-02-07,400.0,,,"In February 2024, it was reported that workers at Myanmar Jiale Fashion 2 had not yet received their January wages.",Reduced wages and wage theft,,https://www.business-humanrights.org/en/latest-news/myanmar-over-400-garment-workers-owed-january-wages/?utm_source=mosaic&utm_medium=api,myanmar jiale fashion 2
#450 - Asdet Garment,Asdet Garment,2024-02-06,600.0,"Etam Groupe (Buyer),Footmark (Buyer),Lidl (Former buyer),Undiz (part of Etam Groupe) (Buyer)","Asdet Garment allegedly supplies to LIDL (for Esmara), Etam Groupe (for Undiz) and Footmark; LIDL provided a response to a request for comment from the Resource Centre, stating it no longer sources from the factory as it is withdrawing from Myanmar. Footmark and Etam Groupe did not.","In February 2024, it was reported that workers at Asdet Garment are facing a series of violations, including mandatory overtime, with workers threatened to work overnight and sleep at the factory, unpaid overtime for day labourers, verbal abuse and threats towards workers after someone had filed a complaint about the overtime situation to the labour office, workers feeling tired and having no time to cook or rest because of the overtime.","Gender-based violence and harassment,Harassment intimidation and abuse,Inhumane work rates and mandatory overtime,Reduced wages and wage theft,Unsafe working conditions",https://www.business-humanrights.org/en/latest-news/myanmar-garment-workers-threatened-after-filing-complaint-over-mandatory-overtime-incl-co-responses/?utm_source=mosaic&utm_medium=api,https://www.business-humanrights.org/en/latest-news/myanmar-garment-workers-threatened-into-working-excessive-overtime-shifts/?utm_source=mosaic&utm_medium=api,asdet garment
#449 - Hige Fashion Accessories (Myanmar),Hige Fashion Accessories (Myanmar),2024-02-06,50.0,Hennes & Mauritz (H&M) (Buyer),Hige Fashion Accessories (Myanmar) allegedly supplies to H&M; H&M provided a response to a request for comment from the Resource Centre.,"In February 2024, it was reported that over 50 day labourers at Hige Fashion Accessories (Myanmar) were dismissed for no reason after a report highlighted the denial of permanent contracts for day labourers.",Unfair dismissal,https://www.business-humanrights.org/en/latest-news/myanmar-day-labourers-at-alleged-pok%C3%A9mon-merchandise-supplier-dismissed-after-report-highlights-labour-rights-abuses-at-factory-incl-co-responses/?utm_source=mosaic&utm_medium=api,https://www.business-humanrights.org/en/latest-news/myanmar-day-labourers-at-alleged-pok%C3%A9mon-merchandise-supplier-fired-after-labour-rights-abuses-reported-on-social-media/?utm_source=mosaic&utm_medium=api,hige fashion accessories (myanmar)
#448 - Yoyika Garment,Yoyika Garment,2024-02-05,600.0,"LPP Spółka Akcyjna (Reported buyer),Olivades (Buyer),Sinsay (part of LPP S.A.) (Reported buyer)","Yoyika Garment allegedly supplies to LPP (for its Sinsay brand) and Olivades; LPP provided a response to a request for comment from the Resource Centre, stating that Yoyika Garment is not in its supply chain. Olivades did not respond.","In February 2023, it was reported that workers at Yoyika Garment were facing a series of violations, including excessive production targets, denial of sick leave and pay cuts if workers take leave, garment workers forced to clean as there is no cleaning staff available, and denial of social security benefits.","Denial of leave,Inhumane work rates and mandatory overtime,Reduced wages and wage theft,Unsafe working conditions",https://www.business-humanrights.org/en/latest-news/myanmar-garment-workers-report-abuses-incl-excessive-production-targets-denial-of-leave-at-garment-factory-incl-co-response/?utm_source=mosaic&utm_medium=api,https://www.business-humanrights.org/en/latest-news/myanmar-garment-workers-at-yoyika-garment-factory-report-excessive-production-targets-denial-of-leave/?utm_source=mosaic&utm_medium=api,yoyika garment
#447 - Su Zhong Garment,Su Zhong Garment,2024-02-03,400.0,"Bonprix (part of Otto Group) (Reported buyer),LPP Spółka Akcyjna (Reported buyer),Otto (Reported buyer),Reserved (part of LPP Spółka Akcyjna) (Reported buyer)","Su Zhong Garment allegedly supplies to Otto (for Bonprix) and LPP (for its Reserved brand); Both brands provided a response to a request for comment from the Resource Centre, stating they do not source from the factory.","In February 2024, it was reported that workers at Su Zhong Garment are facing a series of violations, including denial of permanent contracts for day labourers after three months, who face excessive production targets, denial of benefits such as leave incl. medical leave, verbal abuse, and illegal dismissal if they miss a day of work. Workers also reported denial of leave, excessive production targets so workers are unable to drink water or go to the toilet and unclean toilets for all workers.","Denial of leave,Denial of permanent contracts,Gender-based violence and harassment,Harassment intimidation and abuse,Inhumane work rates and mandatory overtime,Unfair dismissal,Unsafe working conditions",https://www.business-humanrights.org/en/latest-news/myanmar-day-labourers-face-multiple-labour-rights-abuses-at-garment-factory-incl-co-responses/?utm_source=mosaic&utm_medium=api,https://www.business-humanrights.org/en/latest-news/myanmar-day-labourers-denied-permanent-contracts-face-labour-rights-abuse-at-garment-factory/?utm_source=mosaic&utm_medium=api,su zhong garment
#446 - Sen Yu/Zhejian Newway (Myanmar),Sen Yu/Zhejian Newway (Myanmar),2024-02-03,1000.0,"LC Waikiki (Former buyer),LPP Spółka Akcyjna (Reported buyer),New Yorker (Buyer),Sinsay (part of LPP S.A.) (Reported buyer),Terranova (Buyer)","Sen Yu/Zhejian Newway (Myanmar) allegedly supplies or has supplied to LC Waikiki, Terranova, New Yorker and LPP (for Sinsay); LC Waikiki provided a response to a request for comment from the Resource Centre, stating it no longer sources from the factory. Terranova and New Yorker did not respond. LPP has previously informed us it does not source from the factory.","In February 2024, it was reported that workers at Sen Yu/Zhejiang Neway (Myanmar) are facing a series of violations, including verbal abuse from supervisors, no emergency exits as they are blocked with boxes of clothes, and unregulated temperature in the factory.","Gender-based violence and harassment,Harassment intimidation and abuse,Unsafe working conditions",https://www.business-humanrights.org/en/latest-news/myanmar-garment-workers-report-labour-rights-abuses-incl-health-hazards-excessive-production-targets-incl-co-responses/?utm_source=mosaic&utm_medium=api,https://www.business-humanrights.org/en/latest-news/myanmar-garment-factory-demands-workers-meet-high-targets-face-verbal-abuse/?utm_source=mosaic&utm_medium=api,sen yu/zhejian newway (myanmar)
#445 - S.M Myanmar Garment,S.M Myanmar Garment,2024-02-02,1.0,"House (part of LPP S.A) (Reported buyer),LPP Spółka Akcyjna (Reported buyer),Mayoral (Buyer)","S.M Myanmar Garment allegedly supplies to LPP (for its House brand) and Mayoral; LPP provided a response to a request for comment from the Resource Centre, stating it does not source from the factory. Mayoral did not respond.","In February 2024, it was reported that a day labourer was fired in 2023 after he had hurt his hand on a machine while working.","Unfair dismissal,Unsafe working conditions",https://www.business-humanrights.org/en/latest-news/myanmar-garment-workers-report-abuses-including-mandatory-overtime-verbal-abuse-incl-co-responses/?utm_source=mosaic&utm_medium=api,https://www.business-humanrights.org/en/latest-news/myanmar-garment-workers-forced-to-work-overtime-without-receiving-overtime-payment/?utm_source=mosaic&utm_medium=api,s.m myanmar garment
#444 - S.M Myanmar Garment,S.M Myanmar Garment,2024-02-02,400.0,"House (part of LPP S.A) (Reported buyer),LPP Spółka Akcyjna (Reported buyer),Mayoral (Buyer)","S.M Myanmar Garment allegedly supplies to LPP (for its House brand) and Mayoral; LPP provided a response to a request for comment from the Resource Centre, stating it does not source from the factory. Mayoral did not respond.","In February 2024, it was reported that workers at S.M Myanmar are facing a series of violations, including mandatory overtime without paying workers' overtime pay, bias regarding who receives the additional professional fee depending on expert level, wage cuts if workers take leave, day labourers fired if there is no work, and unclean water.","Denial of leave,Inhumane work rates and mandatory overtime,Reduced wages and wage theft,Unfair dismissal,Unsafe working conditions",https://www.business-humanrights.org/en/latest-news/myanmar-garment-workers-report-abuses-including-mandatory-overtime-verbal-abuse-incl-co-responses/?utm_source=mosaic&utm_medium=api,https://www.business-humanrights.org/en/latest-news/myanmar-garment-workers-forced-to-work-overtime-without-receiving-overtime-payment/?utm_source=mosaic&utm_medium=api,s.m myanmar garment
#443 - Bofei Garment,Bofei Garment,2024-02-02,400.0,"LPP Spółka Akcyjna (Reported buyer),Sinsay (part of LPP S.A.) (Reported buyer),Takko (Reported buyer)","Bofei Garment allegedly supplies to LPP (for its Sinsay brand) and Takko; both brands provided a response to a request for comment from the Resource Centre, stating they have not sourced from the factory.","In February 2024, it was reported that workers at Bofei Garment are facing a series of violations, including excessive production targets, denial of leave including medical leave and wage cuts if workers take leave, unhygienic dining and toilet area, and day labourers hired on low wages.","Denial of leave,Inhumane work rates and mandatory overtime,Reduced wages and wage theft,Unsafe working conditions",https://www.business-humanrights.org/en/latest-news/myanmar-garment-workers-report-abuses-in-factory-incl-denial-of-leave-unhygienic-conditions-incl-co-response/?utm_source=mosaic&utm_medium=api,https://www.business-humanrights.org/en/latest-news/myanmar-garment-factory-reported-to-be-committing-multiple-labour-rights-violations/?utm_source=mosaic&utm_medium=api,bofei garment
#442 - Shi An (Myanmar),Shi An (Myanmar),2024-02-02,800.0,"Bestseller (Buyer),Jack & Jones (part of Bestseller) (Buyer)",Shi An (Myanmar) allegedly supplies to BESTSELLER (for its Jack & Jones brand); BESTSELLER provided a response to a request for comment from the Resource Centre.,"In February 2024, it was reported that workers at Shi An (Myanmar) are facing a series of violations, including denial of leave and wage cuts if workers take leave incl. medical leave, excessive production targets, with workers unable to take meal breaks, drink water or go to the toilet as a result, and verbal abuse.","Denial of leave,Gender-based violence and harassment,Harassment intimidation and abuse,Inhumane work rates and mandatory overtime,Reduced wages and wage theft,Unsafe working conditions",https://www.business-humanrights.org/en/latest-news/myanmar-garment-workers-unable-to-take-meal-toilet-breaks-to-meet-excessive-production-targets-incl-co-response/?utm_source=mosaic&utm_medium=api,https://www.business-humanrights.org/en/latest-news/myanmar-garment-workers-face-wage-cuts-if-they-take-leave/?utm_source=mosaic&utm_medium=api,shi an (myanmar)
#441 - Sewell Garment Myanmar,Sewell Garment Myanmar,2024-02-02,500.0,,,"In February 2024, it was reported that workers at Sewell Garment Myanmar were facing a series of violations, including the dismissal of pregnant workers, denial of full overtime pay, denial of leave for workers with less than six months experience, and verbal abuse.","Denial of leave,Gender-based violence and harassment,Harassment intimidation and abuse,Reduced wages and wage theft,Unfair dismissal",,https://www.business-humanrights.org/en/latest-news/myanmar-garment-workers-call-on-factory-to-stop-firing-pregnant-workers/?utm_source=mosaic&utm_medium=api,sewell garment myanmar
#440 - Maiyibei (Yangon) Garment Manufacturing,Maiyibei (Yangon) Garment Manufacturing,2024-02-01,500.0,"Hang Ten (Buyer),LPP Spółka Akcyjna (Buyer),Sinsay (part of LPP S.A.) (Buyer)",Maiyibei (Yangon) Garment Manufacturing allegedly supplies to LPP (for its Sinsay brand) and Hang Ten; LPP provided a response to a request for comment from the Resource Centre. Hang Ten did not.,"In February 2024, it was reported that workers at MaiyiBei (Yangon) are facing a series of violations, including denial of permanent contracts for day labourers, who are often hired and rehired after three months of employment, and are also fired if they miss a day of work,  unclean toilets and wage cuts if workers don't meet targets.","Denial of leave,Denial of permanent contracts,Inhumane work rates and mandatory overtime,Reduced wages and wage theft,Unfair dismissal,Unsafe working conditions",https://www.business-humanrights.org/en/latest-news/myanmar-garment-workers-reportedly-forced-to-meet-work-unpaid-overtime-if-excessive-targets-are-not-met-incl-co-responses/?utm_source=mosaic&utm_medium=api,https://www.business-humanrights.org/en/latest-news/myanmar-garment-workers-forced-to-work-overtime-without-pay/?utm_source=mosaic&utm_medium=api,maiyibei (yangon) garment manufacturing
#439 - Myanmar Dihuali Garment (Dishang Group),Myanmar Dihuali Garment (Dishang Group),2024-02-01,1000.0,"Mango (Reported buyer),SanMar (Buyer),Tom Tailor (Reported buyer),Workman (Buyer)","Dihuali Garment (Dishang Group) allegedly supplies to MANGO, Tom Tailor, SanMar and Workman; MANGO, Tom Tailor and Workman provided a response to a request for comment from the Resource Centre. MANGO stated it has left Myanmar has did not have a relationship with this factory. Tom Tailor stated they have not had any active suppliers in Myanmar since September 2023.","In February 2024, it was reported that workers at Dihuali Garment factory were facing a series of violations, including excessive production targets, mandatory overtime causing health issues, unclean water, damaged toilets, day labourers dismissed within two weeks, workers threatened that wages will be cut if management find any faults, and wages cut if workers miss work due to public holidays.","Denial of leave,Denial of permanent contracts,Harassment intimidation and abuse,Inhumane work rates and mandatory overtime,Reduced wages and wage theft,Unfair dismissal,Unsafe working conditions",https://www.business-humanrights.org/en/latest-news/myanmar-garment-workers-report-dizziness-due-to-pressure-to-meet-excessive-production-targets-incl-co-responses/?utm_source=mosaic&utm_medium=api,https://www.business-humanrights.org/en/latest-news/myanmar-garment-factory-allegedly-violating-workers-rights/?utm_source=mosaic&utm_medium=api,myanmar dihuali garment (dishang group)
#438 - Sheng Da Ming Apparel,Sheng Da Ming Apparel,2024-01-31,1.0,"Calliope (Buyer),Inditex (Reported buyer),Zara (part of Inditex) (Reported buyer)",Sheng Da Ming Apparel allegedly supplies to or has supplied to Calioppe and Inditex (for its ZARA brand); Calliope did not provide a response to a request for comment from the Resource Centre. Inditex has previously informed us that it does not source from the factory.,"On 30 December 2024, a garment worker was reportedly fired after being accused of smoking by the HR manager.",Unfair dismissal,https://www.business-humanrights.org/en/latest-news/myanmar-garment-worker-dismissed-after-being-smoking-accusation-files-complaint-incl-co-response/?utm_source=mosaic&utm_medium=api,https://www.business-humanrights.org/en/latest-news/myanmar-garment-worker-fired-after-accusation-of-smoking/?utm_source=mosaic&utm_medium=api,sheng da ming apparel
#437 - ZYZ Apparel,ZYZ Apparel,2024-01-31,1.0,"Gémo (Buyer),LPP Spółka Akcyjna (Buyer),Next (Buyer),Roman Originals (Buyer),Sinsay (part of LPP S.A.) (Buyer)","ZYZ Apparel allegedly supplies to Roman, LPP (for its Sinsay brand), Next and Gémo; LPP and Next provided a response to a request for comment from the Resource Centre. Gémo and Roman did not.","In January 2024, it was reported that a worker at ZYZ Apparel factory was fired after arriving late to work, and faced a reduction in his owed wages.","Reduced wages and wage theft,Unfair dismissal",https://www.business-humanrights.org/en/latest-news/myanmar-worker-faces-dismissal-and-wage-cut-for-being-late-to-work-incl-co-responses/?utm_source=mosaic&utm_medium=api,https://www.business-humanrights.org/en/latest-news/myanmar-garment-worker-dismissed-after-arriving-to-work-late/?utm_source=mosaic&utm_medium=api,zyz apparel
#436 - Myanmar Luxury Group Company,Myanmar Luxury Group Company,2024-01-30,600.0,"Calliope (Buyer),Inditex (Reported buyer),Promod (Buyer),Stradivarius (part of Inditex) (Reported buyer)","Myanmar Luxury Group Company allegedly supplies or has supplied to Calliope, Promod and Inditex for its Stradivarius brand; Calliope and Promod did not provide a response to a request for comment from the Resource Centre. Inditex has previously informed us that it does not source from the factory.","In January 2024, it was reported that workers at Myanmar Luxury Group garment factory are facing a series of violations, including mandatory overtime and no transport provided to return home, putting workers at risk, the hiring of day labourers on low wages without appointing them as permanent employees, the illegal dismissal of workers, excessive production targets so workers are unable to find time to drink water, and verbal abuse.","Denial of permanent contracts,Gender-based violence and harassment,Harassment intimidation and abuse,Inhumane work rates and mandatory overtime,Reduced wages and wage theft,Unfair dismissal,Unsafe working conditions",https://www.business-humanrights.org/en/latest-news/myanmar-garment-workers-report-labour-rights-abuses-incl-mandatory-overtime-excessive-production-targets-incl-co-response/?utm_source=mosaic&utm_medium=api,https://www.business-humanrights.org/en/latest-news/myanmar-garment-workers-at-luxury-group-garment-factory-report-unresolved-workplace-violations/?utm_source=mosaic&utm_medium=api,myanmar luxury group company
#435 - Wonderful Apparel,Wonderful Apparel,2024-01-25,450.0,"Kiabi (Reported buyer),New Yorker (Buyer),Pimkie (part of Association Familiale Mulliez) (Reported buyer),TROLLKIDS (Buyer)","Wonderful Apparel allegedly supplies to or has supplied to KIABI, Pimkie, TROLLKIDS and New Yorker; New Yorker and TROLLKIDS did not provide a response to a request for comment from the Resource Centre. KIABI and Pimkie have previously informed us that they do not source from the factory.","In January 2024,  it was reported that workers at Wonderful Apparel were facing a series of violations, including verbal and physical abuse if workers fail to meet targets, overnight shifts without providing transport that put workers at risk when returning home, dismissal without compensation if workers take medical leave for more than two days, wage cuts if workers take emergency leave, dismissal if workers refuse to work overtime, and the hiring of child labourers who are expected to meet the same targets as adult workers.","Child labour,Denial of leave,Gender-based violence and harassment,Harassment intimidation and abuse,Inhumane work rates and mandatory overtime,Reduced wages and wage theft,Unfair dismissal,Unsafe working conditions",https://www.business-humanrights.org/en/latest-news/myanmar-garment-workers-report-multiple-rights-abuses-at-factory-incl-child-labour-denial-of-leave-incl-co-response/?utm_source=mosaic&utm_medium=api,https://www.business-humanrights.org/en/latest-news/myanmar-workers-at-wonderful-apparel-garment-factory-report-multiple-labour-rights-abuses/?utm_source=mosaic&utm_medium=api,wonderful apparel
#434 - Bohua Fashion,Bohua Fashion,2024-01-24,300.0,"Calliope (Buyer),Cropp (part of LPP S.A) (Reported buyer),LPP Spółka Akcyjna (Reported buyer),Minoti (Reported buyer),NKD (Reported buyer),Reserved (part of LPP Spółka Akcyjna) (Reported buyer),Sinsay (part of LPP S.A.) (Reported buyer),Teddy Group (Buyer)","Bohua Fashion allegedly supplies to or has previously supplied to LPP (for its Reserved, Sinsay and Cropp brands) and NKD; LPP provided a response to a request for comment from the Resource Centre, stating it does not source from the factory. NKD has previously informed us it does not source from the factory.
In December 2024, the Resource Centre invited Teddy Group (for its brand Calliope) and Minoti to respond. Minoti stated it did not place orders with the factory. Teddy Group did not respond.","In January 2024, it was reported that workers at Bohua Fashion were facing a series of violations, including non-payment of overtime wages, workers forced to work overtime if they do not meet targets, wages below what was initially promised to workers, workers being intimidated and facing factory closure if workers report their issues on social media or hold meetings, and the Workers Coordination Committee being elected by the employers.","Attacks on freedom of association,Harassment intimidation and abuse,Inhumane work rates and mandatory overtime,Reduced wages and wage theft",https://www.business-humanrights.org/en/latest-news/myanmar-garment-workers-report-multiple-rights-abuses-incl-mandatory-overtime-excessive-production-targets-incl-co-response/?utm_source=mosaic&utm_medium=api,https://www.business-humanrights.org/en/latest-news/myanmar-garment-workers-report-verbal-abuse-mandatory-overtime-at-factory-excessive-production-targets/?utm_source=mosaic&utm_medium=api,bohua fashion
#433 - Best Choice Garment,Best Choice Garment,2024-01-24,500.0,Voile Bleue (Buyer),Best Choice Garment allegedly supplies to Voile Bleue; Voile Bleue did not provide a response to a request for comment from the Resource Centre.,"In January 2024, it was reported that workers at Best Choice were facing a series of violations including the Workers' Coordination Committee consisting of workers selected by the employer, and workers forced to arrange their own transport after overtime shifts.","Attacks on freedom of association,Inhumane work rates and mandatory overtime,Unsafe working conditions",https://www.business-humanrights.org/en/latest-news/myanmar-garment-workers-report-mandatory-overtime-health-concerns-at-factory-incl-co-response/?utm_source=mosaic&utm_medium=api,https://www.business-humanrights.org/en/latest-news/myanmar-garment-workers-report-rights-violations-incl-mandatory-overtime-wage-cuts/?utm_source=mosaic&utm_medium=api,best choice garment
#432 - New Fubon,New Fubon,2024-01-22,150.0,"LPP Spółka Akcyjna (Reported buyer),Mohito (part of LPP S.A.) (Reported buyer)","New Fubon allegedly supplies to LPP for its MOHITO brand; LPP provided a response to a request for comment from the Resource Centre, stating it does not source from the factory.","In January 2024, it was reported that workers at New Fubon are facing a series of violations, including mandatory overtime, including overnight shifts, which is affecting their health, verbal abuse, denial of public holidays, and excessive production targets which leave workers unable to drink water or go to the toilet.","Gender-based violence and harassment,Harassment intimidation and abuse,Inhumane work rates and mandatory overtime,Unsafe working conditions",https://www.business-humanrights.org/en/latest-news/myanmar-garment-workers-reportedly-facing-health-issues-due-to-mandatory-overnight-shifts-incl-co-response/?utm_source=mosaic&utm_medium=api,https://www.business-humanrights.org/en/latest-news/myanmar-garment-workers-forced-to-worknight-to-meet-excessive-targets/?utm_source=mosaic&utm_medium=api,new fubon
#431 - Hige Fashion Accessories (Myanmar),Hige Fashion Accessories (Myanmar),2024-01-21,400.0,Hennes & Mauritz (H&M) (Buyer),Hige Fashion Accessories (Myanmar) allegedly supplies to H&M; H&M provided a response to a request for comment from the Resource Centre.,"In January 2024, it was reported that workers at Hige Fashion Accessories (Myanmar) are facing a series of violations, including excessive production targets resulting in workers struggling to eat or drink, denial of permanent contracts for day labourers who are denied benefits incl. leave, and the Workers' Coordination Committee being formed by the employer.","Attacks on freedom of association,Denial of leave,Denial of permanent contracts,Inhumane work rates and mandatory overtime,Reduced wages and wage theft,Unsafe working conditions",https://www.business-humanrights.org/en/latest-news/myanmar-workers-report-violations-at-factory-reportedly-producing-hm-pok%C3%A9mon-hats-incl-co-responses/?utm_source=mosaic&utm_medium=api,https://www.business-humanrights.org/en/latest-news/myanmar-garment-workers-at-alleged-hm-supplier-report-labour-rights-abuses/?utm_source=mosaic&utm_medium=api,hige fashion accessories (myanmar)
#430 - RONG DA GARMENTS MYANMAR,RONG DA GARMENTS MYANMAR,2024-01-20,1800.0,"LC Waikiki (Former buyer),LPP Spółka Akcyjna (Buyer),PEP&CO (Buyer),Reserved (part of LPP Spółka Akcyjna) (Buyer),Sinsay (part of LPP S.A.) (Buyer)","Rong Da Garment allegedly supplies to LPP, Pep&Co and LC Waikiki; all brands provided a response to a request for comment from the Resource Centre. LC Waikiki stated it stopped sourcing from the factory two years ago.","In January 2024, it was reported that workers at Rong Da Garment were forced to lie about working conditions during inspections.",Harassment intimidation and abuse,https://www.business-humanrights.org/en/latest-news/myanmar-garment-workers-at-rong-da-garment-factory-forced-to-lie-about-conditions-during-inspections-incl-co-responses/?utm_source=mosaic&utm_medium=api,https://www.business-humanrights.org/en/latest-news/myanmar-garment-workers-forced-to-work-overtime-lie-during-inspections/?utm_source=mosaic&utm_medium=api,rong da garments myanmar
#429 - Sewell Garment Myanmar,Sewell Garment Myanmar,2024-01-19,500.0,,,"In January 2024, it was reported that workers at Sewell Garment Myanmar were facing a series of violations, including changes in wages that are insufficient to cover living costs, excessive production targets, issues with managing temperatures in the factory, and the Workers' Coordination Committee being formed by the factory.","Attacks on freedom of association,Inhumane work rates and mandatory overtime,Reduced wages and wage theft,Unsafe working conditions",,https://www.business-humanrights.org/en/latest-news/myanmar-garment-workers-ask-for-return-to-previous-wages-as-current-wages-insufficient-for-current-living-costs/?utm_source=mosaic&utm_medium=api,sewell garment myanmar
#428 - Bohua Fashion,Bohua Fashion,2024-01-16,200.0,"Calliope (Buyer),Cropp (part of LPP S.A) (Reported buyer),LPP Spółka Akcyjna (Reported buyer),Minoti (Reported buyer),NKD (Reported buyer),Reserved (part of LPP Spółka Akcyjna) (Reported buyer),Sinsay (part of LPP S.A.) (Reported buyer),Teddy Group (Buyer)","Bohua Fashion allegedly supplies to or has previously supplied to LPP (for its Reserved, Sinsay and Cropp brands) and NKD; LPP provided a response to a request for comment from the Resource Centre, stating it does not source from the factory. NKD has previously informed us it does not source from the factory.
In December 2024, the Resource Centre invited Teddy Group (for its brand Calliope) and Minoti to respond. Minoti stated it did not place orders with the factory. Teddy Group did not respond.","In January 2024 it was reported that workers at Bohua Fashion were forced to meet excessive production targets within normal working hours, causing health issues, physical abuse from supervisors and higher wages given to those close to the supervisors.","Gender-based violence and harassment,Harassment intimidation and abuse,Inhumane work rates and mandatory overtime,Reduced wages and wage theft,Unsafe working conditions",https://www.business-humanrights.org/en/latest-news/myanmar-garment-workers-report-multiple-rights-violations-at-bohua-fashion-factory-incl-co-response/?utm_source=mosaic&utm_medium=api,https://www.business-humanrights.org/en/latest-news/myanmar-garment-workers-at-bohua-fashion-factory-report-abuses-incl-physical-abuse-excessive-production-targets/?utm_source=mosaic&utm_medium=api,bohua fashion
#427 - Kaixi Myanmar Fashion,Kaixi Myanmar Fashion,2024-01-16,1000.0,"Inditex (Reported buyer),Primark (part of Associated British Foods) (Former buyer),Zara (part of Inditex) (Reported buyer)","Kaixi Myanmar Fashion allegedly supplies or has previously supplied to Inditex for its Zara brand and Primark;  Primark provided a response to a request for comment from the Resource Centre, stating that its last orders were handed over in October 2023 and they no longer have relations with the factory. Inditex has previously  stated it does not source from the factory.","In January 2024, it was reported that workers at Kaixi Myanmar Fashion faced wage cuts if they took days off work and were denied owed benefits.","Denial of leave,Reduced wages and wage theft",https://www.business-humanrights.org/en/latest-news/mynanmar-garment-workers-report-labour-rights-abuses-incl-wage-deductions-when-workers-take-leave-incl-co-responses/?utm_source=mosaic&utm_medium=api,https://www.business-humanrights.org/en/latest-news/myanmar-garment-workers-fear-factory-will-close-without-paying-workers-owed-compensation/?utm_source=mosaic&utm_medium=api,kaixi myanmar fashion
#426 - E&P Fashion,E&P Fashion,2024-01-15,200.0,"LPP Spółka Akcyjna (Reported buyer),OVS SpA (Reported buyer),Sinsay (part of LPP S.A.) (Reported buyer)","E&P Fashion allegedly supplies to LPP (for its Sinsay and MOHITO brands) and OVS; both brands provided a response to a request for comment from the Resource Centre, stating they do not source from the factory.","In January 2024, it was reported that workers at E&P Fashion were facing a series of violations, including excessive production targets, harassment if they do not meet their targets, denial of leave if workers are ill or have urgent family matters, workers receiving their pay late, resulting in risks returning home at night and the Workers Coordination Committee being selected by the factory.","Attacks on freedom of association,Denial of leave,Gender-based violence and harassment,Harassment intimidation and abuse,Inhumane work rates and mandatory overtime,Unsafe working conditions",https://www.business-humanrights.org/en/latest-news/myanmar-garment-workers-report-harassment-if-they-fail-to-meet-excessive-targets-incl-co-response/?utm_source=mosaic&utm_medium=api,https://www.business-humanrights.org/en/latest-news/myanmar-garment-workers-report-multiple-labour-rights-abuses-at-ep-fashion-factory/?utm_source=mosaic&utm_medium=api,e&p fashion
#425 - Myanmar Bestex Garment,Myanmar Bestex Garment,2024-01-13,500.0,"LPP Spółka Akcyjna (Buyer),Mohito (part of LPP S.A.) (Buyer),OVS SpA (Former buyer),Sinsay (part of LPP S.A.) (Buyer)",Myanmar Bestex Garment allegedly supplies to LPP (for its Mohito and Sinsay brands) and OVS SpA; LPP and OVS provided a response to a request for comment from the Resource Centre. OVS stated it had ceased its collaboration with the factory after the production of its fall-winter collection in 2023.,"In January 2024, it was reported that workers at Myanmar Bestex Garment were facing a series of violations, including excessive production targets, workers denied overtime pay if they don't meet targets, child labour and verbal abuse.","Child labour,Gender-based violence and harassment,Harassment intimidation and abuse,Inhumane work rates and mandatory overtime,Reduced wages and wage theft",https://www.business-humanrights.org/en/latest-news/myanmar-garment-workers-denied-overtime-pay-if-they-fail-to-meet-excessive-work-targets-incl-co-responses/?utm_source=mosaic&utm_medium=api,https://www.business-humanrights.org/en/latest-news/myanmar-garment-workers-reportedly-denied-leave-forced-to-work-unpaid-overtime/?utm_source=mosaic&utm_medium=api,myanmar bestex garment
#424 - Mirae (New Way Garment),Mirae (New Way Garment),2024-01-11,400.0,Ziben (Buyer),Mirae (New Way Garment) allegedly supplies to Ziben; Ziben did not provide a response to a request for comment from the Resource Centre.,"In January 2024, it was reported that workers at Mirae (New Way Garment) faced a series of violations, including wage reductions after loaning money to workers, lack of medical facilities, damaged water provisions, and lack of safety in the factory.","Reduced wages and wage theft,Unsafe working conditions",https://www.business-humanrights.org/en/latest-news/myanmar-day-labourers-allegedly-denied-permanent-employment-holiday-benefits-at-garment-factory-incl-co-response/?utm_source=mosaic&utm_medium=api,https://www.business-humanrights.org/en/latest-news/myanmar-day-labourers-at-garment-factory-denied-permanent-employment-status/?utm_source=mosaic&utm_medium=api,mirae (new way garment)
#423 - Myanmar Sinyoung Fashion Clothes,Myanmar Sinyoung Fashion Clothes,2024-01-09,1.0,"LPP Spółka Akcyjna (Reported buyer),Sinsay (part of LPP S.A.) (Reported buyer)","Myanmar Sinyoung Fashion allegedly supplies to LPP; LPP provided a response to a request for comment from the Resource Centre, stating it does not source from the factory.","In January 2024, it was reported that a worker at Myanmar Sinyoung Fashion faced dismissal after they used a piece of linen at the factory that was no longer used to wrap around his body during an overnight shift. His picture was posted in a public place.",Unfair dismissal,https://www.business-humanrights.org/en/latest-news/myanmar-garment-workers-at-myanmar-sinyoung-fashion-factory-reportedly-forced-to-work-overnight-incl-co-response/?utm_source=mosaic&utm_medium=api,https://www.business-humanrights.org/en/latest-news/myanmar-garment-workers-forced-to-work-overnight-until-dawn/?utm_source=mosaic&utm_medium=api,myanmar sinyoung fashion clothes
#422 - Myanmar Sinyoung Fashion Clothes,Myanmar Sinyoung Fashion Clothes,2024-01-09,500.0,"LPP Spółka Akcyjna (Reported buyer),Sinsay (part of LPP S.A.) (Reported buyer)","Myanmar Sinyoung Fashion allegedly supplies to LPP; LPP provided a response to a request for comment from the Resource Centre, stating it does not source from the factory.","In January 2024, it was reported that workers at Myanmar Sinyoung Fashion were facing a series of violations, including denial of permanent contracts for day labourers who are not paid full wages, pressure and harassment if workers tell management their wages have been cut, and workers working overnight shifts.","Denial of permanent contracts,Harassment intimidation and abuse,Inhumane work rates and mandatory overtime,Reduced wages and wage theft",https://www.business-humanrights.org/en/latest-news/myanmar-garment-workers-at-myanmar-sinyoung-fashion-factory-reportedly-forced-to-work-overnight-incl-co-response/?utm_source=mosaic&utm_medium=api,https://www.business-humanrights.org/en/latest-news/myanmar-garment-workers-forced-to-work-overnight-until-dawn/?utm_source=mosaic&utm_medium=api,myanmar sinyoung fashion clothes
#421 - ADK/JW Factory,ADK/JW Factory,2024-01-09,5000.0,"ALDI South (Reported buyer),Hang Ten (Buyer),Inditex (Reported buyer)","ADK/JW Factory allegedly supplies to Inditex, Hang Ten and ALDI SOUTH; ALDI SOUTH and Inditex provided a response to a request for comment from the Resource Centre, stating they do not source from Myanmar. Hang Ten did not respond.","In January 2024, it was reported that workers at the JW/ADK factory were facing a series of violations, including denial of leave and wage cuts if workers take leave, mandatory overtime overnight, physical and verbal abuse, denial of bonuses, no access to medicine in case of an injury at the factory, using workers' wages to pay for repairs, workers forced to carry heavy loads up and down stairs and workers forced to take leave if they complain about overtime shifts.","Denial of leave,Gender-based violence and harassment,Harassment intimidation and abuse,Inhumane work rates and mandatory overtime,Reduced wages and wage theft,Unsafe working conditions",https://www.business-humanrights.org/en/latest-news/myanmar-garment-workers-face-physical-verbal-abuse-at-factory-incl-co-responses/?utm_source=mosaic&utm_medium=api,https://www.business-humanrights.org/en/latest-news/myanmar-garment-workers-face-multiple-labour-rights-violations-incl-physical-verbal-abuse/?utm_source=mosaic&utm_medium=api,adk/jw factory
#420 - Best Choice Garment,Best Choice Garment,2024-01-05,300.0,Voile Bleue (Buyer),Best Choice Garment allegedly supplies to Voile Bleue; Voile Bleue did not provide a response to a request for comment from the Resource Centre.,"In January 2024, it was reported that workers at Best Choice were facing a series of violations including denial of overtime wages and owed wages when the factory closes due to lack of orders, unclean water and toilet facilities, and workers forced to lie about conditions during inspections.","Harassment intimidation and abuse,Reduced wages and wage theft,Unsafe working conditions",https://www.business-humanrights.org/en/latest-news/myanmar-garment-workers-at-best-choice-garment-factory-report-workers-rights-violations-incl-co-response/?utm_source=mosaic&utm_medium=api,https://www.business-humanrights.org/en/latest-news/myanmar-garment-workers-denied-overtime-pay-forced-to-lie-during-inspections/?utm_source=mosaic&utm_medium=api,best choice garment
#419 - Diamond Sea Sar Garment,Diamond Sea Sar Garment,2024-01-04,200.0,,,"In January 2024, it was reported that workers at Diamond Sea Sar Garment were facing a series of violations, including mandatory overtime without a day off or public holidays, without providing workers' lunch, non-payment of overtime pay, low wages, and no transport provided for workers working overtime.","Denial of leave,Inhumane work rates and mandatory overtime,Reduced wages and wage theft,Unsafe working conditions",,https://www.business-humanrights.org/en/latest-news/myanmar-garment-workers-forced-to-work-without-a-day-off-for-over-three-months/?utm_source=mosaic&utm_medium=api,diamond sea sar garment
#418 - Dong Sheng Xing Apparel (formerly GYSen Myanmar (2)),Dong Sheng Xing Apparel (formerly GYSen Myanmar (2)),2024-01-03,,,,"In January 2024, it was reported that workers at Dong Sheng Xing Apparel, formerly GYSen Myanmar (2), were forced to work overnight until 12:00am, and workers who could not work overtime, including pregnant women and mothers were forced to quit their jobs. It was also reported that workers were made to hide during inspections, and workers who were promised to be rehired after the closure of GYSen Myanmar (2) were not rehired.","Gender-based violence and harassment,Inhumane work rates and mandatory overtime,Unfair dismissal",,https://www.business-humanrights.org/en/latest-news/myanmar-garment-workers-reportedly-forced-to-work-until-1200am/?utm_source=mosaic&utm_medium=api,dong sheng xing apparel (formerly gysen myanmar (2))
#417 - J-Land Myanmar,J-Land Myanmar,2023-12-30,800.0,"Guess (Buyer),Mango (Reported buyer)","J-Land Myanmar allegedly supplies to MANGO and GUESS; MANGO provided a response to a request for comment from the Resource Centre, stating it does not source from the factory. GUESS did not.","In December 2024, it was reported that workers at J-Land Myanmar were facing a series of violations, including wage cuts, day labourers denied permanent employment, and in turn denied leave and overtime pay, verbal abuse, workers denied medical leave and poor ventilation.","Denial of leave,Denial of permanent contracts,Gender-based violence and harassment,Harassment intimidation and abuse,Reduced wages and wage theft,Unsafe working conditions",https://www.business-humanrights.org/en/latest-news/myanmar-workers-at-alleged-guess-supplier-report-labour-rights-violations/?utm_source=mosaic&utm_medium=api,https://www.business-humanrights.org/en/latest-news/myanmar-garment-workers-report-abuses-at-reported-guess-supplier-incl-wage-cuts-denial-of-permanent-contracts/?utm_source=mosaic&utm_medium=api,j-land myanmar
#416 - Sunrise Myanmar,Sunrise Myanmar,2023-12-28,1000.0,"Adastria (Former buyer),Hennes & Mauritz (H&M) (Reported buyer),Honeys Holdings (Buyer),OVS SpA (Reported buyer),Shimamura (Buyer),Topvalu Collection (part of AEON) (Reported buyer),United Athle (Former buyer)","Sunrise Myanmar allegedly supplies or has supplied to H&M, OVS SpA, TopValu, Honeys, United Athle, Shimamura and Adastra; Honeys, United Athle and Adastria provided a response to a request for comment from the Resource Centre. Adastria and United Athle stated they no longer source from the factory. Shimamura did not respond. Topvalu, H&M and OVS SpA have previously told the Resource Centre they do not source from the factory.","In December 2023, it was reported that workers at Sunrise Myanmar were forced to lie during brand investigations of the factory, and that the worker's coordination committee was biased towards the factory management.","Attacks on freedom of association,Harassment intimidation and abuse",https://www.business-humanrights.org/en/latest-news/myanmar-garment-workers-forced-to-lie-during-brand-inspections-incl-co-responses/?utm_source=mosaic&utm_medium=api,https://www.business-humanrights.org/en/latest-news/myanmar-workers-at-sunrise-myanmar-factory-forced-to-lie-to-inspection-teams/?utm_source=mosaic&utm_medium=api,sunrise myanmar
#415 - Best Choice Garment,Best Choice Garment,2023-12-27,500.0,Voile Bleue (Buyer),Best Choice Garment allegedly supplies to Voile Bleue; Voile Bleue did not provide a response to a request for comment from the Resource Centre.,"In December 2023, it was reported that workers at Best Choice Garment were facing a series of violations, including excessive production targets, mandatory overtime, denial of benefits, and wage cuts if workers take leave.","Denial of leave,Inhumane work rates and mandatory overtime,Reduced wages and wage theft",https://www.business-humanrights.org/en/latest-news/myanmar-garment-workers-face-labour-rights-abuses-incl-mandatory-overtime-excessive-production-targets-incl-co-response/?utm_source=mosaic&utm_medium=api,https://www.business-humanrights.org/en/latest-news/myanmar-garment-workers-report-excessive-production-targets-illegal-dismissals/?utm_source=mosaic&utm_medium=api,best choice garment
#414 - Jiashihao (Myanmar),Jiashihao (Myanmar),2023-12-25,2000.0,"Hennes & Mauritz (H&M) (Reported buyer),Inditex (Former buyer),Lidl (Former buyer),Otto (Former buyer),Zara (part of Inditex) (Former buyer)","Jiashihao (Myanmar) allegedly supplies to H&M, Inditex (for its ZARA brand), Lidl and Otto; All brands provided a response to a request for comment from the Resource Centre, stating the factory is no longer or was not in their supply chain.","In December 2023, it was reported that workers at Jiashihao (Myanmar) were facing a series of violations, including workers forced to lie to brand representatives who came to audit the factory, workers falling ill due to mandatory overtime, workers wages reduced by around 30%, workers working in the heat due to the factory only keeping the fan on for a limited time, and workers forced to work extra time without pay on days when they need to make up for lost time when the generator breaks down.","Denial of leave,Harassment intimidation and abuse,Inhumane work rates and mandatory overtime,Reduced wages and wage theft,Unsafe working conditions",https://www.business-humanrights.org/en/latest-news/myanmar-garment-workers-reportedly-forced-to-lie-during-brand-inspections-incl-co-responses/?utm_source=mosaic&utm_medium=api,https://www.business-humanrights.org/en/latest-news/myanmar-garment-workers-forced-to-lie-to-brand-representatives-who-audit-the-factory/?utm_source=mosaic&utm_medium=api,jiashihao (myanmar)
#413 - Nisho (2),Nisho (2),2023-12-23,250.0,Hang Ten (Buyer),Nisho (2) allegedly supplies to Hang Ten; Hang Ten did not provide a response to a request for comment from the Resource Centre.,"In December 2023, it was reported that workers at Nisho (2) factory faced a series of violations, including workers developing health issues due to being forced to work overtime with no day off for a month, denial of leave and wage cuts if people take time off, denial of permanent contracts for day labourers, excessive production targets, health and safety issues in the factory incl. damaged toilets and verbal abuse.","Denial of leave,Denial of permanent contracts,Gender-based violence and harassment,Harassment intimidation and abuse,Inhumane work rates and mandatory overtime,Reduced wages and wage theft,Unsafe working conditions",https://www.business-humanrights.org/en/latest-news/myanmar-garment-workers-report-being-forced-to-work-overtime-non-stop-for-a-month-incl-co-response/?utm_source=mosaic&utm_medium=api,https://www.business-humanrights.org/en/latest-news/myanmar-garment-workers-facing-health-issues-due-to-overtime-work/?utm_source=mosaic&utm_medium=api,nisho (2)
#412 - Delta Mate,Delta Mate,2023-12-23,1000.0,Guess (Buyer),Delta allegedly supplies to GUESS; GUESS did not provide a response to a request for comment from the Resource Centre.,"In December 2023, it was reported that workers at Delta Mate Myanmar faced a series of violations, including wage cuts, reduced working hours, the factory not providing transport to those who are let off work earlier and unpaid overtime wages.",Reduced wages and wage theft,https://www.business-humanrights.org/en/latest-news/myanmar-garment-workers-face-reduced-wages-hours-incl-co-response/?utm_source=mosaic&utm_medium=api,https://www.business-humanrights.org/en/latest-news/myanmar-garment-workers-face-wage-cuts-reduced-working-hours/?utm_source=mosaic&utm_medium=api,delta mate
#411 - Myanmar Guotai Huasheng Glory Fashion,Myanmar Guotai Huasheng Glory Fashion,2023-12-20,700.0,"Auchan (Buyer),Carrefour (Former buyer),Lidl (Former buyer),Primark (part of Associated British Foods) (Former buyer),Tendam (Buyer)","Guotai Huasheng Glory Fashion allegedly supplies or has supplied to Primark, Auchan, Carrefour, Lidl, Pimkie and Tendam; Auchan provided a response to an invite to comment from the Resource Centre. Tendam did not respond. Primark has previously stated it has completed its exit process and no longer sources from Myanmar. Carrefour and Lidl previously informed the Resource Centre that they no longer source from the factory.","In December 2023, it was reported that workers at Myanmar Guotai Huasheng Glory Fashion were facing a series of violations, including workers facing difficulties withdrawing their wages due to a change to a bank card payment system since November 2023. Workers forced to return home in order to register to the card system had to leave their jobs due to difficulties such as road and security conditions. Workers who had to leave to re-register were not given leave and their wage were reduced. It is also reported that workers were forced to meet high hourly targets, with workers unable to drink water or go to the toilet, and managers and security searching through workers’ belongings.","Denial of leave,Inhumane work rates and mandatory overtime,Reduced wages and wage theft,Surveillance,Unsafe working conditions",https://www.business-humanrights.org/en/latest-news/myanmar-garment-workers-face-wage-loss-following-changes-to-payment-system-incl-co-responses/?utm_source=mosaic&utm_medium=api,https://www.business-humanrights.org/en/latest-news/myanmar-garment-workers-face-difficulties-withdrawing-wages-following-payment-system-change/?utm_source=mosaic&utm_medium=api,myanmar guotai huasheng glory fashion
#410 - Li Da Garment,Li Da Garment,2023-12-18,250.0,,,"In December 2024, it was reported that workers at Li Da Garment were facing a series of violations, including workers denied leave incl. medical leave, no access to medical supplies or nurses at the factory and only three toilets for employees to use.","Denial of leave,Unsafe working conditions",,https://www.business-humanrights.org/en/latest-news/myanmar-twenty-nine-supervisors-demoted-due-to-missed-deadlines/?utm_source=mosaic&utm_medium=api,li da garment
#409 - Li Da Garment,Li Da Garment,2023-12-18,29.0,,,"In December 2024, it was reported that 29 workers quit their jobs after they were demoted from supervisor to leader, because they had missed deadlines.",Inhumane work rates and mandatory overtime,,https://www.business-humanrights.org/en/latest-news/myanmar-twenty-nine-supervisors-demoted-due-to-missed-deadlines/?utm_source=mosaic&utm_medium=api,li da garment
#408 - Myanmar Bago Ntmode Garments,Myanmar Bago Ntmode Garments,2023-12-17,600.0,,,"In December 2024, it was reported that workers at Myanmar Bago Ntmode Garments were facing a series of violations, including the hiring of child labourers, day workers denied permanent contracts and not paid their owed wages, workers denied entitled benefits and leave, workers forced to work overtime without notice or transportation provided to return home, workers from certain departments denied bonuses, pregnant workers forced to work at same pace as other workers, verbal abuse, unsafe toilets and limited access to drinking water, no access to factory medical centre and the factory pretending the Worker Coordination Committee is formed so workers cannot complain about rights violations.","Attacks on freedom of association,Child labour,Denial of leave,Denial of permanent contracts,Gender-based violence and harassment,Harassment intimidation and abuse,Inhumane work rates and mandatory overtime,Reduced wages and wage theft,Unsafe working conditions",,https://www.business-humanrights.org/en/latest-news/myanmar-child-labourers-hired-at-garment-factory/?utm_source=mosaic&utm_medium=api,myanmar bago ntmode garments
#407 - Kseng garment factory,Kseng garment factory,2023-12-15,1500.0,"Clique (part of New Wave Group) (Buyer),Matalan (Buyer),New Wave Group (Buyer),New Yorker (Buyer),Orsay (Buyer),Springfield (part of Tendam) (Buyer)","Kseng (Myanmar) Apparel allegedly supplies to New Wave Group (for its Clique brand), Matalan, New Yorker, Orsay and Tendam (for its Springfield brand); New Wave Group and Matalan provided a response to a request for comment from the Resource Centre. New Yorker, Orsay and Tendam did not.","At Kseng (Myanmar) Apparel, it was reported that workers at the factory were facing a series of violations, including denial of workers' forming a union, cuts to overtime wages, lack of transportation provided to workers working overtime shifts, denial of social security benefits, including for pregnant workers and workers that require medication, workers fired for no reason or for refusing overtime, lack of clean toilet or water facilities, lack of air conditioning, verbal abuse if workers do not meet targets.","Attacks on freedom of association,Gender-based violence and harassment,Harassment intimidation and abuse,Inhumane work rates and mandatory overtime,Reduced wages and wage theft,Unfair dismissal,Unsafe working conditions",https://www.business-humanrights.org/en/latest-news/myanmar-garment-workers-reportedly-forced-to-work-overnight-face-unsanitary-conditions-incl-co-responses/?utm_source=mosaic&utm_medium=api,https://www.business-humanrights.org/en/latest-news/myanmar-garment-workers-report-several-rights-abuses-at-factory-incl-mandatory-overtime-against-workers-will/?utm_source=mosaic&utm_medium=api,kseng garment factory
#406 - Shuangxi (Myanmar) Garment,Shuangxi (Myanmar) Garment,2023-12-14,600.0,JAKO (Former buyer),Shuangxi Myanmar allegedly supplies to JAKO; JAKO provided a response to a request for comment from the Resource Centre stating it has withdrawn production from Myanmar.,"In December 2023, it was reported that workers at Shuangxi Myanmar were facing a series of violations, including the dismissal of supervisors who treat workers fairly, and workers who work overtime overnight not provided any transport to return home in the morning.","Unfair dismissal,Unsafe working conditions",https://www.business-humanrights.org/en/latest-news/myanmar-labour-rights-abuses-reported-at-shuangxi-myanmar-factory-incl-co-response/?utm_source=mosaic&utm_medium=api,https://www.business-humanrights.org/en/latest-news/myanmar-workers-report-labour-rights-abuses-at-shuangxi-myanmar-garment-factory/?utm_source=mosaic&utm_medium=api,shuangxi (myanmar) garment
#405 - Yoyika Garment,Yoyika Garment,2023-12-14,700.0,"LPP Spółka Akcyjna (Reported buyer),Olivades (Buyer),Sinsay (part of LPP S.A.) (Reported buyer)","Yoyika Garment allegedly supplies to LPP (for its Sinsay brand) and Olivades; LPP provided a response to a request for comment from the Resource Centre, stating that Yoyika Garment is not in its supply chain. Olivades did not respond.","In December 2023, it was reported that workers at Yoyika were facing a series of violations, including low wages paid to day labourers incl. overtime, denial of permanent contracts for permanent workers, workers being robbed due to the late hours they return home from overtime, verbal abuse from supervisors.","Denial of permanent contracts,Gender-based violence and harassment,Harassment intimidation and abuse,Inhumane work rates and mandatory overtime,Reduced wages and wage theft,Unsafe working conditions",https://www.business-humanrights.org/en/latest-news/myanmar-garment-workers-face-safety-risks-returning-home-after-mandatory-overnight-shifts-incl-co-response/?utm_source=mosaic&utm_medium=api,https://www.business-humanrights.org/en/latest-news/myanmar-garment-workers-reportedly-robbed-on-journey-home-after-mandatory-overtime-shifts/?utm_source=mosaic&utm_medium=api,yoyika garment
#404 - Tai Hong,Tai Hong,2023-12-06,1000.0,"Frasers Group (Buyer),New Yorker (Buyer),Sports Direct (part of Frasers Group) (Buyer)",Tai Hong allegedly supplies to New Yorker (for its FBSister brand) and Frasers Group (for Sports Direct brands Diem and Everlast); Neither brand provided a response to a request for comment from the Resource Centre.,"In December 2023, it was reported that workers at Tai Hong garment factory were facing a series of violations, including workers such as pregnant workers denied medical treatment, verbal abuse towards elderly women workers, workers forced to quit their jobs if they take leave, pregnant workers forced to carry heavy loads, workers denied medical leave, workers forced to quit or take time off work if they do not work overtime, workers hired as day labourers denied permanent employment, and day labourers being underpaid.","Denial of leave,Denial of permanent contracts,Gender-based violence and harassment,Harassment intimidation and abuse,Inhumane work rates and mandatory overtime,Reduced wages and wage theft,Unfair dismissal",https://www.business-humanrights.org/en/latest-news/myanmar-tai-hong-garment-workers-report-labour-rights-violations-incl-pregnant-workers-denied-medical-leave-incl-co-responses/?utm_source=mosaic&utm_medium=api,https://www.business-humanrights.org/en/latest-news/myanmar-garment-workers-at-tai-hong-factory-report-multiple-labour-rights-abuses/?utm_source=mosaic&utm_medium=api,tai hong
#403 - VHT Garment,VHT Garment,2023-12-03,400.0,Hennes & Mauritz (H&M) (Reported buyer),"VHT Garment allegedly supplies to H&M; H&M provided a response to a request for comment from the Resource Centre, stating that the factory is not part of its supply chain.","In December 2023, it was reported that nearly 400 workers at the VHT Garment factory were dismissed  without receiving their owed wages.","Reduced wages and wage theft,Unfair dismissal",,https://www.business-humanrights.org/en/latest-news/myanmar-garment-factory-closes-without-paying-workers-owed-wages/?utm_source=mosaic&utm_medium=api,vht garment
#402 - Bohua Fashion,Bohua Fashion,2023-11-29,200.0,"Calliope (Buyer),LPP Spółka Akcyjna (Reported buyer),Minoti (Reported buyer),NKD (Reported buyer),Reserved (part of LPP Spółka Akcyjna) (Reported buyer),Sinsay (part of LPP S.A.) (Reported buyer),Teddy Group (Buyer)","Bohua Fashion allegedly supplies to LPP S.A (for its Reserved and Sinsay brands) and NKD Group; Both brands provided a response to a request for comment from the Resource Centre, stating they have not sourced from the factory.
In December 2024, the Resource Centre invited Teddy Group (for its brand Calliope) and Minoti to respond. Minoti stated it did not place orders with the factory. Teddy Group did not respond.","In October 2023, it was reported that workers at Bohua Fashion faced a series of violations, including mandatory overtime, unpaid wages and wage cuts, the employment of day labourers who are forced to work overnight, verbal abuse if high targets are not met,  denial of leave including medical leave and wage cuts if workers take days off work and lack of medical facilities.","Denial of leave,Denial of permanent contracts,Gender-based violence and harassment,Harassment intimidation and abuse,Inhumane work rates and mandatory overtime,Reduced wages and wage theft,Unsafe working conditions",https://www.business-humanrights.org/en/latest-news/myanmar-garment-workers-at-bohua-fashion-factory-reportedly-face-a-series-of-violations-incl-mandatory-unpaid-overtime-incl-co-responses/?utm_source=mosaic&utm_medium=api,https://www.business-humanrights.org/en/latest-news/myanmar-garment-workers-at-bohua-fashion-factory-report-multiple-labour-rights-abuses/?utm_source=mosaic&utm_medium=api,bohua fashion
#401 - Sheng Mei,Sheng Mei,2023-11-29,,"Bestseller (Buyer),LPP Spółka Akcyjna (Buyer),Lidl (Buyer),New Yorker (Buyer),Shimamura (Buyer),Sinsay (part of LPP S.A.) (Buyer)","Sheng Mei allegedly supplies to Lidl, Shimamura, LPP S.A (for its Sinsay brand), BESTSELLER and New Yorker; Lidl, Shimamura, LPP S.A and BESTSELLER provided a response to a request for comment from the Resource Centre. New Yorker did not.","In November 2023, it was reported that workers at Sheng Mei factory were facing a series of violations, including the entire union being dismissed, discrimination, and unfair pressure on workers.",Attacks on freedom of association,https://www.business-humanrights.org/en/latest-news/myanmar-garment-worker-who-filed-complaint-over-denial-of-medical-leave-faces-retaliation-by-factory-incl-co-responses/?utm_source=mosaic&utm_medium=api,https://www.business-humanrights.org/en/latest-news/myanmar-worker-files-complaint-to-labour-office-over-denied-medical-leave/?utm_source=mosaic&utm_medium=api,sheng mei
#400 - Sheng Mei,Sheng Mei,2023-11-29,1.0,"Bestseller (Buyer),LPP Spółka Akcyjna (Buyer),Lidl (Buyer),New Yorker (Buyer),Shimamura (Buyer),Sinsay (part of LPP S.A.) (Buyer)","Sheng Mei allegedly supplies to Lidl, Shimamura, LPP S.A (for its Sinsay brand), BESTSELLER and New Yorker; Lidl, Shimamura, LPP S.A and BESTSELLER provided a response to a request for comment from the Resource Centre. New Yorker did not.","In November 2023, it was reported that a worker at Sheng Mei factory filed a complaint with the Labour Relations Department after being denied medical leave. After the complaint, he was then frequently relocated around the factory by management and verbally abused in public. The HR manager forced him to sign a statement saying that he won't miss any days of work.","Denial of leave,Harassment intimidation and abuse",https://www.business-humanrights.org/en/latest-news/myanmar-garment-worker-who-filed-complaint-over-denial-of-medical-leave-faces-retaliation-by-factory-incl-co-responses/?utm_source=mosaic&utm_medium=api,https://www.business-humanrights.org/en/latest-news/myanmar-worker-files-complaint-to-labour-office-over-denied-medical-leave/?utm_source=mosaic&utm_medium=api,sheng mei
#399 - Lon John International,Lon John International,2023-11-26,600.0,,,"In November 2023, it was reported that workers at Lon John International faced a series of violations, including denial of legal benefits incl. paid leave, resulting in wage cuts, excessive production targets and verbal abuse if workers don't meet the targets, mandatory overtime and dismissal if workers don't do overtime, and workers eating on the floor due to lack of seating.","Denial of leave,Gender-based violence and harassment,Harassment intimidation and abuse,Inhumane work rates and mandatory overtime,Reduced wages and wage theft,Unfair dismissal,Unsafe working conditions",,https://www.business-humanrights.org/en/latest-news/myanmar-garment-workers-reportedly-face-discrimination-if-they-refuse-to-work-overtime/?utm_source=mosaic&utm_medium=api,lon john international
#398 - Cheung Hing Myanmar,Cheung Hing Myanmar,2023-11-25,600.0,"Celio (Buyer),Next (Buyer)",Cheung Hing Myanmar allegedly supplies to Next and Celio; both brands provided a response to a request for comment from the Resource Centre. Celio stated it was in the process of ceasing operations with Cheung Hing Myanmar by March 2024.,"In November 2023, it was reported that workers at Cheung Hing Myanmar faced a series of violations, including workers being forced to work overtime due to a change in the pay system and excessive production targets, non-payment of overtime wages, unpaid wages during temporary factory closures, wage cuts if workers miss a day of work.","Inhumane work rates and mandatory overtime,Reduced wages and wage theft",https://www.business-humanrights.org/en/latest-news/myanmar-garment-workers-forced-to-work-overtime-due-to-changes-in-payment-system-excessive-production-targets-incl-co-responses/?utm_source=mosaic&utm_medium=api,https://www.business-humanrights.org/en/latest-news/myanmar-garment-workers-at-cheung-hing-factory-report-multiple-labour-rights-abuses-incl-wage-theft-excessive-production-targets/?utm_source=mosaic&utm_medium=api,cheung hing myanmar
#397 - Nexstar Garment Manufacturing,Nexstar Garment Manufacturing,2023-11-21,800.0,"Bonprix (part of Otto Group) (Former buyer),Otto (Former buyer),Tendam (Buyer),Women'secret (part of Tendam) (Buyer)",Nexstar Garment Manufacturing allegedly supplies Tendam (for its Women'secret brand) and Otto Group (for its Bonprix brand); both brands provided a response to a request for comment from the Resource Centre. Otto Group stated it ceased operations with the factory at the end of 2023 and is now in the process of responsibly exiting Myanmar.,"In November 2023, it was reported that workers at Nexstar Garment faced a series of violations, including excessive production targets, with workers not taking breaks to go to the toilet or drinking water to meet targets, workers who were unable to arrive to work immediately after the public holiday being forced to quit and re-join the factory, or quit completely, and workers being forced to quit if they can't move to the relocated factory.","Inhumane work rates and mandatory overtime,Unfair dismissal,Unsafe working conditions",https://www.business-humanrights.org/en/latest-news/myanmar-garment-workers-unable-to-take-breaks-in-order-to-meet-excessive-production-targets-incl-co-responses/?utm_source=mosaic&utm_medium=api,https://www.business-humanrights.org/en/latest-news/myanmar-garment-workers-rights-reportedly-violated-at-nexstar-garment-factory/?utm_source=mosaic&utm_medium=api,nexstar garment manufacturing
#396 - Myanmar Tiannan Garment,Myanmar Tiannan Garment,2023-11-21,600.0,"Coolworks (Buyer),New Yorker (Buyer)",Myanmar Tiannan Garment allegedly supplies to New Yorker and Cool Workers; Neither brand provided a response to a request for comment from the Resource Centre.,"In November 2023, it was reported that workers at Myanmar Tiannan faced a series of violations, including day labourers hired on low wages and facing illegal dismissals, workers who can't meet targets not appointed for overtime or provided transport home, and mandatory and unpaid overtime. The factory was previously fined after being caught hiring children and day labourers on low wages. Workers called for clean toilets.","Child labour,Denial of permanent contracts,Inhumane work rates and mandatory overtime,Reduced wages and wage theft,Unfair dismissal,Unsafe working conditions",https://www.business-humanrights.org/en/latest-news/myanmar-garment-workers-at-myanmar-tiannan-garment-caught-hiring-children-and-day-labourers-on-low-wages-incl-co-responses/?utm_source=mosaic&utm_medium=api,https://www.business-humanrights.org/en/latest-news/myanmar-garment-workers-report-multiple-rights-violations-at-myanmar-tiannan-garment-factory/?utm_source=mosaic&utm_medium=api,myanmar tiannan garment
#395 - Myanmar Qi Yuan,Myanmar Qi Yuan,2023-11-20,500.0,,,"In November 2023, it was reported that workers at Myanmar Yi Quan faced a series of violations, including deductions to wages and bonuses, and mandatory overtime due to threats from supervisor, with workers working overnight and then the following day without a break. Workers reported they were forced to leave their job if they can't do overtime.","Harassment intimidation and abuse,Inhumane work rates and mandatory overtime,Reduced wages and wage theft,Unfair dismissal",,https://www.business-humanrights.org/en/latest-news/myanmar-garment-workers-report-wage-cuts-mandatory-overtime/?utm_source=mosaic&utm_medium=api,myanmar qi yuan
#394 - Myanmar Qi Yuan,Myanmar Qi Yuan,2023-11-20,1.0,,,"In November 2023, a worker who was forced to work overtime wanted to go to the hospital because she was feeling unwell, however, the supervisor told her to quit her job if she wanted to avoid overtime.","Denial of leave,Inhumane work rates and mandatory overtime,Unsafe working conditions",,https://www.business-humanrights.org/en/latest-news/myanmar-garment-workers-report-wage-cuts-mandatory-overtime/?utm_source=mosaic&utm_medium=api,myanmar qi yuan
#393 - Myanmar Zande,Myanmar Zande,2023-11-18,400.0,"Inditex (Reported buyer),LERROS (Buyer),Zara (part of Inditex) (Reported buyer)","Myanmar Zande allegedly supplies to LERROS and Inditex (for its ZARA brand); Inditex provided a response to a request for comment from the Resource Centre, stating it does not source from the factory. LERROS did not respond.","In November 2023, it was reported that workers were facing a series of violations, including overtime all night without notice which affects workers' health, discrimination if workers refuse overtime shifts, high targets and verbal abuse and intimidation to resign if workers don't meet targets, the dismissal of pregnant workers without any legally owed benefits, workers' wages and benefits cut and workers facing demotion if they take leave, and workers struggling to complain about working conditions due to intimidation by manager.","Denial of leave,Gender-based violence and harassment,Harassment intimidation and abuse,Inhumane work rates and mandatory overtime,Reduced wages and wage theft,Unfair dismissal,Unsafe working conditions",https://www.business-humanrights.org/en/latest-news/myanmar-garment-workers-at-myanmar-zande-factory-reportedly-forced-to-work-overtime-without-notice-face-abuse-for-failing-to-meet-targets-incl-co-responses/?utm_source=mosaic&utm_medium=api,https://www.business-humanrights.org/en/latest-news/myanmar-garment-workers-rights-violated-at-myanmar-zande-factory/?utm_source=mosaic&utm_medium=api,myanmar zande
#392 - Karisma Apparel (Myanmar),Karisma Apparel (Myanmar),2023-11-17,1300.0,Lidl (Buyer),Karisma Apparel (Myanmar) allegedly supplies to Lidl; Lidl provided a response to a request for comment from the Resource Centre.,"In November 2023, it was reported that workers at Karisma Apparel faced a series of violations, including workers being forced to show medical prescriptions to take any form of leave, wage cuts if workers take leave, workers not receiving their wages when the factory closed during a flood, the factory identifying workers who complain about working conditions through the labour office complaint hotline, and no transport provided for workers who work overtime, despite the long distance between the industrial zone and workers' homes, resulting in half of workers' wages going towards transport fees.","Denial of leave,Reduced wages and wage theft,Unsafe working conditions",https://www.business-humanrights.org/en/latest-news/myanmar-garment-workers-forced-to-show-medical-prescriptions-to-take-any-form-of-leave-incl-co-response/?utm_source=mosaic&utm_medium=api,https://www.business-humanrights.org/en/latest-news/myanmar-garment-workers-forced-to-provide-medical-prescription-to-request-leave/?utm_source=mosaic&utm_medium=api,karisma apparel (myanmar)
#391 - Takashima Sports,Takashima Sports,2023-11-14,200.0,"Amer (Former buyer),Arcteryx (Former buyer),Montbell (Buyer)","Takashima Sports allegedly supplies to Montbell and Arc'teryx (an Amer Sports brand); Arc'teryx provided a response to a request for comment from the Resource Centre, stating it stopped sourcing from the factory in 2021. Montbell did not respond.","In November 2023, it was reported that workers at Takashima Sports faced a series of violations, including wage cuts incl. the non-payment of the ticket fee where workers get paid per item they complete, wage cuts if workers don't follow arbitrary rules the factory created, wage cuts if workers take leave for sickness and non-payment of medical leave, mandatory overtime, and the Workplace Coordination Committee working according to the employers' wishes.","Attacks on freedom of association,Denial of leave,Inhumane work rates and mandatory overtime,Reduced wages and wage theft,Unsafe working conditions",https://www.business-humanrights.org/en/latest-news/myanmar-garment-workers-at-takashima-sports-factory-report-multiple-labour-rights-abuses-incl-co-response/?utm_source=mosaic&utm_medium=api,https://www.business-humanrights.org/en/latest-news/myanmar-garment-workers-at-glove-factory-report-several-rights-violations/?utm_source=mosaic&utm_medium=api,takashima sports
#390 - Kamcaine Garment,Kamcaine Garment,2023-11-14,600.0,"Inditex (Buyer),Lidl (Buyer),Zara (part of Inditex) (Buyer)",Kamcaine Garment allegedly supplies to Inditex (for its ZARA brand) and Lidl; both brands provided a response to a request for comment from the Resource Centre.,"In November 2023, it was reported that workers at Kamcaine MGF (Myanmar) factory faced a series of violations, including forced and unpaid overtime at night, denial of leave, wage cuts if workers miss days of work without reason, excessive production targets with lines that don't meet the target having to pay for it, workers forced to work by verbal abuse and intimidation from the supervisors, workers unable to drink water or go to the toilet to meet targets, the hiring of daily wage labourers and unfair payments to workers.","Denial of leave,Denial of permanent contracts,Gender-based violence and harassment,Harassment intimidation and abuse,Inhumane work rates and mandatory overtime,Reduced wages and wage theft,Unsafe working conditions",https://www.business-humanrights.org/en/latest-news/myanmar-garment-workers-report-multiple-labour-rights-violations-incl-excessive-production-targets-verbal-abuse-unpaid-overtime-incl-co-responses/?utm_source=mosaic&utm_medium=api,https://www.business-humanrights.org/en/latest-news/myanmar-workers-at-kamcaine-garment-factory-report-multiple-abuses/?utm_source=mosaic&utm_medium=api,kamcaine garment
#389 - Yangon Fukuyama Apparel,Yangon Fukuyama Apparel,2023-11-14,,Jichodo (Buyer),Yangon Fukuyama Apparel allegedly supplies to Jichodo; Jichodo provided a response to a request for comment from the Resource Centre.,"In November 2023, it was reported that Yangon Fukuyama Apparel garment factory had closed and reopened at another location, rehiring all workers except union members.","Attacks on freedom of association,Unfair dismissal",https://www.business-humanrights.org/en/latest-news/myanmar-garment-factory-relocates-hires-former-workers-except-union-members-incl-co-response/?utm_source=mosaic&utm_medium=api,https://www.business-humanrights.org/en/latest-news/myanmar-yangon-fukuyama-apparel-factory-reopens-with-different-name-hires-previous-workers-except-union-members/?utm_source=mosaic&utm_medium=api,yangon fukuyama apparel
#388 - Great Summer (Myanmar) (formerly Cherry Apparel),Great Summer (Myanmar) (formerly Cherry Apparel),2023-11-14,800.0,FieldCore (Buyer),Cherry Appeal allegedly supplies to FieldCore; FieldCore did not provide a response to a request for comment from the Resource Centre.,"In November 2023, it was reported that workers at Cherry Apparel were forced to sign a statement stating they approved of overtime hours, after news outlet Myanmar Labour News reported the factory's overtime practices violated the law.",Harassment intimidation and abuse,https://www.business-humanrights.org/en/latest-news/myanmar-garment-workers-at-cherry-apparel-reportedly-forced-to-work-for-six-hours-without-breaks-incl-co-response/?utm_source=mosaic&utm_medium=api,https://www.business-humanrights.org/en/latest-news/myanmar-garment-workers-forced-to-sign-statement-approving-working-conditions-after-news-outlet-exposes-illegal-overtime-at-factory/?utm_source=mosaic&utm_medium=api,great summer (myanmar) (formerly cherry apparel)
#387 - GNS (Bago) Healthcare,GNS (Bago) Healthcare,2023-11-14,,,,"In November 2023, it was reported that workers at GNS (Bago) Healthcare factory faced a series of violations, including denial of benefits, workers being dismissed if they don't meet targets, workers not paid equally, with only those who are close to the supervisors getting paid a higher fee, and wage cuts if they take leave.","Denial of leave,Inhumane work rates and mandatory overtime,Reduced wages and wage theft,Unfair dismissal",,https://www.business-humanrights.org/en/latest-news/myanmar-workers-at-gns-bago-healthcare-factory-report-several-labour-rights-abuses-at-the-factory/?utm_source=mosaic&utm_medium=api,gns (bago) healthcare
#386 - Great Summer (Myanmar) (formerly Cherry Apparel),Great Summer (Myanmar) (formerly Cherry Apparel),2023-11-12,800.0,FieldCore (Buyer),Cherry Apparel allegedly supplies to FieldCore; FieldCore did not provide a response to a request for comment from the Resource Centre.,"In November 2023, it was reported that workers at Cherry Apparel faced a series of violations, including workers being forced to work for six hours without taking breaks, salty water provided by the factory, no access to a factory clinic and medicine, and verbal abuse.","Gender-based violence and harassment,Harassment intimidation and abuse,Inhumane work rates and mandatory overtime,Unsafe working conditions",https://www.business-humanrights.org/en/latest-news/myanmar-garment-workers-at-cherry-apparel-reportedly-forced-to-work-for-six-hours-without-breaks-incl-co-response/?utm_source=mosaic&utm_medium=api,https://www.business-humanrights.org/en/latest-news/myanmar-garment-workers-reportedly-forced-to-work-six-hours-without-breaks-violating-labour-laws/?utm_source=mosaic&utm_medium=api,great summer (myanmar) (formerly cherry apparel)
#385 - Yuhua,Yuhua,2023-11-12,300.0,,,"In November 2023, it was reported that workers at Yuhua garment factory faced a series of violations, including lack of transparency on how much workers are paid for their work, wage cuts, verbal abuse from the supervisor, workers forced to come in 15 minutes before morning unpaid and workers sworn at if they're late, child labourers hired at the factory, who are paid low wages and face verbal abuse, and the Workplace Coordination Committee members being selected by the factory.","Attacks on freedom of association,Child labour,Gender-based violence and harassment,Harassment intimidation and abuse,Reduced wages and wage theft",,https://www.business-humanrights.org/en/latest-news/myanmar-garment-workers-demand-clarity-on-wages-at-yuhua-garment-factory/?utm_source=mosaic&utm_medium=api,yuhua
#384 - Kfine International Garment (Myanmar),Kfine International Garment (Myanmar),2023-11-08,2000.0,"Bestseller (Buyer),Inditex (Reported buyer),LPP Spółka Akcyjna (Buyer),ONLY (part of Bestseller) (Buyer),Reserved (part of LPP Spółka Akcyjna) (Buyer),Zara (part of Inditex) (Reported buyer)","Kfine International Garment (Myanmar) allegedly supplies to LPP S.A (for its Reserved brand), Inditex (for its ZARA brand), BESTSELLER (for its ONLY brand); All brands provided a response to a request for comment from the Resource Centre. Inditex stated it does not source from the factory.","In November it was reported that workers at Kfine International Garment (Myanmar) faced a series of violations, including workers forced to work unpaid overtime to make up for a three-day closure due to a flood, factory officials informing workers they will be cutting their wages and attendance bonus for workers who take leave from the factory via a gate pass and workers forced to sign an agreement accepting the attendance bonus cut, supervisors verbally abusing women workers using explicit language and slandering if they can't meet high targets, workers receiving warnings if they don't meet targets and facing dismissal if they receive three warnings, issues with drinking water and toilets, as well as lack of safety in housing units, and limited medical provisions.","Denial of leave,Gender-based violence and harassment,Harassment intimidation and abuse,Inhumane work rates and mandatory overtime,Reduced wages and wage theft,Unfair dismissal,Unsafe working conditions",https://www.business-humanrights.org/en/latest-news/myanmar-garment-workers-face-labour-rights-violations-including-humiliating-verbal-abuse-from-supervisors-incl-co-responses/?utm_source=mosaic&utm_medium=api,https://www.business-humanrights.org/en/latest-news/myanmar-garment-workers-at-kfine-international-garment-workers-report-labour-rights-abuses/?utm_source=mosaic&utm_medium=api,kfine international garment (myanmar)
#383 - Handa (Yangon) Myanmar,Handa (Yangon) Myanmar,2023-10-27,,"Active Brands (Reported buyer),Burtle (Buyer),Clique (part of New Wave Group) (Buyer),Craft (part of New Wave Group) (Buyer),Honeys Holdings (Former buyer),Kiabi (Former buyer),Lidl (Former buyer),Mizuno (Buyer),New Wave Group (Buyer),Next (Former buyer),United Athle (Buyer)","Handa (Yangon) allegedly supplies to Lidl, Mizuno, Active Brands, KIABI and Next; Lidl, Active Brands, KIABI and Next provided a response to a request for comment from the Resource Centre. Next stated it had ceased operations with the factory in September 2022. Active Brands stated it sources from another Handa Factory (number 1). Mizuno did not respond.

In September 2024, Burtle, New Wave Group, Honeys and United Athle provided a response to a request for comment from the Resource Centre. Honeys stated it had not sourced from the factory since 2020. Burtle did not respond. Lidl informed us it had not sourced from the factory in years. KIABI stated its last order was in October 2023.","In October 2023, it was reported that workers at Handa (Yangon) Myanmar faced a series of violations, including poor ventilation in the factory, denial of leave incl. if workers feel unwell, wage cuts, unpaid overtime if workers don't meet targets and limited access to medicine at the clinic.","Denial of leave,Inhumane work rates and mandatory overtime,Reduced wages and wage theft,Unsafe working conditions",https://www.business-humanrights.org/en/latest-news/myanmar-workers-report-several-rights-abuses-at-garment-factory-incl-denial-of-leave-if-workers-fall-ill-incl-co-responses/?utm_source=mosaic&utm_medium=api,https://www.business-humanrights.org/en/latest-news/myanmar-garment-workers-at-handa-yangon-factory-report-labour-rights-abuses/?utm_source=mosaic&utm_medium=api,handa (yangon) myanmar
#382 - Myanmar Morning Flower (MMF) Garment,Myanmar Morning Flower (MMF) Garment,2023-10-27,200.0,"Regatta (Former buyer),United Athle (Buyer)",Myanmar Morning Flower Garment allegedly supplies to United Athle and Regatta; both brands provided a response to a request for comment from the Resource Centre. Regatta stated that it no longer has any dealings with the factory.,"In November 2023, it was reported that workers at Myanmar Morning Flower Garment faced a series of violations, including wage cuts if workers take leave, workers employed as helpers being paid low wages, and unequal pay among workers.","Denial of leave,Reduced wages and wage theft",https://www.business-humanrights.org/en/latest-news/myanmar-workers-at-myanmar-morning-flower-garment-factory-face-labour-rights-abuses-incl-co-response/?utm_source=mosaic&utm_medium=api,https://www.business-humanrights.org/en/latest-news/myanmar-garment-workers-at-alleged-regatta-supplier-reportedly-denied-leave/?utm_source=mosaic&utm_medium=api,myanmar morning flower (mmf) garment
#381 - Shin Han,Shin Han,2023-10-26,2.0,,,"In October 2023, it was reported that worker at Shin Han were ordered to complete shifts lasting more than 12 hours, and when two workers with health problems asked if they could take a break, they were fired.","Inhumane work rates and mandatory overtime,Unfair dismissal,Unsafe working conditions",,https://www.business-humanrights.org/en/latest-news/myanmar-conditions-in-garment-factories-worsen-while-global-investors-enter-the-industry/?utm_source=mosaic&utm_medium=api,shin han
#380 - Shin Han,Shin Han,2023-10-26,,,,"In October 2023 it was reported that workers at Shin Han garment face a series of violations, including low wages due to a new ticket system where workers' base pay is tied to the amount of orders they complete in a day, meaning workers need to work twice as hard to make minimum wage, and wage cuts if workers take leave.","Denial of leave,Reduced wages and wage theft",,https://www.business-humanrights.org/en/latest-news/myanmar-conditions-in-garment-factories-worsen-while-global-investors-enter-the-industry/?utm_source=mosaic&utm_medium=api,shin han
#379 - Eternal Fashion,Eternal Fashion,2023-10-26,4000.0,Intersport (Buyer),Eternal Fashion allegedly supplies to Intersport; Intersport did not provide a response to a request for comment from the Resource Centre.,"In October 2023, it was reported that workers at Eternal Fashion were paid low wages, due to the new ticket payment system, where base pay is dependent on meeting order targets.",Reduced wages and wage theft,https://www.business-humanrights.org/en/latest-news/myanmar-garment-workers-face-wage-cuts-at-eternal-fashion-garment-factory/?utm_source=mosaic&utm_medium=api,https://www.business-humanrights.org/en/latest-news/myanmar-conditions-in-garment-factories-worsen-while-global-investors-enter-the-industry/?utm_source=mosaic&utm_medium=api,eternal fashion
#378 - Sen Yu/Zhejian Newway (Myanmar),Sen Yu/Zhejian Newway (Myanmar),2023-10-25,1000.0,"LC Waikiki (Former buyer),LPP Spółka Akcyjna (Reported buyer),New Yorker (Buyer),Sinsay (part of LPP S.A.) (Reported buyer),Terranova (Buyer)","Sen Yu allegedly supplies to LPP S.A (for its Sinsay brand) and Terranova, LPP S.A provided a response to a request for comment by the Resource Centre, stating that it does not source from the factory. Terranova did not respond.
In September 2024, LC Waiki provided a response to a request for comment by the Resource Centre, stating that its last orders were completed between May-July 2024. New Yorker did not respond.","In October 2023, it was reported that over 1,000 workers at Sen Yu stopped working, calling on the factory to meet their demands. The workers said the HR manager demanded high targets the workers could not reach and told the workers to leave if they could not meet them. The workers also said they would not be paid their bonus if they didn't meet targets. The workers called for: the dismissal of the HR manager; a rise in their wages; no wage reductions for workers' who take leave or don't meet targets; a workers coordination committee to be established; workers to be able to get a gate pass to leave the factory; medical provisions and the factory to take responsibility for workplace injury, and no workers who participated in the protest to be dismissed.","Denial of leave,Inhumane work rates and mandatory overtime,Reduced wages and wage theft,Unsafe working conditions",https://www.business-humanrights.org/en/latest-news/myanmar-garment-workers-suspend-work-to-demand-better-working-conditions-the-dismissal-of-hr-manager-incl-co-responses/?utm_source=mosaic&utm_medium=api,https://www.business-humanrights.org/en/latest-news/myanmar-over-1000-workers-at-sen-yu-factory-strike-calling-on-factory-to-accept-collective-demands-re-working-conditions/?utm_source=mosaic&utm_medium=api,sen yu/zhejian newway (myanmar)
#377 - E&P Fashion,E&P Fashion,2023-10-25,500.0,"LPP Spółka Akcyjna (Reported buyer),OVS SpA (Reported buyer),Sinsay (part of LPP S.A.) (Reported buyer)","E&P Fashion allegedly supplies to LPP S.A (for its Sinsay brand) and OVS SpA; LPP S.A provided a response to a request for comment from the Resource Centre, stating they do not source from the factory. OVS SpA also informed us it does not source from the factory.","In October 2023, it was reported that workers at E&P Fashion would be paid with a new payment system, that would result in workers being paid according to the number of garments they completed, meaning a reduction in wages.",Reduced wages and wage theft,https://www.business-humanrights.org/en/latest-news/myanmar-garment-workers-face-wage-reduction-due-to-changes-in-payment-system-incl-co-response/?utm_source=mosaic&utm_medium=api,https://www.business-humanrights.org/en/latest-news/myanmar-new-payment-system-at-ep-fashion-means-workers-are-paid-less-workers-report/?utm_source=mosaic&utm_medium=api,e&p fashion
#376 - Universal Apparel,Universal Apparel,2023-10-25,1000.0,"El Corte Inglés (Buyer),Mango (Buyer),Moores (Buyer)","Universal Apparel allegedly supplies to Mango, El Corte Ingles and Moores; El Cortes Ingles provided a response to a request for comment from the Resource Centre, stating the company will be initiating a responsible exit, to be completed in 2025. Mango and Moores did not respond.","In October 2023, it was reported that workers were fined 500MMK if the attendance machine in the factory didn't monitor and record their entry into the factory, even if staff had recorded the worker as having entered the factory.",Reduced wages and wage theft,https://www.business-humanrights.org/en/latest-news/myanmar-garment-workers-fined-if-attendance-machine-does-not-record-their-entry-into-the-factory-incl-co-response/?utm_source=mosaic&utm_medium=api,https://www.business-humanrights.org/en/latest-news/myanmar-garment-workers-fined-if-attendance-is-not-recorded-by-machine/?utm_source=mosaic&utm_medium=api,universal apparel
#375 - Amava Apparel,Amava Apparel,2023-10-25,1000.0,"Blåkläder (Buyer),Frasers Group (Buyer),Karrimor (Buyer)",Amava Apparel allegedly supplies to Blaklader and Fraser Group for its Karrimor brand; Neither brand provided a response to a request for comment from the Resource Centre.,"In October 2023, it was reported that workers at Amava Apparel were facing a series of violations, including trade union leaders and members being dismissed under the pretence of low orders, gender and LGTQ discrimination from supervisors, sexual abuse from supervisors, cleaning staff called to work on Sundays without overtime pay, and occupational health and safety violations.","Attacks on freedom of association,Gender-based violence and harassment,Inhumane work rates and mandatory overtime,Reduced wages and wage theft,Unsafe working conditions",https://www.business-humanrights.org/en/latest-news/myanmar-garment-workers-report-multiple-labour-rights-violations-incl-dismissal-of-union-members-safety-violations-incl-co-responses/?utm_source=mosaic&utm_medium=api,https://www.business-humanrights.org/en/latest-news/myanmar-union-leaders-at-garment-factory-allegedly-dismissed-under-pretence-of-low-orders/?utm_source=mosaic&utm_medium=api,amava apparel
#374 - Myanmar Yangon Richang Apparel,Myanmar Yangon Richang Apparel,2023-10-24,800.0,"Baroque Japan Limited (Buyer),FieldCore (Buyer),Hang Ten (Buyer),Pal Group (Buyer),Right-On (Buyer)","Myanmar Yangon Richang Apparel allegedly supplies to Pal Group, Baroque, Right-On, Hang Ten and FieldCore; Pal Group provided a response to a request for comment from the Resource Centre. Baroque, Hang Ten, FieldCore and Right-On did not respond.","In October 2023, workers at Myanmar Yangon Richang Apparel reported that workers were having to work overtime overnight, with five workers being robbed while returning home at night. A woman worker was stabbed and robbed when returning home from work at 5am.","Inhumane work rates and mandatory overtime,Unsafe working conditions",https://www.business-humanrights.org/en/latest-news/myanmar-garment-worker-miscarriages-in-factory-after-being-denied-permission-to-go-to-the-hospital-incl-co-responses/?utm_source=mosaic&utm_medium=api,https://www.business-humanrights.org/en/latest-news/myanmar-garment-worker-suffers-miscarriage-in-factory-after-being-prevented-by-factory-management-from-going-to-the-hospital/?utm_source=mosaic&utm_medium=api,myanmar yangon richang apparel
#373 - Myanmar Yangon Richang Apparel,Myanmar Yangon Richang Apparel,2023-10-24,1.0,"Baroque Japan Limited (Buyer),FieldCore (Buyer),Pal Group (Buyer),Right-On (Buyer)","Myanmar Yangon Richang Apparel allegedly supplies to Pal Group, Baroque, Right-On, Hang Ten and FieldCore; Pal Group provided a response to a request for comment from the Resource Centre. Baroque, Hang Ten, FieldCore and Right-On did not respond.","On 30 September 2023, a pregnant worker was stopped from going to the hospital when she started feeling contractions, and had a miscarriage in the factory. She was given two months maternity leave and was instructed to return 21 November.","Denial of leave,Gender-based violence and harassment,Unsafe working conditions",https://www.business-humanrights.org/en/latest-news/myanmar-garment-worker-miscarriages-in-factory-after-being-denied-permission-to-go-to-the-hospital-incl-co-responses/?utm_source=mosaic&utm_medium=api,https://www.business-humanrights.org/en/latest-news/myanmar-garment-worker-suffers-miscarriage-in-factory-after-being-prevented-by-factory-management-from-going-to-the-hospital/?utm_source=mosaic&utm_medium=api,myanmar yangon richang apparel
#372 - Wonderful Apparel,Wonderful Apparel,2023-10-23,450.0,"Kiabi (Reported buyer),New Yorker (Buyer),Pimkie (part of Association Familiale Mulliez) (Reported buyer),TROLLKIDS (Buyer)","Wonderful Apparel allegedly supplies to Kiabi, Pimkie and TROLLKIDS; Kiabi and Pimkie provided a response to a request for comment from the Resource Centre, stating they do not source from the factory. TROLLKIDS did not respond. In September 2024, New Yorker did not respond to a request for comment from the Resource Centre.","In October 2023, it was reported that workers at Wonderful Apparel are facing a series of violations, including threats of dismissal if workers don't want to work overtime, dismissal of QCs if targets are not met, and no toilet cleaning services.","Harassment intimidation and abuse,Inhumane work rates and mandatory overtime,Unfair dismissal,Unsafe working conditions",https://www.business-humanrights.org/en/latest-news/myanmar-garment-workers-report-labour-rights-abuses-at-wonderful-apparel-factory/?utm_source=mosaic&utm_medium=api,https://www.business-humanrights.org/en/latest-news/myanmar-quality-control-workers-at-wonderful-apparel-factory-forced-to-work-unpaid-overtime/?utm_source=mosaic&utm_medium=api,wonderful apparel
#371 - Maiyibei (Yangon) Garment Manufacturing,Maiyibei (Yangon) Garment Manufacturing,2023-10-23,9.0,"Hang Ten (Buyer),LPP Spółka Akcyjna (Buyer),Sinsay (part of LPP S.A.) (Buyer)","MaiyiBei (Yangon) allegedly supplies to LPP S.A (for its Sinsay brand) and Hang Ten; LPP S.A. provided a response to a request for comment by the Resource Centre, stating that it does not source from the factory. Hang Ten did not respond.
In September 2024, LPP informed us it was sourcing from the factory.","In October 2023, it was reported that nine women workers at MaiyiBei (Yangon) Manufacturing were forced to work at another factory location, and were made to work all night. Their families struggled to contact them and said they were not given notice in advance.","Inhumane work rates and mandatory overtime,Unsafe working conditions",https://www.business-humanrights.org/en/latest-news/myanmar-nine-women-workers-forced-to-work-at-factory-in-unknown-location-all-night-incl-co-responses/?utm_source=mosaic&utm_medium=api,https://www.business-humanrights.org/en/latest-news/myanmar-women-garment-workers-from-maiyibei-manufacturing-garment-factory-forced-to-work-overnight-at-factory-in-different-location/?utm_source=mosaic&utm_medium=api,maiyibei (yangon) garment manufacturing
#370 - Sam Clothing,Sam Clothing,2023-10-23,500.0,"Inditex (Buyer),LC Waikiki (Former buyer),Zara (part of Inditex) (Buyer)","Sam Clothing allegedly supplies to Inditex (for its ZARA brand), LC Waikiki and New Look; All brands provided a response to a request for comment from the Resource Centre. LC Waikiki stated it sourced from the factory in 2023, but will not be used in the future. New Look stated it had ceased operations with the factory in May 2023.","In October 2023, it was reported that around 500 workers at six factories sub-contracted by Sam Clothing were at risk of unemployment, as Sam Clothing has not paid the factories. Workers have also reported being forced to work overtime through the night unpaid.",Reduced wages and wage theft,https://www.business-humanrights.org/en/latest-news/myanmar-garment-workers-face-dismissal-as-reportedly-company-fails-to-pay-subcontracted-factories/?utm_source=mosaic&utm_medium=api,https://www.business-humanrights.org/en/latest-news/myanmar-sub-contracted-workers-at-risk-of-becoming-unemployed-as-parent-company-fails-to-pay-factories/?utm_source=mosaic&utm_medium=api,sam clothing
#369 - Tong Ying HK (Garment),Tong Ying HK (Garment),2023-10-23,5000.0,Hennes & Mauritz (H&M) (Buyer),Tong Ying HK (Garment) allegedly supplies to H&M; H&M provided a response to a request for comment from the Resource Centre.,"In October 2023, it was reported that workers at Tong Ying HK (Garment) are reported as absent when they take leave, so are denied owed payments, reducing their wages. Workers are also fired if they take more than two days off, and report that the Workplace Coordination Committee works in favour of the employer, and does not support them with their concerns.","Denial of leave,Harassment intimidation and abuse,Reduced wages and wage theft,Unfair dismissal",https://www.business-humanrights.org/en/latest-news/myanmar-garment-workers-reportedly-denied-leave-at-alleged-hm-supplier-incl-co-response/?utm_source=mosaic&utm_medium=api,https://www.business-humanrights.org/en/latest-news/myanmar-garment-workers-at-alleged-hm-supplier-reportedly-forced-to-resign-after-two-days-of-leave/?utm_source=mosaic&utm_medium=api,tong ying hk (garment)
#368 - Alland Fashion,Alland Fashion,2023-10-20,400.0,DeFacto (Buyer),Alland Fashion allegedly supplies to DeFacto; DeFacto did not provided a response to a request for comment from the Resource Centre.,"In October 2023, it was reported that workers at the Alland Fashion factory faced a series of violations, including denial of leave incl. medical leave, wage cuts and low pay, excessive production targets, verbal abuse, mandatory overtime if workers do not meet their targets, delay of payment if a worker resigns and child labour.","Child labour,Denial of leave,Gender-based violence and harassment,Harassment intimidation and abuse,Inhumane work rates and mandatory overtime,Reduced wages and wage theft,Unsafe working conditions",https://www.business-humanrights.org/en/latest-news/myanmar-workers-at-alleged-defacto-supplier-report-several-rights-violations-incl-co-response/?utm_source=mosaic&utm_medium=api,https://www.business-humanrights.org/en/latest-news/myanmar-over-400-garment-workers-report-labour-rights-violations-at-factory/?utm_source=mosaic&utm_medium=api,alland fashion
#367 - Golden Fashion,Golden Fashion,2023-10-17,900.0,Benetton Group (Buyer),Golden Fashion allegedly supplies to Benetton Group; Benetton Group provided a response to a request for comment from the Resource Centre.,"In October 2023, it was reported that workers at Golden Fashion faced a series of violations, including denial of leave, wage cuts if workers take leave or they do not complete orders, excessive production targets, pregnant workers working in uncomfortable conditions, mandatory overtime without workers' consent and unsanitary toilet facilities.","Denial of leave,Gender-based violence and harassment,Inhumane work rates and mandatory overtime,Reduced wages and wage theft,Unsafe working conditions",https://www.business-humanrights.org/en/latest-news/myanmar-workers-at-golden-fashion-garment-factory-report-multiple-labour-rights-abuses-incl-co-response/?utm_source=mosaic&utm_medium=api,https://www.business-humanrights.org/en/latest-news/myanmar-garment-workers-at-golden-fashion-factory-report-rights-violations-incl-denial-of-leave/?utm_source=mosaic&utm_medium=api,golden fashion
#366 - Myanmar Best Fortune Garment,Myanmar Best Fortune Garment,2023-10-14,52.0,"Clique (part of New Wave Group) (Former buyer),Craft (part of New Wave Group) (Former buyer),LC Waikiki (Reported buyer),New Wave Group (Former buyer),New Yorker (Buyer),Springfield (part of Tendam) (Reported buyer),Tendam (Reported buyer)","Myanmar Best Fortune Garment allegedly supplies to LC Waikiki, Tendam (for its Springfield brand), New Yorker and New Wave Group (for its Clique and Craft brands) ; LC Waikiki, Tendam and New Wave Group provided a response to a request for comment from the Resource Centre. LC Waikiki stated it does not source from the factory. New Wave Group stated its orders had been unknowingly subcontracted to the factory by its sister factory Kseng Myanmar Apparel, and that it no longer has any orders at the factory. Tendam stated it does not source from the factory, but sources from its sister factory Kseng Myanmar Apparel. New Yorker did not respond.","In October 2023, it was reported that 52 workers at Best Fortune Myanmar garment factory were fired after sharing on social media that they were forced to work overtime all day and night.",Unfair dismissal,https://www.business-humanrights.org/en/latest-news/myanmar-garment-workers-fired-after-sharing-details-of-overtime-work-on-social-media-incl-co-responses/?utm_source=mosaic&utm_medium=api,https://www.business-humanrights.org/en/latest-news/myanmar-over-50-workers-fired-after-posting-online-about-overtime-shifts/?utm_source=mosaic&utm_medium=api,myanmar best fortune garment
#365 - Xinda Home Textile (Myanmar),Xinda Home Textile (Myanmar),2023-10-14,2000.0,,,"In October 2023, it was reported that workers who resign from Xinda Home Textile factory are denied full pay, on the basis that they had resigned.",Reduced wages and wage theft,,https://www.business-humanrights.org/en/latest-news/myanmar-garment-workers-who-resigned-from-factory-denied-full-pay/?utm_source=mosaic&utm_medium=api,xinda home textile (myanmar)
#364 - Kfine International Garment (Myanmar),Kfine International Garment (Myanmar),2023-10-14,2000.0,"Bestseller (Buyer),Inditex (Reported buyer),LPP Spółka Akcyjna (Buyer),ONLY (part of Bestseller) (Buyer),Reserved (part of LPP Spółka Akcyjna) (Buyer),Zara (part of Inditex) (Reported buyer)","Kfine International Garment (Myanmar) allegedly supplies to LPP S.A (for its Reserved brand), Inditex (for its ZARA brand), BESTSELLER (for its ONLY brand); All brands provided a response to a request for comment from the Resource Centre. Inditex stated it does not source from the factory.","In October 2023, it was reported that workers at Kfine International Garment (myanmar) faced a series of violations, including non-payment of pension contributions from the factory, workers facing verbal abuse from HR manager for telling the Labour Office about the non-payment of annuities, the Labour Office telling workers not to report their issues again, factory interpreters sexually harassing women workers, workers forced to work during holiday and substitute with Sundays' off without holiday pay, workers forced to be transported in small buses with higher ranking factory officials taking seats while pregnant women are forced to stand up, the labour office allegedly accepting bribes from the factory during inspections.","Business-military collusion,Gender-based violence and harassment,Harassment intimidation and abuse,Reduced wages and wage theft,Unsafe working conditions",https://www.business-humanrights.org/en/latest-news/myanmar-labour-office-reportedly-accepting-bribes-from-factory-to-ignore-worker-rights-abuses-incl-co-responses/?utm_source=mosaic&utm_medium=api,https://www.business-humanrights.org/en/latest-news/myanmar-worker-pens-letter-highlighting-multiple-labour-rights-abuses-at-garment-factory/?utm_source=mosaic&utm_medium=api,kfine international garment (myanmar)
#363 - Bohua Fashion,Bohua Fashion,2023-10-13,500.0,"LPP Spółka Akcyjna (Reported buyer),NKD (Reported buyer),Reserved (part of LPP Spółka Akcyjna) (Reported buyer),Sinsay (part of LPP S.A.) (Reported buyer)","Bohua Fashion allegedly supplies to LPP S.A (for its Reserved and Sinsay brands) and NKD Group; Both brands provided a response to a request for comment from the Resource Centre, stating they have not sourced from the factory.","In October 2023, it was reported that women workers at Bohua Fashion faced safety risks due to lack of transportation available after overtime shifts and limited toilet facilities available. Workers are also reportedly selected and trained for inspections.","Harassment intimidation and abuse,Unsafe working conditions",https://www.business-humanrights.org/en/latest-news/garment-workers-report-safety-risks-for-women-at-bohua-fashion-factory-incl-co-responses/?utm_source=mosaic&utm_medium=api,https://www.business-humanrights.org/en/latest-news/myanmar-garment-workers-reportedly-forced-to-work-unpaid-overtime-if-targets-are-not-met/?utm_source=mosaic&utm_medium=api,bohua fashion
#362 - SYSMM Apparel Manufacturing,SYSMM Apparel Manufacturing,2023-10-12,600.0,"Bershka (part of Inditex) (Reported buyer),Inditex (Reported buyer),LPP Spółka Akcyjna (Buyer),Mohito (part of LPP S.A.) (Buyer),Sinsay (part of LPP S.A.) (Buyer),Stradivarius (part of Inditex) (Reported buyer)","SYSMM allegedly supplies to Inditex for its brands Stradivarius and Bershka, and LPP S.A for its brands Mohito and Sinsay; both brands provided a response to a request for comment from the Resource Centre. Inditex stated that it does not source from the factory.","In October 2023, it was reported that workers at SYSMM Apparel garment factory were told the factory was going to close and that they were not going to receive their full compensation according to the law.",Reduced wages and wage theft,https://www.business-humanrights.org/en/latest-news/myanmar-sysmm-garment-factory-announces-it-will-close-without-paying-workers-their-full-compensation-incl-co-response/?utm_source=mosaic&utm_medium=api,https://www.business-humanrights.org/en/latest-news/myanmar-sysmm-apparel-garment-factory-will-not-pay-workers-full-compensation-after-factory-closure-workers-report/?utm_source=mosaic&utm_medium=api,sysmm apparel manufacturing
#361 - Jafon,Jafon,2023-10-12,200.0,IPSY (Buyer),Jafon allegedly supplies to IPSY; IPSY provided a response to a request for comment from the Resource Centre.,"In October 2023, it was reported that workers at the Jafon factory were facing a series of violations, including denial of leave, denial of social security benefits, mandatory overtime, and workers fainting during the summer.","Denial of leave,Inhumane work rates and mandatory overtime,Reduced wages and wage theft,Unsafe working conditions",https://www.business-humanrights.org/en/latest-news/myanmar-garment-workers-at-jafon-factory-report-denial-of-social-security-benefits-workers-fainting-during-the-summer-incl-co-response/?utm_source=mosaic&utm_medium=api,https://www.business-humanrights.org/en/latest-news/myanmar-garment-workers-at-bag-factory-report-denial-of-leave-social-security-benefits/?utm_source=mosaic&utm_medium=api,jafon
#360 - Top Class,Top Class,2023-10-08,2000.0,FieldCore (Buyer),Top Class allegedly supplies to FieldCore; FieldCore did not provide a response to a request for comment from the Resource Centre.,"In November 2023, it was reported that workers at Top Class garment factory faced a series of violations, including mandatory overtime without consent or notice, excessive production targets, verbal abuse if workers can't meet the targets, the recruitment of day labourers who are denied leave, have no protection from workplace accidents and receive low wages, workers receiving a higher pay grade if they are close to the supervisors, denial of leave and wage cuts if workers take leave, and workers requiring permission to go to the toilet causing health issues.","Denial of leave,Denial of permanent contracts,Gender-based violence and harassment,Harassment intimidation and abuse,Inhumane work rates and mandatory overtime,Reduced wages and wage theft,Unsafe working conditions",https://www.business-humanrights.org/en/latest-news/myanmar-garment-workers-report-multiple-labour-rights-abuses-at-top-class-factory-incl-co-response/?utm_source=mosaic&utm_medium=api,https://www.business-humanrights.org/en/latest-news/myanmar-garment-workers-at-alleged-fieldcore-supplier-forced-to-work-overtime-without-notice/?utm_source=mosaic&utm_medium=api,top class
#359 - Hong Tex,Hong Tex,2023-10-07,200.0,"Jichodo (Buyer),Mango (Buyer),New Look (Former buyer)","Hong Tex allegedly supplies to New Look, Mango and Jichodo; New Look and Jichodo provided a response to a request for comment from the Resource Centre. New Look stated it had ceased operations with Hong Tex at the end of August 2023. Mango did not respond.","In October 2023, it was reported that workers at Hong Tex with seniority status were being rehired as new workers with a new registration system, impacting their income.",Reduced wages and wage theft,https://www.business-humanrights.org/en/latest-news/myanmar-garment-workers-with-seniority-status-reportedly-fired-rehired-as-new-workers-incl-co-responses/?utm_source=mosaic&utm_medium=api,https://www.business-humanrights.org/en/latest-news/myanmar-garment-workers-employment-contracts-cancelled-and-workers-rehired-as-new-employees/?utm_source=mosaic&utm_medium=api,hong tex
#358 - Sen Yu/Zhejian Newway (Myanmar),Sen Yu/Zhejian Newway (Myanmar),2023-10-05,1000.0,"LC Waikiki (Former buyer),LPP Spółka Akcyjna (Reported buyer),New Yorker (Buyer),Sinsay (part of LPP S.A.) (Reported buyer),Terranova (Buyer)","Sen Yu allegedly supplies to LPP S.A (for its Sinsay brand) and Terranova, LPP S.A provided a response to a request for comment by the Resource Centre, stating that it does not source from the factory. Terranova did not respond.
In September 2024, LC Waikiki provided a response to a request for comment by the Resource Centre, stating that its last orders were completed between May-July 2024. New Yorker did not respond.","In October 2023, it was reported that over 100 day labourers hired at Sen Yu garment factory were fired after three months of work then rehired so they do not receive the rights of permanent workers. It was also reported that some workers had been dismissed before they were entitled to severance pay. Some workers are fired for reasons such as lack of orders, for not listening to the supervisors, and refusal to work overtime. Workers also reported inadequate transport for workers and the installation of CCTV near the toilets.","Denial of permanent contracts,Inhumane work rates and mandatory overtime,Reduced wages and wage theft,Surveillance,Unfair dismissal,Unsafe working conditions",https://www.business-humanrights.org/en/latest-news/myanmar-over-100-day-labourers-hired-rehired-to-avoid-permanent-worker-status-incl-co-responses/?utm_source=mosaic&utm_medium=api,https://www.business-humanrights.org/en/latest-news/myanmar-day-labourers-at-alleged-terranova-sinsay-supplier-reportedly-fired-rehired-to-avoid-payments-benefits/?utm_source=mosaic&utm_medium=api,sen yu/zhejian newway (myanmar)
#357 - Hong Miao Garment,Hong Miao Garment,2023-10-05,374.0,"FieldCore (Buyer),Paseos (Buyer)",Hong Miao Garment allegedly supplies to FieldCore and Paseos; neither brand provided a response to a request for comment from the Resource Centre.,"In October 2023, it was reported that workers at Hong Miao Garment factory occupied the factory, after the factory announced its closure without paying workers their unpaid wages and adequate severance pay.",Reduced wages and wage theft,https://www.business-humanrights.org/en/latest-news/myanmar-garment-workers-stage-protest-at-factory-after-sudden-close-and-unpaid-wages-compensation-incl-co-response/?utm_source=mosaic&utm_medium=api,https://www.business-humanrights.org/en/latest-news/myanmar-garment-workers-occupy-hong-miao-factory-demanding-unpaid-severance-pay-wages/?utm_source=mosaic&utm_medium=api,hong miao garment
#356 - Synergy Garment,Synergy Garment,2023-10-02,800.0,"Gémo (Buyer),LPP Spółka Akcyjna (Reported buyer),Lidl (Former buyer),Mango (Reported buyer),New Yorker (Buyer),Sinsay (part of LPP S.A.) (Reported buyer)","Synergy Garment allegedly supplies Mango, Lidl and GEMO; Lidl and GEMO provided a response to an invite to comment from the Resource Centre. Mango stated it had conducted a responsible exit.
In September 2024, LPP (for Sinsay) and New Yorker were invited to provide a response to an invite to comment from the Resource Centre. LPP stated it does not source from the factory. New Yorker did not respond.","In October 2023, it was reported that workers at Synergy Garment factory were facing a series of violations, including physical and verbal abuse against workers (including pulling workers' hair), garment workers forced to work overtime every day including on Sundays, most workers working unpaid overtime, workers dismissed or demoted if they don't work overtime on Sunday, workers denied a gate pass to leave the factory and denial of leave.","Gender-based violence and harassment,Harassment intimidation and abuse",https://www.business-humanrights.org/en/latest-news/myanmar-garment-workers-at-synergy-garment-factory-report-several-rights-abuses-incl-physical-verbal-abuse-incl-co-responses/?utm_source=mosaic&utm_medium=api,https://www.business-humanrights.org/en/latest-news/myanmar-garment-workers-at-synergy-garment-factory-forced-to-work-without-a-day-off/?utm_source=mosaic&utm_medium=api,synergy garment
#355 - Lat War Garment,Lat War Garment,2023-09-30,2000.0,"Auchan (Reported buyer),Kapalua (Buyer),LC Waikiki (Former buyer),Mavi (Reported buyer),Regatta (Reported buyer),Tom Tailor (Former buyer)","Lat War allegedly supplies to or formerly supplied to Tom Tailor, Mavi, LC Waikiki, Auchan and Regatta; LC Waikiki, Mavi and Regatta provided a response to a request for comment from the Resource Centre. Mavi and Regatta stated they do not source from the factory. LC Waikiki stated it had sourced from the factory in early 2023, but that it is now in an inactive situation. Auchan stated it does not source from the Lat War factory mentioned in the article. Tom Tailor has previously informed the Resource Centre that its final orders in Myanmar were completed in 2022.
In September 2024, Kapalua was invited to provide a response. It did not.","In September 2023, it was reported that workers at Lat War garment factory were facing a series of violations, including health issues caused by workers working overnight incl. vomiting and fainting, no rest areas for workers to work overtime, pregnant workers forced to meet high targets with other workers and denied leave from the factory if they feel unwell, workers yelled at when they take toilet breaks, and reduced pay for workers who didn't work the Sunday they were scheduled to work in order to cover work they missed due to the public holiday.","Denial of leave,Gender-based violence and harassment,Harassment intimidation and abuse,Inhumane work rates and mandatory overtime,Reduced wages and wage theft,Unsafe working conditions",https://www.business-humanrights.org/en/latest-news/myanmar-garment-workers-at-lat-war-garment-factory-reportedly-fainting-vomiting-due-to-overnight-shifts-incl-co-responses/?utm_source=mosaic&utm_medium=api,https://www.business-humanrights.org/en/latest-news/myanmar-garment-workers-at-lat-war-garment-factory-report-multiple-labour-rights-abuses/?utm_source=mosaic&utm_medium=api,lat war garment
#354 - Galaxy Myanmar,Galaxy Myanmar,2023-09-29,350.0,"Body Guard (part of Fastenal Brands) (Buyer),Clique (part of New Wave Group) (Former buyer),Fastenal Brands (Buyer),New Wave Group (Former buyer),Roly (Buyer),Worko (Buyer)","Galaxy Myanmar allegedly supplies to New Wave Group (for its Clique brand), Fastenal Brands (for its Body Guard brand), Roly and Worko; New Wave Group provided a response to a request for comment from the Resource Centre, stating one order in September-October had been subcontracted to the factory without their knowledge. Fastenal Brands, Roly and Worko did not respond.","In September 2023, it was reported that workers at Galaxy (Myanmar) faced a series of violations, including an increase in production targets, verbal abuse and aggressive behaviour by the owner, pregnant workers made to work same hours as other workers, workers who can’t meet targets dismissed, denial of permanent contracts for day labourers, who were dismissed after they had completed work orders, denial of leave and wage cuts if workers take leave, no access to a medical clinic and workers fainting due to lack of fans.","Denial of leave,Denial of permanent contracts,Gender-based violence and harassment,Harassment intimidation and abuse,Inhumane work rates and mandatory overtime,Reduced wages and wage theft,Unfair dismissal,Unsafe working conditions",https://www.business-humanrights.org/en/latest-news/myanmar-workers-at-galaxy-myanmar-garment-factory-allegedly-face-labour-rights-abuses-incl-co-responses/?utm_source=mosaic&utm_medium=api,https://www.business-humanrights.org/en/latest-news/myanmar-garment-workers-at-galaxy-myanmar-factory-report-multiple-labour-rights-abuses/?utm_source=mosaic&utm_medium=api,galaxy myanmar
#353 - Amava Apparel,Amava Apparel,2023-09-26,1000.0,"Blåkläder (Buyer),Frasers Group (Buyer),Karrimor (Buyer)",Amava Apparel allegedly supplies to Blaklader and Fraser Group for its Karrimor brand; Neither brand provided a response to a request for comment from the Resource Centre.,"In September 2023, it was reported that workers at Amava Apparel factory were facing health problems due to the burning of asphalt outside of the factory to fix the roof, including respiratory problems, dizziness and headaches.",Unsafe working conditions,https://www.business-humanrights.org/en/latest-news/myanmar-garment-workers-face-health-problems-due-to-asphalt-burning-by-factory-incl-co-responses/?utm_source=mosaic&utm_medium=api,https://www.business-humanrights.org/en/latest-news/myanmar-garment-workers-reporting-health-difficulties-due-to-asphalt-burning-outside-the-factory/?utm_source=mosaic&utm_medium=api,amava apparel
#352 - Gibaek Myanmar,Gibaek Myanmar,2023-09-25,300.0,The RedFace (Buyer),Gibaek Myanmar allegedly supplies to RedFace; RedFace did not provide a response to a request for comment from the Resource Centre.,"In September 2023, it was reported that workers at Gibaek Myanmar would be dismissed if they missed a day of work, even if workers reported health issues.","Denial of leave,Unfair dismissal,Unsafe working conditions",https://www.business-humanrights.org/en/latest-news/myanmar-garment-workers-report-dismissal-if-they-take-leave-incl-co-response/?utm_source=mosaic&utm_medium=api,https://www.business-humanrights.org/en/latest-news/myanmar-workers-at-garment-factory-reportedly-dismissed-if-they-take-leave/?utm_source=mosaic&utm_medium=api,gibaek myanmar
#351 - Hong Miao Garment,Hong Miao Garment,2023-09-24,48.0,"FieldCore (Buyer),Paseos (Buyer)",Hong Miao Garment allegedly supplies to FieldCore and Paseos; neither brand provided a response to a request for comment from the Resource Centre.,"In September 2023, it was reported that 48 workers who had formed a union at the factory were dismissed, under the pretence that there were no orders at the factory.","Attacks on freedom of association,Unfair dismissal",https://www.business-humanrights.org/en/latest-news/myanmar-workers-at-hong-miao-factory-dismissed-after-attempting-to-form-a-union-incl-co-respon/?utm_source=mosaic&utm_medium=api,https://www.business-humanrights.org/en/latest-news/myanmar-workers-who-formed-union-at-hong-miao-factory-dismissed/?utm_source=mosaic&utm_medium=api,hong miao garment
#350 - Myanmar Huasheng Yashili Fashion,Myanmar Huasheng Yashili Fashion,2023-09-24,1000.0,,,"In September 2023, it was reported that workers at Myanmar Huasheng Yashili Fashion face a series of violations, including overtime shifts overnight, and the denial of workers' social security benefits despite part of their wage going towards social security contributions.","Inhumane work rates and mandatory overtime,Reduced wages and wage theft",,https://www.business-humanrights.org/en/latest-news/myanmar-garment-workers-report-denial-of-social-security-benefits-overtime-shifts-overnight/?utm_source=mosaic&utm_medium=api,myanmar huasheng yashili fashion
#349 - Hong Miao Garment,Hong Miao Garment,2023-09-23,374.0,"FieldCore (Buyer),Paseos (Buyer)",Hong Miao Garment allegedly supplies to FieldCore and Paseos; neither brand provided a response to a request for comment from the Resource Centre.,"In September 2023, it was reported that workers at Hong Miao Garment were working in dangerous conditions, as water had leaked into the factory, putting workers at risk of an electric shock.",Unsafe working conditions,https://www.business-humanrights.org/en/latest-news/myanmar-garment-workers-at-risk-as-water-leaks-into-factory-incl-co-response/?utm_source=mosaic&utm_medium=api,https://www.business-humanrights.org/en/latest-news/myanmar-union-states-workers-are-working-in-dangerous-conditions-as-water-leaks-into-the-factory/?utm_source=mosaic&utm_medium=api,hong miao garment
#348 - Jia Xin,Jia Xin,2023-09-20,1.0,"Fast Retailing (Reported buyer),GU (part of Fast Retailing) (Reported buyer),Inditex (Reported buyer),Stripe International (Buyer),Zara (part of Inditex) (Reported buyer)","Jia Xin allegedly supplies to Inditex (for its ZARA brand), Fast Retailing (for its GU brand), and Stripe (for its earth ecology&music brand); Inditex and Fast Retailing provided responses to a request for comment by the Resource Centre, stating that they do not source from the factory. Stripe did not respond.","In September 2023, it was reported that when a 7-month pregnant worker at Jia Xin (Myanmar) Garment went on medical leave due to sickness for three days, she was verbally abused and humiliated by the supervisor when she returned, and was not allowed to take a lunch break with the other workers until she had met her targets. She has been denied entitled maternity leave and benefits.","Denial of leave,Gender-based violence and harassment,Inhumane work rates and mandatory overtime,Unsafe working conditions",https://www.business-humanrights.org/en/latest-news/myanmar-pregnant-garment-worker-denied-legally-owed-maternity-leave-benefits-forced-to-work-overtime-incl-co-responses/?utm_source=mosaic&utm_medium=api,https://www.business-humanrights.org/en/latest-news/myanmar-seven-month-pregnant-garment-worker-forced-to-work-overtime-without-leave/?utm_source=mosaic&utm_medium=api,jia xin
#347 - Bohua Fashion,Bohua Fashion,2023-09-15,1.0,"LPP Spółka Akcyjna (Reported buyer),NKD (Reported buyer),Reserved (part of LPP Spółka Akcyjna) (Reported buyer)","Bohua Fashion allegedly supplies to LPP S.A (for its Reserved and Sinsay brands) and NKD Group; Both brands provided a response to a request for comment from the Resource Centre, stating they have not sourced from the factory.","In September 2023, it was reported that a worker at Bohua Fashion was dismissed after arguing with a supervisor over carrying heavy materials in the factory.","Unfair dismissal,Unsafe working conditions",https://www.business-humanrights.org/en/latest-news/myanmar-garment-worker-faces-dismissal-after-refusal-to-carry-heavy-materials-in-factory-incl-co-response/?utm_source=mosaic&utm_medium=api,https://www.business-humanrights.org/en/latest-news/myanmar-garment-worker-allegedly-dismissed-after-refusing-to-carry-heavy-materials-in-the-factory-due-to-safety-risks/?utm_source=mosaic&utm_medium=api,bohua fashion
#346 - Myanmar Guotai Huasheng Glory Fashion,Myanmar Guotai Huasheng Glory Fashion,2023-09-14,700.0,"Auchan (Buyer),Carrefour (Former buyer),Lidl (Former buyer),Pimkie (part of Association Familiale Mulliez) (Buyer),Primark (part of Associated British Foods) (Former buyer),Tendam (Buyer)","Guotai Huasheng Glory Fashion allegedly supplies or has supplied to Primark, Auchan, Carrefour, Lidl and Pimkie; Primark, Pimkie and Lidl provided a response to an invite to comment from the Resource Centre. Primark stated it has completed its exit process in October 2023 and no longer sources from Myanmar. Carrefour and Lidl previously informed the Resource Centre that they no longer source from the factory.
In September 2024, Tendam did not provide a response to an invite to comment from the Resource Centre.","In September 2023, it was reported that workers at Myanmar Guotai Huasheng Glory Fashion garment factory were facing a series of violations, including dismissed workers being forced to sign statements saying they resigned, and if they don't the factory threatens them with their wages, workers on lower skill and pay grades expected to meet the targets of those on higher skill grades, workers forced to shout at each other for missing targets, workers prohibited from using their phones during work hours, workers prohibited from saying they quit due to the heavy workload, buses not arriving to transport workers on time, monitoring of workers during breaks and giving them warnings.","Harassment intimidation and abuse,Inhumane work rates and mandatory overtime,Surveillance,Unfair dismissal",https://www.business-humanrights.org/en/latest-news/myanmar-garment-workers-at-alleged-primark-supplier-report-multiple-labour-rights-abuses-incl-co-responses/?utm_source=mosaic&utm_medium=api,https://www.business-humanrights.org/en/latest-news/myanmar-garment-workers-at-myanmar-guotai-huasheng-glory-factory-state-management-is-committing-violations-not-resolving-workplace-issues/?utm_source=mosaic&utm_medium=api,myanmar guotai huasheng glory fashion
#345 - Lian Cheng (Myanmar),Lian Cheng (Myanmar),2023-09-13,,"Inditex (Former buyer),Zara (part of Inditex) (Former buyer)","Lian Cheng (Myanmar) allegedly supplies to Inditex (for its ZARA brand); Inditex provided a response to a request for comment from the Resource Centre, stating it found an outsourced order to the factory, and has now blocked it from their database so the factory will not have a business relation with Inditex again.","In September 2023, it was reported that workers at Lian Cheng (Myanmar) factory faced a series of violations, denial of public holidays, the dismissal of pregnant workers, dismissal of workers who do not meet targets,  and relevant labour departments not investigating violations.","Business-military collusion,Denial of leave,Gender-based violence and harassment,Inhumane work rates and mandatory overtime,Unfair dismissal",https://www.business-humanrights.org/en/latest-news/myanmar-garment-workers-at-lian-cheng-myanmar-factory-report-dismissal-of-pregnant-workers-workers-who-fail-to-meet-targets-incl-co-response/?utm_source=mosaic&utm_medium=api,https://www.business-humanrights.org/en/latest-news/myanmar-garment-workers-at-alleged-zara-factory-report-forced-overtime-without-consent/?utm_source=mosaic&utm_medium=api,lian cheng (myanmar)
#344 - Sen Yu/Zhejian Newway (Myanmar),Sen Yu/Zhejian Newway (Myanmar),2023-09-11,60.0,"LC Waikiki (Former buyer),LPP Spółka Akcyjna (Reported buyer),New Yorker (Buyer),Sinsay (part of LPP S.A.) (Reported buyer),Terranova (Buyer)","Sen Yu allegedly supplies to LPP S.A (for its Sinsay brand) and Terranova, LPP S.A provided a response to a request for comment by the Resource Centre, stating that it does not source from the factory. Terranova did not respond.
In September 2024, LC Waikiki provided a response to a request for comment by the Resource Centre, stating that its last orders were completed between May-July 2024. New Yorker did not respond.","In September 2023, it was reported that 60 workers at Sen Yu who had resigned from the factory were not paid their owed salaries by the factory, and were waiting outside the factory.",Reduced wages and wage theft,https://www.business-humanrights.org/en/latest-news/myanmar-sixty-garment-workers-at-sen-yu-factory-call-for-unpaid-salaries-outside-factory/?utm_source=mosaic&utm_medium=api,https://www.business-humanrights.org/en/latest-news/myanmar-over-60-workers-wait-outside-sen-yu-garment-factory-for-owed-wages/?utm_source=mosaic&utm_medium=api,sen yu/zhejian newway (myanmar)
#343 - Ford Glory,Ford Glory,2023-09-11,500.0,"LPP Spółka Akcyjna (Buyer),Lidl (Buyer),Sinsay (part of LPP S.A.) (Buyer)",Ford Glory allegedly supplies to LPP S.A (for its Sinsay brand) and LIDL; both brands provided a response to a request for comment from the Resource Centre.,"In September 2023, it was reported that workers at Ford Glory were forced to work overtime, and if they refused due to health issues caused by the overtime hours or feeling tired, they would be dismissed. Workers also reported that the factory did not provide transport for night shift workers.","Inhumane work rates and mandatory overtime,Unfair dismissal,Unsafe working conditions",https://www.business-humanrights.org/en/latest-news/myanmar-garment-workers-reportedly-dismissed-if-they-refuse-overtime-due-to-health-issued-caused-by-excessive-working-hours-incl-co-response/?utm_source=mosaic&utm_medium=api,https://www.business-humanrights.org/en/latest-news/myanmar-garment-workers-threatened-to-work-overtime-or-face-dismissal/?utm_source=mosaic&utm_medium=api,ford glory
#342 - Kfine International Garment (Myanmar),Kfine International Garment (Myanmar),2023-09-10,4.0,"Bestseller (Buyer),Inditex (Reported buyer),LPP Spółka Akcyjna (Buyer),ONLY (part of Bestseller) (Buyer),Reserved (part of LPP Spółka Akcyjna) (Buyer),Zara (part of Inditex) (Reported buyer)","Kfine International Garment (Myanmar) allegedly supplies to LPP S.A (for its Reserved brand), Inditex (for its ZARA brand), BESTSELLER (for its ONLY brand); All brands provided a response to a request for comment from the Resource Centre. Inditex stated it does not source from the factory.","In September 2023, it was reported that four women workers at Kfine International Garment (International) were fired after filing a complaint with the Ministry of Labour about the factory.",Unfair dismissal,https://www.business-humanrights.org/en/latest-news/myanmar-workers-fired-after-filing-complaint-over-working-conditions-incl-co-responses/?utm_source=mosaic&utm_medium=api,https://www.business-humanrights.org/en/latest-news/myanmar-garment-workers-face-verbal-abuse-swearing-from-supervisors/?utm_source=mosaic&utm_medium=api,kfine international garment (myanmar)
#341 - Erdos Myanmar,Erdos Myanmar,2023-09-09,6.0,"Edinburgh Woollen Mill (Buyer),Just Cashmere (Buyer),Marks & Spencer (Reported buyer)","Erdos Myanmar allegedly supplies Marks & Spencer; Marks & Spencer provided a response to a request for comment from the Resource Centre, stating it has been inactive in Myanmar since April 2023, and therefore cannot comment on the allegations. Edinburgh Woollen Mills and Just Cashmere did not respond.","In September 2023, it was reported that six workers at Erdos Myanmar were transferred to other departments and demoted after asking for a pay rise from 4,800 kyats to 5,600 kyats.",Reduced wages and wage theft,https://www.business-humanrights.org/en/latest-news/myanmar-six-garment-workers-at-erdos-myanmar-factory-transferred-to-different-departments-after-calling-for-a-wage-increase/?utm_source=mosaic&utm_medium=api,https://www.business-humanrights.org/en/latest-news/myanmar-garment-workers-who-asked-for-wage-increase-demoted/?utm_source=mosaic&utm_medium=api,erdos myanmar
#340 - Jia Xin,Jia Xin,2023-09-07,12.0,"Fast Retailing (Reported buyer),GU (part of Fast Retailing) (Reported buyer),Inditex (Reported buyer),Stripe International (Buyer),Zara (part of Inditex) (Reported buyer)","Jia Xin allegedly supplies to Inditex (for its ZARA brand), Fast Retailing (for its GU brand), and Stripe (for its earth ecology&music brand); Inditex and Fast Retailing provided responses to a request for comment by the Resource Centre, stating that they do not source from the factory. Stripe did not respond.","On 12 August 2023, 12 workers from Jia Xin (Myanmar) Garment resigned because they did not want to be forced to work overtime for free, and reported that all workers at the factory were facing this. A settlement was reportedly reached between the workers and the factory in September 2023.","Inhumane work rates and mandatory overtime,Reduced wages and wage theft",https://www.business-humanrights.org/en/latest-news/myanmar-garment-workers-reach-settlement-over-forced-unpaid-overtime-incl-co-responses/?utm_source=mosaic&utm_medium=api,https://www.business-humanrights.org/en/latest-news/myanmar-garment-workers-who-resigned-over-forced-unpaid-overtime-reach-settlement-with-factory/?utm_source=mosaic&utm_medium=api,jia xin
#339 - Myanmar Zande,Myanmar Zande,2023-09-06,600.0,"Inditex (Reported buyer),LERROS (Buyer),Zara (part of Inditex) (Reported buyer)","Myanmar Zande allegedly supplies to LERROS and Inditex (for its ZARA brand); Inditex provided a response to a request for comment from the Resource Centre, stating it does not source from the factory. LERROS did not respond.","In September 2023, it was reported that workers were facing a series of violations, including the factory stating it would not recognise a union if it was formed and workers being denied access to restroom or having water.","Attacks on freedom of association,Unsafe working conditions",https://www.business-humanrights.org/en/latest-news/myanmar-garment-workers-at-myanmar-zande-report-multiple-labour-rights-violations-incl-co-response/?utm_source=mosaic&utm_medium=api,https://www.business-humanrights.org/en/latest-news/myanmar-garment-workers-at-myanmar-zande-factory-report-mandatory-overtime-overnight-without-notice/?utm_source=mosaic&utm_medium=api,myanmar zande
#338 - W&F Group,W&F Group,2023-09-05,,"Inditex (Reported buyer),Zara (part of Inditex) (Reported buyer)","W&F Group allegedly supplies to Inditex (for its ZARA brand); Inditex provided a response to a request for comment from the Resource Centre, stating it does not source from the factory.","In September 2023, it was reported that workers at W&F Group factory were denied gate passes if they felt sick so were unable to leave the factory, and were treated disrespectfully by their manager everyday.","Denial of leave,Unsafe working conditions",https://www.business-humanrights.org/en/latest-news/myanmar-garment-workers-reportedly-refused-leave-treated-disrespectfully-by-management-incl-co-response/?utm_source=mosaic&utm_medium=api,https://www.business-humanrights.org/en/latest-news/myanmar-garment-workers-forced-to-work-ovetime-and-denied-permission-to-leave-the-factory-if-they-fall-ill/?utm_source=mosaic&utm_medium=api,w&f group
#337 - Sen Yu/Zhejian Newway (Myanmar),Sen Yu/Zhejian Newway (Myanmar),2023-08-31,600.0,"LC Waikiki (Former buyer),LPP Spółka Akcyjna (Reported buyer),New Yorker (Buyer),Sinsay (part of LPP S.A.) (Reported buyer),Terranova (Buyer)","Sen Yu allegedly supplies to LPP S.A (for its Sinsay brand) and Terranova, LPP S.A provided a response to a request for comment by the Resource Centre, stating that it does not source from the factory. Terranova did not respond.
In September 2024, LC Waiki provided a response to a request for comment by the Resource Centre, stating that its last orders were completed between May-July 2024. New Yorker did not respond.","In August 2023, it was reported that workers at Sen Yu Garment faced a series of violations, including mandatory overtime and workers forced to quit if they refuse, causing health problems, workers being stopped by the army when returning home late from shifts, smells due to overflowing toilets next to the dining area making it difficult for workers to eat, and verbal abuse.","Gender-based violence and harassment,Harassment intimidation and abuse,Inhumane work rates and mandatory overtime,Unfair dismissal,Unsafe working conditions",https://www.business-humanrights.org/en/latest-news/myanmar-garment-workers-at-sen-yu-factory-threatened-with-dismissal-if-they-refuse-overtime/?utm_source=mosaic&utm_medium=api,https://www.business-humanrights.org/en/latest-news/myanmar-workers-at-sen-yu-garment-factory-reportedly-pressured-to-work-overtime/?utm_source=mosaic&utm_medium=api,sen yu/zhejian newway (myanmar)
#336 - Full Win Safety,Full Win Safety,2023-08-29,500.0,"LPP Spółka Akcyjna (Buyer),Reserved (part of LPP Spółka Akcyjna) (Buyer)",Full Win Safety allegedly supplies to LPP S.A (for its Reserved brand); LPP S.A provided a response to a request for comment from the Resource Centre.,"In August 2023, it was reported that workers at Full Win Safety faced a series of violations, including mandatory and unpaid overtime to meet excessive production targets, verbal abuse if workers refuse to work overtime, health and safety issues, denial of leave workers are legally entitled to including medical leave, and wage cuts if workers take leave.","Denial of leave,Gender-based violence and harassment,Harassment intimidation and abuse,Inhumane work rates and mandatory overtime,Reduced wages and wage theft,Unsafe working conditions",https://www.business-humanrights.org/en/latest-news/myanmar-garment-workers-face-harassment-if-they-refuse-overtime-incl-co-response/?utm_source=mosaic&utm_medium=api,https://www.business-humanrights.org/en/latest-news/myanmar-garment-workers-forced-to-work-overtime-to-meet-excessive-production-targets/?utm_source=mosaic&utm_medium=api,full win safety
#335 - Tristate Myanmar,Tristate Myanmar,2023-08-28,1.0,"C.P. Company (Buyer),Max Mara Fashion Group (Buyer),Nautica (Buyer),New Look (Former buyer),Otto (Former buyer)","Tristate Myanmar allegedly supplies to Max Mara, Nautica, New Look, C.P. Company and Otto Group, New Look, C.P. Company and Otto Group provided responses to a request for comment by the Resource Centre. New Look stated it had not sourced from the factory since 2016. Otto Group stated it had ceased operations with the factory in 2022, and is in the process of exiting Myanmar. Max Mara and Nautica did not respond.","In August 2023, it was reported that a worker at Tristate Myanmar was unfairly dismissed and denied his full compensation, after nine years of service.","Reduced wages and wage theft,Unfair dismissal",https://www.business-humanrights.org/en/latest-news/myanmar-garment-worker-at-tristate-myanmar-factory-allegedly-fired-unfairly-without-owed-compensation-incl-co-responses/?utm_source=mosaic&utm_medium=api,https://www.business-humanrights.org/en/latest-news/myanmar-garment-worker-unfairly-fired-after-nine-years-of-service/?utm_source=mosaic&utm_medium=api,tristate myanmar
#334 - Kingsrich (Myanmar) Fashion,Kingsrich (Myanmar) Fashion,2023-08-28,1.0,"Hennes & Mauritz (H&M) (Buyer),Marks & Spencer (Former buyer)",Kingsrich (Myanmar) Fashion allegedly supplies to or has supplied to H&M and Marks & Spencer; both brands provided responses to a request for comment by the Resource Centre. Marks & Spencer stated it ceased all operations in Myanmar in April 2023.,"In August 2023, it was reported that a worker was fired without compensation after she was physically assaulted by another worker.","Gender-based violence and harassment,Harassment intimidation and abuse,Reduced wages and wage theft,Unfair dismissal",https://www.business-humanrights.org/en/latest-news/myanmar-garment-worker-dismissed-without-compensation-after-physical-assault-by-another-worker-incl-co-responses/?utm_source=mosaic&utm_medium=api,https://www.business-humanrights.org/en/latest-news/myanmar-garment-worker-fired-after-being-punched-in-the-workplace/?utm_source=mosaic&utm_medium=api,kingsrich (myanmar) fashion
#333 - Maiyibei (Yangon) Garment Manufacturing,Maiyibei (Yangon) Garment Manufacturing,2023-08-25,500.0,"Hang Ten (Buyer),LPP Spółka Akcyjna (Buyer),Sinsay (part of LPP S.A.) (Buyer)","MaiyiBei (Yangon) allegedly supplies to LPP S.A (for its Sinsay brand) and Hang Ten; LPP S.A. provided a response to a request for comment by the Resource Centre, stating that it does not source from the factory. Hang Ten did not respond.
In September 2024, LPP informed us it was sourcing from the factory.","In August 2023, it was reported that workers at MaiyiBei (Yangon) Manufacturing factory are facing a series of violations, including denial of social security benefits and no access to a social security clinic for health issues, denial of leave incl. medical leave and wage cuts if workers take time off, workers paid low wages if they resign, no contract signed between the employer and workers, poor health and safety measures including poor ventilation, excessive production targets and workers forced to work unpaid overtime if targets are not met, and verbal abuse.","Denial of leave,Gender-based violence and harassment,Harassment intimidation and abuse,Inhumane work rates and mandatory overtime,Reduced wages and wage theft,Unsafe working conditions",https://www.business-humanrights.org/en/latest-news/myanmar-garment-workers-at-maiyibei-yangon-factory-report-multiple-abuses-incl-denial-of-social-security-benefits-leave-incl-co-responses/?utm_source=mosaic&utm_medium=api,https://www.business-humanrights.org/en/latest-news/myanmar-garment-workers-denied-social-security-benefits-forced-to-work-overtime-to-meet-unattainable-targets/?utm_source=mosaic&utm_medium=api,maiyibei (yangon) garment manufacturing
#332 - Honor Apparel Garment,Honor Apparel Garment,2023-08-25,900.0,"Bestseller (Reported buyer),C&A (Former buyer),HK Works London (Buyer),House (part of LPP S.A) (Buyer),KappAhl (Former buyer),Kiabi (Former buyer),LC Waikiki (Buyer),LPP Spółka Akcyjna (Buyer),Mavi (Reported buyer),ONLY (part of Bestseller) (Reported buyer),OVS SpA (Former buyer),Shimamura (Buyer),Sinsay (part of LPP S.A.) (Buyer)","Honor Apparel allegedly supplies or has supplied to C&A, Kiabi, KappAhl, LPP S.A., OVS S.p.A, BESTSELLER, LC Waikiki, HK Works London, Mavi and Shimamura.

OVS S.p.A, LPP S.A, LC Waikiki, Mavi and Shimamura provided a response to a request to comment from the Resource Centre. Mavi stated it does not source from the factory. LC Waikiki stated will cease operations with the factory in the first quarter of 2024. OVS S.p.A stated it no longer sources from the factory.  HK Works London did not respond.

KIABI has previously stated it no longer sourced from the factory from April 2022. C&A has previously stated it no longer sources from Myanmar. KappAhl has previously stated its last order with the factory was placed in 2020. BESTSELLER has previously stated it does not source from the factory.","In August 2023, it was reported that workers at Honor Apparel factory faced a series of violations including workers being forced to work overtime everyday without their consent, despite workers filing a complaint with the Department of Labour, the Workplace Coordination Committee failing to address workplace violations, the dismissal of day labourers before their three month probation to avoid hiring them as permanent workers, and workers who had quit during the temporary factory closure not being rehired.","Attacks on freedom of association,Denial of permanent contracts,Inhumane work rates and mandatory overtime,Unfair dismissal",https://www.business-humanrights.org/en/latest-news/myanmar-workers-at-honor-apparel-report-multiple-labour-rights-abuses-incl-co-responses/?utm_source=mosaic&utm_medium=api,https://www.business-humanrights.org/en/latest-news/myanmar-garment-workers-file-complaint-over-mandatory-overtime/?utm_source=mosaic&utm_medium=api,honor apparel garment
#331 - GTIG HUBO,GTIG HUBO,2023-08-25,,"Bestseller (Buyer),Fast Retailing (Former buyer),Pimkie (part of Association Familiale Mulliez) (Former buyer)","GTIG HUBO allegedly supplies to BESTSELLER, Pimkie and Fast Retailing; All three provided a response to a request for comment from the Resource Centre. Pimkie stated it had not sourced from the factory since 2021 and Fast Retailing stated it had ceased operations with the factory before the allegations took place.","In August 2023, it was reported that workers at GTIG HUBO were being forced to work overtime.",Inhumane work rates and mandatory overtime,https://www.business-humanrights.org/en/latest-news/myanmar-garment-factories-reportedly-forcing-workers-to-work-overnight-incl-co-responses/?utm_source=mosaic&utm_medium=api,https://www.business-humanrights.org/en/latest-news/myanmar-labour-department-inspections-failing-to-address-forced-overtime-in-garment-factories-labour-rights-activists-report/?utm_source=mosaic&utm_medium=api,gtig hubo
#330 - Hunter Textile,Hunter Textile,2023-08-24,700.0,"MANA (Buyer),OVS SpA (Buyer)",Hunter Textile allegedly supplies to MANA and OVS SpA Brands; OVS SpA provided a response to a request for comment from the Resource Centre. MANA Brands did not.,"In August 2023, it was reported that workers at Hunter Textile faced a series of violations, including mandatory overtime, the hiring of day labourers who are denied permanent employment, paid below minimum wage and denied benefits incl. leave, insufficient medical supplies, denial of leave incl. sick leave and verbal abuse if targets are not met. Workers demands included access to a doctor at the factory, workers who don't want to work overtime to not be discriminated against, and transportation to be provided in a fair way.","Denial of leave,Denial of permanent contracts,Gender-based violence and harassment,Harassment intimidation and abuse,Inhumane work rates and mandatory overtime,Reduced wages and wage theft,Unsafe working conditions",https://www.business-humanrights.org/en/latest-news/myanmar-garment-workers-at-hunter-textile-face-series-of-violations-incl-mandatory-overtime-denial-of-leave-incl-co-response/?utm_source=mosaic&utm_medium=api,https://www.business-humanrights.org/en/latest-news/myanmar-workers-at-garment-factory-reportedly-forced-to-work-overtime-on-below-minimum-wage-pay/?utm_source=mosaic&utm_medium=api,hunter textile
#329 - Rui Xin Shoes,Rui Xin Shoes,2023-08-23,1300.0,,,"In July 2023 it was reported that workers at Rui Xin Shoes factory were facing a series of violations including forced overtime, excessive production targets, verbal abuse if workers do not complete their targets, and workers having little time to drink water or take a nap.","Gender-based violence and harassment,Harassment intimidation and abuse,Inhumane work rates and mandatory overtime,Unsafe working conditions",,https://www.business-humanrights.org/en/latest-news/myanmar-workers-rights-violated-at-rui-xin-shoes-factory/?utm_source=mosaic&utm_medium=api,rui xin shoes
#328 - Myanmar Shoe Dynasty,Myanmar Shoe Dynasty,2023-08-22,200.0,,,"In August 2023, it was reported that 200 workers at Myanmar Shoe Dynasty had left their jobs they were receiving low wages.",Reduced wages and wage theft,,https://www.business-humanrights.org/en/latest-news/myannmar-shoe-factory-to-close-due-to-lack-of-orders/?utm_source=mosaic&utm_medium=api,myanmar shoe dynasty
#327 - New Plus,New Plus,2023-08-22,1000.0,,,"In August 2023, it was reported that workers at New Plus factory faced verbal and physical abuse from supervisors.","Gender-based violence and harassment,Harassment intimidation and abuse",,https://www.business-humanrights.org/en/latest-news/myamar-garment-workers-report-verbal-abuse-by-supervisors/?utm_source=mosaic&utm_medium=api,new plus
#326 - Kittenish Knitting Co.,Kittenish Knitting Co.,2023-08-19,600.0,"Inditex (Reported buyer),Lidl (Buyer),Zara (part of Inditex) (Reported buyer)",Kittenish Knitting Co. allegedly supplies to Inditex for its ZARA brand and Lidl; Both brands provided a response to a request for comment by the Resource Centre. Inditex stated that it does not source from the factory.,"In August 2023, it was reported that workers at Kittenish Knitting Garment factory are facing a series of violations, including workers being refused sick leave in order to work overtime, workers health suffering due to overtime work, and workers getting different wages.","Denial of leave,Inhumane work rates and mandatory overtime,Reduced wages and wage theft,Unsafe working conditions",https://www.business-humanrights.org/en/latest-news/myanmar-garment-workers-health-suffering-due-to-mandatory-overtime-incl-co-response/?utm_source=mosaic&utm_medium=api,https://www.business-humanrights.org/en/latest-news/myanmar-garment-workers-report-suffering-from-health-problems-due-to-continous-overtime/?utm_source=mosaic&utm_medium=api,kittenish knitting co.
#325 - Cheung Hing Myanmar,Cheung Hing Myanmar,2023-08-19,700.0,"Celio (Buyer),Next (Buyer)",Cheung Hing Myanmar allegedly supplies to Next and Celio; both brands provided a response to a request for comment from the Resource Centre. Celio stated it was in the process of ceasing operations with Cheung Hing Myanmar by March 2024.,"In August 2023, it was reported that workers at Cheung Hing Myanmar faced a series of violations, including changes in holiday pay and non-payment of seniority, and health and security issues due to mandatory overtime.","Reduced wages and wage theft,Unsafe working conditions",https://www.business-humanrights.org/en/latest-news/myanmar-garment-workers-face-health-security-issues-due-to-mandatory-overtime-until-11pm-incl-co-response/?utm_source=mosaic&utm_medium=api,https://www.business-humanrights.org/en/latest-news/myanmar-garment-workers-at-cheung-hing-factory-forced-to-work-until-11pm/?utm_source=mosaic&utm_medium=api,cheung hing myanmar
#324 - Yangon Fukuyama Apparel,Yangon Fukuyama Apparel,2023-08-13,,Jichodo (Buyer),Yangon Fukuyama Apparel allegedly supplies to Jichodo; Jichodo provided a response to a request for comment from the Resource Centre.,"In August 2023, it was reported that workers at Yangon Fukuyama Apparel (YFA) were being intimidated against forming a union, with workers denied a gate pass to go out and register the union and a meeting held to intimidate the workers against the union.","Attacks on freedom of association,Harassment intimidation and abuse",https://www.business-humanrights.org/en/latest-news/myanmar-garment-workers-at-yangon-fukuyama-apparel-garment-factory-reportedly-intimidated-against-forming-union-incl-co-response/?utm_source=mosaic&utm_medium=api,https://www.business-humanrights.org/en/latest-news/myanmar-trade-unions-face-suppression-crackdowns-since-the-military-takeover/?utm_source=mosaic&utm_medium=api,yangon fukuyama apparel
#323 - Huabo Times,Huabo Times,2023-08-12,1000.0,"Bestseller (Buyer),Inditex (Former buyer),ONLY (part of Bestseller) (Buyer),Primark (part of Associated British Foods) (Former buyer),Vero Moda (part of Bestseller) (Buyer),Zara (part of Inditex) (Former buyer)","Huabo Times allegedly supplies to or has supplied to BESTSELLER (parent company of ONLY, VERO MODA), Inditex (parent company of ZARA) and Primark; Inditex and BESTSELLER three provided responses to a request for comment from the Resource Centre. Inditex stated it ceased operations with the factory in October 2023. Primark has previously stated it stopped sourcing from the factory in Oct 2021","In August 2023, it was reported that workers at Huabo Times factory faced a series of violations ,including denial of social security benefits incl. medical treatment, wage cuts if workers take leave incl. maternity and sick leave, workers denied overtime in the future if they miss a day of overtime work, factory entrances blocked with boxes of clothing, workers having to move machines and clothing to make space, non-functional fans, workers forced to eat their lunch in 5 breaks despite having a 30-minute break, and a union that operates according to the employer's wishes.","Attacks on freedom of association,Denial of leave,Gender-based violence and harassment,Inhumane work rates and mandatory overtime,Reduced wages and wage theft,Unsafe working conditions",https://www.business-humanrights.org/en/latest-news/myanmar-garment-workers-at-huabo-times-denied-social-security-benefits-incl-medical-treatment-incl-co-responses/?utm_source=mosaic&utm_medium=api,https://www.business-humanrights.org/en/latest-news/myanmar-workers-at-huabo-times-garment-factory-report-continued-rights-violations/?utm_source=mosaic&utm_medium=api,huabo times
#322 - Sunrise Myanmar,Sunrise Myanmar,2023-08-11,1000.0,"Adastria (Former buyer),Hennes & Mauritz (H&M) (Reported buyer),Honeys Holdings (Buyer),OVS SpA (Reported buyer),Shimamura (Buyer),Topvalu Collection (part of AEON) (Reported buyer),United Athle (Former buyer)","Sunrise Myanmar allegedly supplies or has supplied to H&M, OVS SpA, TopValu, Honeys, United Athle, Shimamura and Adastra; Honeys, United Athle, Shimamura and Adastria provided a response to a request for comment from the Resource Centre. Topvalu, H&M and OVS SpA have previously told the Resource Centre they do not source from the factory.
In September 2024, Adastria stated it had not sourced from the factory in a year and United Athle stated it had ended production at the factory.","In August 2023, it was reported that workers at Sunrise Myanmar were facing a series of violations, including wage cuts if workers refuse overtime, no breaks during overtime, no transport provided for workers working overtime shifts, no bonus paid if workers don't reach targets, and unpaid overtime continuing despite a visit from the labour office.","Inhumane work rates and mandatory overtime,Reduced wages and wage theft,Unsafe working conditions",https://www.business-humanrights.org/en/latest-news/myanmar-garment-workers-report-forced-unpaid-overtime-at-sunrise-myanmar-factory-incl-co-responses/?utm_source=mosaic&utm_medium=api,https://www.business-humanrights.org/en/latest-news/myanmar-garment-workers-at-sunrise-myanmar-report-ongoing-forced-overtime-despite-visit-from-labour-office/?utm_source=mosaic&utm_medium=api,sunrise myanmar
#321 - S.M Myanmar Garment,S.M Myanmar Garment,2023-08-11,600.0,Mayoral (Buyer),SM Myanmar allegedly supplies to Mayoral; Mayoral did not provide a response to a request for comment from the Resource Centre.,"In August 2023,it was reported that workers at SM Myanmar Garment factory faced a series of violations, including physical assault if workers don't meet targets, workers forced to sleep at the factory to work overtime shifts until 12am, verbal abuse, wage reductions, workers facing dismissal or being penalised if they refuse to work overtime, permanent workers being reverted back to daily wage status for taking leave due to illness, workers having to get permission to use the toilets and receiving a warning for taking a bottle of water to the factory to drink.","Denial of leave,Gender-based violence and harassment,Harassment intimidation and abuse,Inhumane work rates and mandatory overtime,Reduced wages and wage theft,Unfair dismissal,Unsafe working conditions",https://www.business-humanrights.org/en/latest-news/myanmar-garment-workers-at-sm-myanmar-factory-report-multiple-labour-rights-abuses-incl-physical-verbal-abuse-incl-co-response/?utm_source=mosaic&utm_medium=api,https://www.business-humanrights.org/en/latest-news/myanmar-workers-report-physical-assault-at-sm-myanmar-garment-factory/?utm_source=mosaic&utm_medium=api,s.m myanmar garment
#320 - Sudey Industrial Myanmar,Sudey Industrial Myanmar,2023-08-11,1000.0,,,"In August 2023, it was reported that workers at Sudey Industrial Myanmar faced a series of violations, including wage cuts if workers take leave incl. medical leave, workers forced to work without taking lunch breaks to meet targets, the hiring of daily wage workers who are forced to work overtime from Monday to Sunday and told to quit if they can't work due to lack of sleep, dismissed workers not receiving legally owed wages, and verbal abuse.","Denial of leave,Denial of permanent contracts,Gender-based violence and harassment,Harassment intimidation and abuse,Inhumane work rates and mandatory overtime,Reduced wages and wage theft,Unsafe working conditions",,https://www.business-humanrights.org/en/latest-news/myanmar-garment-workers-report-labour-abuses-incl-workers-forced-to-work-overtime-without-lunch-breaks-to-meet-targets/?utm_source=mosaic&utm_medium=api,sudey industrial myanmar
#319 - New Plus,New Plus,2023-08-09,,,,"In August 2023, it was reported that workers at New Plus were denied medical leave, except for major surgeries and health issues.","Denial of leave,Unsafe working conditions",,https://www.business-humanrights.org/en/latest-news/myanmar-garment-workers-denied-medical-leave-despite-rise-in-seasonal-illnesses/?utm_source=mosaic&utm_medium=api,new plus
#318 - North Shore Group,North Shore Group,2023-08-09,600.0,"Bergans (Buyer),JD Sports Fashion (Former buyer),Schöffel (Buyer),Vaude (Buyer)","North Shore Group allegedly supplies to Vaude, Schoffel, and JD Sports; All brands provided a response to a request for comment from the Resource Centre. JD Sports stated it had ceased operations with North Shore Group in September 2021, and exited Myanmar in June 2022. Vaude and Schoffel stated it was in the process of ceasing operations with North Shore Group, after making the decision in 2023.
In September 2024, Bergans provided a response to a request for comment from the Resource Centre, stating it was in the process of ceasing operations with North Shore Group, after making the decision in 2023.","In August 2023, it was reported that workers at North Shore Group factory were facing a series of violations, including denial of leave incl. medical leave, lack of medical provisions for workers, physical and verbal abuse from supervisors, and non-payment of salary owed to workers who resign.","Denial of leave,Gender-based violence and harassment,Harassment intimidation and abuse,Reduced wages and wage theft,Unsafe working conditions",https://www.business-humanrights.org/en/latest-news/myanmar-garment-workers-report-physical-verbal-abuse-harassment-at-factory-incl-co-responses/?utm_source=mosaic&utm_medium=api,https://www.business-humanrights.org/en/latest-news/myanmar-garment-workers-report-physical-abuse-harassment-from-supervisor/?utm_source=mosaic&utm_medium=api,north shore group
#317 - Jia Xin,Jia Xin,2023-08-07,12.0,"Fast Retailing (Reported buyer),GU (part of Fast Retailing) (Reported buyer),Inditex (Reported buyer),Stripe International (Buyer),Zara (part of Inditex) (Reported buyer)","Jia Xin allegedly supplies to Inditex (for its ZARA brand), Fast Retailing (for its GU brand), and Stripe (for its earth ecology&music brand); Inditex and Fast Retailing provided responses to a request for comment by the Resource Centre, stating that they do not source from the factory. Stripe did not respond.","In September 2023, it was reported that workers from Jia Xin (Myanmar) Garment who were seeking a settlement over unpaid and forced overtime faced a military and police raid and were threatened at their homes.","Business-military collusion,Harassment intimidation and abuse",https://www.business-humanrights.org/en/latest-news/myanmar-garment-workers-reach-settlement-over-forced-unpaid-overtime-incl-co-responses/?utm_source=mosaic&utm_medium=api,https://www.business-humanrights.org/en/latest-news/myanmar-garment-workers-who-resigned-over-forced-unpaid-overtime-reach-settlement-with-factory/?utm_source=mosaic&utm_medium=api,jia xin
#316 - Sunkid Myanmar Garment,Sunkid Myanmar Garment,2023-08-07,,,,"In August 2023, it was reported that workers at Sunkid Myanmar Garment would be fired if they missed a day of work, and other workers were fired without reason.","Denial of leave,Unfair dismissal",,https://www.business-humanrights.org/en/latest-news/myanmar-garment-workers-dismissed-if-they-take-leave/?utm_source=mosaic&utm_medium=api,sunkid myanmar garment
#315 - New Plus,New Plus,2023-08-03,1000.0,,,"In August 2023, it was reported that workers at New Plus factory faced a series of violations, including unpaid and mandatory overtime if workers don't meet the targets, and workers who don't work overtime getting fined.","Inhumane work rates and mandatory overtime,Reduced wages and wage theft",,https://www.business-humanrights.org/en/latest-news/myanmar-garment-workers-forced-to-work-unpaid-overtime-at-new-plus-factory/?utm_source=mosaic&utm_medium=api,new plus
#314 - Kseng garment factory,Kseng garment factory,2023-07-31,1500.0,"Matalan (Buyer),New Wave Group (Buyer),New Yorker (Buyer),Orsay (Buyer),Springfield (part of Tendam) (Buyer),Tendam (Buyer)","Kseng (Myanmar) Apparel allegedly supplies to New Wave Group (for its brand Clique), Matalan, New Yorker (for its brand FBSister), Orsay, and Tendam (for its brand Springfield); New Wave Group and Matalan provided a response to a request for comment from the Resource Centre. New Yorker, Orsay and Tendam did not respond.","In July 2023, it was reported that workers at the Kseng garment factory in Myanmar were facing a range of violations including forced overtime, physical abuse and intimidation.","Gender-based violence and harassment,Harassment intimidation and abuse,Inhumane work rates and mandatory overtime",https://www.business-humanrights.org/en/latest-news/myanmar-garment-workers-forced-to-work-overtime-causing-mental-physical-health-issues-incl-co-responses/?utm_source=mosaic&utm_medium=api,https://www.business-humanrights.org/en/latest-news/myanmar-forced-overtime-and-worker-abuse-at-kham-sam-garment-factory/?utm_source=mosaic&utm_medium=api,kseng garment factory
#313 - GNS (Bago) Healthcare,GNS (Bago) Healthcare,2023-07-29,300.0,,,"In July 2023, it was reported that workers at GNS (Bago) Healthcare factory faced a series of violations, including workers being forced to work for 11 hours with just 30 minutes break, workers not receiving the correct wages despite new wage increase, workers not being permitted to go to the toilet and injuries on workers' hands from workers working all day.","Harassment intimidation and abuse,Inhumane work rates and mandatory overtime,Reduced wages and wage theft,Unsafe working conditions",,https://www.business-humanrights.org/en/latest-news/myanmar-garment-workers-supplying-surgical-gowns-report-multiple-labour-rights-abuses/?utm_source=mosaic&utm_medium=api,gns (bago) healthcare
#312 - Myanmar Sunny,Myanmar Sunny,2023-07-27,1200.0,Hawkins (Buyer),Myanmar Sunny allegedly supplies to Hawkins; Hawkins did not provide a response to a request for comment from the Resource Centre.,"In June 2023, it was reported that workers at Myanmar Sunny shoe factory went on hunger strike with demands including a wage increase to 5,600 kyats per month, amid rising commodity prices. While the factory agreed to the wage increase, other demands were not met, including the replacement of workers who had left the factory, and calls for an annual salary. Workers also demanded an end to oppression and verbal abuse","Gender-based violence and harassment,Harassment intimidation and abuse,Reduced wages and wage theft",https://www.business-humanrights.org/en/latest-news/myanmar-workers-at-shoe-factory-go-on-hunger-strike-over-wages-incl-co-response/?utm_source=mosaic&utm_medium=api,https://www.business-humanrights.org/en/latest-news/myanmar-workers-at-footwear-factory-go-on-hunger-strike-demanding-wage-increase/?utm_source=mosaic&utm_medium=api,myanmar sunny
#311 - Hong Miao Garment,Hong Miao Garment,2023-07-26,3.0,"Paseos (Buyer),Shimamura (Reported buyer)","Hong Miao Garment allegedly supplies to Shimamura for its Closshi brand and Paseos for its Suffuse brand; Shimamura provided a response to a request for comment from the Resource Centre, stating it does not source from the factory. Paseos did not respond.","In July 2023, it was reported that three workers at Hong Miao factory were threatened to stay quiet during an investigation over the dismissal of a worker at the factory.",Harassment intimidation and abuse,https://www.business-humanrights.org/en/latest-news/myanmar-garment-workers-reportedly-threatened-to-stay-quiet-during-inspections-incl-co-responses/?utm_source=mosaic&utm_medium=api,https://www.business-humanrights.org/en/latest-news/myanmar-workers-threatened-to-stay-quiet-during-investigation-over-dismissal-of-employee/?utm_source=mosaic&utm_medium=api,hong miao garment
#310 - Erdos Myanmar,Erdos Myanmar,2023-07-26,,"Edinburgh Woollen Mill (Buyer),Just Cashmere (Buyer),Marks & Spencer (Reported buyer)","Erdos Myanmar allegedly supplies to or has previously supplied to Just Cashmere, Edinburgh Woollen Mills and Marks & Spencer; Marks & Spencer stated it has been inactive in Myanmar since April 2023, and therefore cannot comment on the allegations. Just Cashmere and Edinburgh Woollen Mills did not respond.","In July 2023 it was reported that workers at the Erdos garment factory in Myanmar were facing a range of violations including wage theft, forced overtime, unreasonable working hours and denial of leave.","Denial of leave,Inhumane work rates and mandatory overtime,Reduced wages and wage theft",https://www.business-humanrights.org/en/latest-news/myanmar-workers-at-garment-factory-reportedly-face-wage-cuts-if-they-miss-a-day-at-work-incl-co-responses/?utm_source=mosaic&utm_medium=api,https://www.business-humanrights.org/en/latest-news/myanmar-workers-at-erdos-factory-face-wage-theft-if-they-miss-a-day/?utm_source=mosaic&utm_medium=api,erdos myanmar
#309 - Huabo Times,Huabo Times,2023-07-24,1000.0,"Bestseller (Buyer),Inditex (Buyer),ONLY (part of Bestseller) (Buyer),Primark (part of Associated British Foods) (Former buyer),Vero Moda (part of Bestseller) (Buyer),Zara (part of Inditex) (Buyer)","Huabo Times allegedly supplies to BESTSELLER (parent company of ONLY, VERO MODA), Inditex (parent company of ZARA) and Primark; all three companies provided responses to a request for comment from the Resource Centre. Primark stated it stopped sourcing from the factory in Oct 2021","In July 2023, it was reported that workers at Huabo Time were facing rights violations, including physical and verbal abuse inflicted by one of the supervisors, and an employer-run union that required workers to pay a fee to join.","Attacks on freedom of association,Gender-based violence and harassment,Harassment intimidation and abuse",https://www.business-humanrights.org/en/latest-news/myanmar-workers-at-huabo-times-factory-allegedly-physically-verbally-abused-by-supervisor-incl-co-responses/?utm_source=mosaic&utm_medium=api,https://www.business-humanrights.org/en/latest-news/myanmar-workers-at-huabo-time-garment-factory-reportedly-subjected-to-physical-verbal-abuse/?utm_source=mosaic&utm_medium=api,huabo times
#308 - Myanmar Guotai Huasheng Glory Fashion,Myanmar Guotai Huasheng Glory Fashion,2023-07-20,700.0,"Auchan (Buyer),Carrefour (Former buyer),Lidl (Former buyer),Pimkie (part of Association Familiale Mulliez) (Buyer),Primark (part of Associated British Foods) (Former buyer),Tendam (Buyer)","Guotai Huasheng Glory Fashion allegedly supplies or has supplied to Primark, Auchan, Carrefour, Lidl and Pimkie; Primark, Lidl and Auchan provided a response to an invite to comment from the Resource Centre. Pimkie did not respond. Carrefour and Lidl previously informed the Resource Centre that they no longer source from the factory.
In January 2024, Primark informed us it had completed its responsible exit in October 2023 and no longer sources from the factory. In September 2024, Tendam did not provide a response to an invite to comment from the Resource Centre.","In July 2023, workers at Myanmar Guotai Huasheng Glory Fashion reported multiple abuses such as child labour, unfair dismissal and lack of dining facilities.","Child labour,Unfair dismissal,Unsafe working conditions",https://www.business-humanrights.org/en/latest-news/myanmar-garment-workers-at-myanmar-guotai-huasheng-glory-factory-report-multiple-labour-rights-abuses-incl-co-responses/?utm_source=mosaic&utm_medium=api,https://www.business-humanrights.org/en/latest-news/myanmar-workers-at-myanmar-guotai-huasheng-glory-fashion-reported-unfair-dismissal-child-labour-and-lack-of-dining-facility/?utm_source=mosaic&utm_medium=api,myanmar guotai huasheng glory fashion
#307 - Myanmar Gigi Leather Goods,Myanmar Gigi Leather Goods,2023-07-20,2000.0,"Michael Kors (part of Capri Holdings) (Buyer),Tapestry (Formerly Coach) (Buyer)",Myanmar Gigi Leather Goods allegedly supplies to Michael Kors and Tapestry; Michael Kors provided a response to a request for comment from the Resource Centre. Tapestry did not.,"In July 2023, it was reported that workers at Myanmar Gigi Leather Goods were sexually harassed, made to meet unreasonable targets, even when pregnant, and were transferred to another factory against their will.","Gender-based violence and harassment,Harassment intimidation and abuse,Inhumane work rates and mandatory overtime",https://www.business-humanrights.org/en/latest-news/myanmar-workers-at-leather-goods-factory-face-sexual-harassment-excessive-production-targets-incl-co-responses/?utm_source=mosaic&utm_medium=api,https://www.business-humanrights.org/en/latest-news/myanmar-workers-at-myanmar-gigi-leather-goods-factory-sexually-harassed-transferred-against-their-will-and-set-unreasonable-targets/?utm_source=mosaic&utm_medium=api,myanmar gigi leather goods
#306 - Hong Miao Garment,Hong Miao Garment,2023-07-20,1.0,"Paseos (Buyer),Shimamura (Reported buyer)","Hong Miao Garment allegedly supplies to Shimamura for its Closshi brand and Paseos for its Suffuse brand; Shimamura provided a response to a request for comment from the Resource Centre, stating it does not source from the factory. Paseos did not respond.","On 17 July 2023, a worker at Hong Miao Garment factory was reportedly dismissed for not working overtime until dawn. The worker had reportedly been working all night from 10 July, and on 15 July, reported being in pain and feeling too tired to work, and rested in the designated rest area.","Inhumane work rates and mandatory overtime,Unfair dismissal,Unsafe working conditions",https://www.business-humanrights.org/en/latest-news/myanmar-garment-worker-reportedly-dismissed-for-refusing-to-work-overtime-until-dawn-incl-co-responses/?utm_source=mosaic&utm_medium=api,https://www.business-humanrights.org/en/latest-news/myanmar-garment-worker-dismissed-for-not-working-overnight-due-to-exhaustion/?utm_source=mosaic&utm_medium=api,hong miao garment
#305 - Jun Sheng,Jun Sheng,2023-07-19,400.0,"LPP Spółka Akcyjna (Former buyer),Mohito (part of LPP S.A.) (Former buyer)","Jun Sheng allegedly supplies to LPP S.A for its MOHITO brand; LPP S.A provided a response to a request for comment from the Resource Centre, stating that orders only took place in early 2022.","In July 2023, it was reported that workers faced delayed wage payments and low wages.",Reduced wages and wage theft,,https://www.business-humanrights.org/en/latest-news/myanmar-workers-at-garment-factory-report-overtime-is-impacting-their-mental-physical-wellbeing/?utm_source=mosaic&utm_medium=api,jun sheng
#304 - Shwe Myanmar Standard,Shwe Myanmar Standard,2023-07-13,120.0,"Frasers Group (Buyer),Slazenger (part of Frasers Group) (Buyer)",Shwe Myanmar Standard allegedly supplies to Frasers Group for its Slazenger brand; Frasers Group did not provide a response to a request for comment from the Resource Centre.,"In July 2023 it was reported that workers at the Shwe Myanmar Standard Garment Factory faced multiple labour rights violations including low pay, forced and underpaid overtime and excessive production targets.","Inhumane work rates and mandatory overtime,Reduced wages and wage theft",https://www.business-humanrights.org/en/latest-news/myanmar-garment-workers-face-multiple-labour-rights-violations-incl-forced-underpaid-overtime-incl-co-non-response/?utm_source=mosaic&utm_medium=api,https://www.business-humanrights.org/en/latest-news/myanmar-workers-experience-low-pay-and-unpaid-overtime-at-shwe-myanmar-standard-garment-factory/?utm_source=mosaic&utm_medium=api,shwe myanmar standard
#303 - Hengrun Garment,Hengrun Garment,2023-07-10,600.0,"Blue Wave (Buyer),House (part of LPP S.A) (Reported buyer),LPP Spółka Akcyjna (Reported buyer),Next (Buyer)","Hengrun Myanmar allegedly supplies to or has supplied to Next, Blue Wave and LPP S.A for its House brand; All brands provided a response to a request for comment from the Resource Centre.
In September 2024, LPP S.A. stated it does not source from the factory.","In July 2023, it was reported that workers at Hengrun Myanmar garment factory faced a series of violations, including having their phones confiscated after complaining about overtime work, wage deductions, workers being surveilled with CCTV and factory staff, and workers forced to write down when they leave and enter the toilets.","Harassment intimidation and abuse,Inhumane work rates and mandatory overtime,Reduced wages and wage theft",https://www.business-humanrights.org/en/latest-news/myanmar-garment-workers-report-having-phones-confiscated-and-surveilled-via-cctv-incl-co-responses/?utm_source=mosaic&utm_medium=api,https://www.business-humanrights.org/en/latest-news/myanmar-garment-workers-have-phones-confiscated-after-requesting-less-overtime/?utm_source=mosaic&utm_medium=api,hengrun garment
#302 - Shinsung Garment,Shinsung Garment,2023-07-10,4000.0,"Lidl (Reported buyer),Shinsung Tongsang (Buyer)",Shinsung Garment allegedly supplies to Shinsung Tongsang and Lidl; Shinsung Tongsang and Lidl provided a response to a request for comment from the Resource Centre. Lidl stated it does not source from the factory.,"In July 2023, it was reported that workers at Shinsung Garment factory were facing a series of violations, including verbal abuse, excessive production targets, low overtime pay, denial of leave and wage cuts if workers take leave, inadequate medical provisions at the factory, workers forced to clean the factory.","Denial of leave,Gender-based violence and harassment,Harassment intimidation and abuse,Inhumane work rates and mandatory overtime,Reduced wages and wage theft,Unsafe working conditions",https://www.business-humanrights.org/en/latest-news/myanmar-workers-at-shinsung-garment-report-several-rights-abuses-incl-verbal-abuse-low-overtime-pay-denial-of-leave-incl-co-responses/?utm_source=mosaic&utm_medium=api,https://www.business-humanrights.org/en/latest-news/myanmar-garment-workers-report-multiple-labour-rights-violations-at-shinsung-garment-factory/?utm_source=mosaic&utm_medium=api,shinsung garment
#301 - Hengrun Garment,Hengrun Garment,2023-07-07,600.0,"Blue Wave (Buyer),House (part of LPP S.A) (Reported buyer),LPP Spółka Akcyjna (Reported buyer),Next (Buyer)","Hengrun Myanmar allegedly supplies to or has supplied to Next, Blue Wave and LPP S.A for its House brand; All brands provided a response to a request for comment from the Resource Centre.
In September 2024, LPP S.A. stated it does not source from the factory.","In July 2023, it was reported that workers at Hengrun Myanmar garment factory faced a series of violations, including mandatory overtime, denial of leave even if workers are unwell, and no access to medication at the factory.","Denial of leave,Inhumane work rates and mandatory overtime,Unsafe working conditions",https://www.business-humanrights.org/en/latest-news/myanmar-garment-workers-denied-medical-leave-face-mandatory-overtime-at-factory-incl-co-responses/?utm_source=mosaic&utm_medium=api,https://www.business-humanrights.org/en/latest-news/myanmar-garment-workers-reportedly-forced-to-work-overtime-denied-leave/?utm_source=mosaic&utm_medium=api,hengrun garment
#300 - Hosheng Myanmar Garment Factory,Hosheng Myanmar Garment Factory,2023-07-07,,Inditex (Former buyer),"Hosheng Myanmar allegedly supplies to Inditex; Inditex provided a response to a request for comment from the Resource Centre, stating it stopped sourcing from the factory after hearing of the allegations in June 2023.","In July 2023, it was reported that workers at Hosheng Myanmar were facing a series of violations, including workers not permitted to complain about conditions, mandatory overtime, and low pay.","Inhumane work rates and mandatory overtime,Reduced wages and wage theft",https://www.business-humanrights.org/en/latest-news/myanmar-eight-garment-workers-union-leaders-at-inditex-supplier-face-trial-on-incitement-charges-at-military-court-after-protests-demanding-wage-increase-incl-co-response/?utm_source=mosaic&utm_medium=api,https://www.business-humanrights.org/en/latest-news/myanmar-garment-workers-unionists-at-inditex-supplier-face-trial-in-military-court-after-protests-for-pay-rise/?utm_source=mosaic&utm_medium=api,hosheng myanmar garment factory
#299 - Myanmar Bestex Garment,Myanmar Bestex Garment,2023-07-06,800.0,"LPP Spółka Akcyjna (Buyer),Mohito (part of LPP S.A.) (Buyer),OVS SpA (Former buyer),RBX Active (Buyer),Sinsay (part of LPP S.A.) (Buyer)","Myanmar Bestex Garment allegedly supplies to LPP S.A (for its Mohito and Sinsay brands), OVS SpA and RBX Active; LPP S.A and OVS SpA provided a response to a request for comment from the Resource Centre. RBX Brand did not.
In September 2024, OVS SpA informed us it stopped sourcing from the factory after the production of its fall-winter 2023 collection.","In July 2023, it was reported that garment workers at Myanmar Bestex Garment faced a series of violations, including workers’ social security payments being denied for over three months, delaying wage payments, denial of wages if workers don’t work on Sundays, verbal abuse and managers throwing things at workers, denial of wages if workers miss a day at work and punishment if workers didn’t work overtime at night.","Gender-based violence and harassment,Harassment intimidation and abuse,Inhumane work rates and mandatory overtime,Reduced wages and wage theft",https://www.business-humanrights.org/en/latest-news/myanmar-workers-at-myanmar-bestex-garment-factory-report-series-of-labour-rights-abuses-incl-managers-throwing-objects-at-workers-verbal-abuse-incl-co-responses/?utm_source=mosaic&utm_medium=api,https://www.business-humanrights.org/en/latest-news/myanmar-garment-workers-at-myanmar-bestex-garment-factory-continue-to-report-mandatory-unpaid-overtime/?utm_source=mosaic&utm_medium=api,myanmar bestex garment
#298 - Myanmar Knitting Factory,Myanmar Knitting Factory,2023-07-06,,"Lidl (Former buyer),Marks & Spencer (Former buyer),Primark (part of Associated British Foods) (Former buyer)","Myanmar Knitting is allegedly supplying or has supplied to Primark, Marks & Spencer and Lidl; all companies provided a response to a request from the Resource Centre. Primark informed the Resource Centre that its final handover of products from this factory was in August 2022, and Marks & Spencer informed the Resource Centre that its last orders from Myanmar took place in April 2023. Lidl stated it had terminated business with the factory in 2021.","In June 2023, it was reported that workers at Myanmar Knitting garment factory faced a series of violations, including discrimination against workers of the LGBTQ+ community, incl. mocking and threatening to fire them.",Harassment intimidation and abuse,https://www.business-humanrights.org/en/latest-news/myanmar-garment-workers-report-discrimination-against-lgbtq-community-at-myanmar-knitting-factory-incl-co-responses/?utm_source=mosaic&utm_medium=api,https://www.business-humanrights.org/en/latest-news/myanmar-workers-at-myanmar-knitting-garment-factory-reported-intimidation-and-gender-discrimination/?utm_source=mosaic&utm_medium=api,myanmar knitting factory
#297 - Myanmar Knitting Factory,Myanmar Knitting Factory,2023-07-06,4969.0,"Lidl (Former buyer),Marks & Spencer (Former buyer),Primark (part of Associated British Foods) (Former buyer)","Myanmar Knitting is allegedly supplying or has supplied to Primark, Marks & Spencer and Lidl; all companies provided a response to a request from the Resource Centre. Primark informed the Resource Centre that its final handover of products from this factory was in August 2022, and Marks & Spencer informed the Resource Centre that its last orders from Myanmar took place in April 2023. Lidl stated it had terminated business with the factory in 2021.","In June 2023, it was reported that a supervisor physically assaulted a worker because he could not understand what he was saying due to the language barrier.",Harassment intimidation and abuse,https://www.business-humanrights.org/en/latest-news/myanmar-garment-workers-report-discrimination-against-lgbtq-community-at-myanmar-knitting-factory-incl-co-responses/?utm_source=mosaic&utm_medium=api,https://www.business-humanrights.org/en/latest-news/myanmar-workers-at-myanmar-knitting-garment-factory-reported-intimidation-and-gender-discrimination/?utm_source=mosaic&utm_medium=api,myanmar knitting factory
#296 - Sun Apparel Myanmar,Sun Apparel Myanmar,2023-07-04,,"ALDI South (Former buyer),JAKO (Former buyer)","Sun Apparel allegedly supplies to JAKO; JAKO provided a response to a request for comment from journalists. Aldi South previously informed us it had stopped sourcing from Myanmar in 2021.
In September 2024, JAKO stated it had withdrawn production from Myanmar.","In July 2023, it was reported that two workers involved in protests demanding a pay rise at Sun Apparel were arrested by the military.","Business-military collusion,Imprisonment arrests & detention,Reduced wages and wage theft",https://www.ecotextile.com/2023070430898/social-compliance-csr-news/sportswear-brand-to-quit-myanmar-after-arrests.html,https://www.business-humanrights.org/en/latest-news/myanmar-jako-announces-exit-after-military-arrests-garment-workers/?utm_source=mosaic&utm_medium=api,sun apparel myanmar
#295 - Yoyika Garment,Yoyika Garment,2023-07-02,500.0,,,"In July 2023 it was reported that workers at Yoyika Garment factory, Myanmar, were facing forced overtime and unreasonably long hours.","Inhumane work rates and mandatory overtime,Unsafe working conditions",,https://www.business-humanrights.org/en/latest-news/myanmar-workers-at-yoyika-garment-factory-forced-to-work-overtime/?utm_source=mosaic&utm_medium=api,yoyika garment
#294 - Myanmar Tiannan Garment,Myanmar Tiannan Garment,2023-07-02,600.0,"Coolworks (Buyer),New Yorker (Buyer)",Myanmar Tiannan Garment allegedly supplies to New Yorker and Coolworks; Neither brands provided a response to a request for comment from the Resource Centre.,"In July 2023, it was reported that workers at Myanmar Tiannan Garment faced a series of violations, including wage deductions if workers take leave, excessive production targets and workers forced to quit if they fail to meet the targets requested, verbal abuse, the hiring of daily labourers who are forced to work overtime, and workers having to buy their own medical supplies if there is an injury in the factory.","Denial of leave,Denial of permanent contracts,Gender-based violence and harassment,Harassment intimidation and abuse,Inhumane work rates and mandatory overtime,Reduced wages and wage theft,Unsafe working conditions",https://www.business-humanrights.org/en/latest-news/myanmar-workers-at-myanmar-tiannan-garment-factory-report-several-rights-violations-incl-mandatory-overtime-excessive-production-targets-incl-co-responses/?utm_source=mosaic&utm_medium=api,https://www.business-humanrights.org/en/latest-news/myanmar-garment-workers-reportedly-face-wage-deductions-if-they-fail-to-meet-targets/?utm_source=mosaic&utm_medium=api,myanmar tiannan garment
#293 - Hosheng Myanmar Garment Factory,Hosheng Myanmar Garment Factory,2023-06-29,8.0,Inditex (Former buyer),"Hosheng Myanmar allegedly supplies to Inditex; Inditex provided a response to a request for comment from the Resource Centre, stating it stopped sourcing from the factory after hearing of the allegations in June 2023.","In June 2023, it was reported that five garment workers and three union activists are facing trial on incitement charges at a military court, after being arrested following protests demanding a pay rise at Hosheng Myanmar Garment.","Attacks on freedom of association,Imprisonment arrests & detention",https://www.business-humanrights.org/en/latest-news/myanmar-eight-garment-workers-union-leaders-at-inditex-supplier-face-trial-on-incitement-charges-at-military-court-after-protests-demanding-wage-increase-incl-co-response/?utm_source=mosaic&utm_medium=api,https://www.business-humanrights.org/en/latest-news/myanmar-military-arrests-ten-garment-workers-involved-in-strikes-demanding-pay-rose/?utm_source=mosaic&utm_medium=api,hosheng myanmar garment factory
#292 - Universal Apparel,Universal Apparel,2023-06-29,1000.0,"El Corte Inglés (Buyer),Mango (Buyer),Moores (Buyer)","Universal Apparel allegedly supplies to El Cortes Ingles, MANGO and Moores; El Cortes Ingles provided a response to a request for comment from the Resource Centre. Mango and Moores did not.","In June 2023, it was reported that workers at Universal Apparel were not being paid overtime pay in full for a year, and were calling for their backpay to be paid.",Reduced wages and wage theft,https://www.business-humanrights.org/en/latest-news/myanmar-garment-workers-at-universal-apparel-demand-unpaid-wages-incl-co-responses/?utm_source=mosaic&utm_medium=api,https://www.business-humanrights.org/en/latest-news/myanmar-garment-workers-call-for-backpay-of-overtime-wages-for-more-than-a-year/?utm_source=mosaic&utm_medium=api,universal apparel
#291 - Tain Yu,Tain Yu,2023-06-29,,,,"In June 2023 it was reported that workers at the Tain Yu shoe factory, Myanmar, were facing violations including long hours, pressure to work overtime, suppression of freedom of association and unsanitary working conditions.","Attacks on freedom of association,Inhumane work rates and mandatory overtime,Unsafe working conditions",,https://www.business-humanrights.org/en/latest-news/myanmar-workers-at-tain-yu-shoe-factory-report-long-hours-and-pressure-to-work-overtime/?utm_source=mosaic&utm_medium=api,tain yu
#290 - Wonderful Apparel,Wonderful Apparel,2023-06-28,450.0,"Kiabi (Reported buyer),New Yorker (Buyer),Pimkie (part of Association Familiale Mulliez) (Reported buyer),TROLLKIDS (Buyer)","Wonderful Apparel allegedly supplies to KIABI and Pimkie; KIABI provided a response to a request for comment from the Resource Centre, stating it does not source from the factory. Pimkie did not respond.
In January 2024, Pimkie stated it does not source from the factory. TROLLKIDS did not respond to a request for comment from the Resource Centre.
In September 2024, New Yorker did not respond to a request for comment from the Resource Centre.","In June 2023, it was reported that workers at the Wonderful Apparel factory in Myanmar were facing a series of violations, including forced and unpaid overtime if workers do not meet targets, pressure from supervisors if targets are not met, health issues due to the long working hours, and wage cuts if workers take leave.","Denial of leave,Inhumane work rates and mandatory overtime,Reduced wages and wage theft,Unsafe working conditions",https://www.business-humanrights.org/en/latest-news/myanmar-garment-workers-report-health-issues-due-to-mandatory-overtime-incl-co-resopnse/?utm_source=mosaic&utm_medium=api,https://www.business-humanrights.org/en/latest-news/myanmar-wonderful-apparel-co-factory-workers-claim-their-labour-rights-are-being-violated/?utm_source=mosaic&utm_medium=api,wonderful apparel
#289 - Honor Apparel Garment,Honor Apparel Garment,2023-06-27,1.0,"Bestseller (Reported buyer),C&A (Former buyer),HK Works London (Buyer),House (part of LPP S.A) (Buyer),KappAhl (Former buyer),Kiabi (Former buyer),LC Waikiki (Buyer),LPP Spółka Akcyjna (Buyer),ONLY (part of Bestseller) (Reported buyer),OVS SpA (Former buyer),Sinsay (part of LPP S.A.) (Buyer)","Honor Apparel allegedly supplies or has supplied to C&A, Kiabi, KappAhl, LPP S.A., OVS S.p.A, BESTSELLER, LC Waikiki and HK Works London. OVS S.p.A and LPP S.A provided a response to a request to comment from the Resource Centre. LC Waikiki and HK Works London did not.
Kiabi has previously stated it no longer sourced from the factory from April 2022. C&A has previously stated it no longer sources from Myanmar. KappAhl has previously stated its last order with the factory was placed in 2020.BESTSELLER has previously stated it does not source from the factory.","In June 2023, it was reported that a supervisor at Honor Apparel was illegally dismissed from the factory.",Unfair dismissal,https://www.business-humanrights.org/en/latest-news/myanmar-supervisor-reportedly-dismissed-illegally-from-honor-apparel-factory/?utm_source=mosaic&utm_medium=api,https://www.business-humanrights.org/en/latest-news/myanmar-union-reports-illegal-dismissal-of-supervisor-at-honor-apparel-garment-factory/?utm_source=mosaic&utm_medium=api,honor apparel garment
#288 - Guang Ming Garment,Guang Ming Garment,2023-06-27,,,,"In June 2023 it was reported that workers at the Guang Ming Garment factory, Myanmar, were facing a series of violations including child labour, unpaid overtime and verbal abuse.","Child labour,Gender-based violence and harassment,Harassment intimidation and abuse,Reduced wages and wage theft",,https://www.business-humanrights.org/en/latest-news/myanmar-workers-at-guang-ming-garment-factory-abused-by-supervisors/?utm_source=mosaic&utm_medium=api,guang ming garment
#287 - Zuyuan Edenweiss Sanwa,Zuyuan Edenweiss Sanwa,2023-06-26,270.0,,,"In June 2023, it was reported that workers at the Zuyuan Edenweiss Sanwa factory in Myanmar faced a series of violations including denial of leave, low wages and inadequate provision of healthcare.","Denial of leave,Reduced wages and wage theft,Unsafe working conditions",,https://www.business-humanrights.org/en/latest-news/myanmar-garment-workers-call-for-health-care-and-highlight-denial-of-leave-and-low-wages/?utm_source=mosaic&utm_medium=api,zuyuan edenweiss sanwa
#286 - RONG DA GARMENTS MYANMAR,RONG DA GARMENTS MYANMAR,2023-06-25,1300.0,LC Waikiki (Buyer),Rong Da garment factory allegedly supplies to LC Waikiki; LC Waikiki provided a response to a request for comment from the Resource Centre.,"On 14 December 2021, a worker at Rong Da garment factory was reportedly dismissed after she was injured in the workplace and received just 20,000 kyat in compensation.","Reduced wages and wage theft,Unfair dismissal",https://www.business-humanrights.org/en/latest-news/myanmar-garment-worker-dismissed-after-injury-incl-co-non-response/?utm_source=mosaic&utm_medium=api,https://www.business-humanrights.org/en/latest-news/myanmar-workers-at-rong-da-garment-factory-forced-to-work-overtime/?utm_source=mosaic&utm_medium=api,rong da garments myanmar
#285 - Kfine International Garment (Myanmar),Kfine International Garment (Myanmar),2023-06-25,1000.0,"Bestseller (Buyer),LPP Spółka Akcyjna (Buyer)",Kfine International Garment (Myanmar) allegedly supplies to BESTSELLER and LPP S.A for its Reserved brand; Both brands provided a response to a request for comment from the Resource Centre.,"In June 2023, it was reported that workers at Kfine International Garment (Myanmar) were facing a series of violations, including mandatory overtime until 10:30pm - incl. the weekend - causing health issues. Workers also reported no access to food at the factory, workers' wages being cut if they suffer from health problems incl. fainting or illness, low wages, and limited access to ferries for workers to return home from shifts. Workers stated that when they complained to the relevant labour department, during the inspection they were unable to answer questions truthfully, as management was nearby.","Harassment intimidation and abuse,Inhumane work rates and mandatory overtime,Reduced wages and wage theft,Unsafe working conditions",https://www.business-humanrights.org/en/latest-news/myanmar-workers-at-kfine-internional-garment-factory-reportedly-face-wage-cuts-if-they-suffer-from-health-problems-incl-fainting-or-illness-incl-co-responses/?utm_source=mosaic&utm_medium=api,https://www.business-humanrights.org/en/latest-news/myanmar-garment-workers-allegedly-supplying-reserved-report-suffering-health-issues-due-to-mandatory-overtime/?utm_source=mosaic&utm_medium=api,kfine international garment (myanmar)
#284 - Myanmar York,Myanmar York,2023-06-23,3000.0,"Bestseller (Buyer),Hennes & Mauritz (H&M) (Buyer),Inditex (Reported buyer),WE Fashion (Buyer),Zara (part of Inditex) (Reported buyer)","Myanmar York garment factory allegedly supplies to Inditex for its ZARA brand, BESTSELLER, H&M and WE Fashion; All brands provided a response to a request for comment from the Resource Centre. Inditex stated it does not source from the factory.","In June 2023 it was reported that workers at the Myanmar York garment factory faced a series of violations, including overtime, no ferries provided to enable workers to return home after late shifts, pregnant workers denied maternity leave, excessive production targets, and the Workplace Coordination Committee unable to respond to workers’ difficulties.","Attacks on freedom of association,Denial of leave,Gender-based violence and harassment,Inhumane work rates and mandatory overtime,Unsafe working conditions",https://www.business-humanrights.org/en/latest-news/myanmar-garment-workers-allegedly-face-labour-rights-abuses-incl-denial-of-maternity-leave-mandatory-overtime-incl-co-responses/?utm_source=mosaic&utm_medium=api,https://www.business-humanrights.org/en/latest-news/myanmar-more-than-3000-workers-at-myanmar-york-factory-suffering-rights-violations/?utm_source=mosaic&utm_medium=api,myanmar york
#283 - Myanmar Jiale Fashion Garment,Myanmar Jiale Fashion Garment,2023-06-22,1000.0,"Hennes & Mauritz (H&M) (Buyer),Inditex (Former buyer),OYSHO (part of Inditex) (Former buyer),Zara (part of Inditex) (Former buyer)","Myanmar Jiale Fashion Garment allegedly supplies to H&M and Inditex for its OYSHO and ZARA brands; H&M and Inditex provided a response to a request for comment from the Resource Centre. In October 2023, Inditex stated it no longer sources from the factory.","In July 2023, it was reported that workers at the factory were facing a series of violations, including workers being forced to quit their jobs if they don't work overtime and workers facing wage cut despite the employer stating wages would increase.","Inhumane work rates and mandatory overtime,Reduced wages and wage theft",https://www.business-humanrights.org/en/latest-news/myanmar-garment-workers-reportedly-forced-to-quiet-if-they-refuse-overtime-incl-co-responses/?utm_source=mosaic&utm_medium=api,https://www.business-humanrights.org/en/latest-news/myanmar-workers-report-multiple-labour-rights-abuses-at-myanmarjiale-fashion-garment-factory/?utm_source=mosaic&utm_medium=api,myanmar jiale fashion garment
#282 - AMG Garment,AMG Garment,2023-06-21,1000.0,"ALPS (Buyer),Lidl (Buyer)",AMG Garment allegedly supplies to Lidl for its Esmara brand and ALPS Brands; Lidl provided a response to a request for comment from the Resource Centre. ALPS Brands did not.,"In June 2023, it was reported that workers at AMG Factory were reportedly facing poverty wage, as workers' demands for increased pay and overtime pay in accordance to the law were not accepted by the employer. Workers also reported union leaders being monitored and threatened.","Attacks on freedom of association,Harassment intimidation and abuse,Reduced wages and wage theft",https://www.business-humanrights.org/en/latest-news/myanmar-garment-workers-demand-wage-increase-to-5600-kyats-incl-co-responses/?utm_source=mosaic&utm_medium=api,https://www.business-humanrights.org/en/latest-news/myanmar-workers-at-amg-factory-reported-to-have-faced-poverty-wage-and-attacks-on-freedom-of-association/?utm_source=mosaic&utm_medium=api,amg garment
#281 - S.M Myanmar Garment,S.M Myanmar Garment,2023-06-19,200.0,,,"In June 2023, it was reported that workers were facing a series of violations, including denial of leave, denial of social security benefits, cuts to wages despite recent wage increase, excessive production targets resulting in workers not taking toilet breaks or drinking water, verbal abuse and workers told to leave work when they cannot meet targets, and workers pressured to quit if they take leave or fail to meet targets.","Business-military collusion,Denial of leave,Gender-based violence and harassment,Harassment intimidation and abuse,Inhumane work rates and mandatory overtime,Reduced wages and wage theft,Unsafe working conditions",,https://www.business-humanrights.org/en/latest-news/myanmar-garment-workers-report-cut-in-pay-following-daily-wage-increase/?utm_source=mosaic&utm_medium=api,s.m myanmar garment
#280 - Amava Apparel,Amava Apparel,2023-06-17,1000.0,"Blåkläder (Buyer),Frasers Group (Buyer),Karrimor (Buyer)",Amava Apparel allegedly supplies to Blaklader and Fraser Group for its Karrimor brand; Blaklader provided a response to a request for comment from the Resource Centre. Frasers Group did not.,"In June 2023, it was reported that workers at the Amava Apparel factory were facing a series of violations, including union leaders and members being discriminated against and prevented from engaging with workers, workers threatened to not join the union, day labourers denied rights and fired one day before six months of service and called back to work, wage cuts if workers take days off work, and the factory preventing workers from taking medical leave.","Attacks on freedom of association,Denial of leave,Denial of permanent contracts,Harassment intimidation and abuse,Reduced wages and wage theft,Unfair dismissal,Unsafe working conditions",https://www.business-humanrights.org/en/latest-news/myanmar-union-leaders-reportedly-face-discrimination-at-amava-apparel-factory/?utm_source=mosaic&utm_medium=api,https://www.business-humanrights.org/en/latest-news/myanmar-garment-factory-reportedly-violating-tripartite-contract-with-workers/?utm_source=mosaic&utm_medium=api,amava apparel
#279 - Amava Apparel,Amava Apparel,2023-06-17,1000.0,"Blåkläder (Buyer),Frasers Group (Buyer),Karrimor (Buyer)",Amava Apparel allegedly supplies to Frasers Group for its Karrimor brand and Blaklader; Blaklader provided a response to a request for comment from the Resource Centre. Frasers Group did not.,"On 4 May 2023, Amava Apparel allegedly violated terms of a contract, signed between the employer, workers and the local government in 2019, stemming from protests that had taken place over oppression and sexual harassment in the workplace.",Gender-based violence and harassment,https://www.business-humanrights.org/en/latest-news/myanmar-union-leaders-reportedly-face-discrimination-at-amava-apparel-factory/?utm_source=mosaic&utm_medium=api,https://www.business-humanrights.org/en/latest-news/myanmar-garment-factory-reportedly-violating-tripartite-contract-with-workers/?utm_source=mosaic&utm_medium=api,amava apparel
#278 - Hakers Enterprise Myanmar,Hakers Enterprise Myanmar,2023-06-16,,"Lidl (Buyer),Regatta (Buyer),Tchibo (part of Maxingvest) (Former buyer)","Hakers Enterprise Myanmar allegedly supplies to Lidl, Regatta and Tchibo; Lidl All brands provided a response to a request for comment from the Resource Centre. Tchibo stated its last orders with the factory were in August 2022","In February 2023, it was reported that workers at Hakers Enterprise Myanmar faced a number of violations, including low wages, denial of benefits, and excessive production targets.","Inhumane work rates and mandatory overtime,Reduced wages and wage theft",https://www.business-humanrights.org/en/latest-news/myanmar-garment-workers-at-hakers-enterprise-myanmar-factory-face-series-of-violations-incl-excessive-production-targets-incl-co-responses/?utm_source=mosaic&utm_medium=api,https://www.business-humanrights.org/en/latest-news/myanmar-garment-workers-report-labour-rights-violations-amid-job-scarcity-high-cost-of-living/?utm_source=mosaic&utm_medium=api,hakers enterprise myanmar
#277 - Gainway International (Myanmar),Gainway International (Myanmar),2023-06-13,900.0,"Carrefour (Former buyer),Etam Groupe (Buyer),Hennes & Mauritz (H&M) (Reported buyer),Kiabi (Former buyer),Primark (part of Associated British Foods) (Former buyer),Tesco (Reported buyer)","Gainway International (Myanmar) allegedly supplies or has supplied to Tesco, H&M, Primark, KIABI, Carrefour and Etam; Tesco, H&M, Primark, and KIABI provided a response to a request for comment from the Resource Centre. Tesco stated it stopped sourcing from Myanmar in Spring 2022, but works with Gainway in other countries. Carrefour and Etam did not respond.

In September 2024, H&M informed us it no longer or did not source from the factory. Primark stated it had stopped sourcing from Myanmar in October 2023. Carrefour stated it had stopped sourcing from the factory in 2022. KIABI stated its last shipment order was in May 2024.","In June 2023, it was reported that 800 out of 900 workers, including supervisors, at Gainway International (Myanmar) protested for a wage increase to 5,600 kyat. Following the protests, the factory agreed to meet workers' demands and a settlement was reached.",Reduced wages and wage theft,https://www.business-humanrights.org/en/latest-news/myanmar-eight-hundred-workers-at-garment-factory-protest-for-wage-increase-incl-co-responses/?utm_source=mosaic&utm_medium=api,https://www.business-humanrights.org/en/latest-news/myanmar-garment-workers-to-receive-pay-rise-following-protests/?utm_source=mosaic&utm_medium=api,gainway international (myanmar)
#276 - Sung Bo Garment Factory,Sung Bo Garment Factory,2023-06-10,17.0,"CMP Sport (Buyer),Lidl (Former buyer)","Sung Bo Garment Factory allegedly supplies to Lidl and CMP Sport; Lidl provided a response to a request for comment from the Resource Centre, stating it no longer has a relationship with the factory. CMP Sport did not respond.","In June 2023, it was reported that 17 workers at Sung Bo Garment factory were not receiving the recent wage increase of 5,200 kyats.",Reduced wages and wage theft,https://www.business-humanrights.org/en/latest-news/myanmar-seventeen-workers-at-sung-bo-garment-factory-reportedly-denied-wage-increase-incl-co-response/?utm_source=mosaic&utm_medium=api,https://www.business-humanrights.org/en/latest-news/myanmar-17-workers-at-sung-bo-garment-factory-reported-wage-discrimination/?utm_source=mosaic&utm_medium=api,sung bo garment factory
#275 - Kfine International Garment (Myanmar),Kfine International Garment (Myanmar),2023-06-10,1000.0,"Bestseller (Buyer),LPP Spółka Akcyjna (Buyer),Reserved (part of LPP Spółka Akcyjna) (Buyer)",Kfine International Garment (Myanmar) allegedly supplies to BESTSELLER and LPP S.A for its Reserved brand; Both brands provided a response to a request for comment from the Resource Centre.,"In June 2023, it was reported that workers at the Kfine International Garment (Myanmar) faced a series of violations, including the denial of permanent contracts for day labourers, who face poor working conditions, such as reduced overtime pay, mandatory overtime or else they face dismissal without payment,  verbal abuse and excessive production targets. Many of the day labourers are reported to be 13-15 years old. Workers also reported pregnant workers being illegally fired without reason.","Child labour,Denial of permanent contracts,Gender-based violence and harassment,Harassment intimidation and abuse,Inhumane work rates and mandatory overtime,Reduced wages and wage theft,Unfair dismissal",https://www.business-humanrights.org/en/latest-news/myanmar-garment-workers-at-kfine-international-garment-workers-face-multiple-labour-rights-abuses-incl-co-responses/?utm_source=mosaic&utm_medium=api,https://www.business-humanrights.org/en/latest-news/myanmar-garment-workers-report-multiple-labour-rights-abuses-at-kfine-international-garment-myanmar-factory/?utm_source=mosaic&utm_medium=api,kfine international garment (myanmar)
#274 - Sen Yu/Zhejian Newway (Myanmar),Sen Yu/Zhejian Newway (Myanmar),2023-06-06,600.0,"LC Waikiki (Former buyer),New Yorker (Buyer)","Sen Yu allegedly supplies to LPP, New Yorker and LC Waikiki; LPP and LC Waikiki provided a response to a request for comment from the Resource Centre. LPP stated it does not source from the factory. LC Waikiki stated its last orders were completed between May-July 2024.  New Yorker did not provide a response.","In June 2023, workers at the Sen Yu factory in Myanmar reported facing multiple violations including forced and underpaid overtime, suppression of freedom of association and low pay.","Attacks on freedom of association,Inhumane work rates and mandatory overtime,Reduced wages and wage theft",https://www.business-humanrights.org/en/latest-news/myanmar-garment-workers-report-cut-in-pay-if-they-refuse-to-work-overtime-incl-co-responses/?utm_source=mosaic&utm_medium=api,https://www.business-humanrights.org/en/latest-news/myanmar-violation-of-labour-rights-at-sen-yu-garment-factory/?utm_source=mosaic&utm_medium=api,sen yu/zhejian newway (myanmar)
#273 - Yuan Hong Garment,Yuan Hong Garment,2023-06-06,800.0,,,"In June 2023 it was reported that workers at Yuan Hong Garment factory faced a series of violations, including denial of wages, forced overtime and denial of freedom of association.","Attacks on freedom of association,Denial of leave,Inhumane work rates and mandatory overtime,Reduced wages and wage theft",,https://www.business-humanrights.org/en/latest-news/myanmar-allegations-of-labour-rights-violations-at-the-yuan-hong-garment-factory/?utm_source=mosaic&utm_medium=api,yuan hong garment
#272 - Honor Apparel Garment,Honor Apparel Garment,2023-06-06,1000.0,"Bestseller (Reported buyer),C&A (Former buyer),HK Works London (Buyer),House (part of LPP S.A) (Buyer),KappAhl (Former buyer),Kiabi (Former buyer),LC Waikiki (Buyer),LPP Spółka Akcyjna (Buyer),ONLY (part of Bestseller) (Reported buyer),OVS SpA (Former buyer),Sinsay (part of LPP S.A.) (Buyer)","Honor Apparel allegedly supplies or has supplied to C&A, Kiabi, KappAhl, LPP S.A., OVS S.p.A, BESTSELLER, LC Waikiki and HK Works London. OVS S.p.A and LPP S.A provided a response to a request to comment from the Resource Centre. LC Waikiki and HK Works London did not.
Kiabi has previously stated it no longer sourced from the factory from April 2022. C&A has previously stated it no longer sources from Myanmar. KappAhl has previously stated its last order with the factory was placed in 2020.BESTSELLER has previously stated it does not source from the factory.","In June 2023, it was reported that workers at Honor Apparel went on a strike demanding a pay rise to 5600 kyats, an increase in overtime pay, and a change in the payment system.",Reduced wages and wage theft,,https://www.business-humanrights.org/en/latest-news/myanmar-over-1000-garment-workers-at-honor-apparel-factory-protest-for-wage-increase/?utm_source=mosaic&utm_medium=api,honor apparel garment
#271 - W&F Group,W&F Group,2023-06-06,800.0,,,"In July 2023, it was reported that workers at W&F Group factory were forced to work over 80 hours a week, resulting in workers feeling mentally, physically and emotionally weak. Despite inspectors from the Labour Office coming to the factory following complaints from workers, workers were forced to continue working overtime as usual three days after the inspection.","Inhumane work rates and mandatory overtime,Unsafe working conditions",,https://www.business-humanrights.org/en/latest-news/myanmar-garment-workers-forced-to-work-overtime-following-inspections/?utm_source=mosaic&utm_medium=api,w&f group
#270 - Zhejiang Tongli Clothing,Zhejiang Tongli Clothing,2023-06-06,1540.0,Hennes & Mauritz (H&M) (Buyer),Zhejiang Tongli Clothing allegedly supplies to H&M. H&M provided a response to a request for comment from the Resource Centre.,"In June 2023, it was reported that workers at Zhejiang Tongli Garment Factory demand higher daily wage and full time contracts.",Reduced wages and wage theft,https://www.business-humanrights.org/en/latest-news/myanmar-workers-at-alleged-hm-supplier-demand-higher-wages-full-time-contracts-incl-co-response/?utm_source=mosaic&utm_medium=api,https://www.business-humanrights.org/en/latest-news/myanmar-workers-zhejiang-tongli-garment-factory-demand-wage-and-contract-improvement/?utm_source=mosaic&utm_medium=api,zhejiang tongli clothing
#269 - Hen Bo,Hen Bo,2023-06-06,600.0,"Inditex (Reported buyer),Zara (part of Inditex) (Reported buyer)","Hen Bo allegedly supplies to Inditex for its ZARA brand; Inditex provided a response to a request for comment from the Resource Centre, stating it does not source from the factory.","In June 2023 it was reported that workers at the Hen Bo factory faced a series of violations including low pay and non-payment of holiday pay, excessive production targets and verbal abuse if workers fail to meet targets, dismissal if day labourers take leave and a warning if permanent workers take leave, denial of social security benefits, denial of medical leave, day labourers denied employment, limited access to clean drinking toilets and clean toilets, unreasonable working hours and workers forced to sleep in the factory due to working hours and limited ferries to transport workers home.","Denial of leave,Denial of permanent contracts,Gender-based violence and harassment,Harassment intimidation and abuse,Inhumane work rates and mandatory overtime,Reduced wages and wage theft,Unfair dismissal,Unsafe working conditions",https://www.business-humanrights.org/en/latest-news/myanmar-workers-at-hen-bo-garment-factory-report-multiple-labour-rights-abuses-incl-denial-of-medical-leave-unhygienic-working-conditions-incl-co-response/?utm_source=mosaic&utm_medium=api,https://www.business-humanrights.org/en/latest-news/myanmar-day-laborers-in-garment-factory-work-for-3600-kyats-a-day-and-are-denied-leave/?utm_source=mosaic&utm_medium=api,hen bo
#268 - Popular Garment/Beaume International Garment,Popular Garment/Beaume International Garment,2023-06-02,885.0,"Iturri (Buyer),JD Sports Fashion (Reported buyer),Jeans Fritz (Buyer),Lidl (Former buyer),Regatta (Former buyer)","Popular Garment allegedly supplies or has supplied to to Lidl, Regatta and JD Sports; Regatta stated it does not have current business with the factory in response to a request for comment from the Resource Centre. JD Sports previously stated in 2022 that it had not proceeded with production at the factory after authorisation. Lidl has previously stated that it had stopped business with the factory from September 2021. In September 2024, Iturri and Jeans Fritz were invited to respond. They did not.","In June 2023, it was reported that workers at Popular Garment went on a strike demanding a pay rise to 5600 kyats. Workers also called for targets that workers can meet, ferries to transport workers to the factory, and hot and cold water facilities.","Inhumane work rates and mandatory overtime,Reduced wages and wage theft,Unsafe working conditions",https://www.business-humanrights.org/en/latest-news/myanmar-garment-workers-strike-demanding-pay-rise-management-targets-water-facilities-transport-incl-co-response/?utm_source=mosaic&utm_medium=api,https://www.business-humanrights.org/en/latest-news/myanmar-garment-workers-strike-for-wage-increase/?utm_source=mosaic&utm_medium=api,popular garment/beaume international garment
#267 - Ten Da Garment,Ten Da Garment,2023-06-02,500.0,"LPP Spółka Akcyjna (Reported buyer),Mohito (part of LPP S.A.) (Reported buyer),Tendam (Reported buyer)","Ten Da Garment allegedly supplies to Tendam and LPP S.A for its MOHITO brand; both brands provided a response to a request for comment from the Resource Centre, stating they do not source from the factory.","In June 2023, it was reported that workers at Ten Da Garment factory were facing a series of violations, including excessive production targets, verbal abuse, unpaid and mandatory overtime and the dismissal of pregnant workers.","Gender-based violence and harassment,Harassment intimidation and abuse,Inhumane work rates and mandatory overtime,Reduced wages and wage theft,Unfair dismissal",https://www.business-humanrights.org/en/latest-news/myanmar-garment-workers-report-dismissal-of-pregnant-workers-verbal-abuse-mandatory-overtime-incl-co-responses/?utm_source=mosaic&utm_medium=api,https://www.business-humanrights.org/en/latest-news/myanmar-garment-workers-allege-their-rights-are-being-severely-violated-at-ten-da-garment-factory/?utm_source=mosaic&utm_medium=api,ten da garment
#266 - Jinli Wool Factory,Jinli Wool Factory,2023-05-30,270.0,Hennes & Mauritz (H&M) (Buyer),Jinli Wool Factory allegedly supplies to H&M; H&M provided a response to a request for comment from the Resource Centre.,"In May 2023, it was reported that workers at Jinli Wool Factory were facing a series of violations, including mandatory overtime, the hiring of day labourers who are denied leave and fired if they are not needed, workers skipping meals to work, and workers forced to do other jobs incl. cutting trees, collecting garbage, cutting grass and washing cars.","Denial of leave,Denial of permanent contracts,Inhumane work rates and mandatory overtime,Unfair dismissal,Unsafe working conditions",https://www.business-humanrights.org/en/latest-news/myanmar-workers-at-alleged-hm-supplier-report-violations-incl-mandatory-overtime-and-dismissal-of-day-labourers-incl-co-response/?utm_source=mosaic&utm_medium=api,https://www.business-humanrights.org/en/latest-news/myanmar-garment-workers-at-alleged-hm-supplier-report-multiple-rights-violations/?utm_source=mosaic&utm_medium=api,jinli wool factory
#265 - Myanmar Sunway Shoes,Myanmar Sunway Shoes,2023-05-29,300.0,"Hennes & Mauritz (H&M) (Buyer),MUJI (part of Ryohin Keikaku) (Former buyer)",Myanmar Sunway Shoes allegedly supplies to H&M and MUJI; Both brands provided a response to a request for comment from the Resource Centre. MUJI stated it stopped sourcing from Myanmar in August 2023.,"In May 2023, it was reported that workers at Myanmar Sunway Shoes factory faced a series of violations, including mandatory overtime without consent, and physical abuse if workers did not meet the factory's high targets.","Gender-based violence and harassment,Harassment intimidation and abuse,Inhumane work rates and mandatory overtime",https://www.business-humanrights.org/en/latest-news/myanmar-workers-at-myanmar-sunway-shoes-factory-reportedly-assaulted-if-they-fail-to-meet-targets-incl-co-responses/?utm_source=mosaic&utm_medium=api,https://www.business-humanrights.org/en/latest-news/myanmar-workers-at-shoe-factory-reportedly-subjected-to-labour-rights-violations-incl-denial-of-leave-mandatory-overtime-and-physical-abuse/?utm_source=mosaic&utm_medium=api,myanmar sunway shoes
#264 - Zong Hong,Zong Hong,2023-05-27,2700.0,"Bestseller (Buyer),Inditex (Buyer),LPP Spółka Akcyjna (Buyer),New Yorker (Buyer),ONLY (part of Bestseller) (Buyer),Primark (part of Associated British Foods) (Former buyer),Sinsay (part of LPP S.A.) (Buyer)","Zong Hong (Myanmar) Garment allegedly supplies or has supplied to Inditex for its Zara brand, Primark, New Yorker for its FBSister brand, BESTSELLER for its ONLY brand and LPP S.A for its Sinsay brand. Inditex BESTSELLER and LPP S.A. provided a response to a request for comment from the Resource Centre. New Yorker did not respond. Primark has previously stated it ceased business with the factory in June 2022.","In May 2023, it was reported that workers at Zong Hong garment factory faced a series of violations, including excessive production targets, verbal abuse, denial of leave, mandatory overtime and reduced wages if workers refused to work overtime, and the Workplace Coordination Committee not engaging with the workers on their issues.","Attacks on freedom of association,Denial of leave,Gender-based violence and harassment,Harassment intimidation and abuse,Inhumane work rates and mandatory overtime,Reduced wages and wage theft",,https://www.business-humanrights.org/en/latest-news/myanmar-workers-at-zong-hong-garment-reported-mandatory-overtime-excessive-production-target-and-intimidation/?utm_source=mosaic&utm_medium=api,zong hong
#263 - Win & Win,Win & Win,2023-05-24,110.0,,,"In May 2023, it was reported that workers at the Win & Win bag factory were denied compensation when the factory closed in December 2022, and are now being told to work at another factory or resign.",Reduced wages and wage theft,,https://www.business-humanrights.org/en/latest-news/myanmar-garment-workers-denied-legal-compensation-after-factory-closure/?utm_source=mosaic&utm_medium=api,win & win
#262 - Xida Home,Xida Home,2023-05-23,,,,"On 22 May 2023, a worker was reportedly beaten and injured by a supervisor for refusing to work overtime. The worker's friend was also beaten and injured. The workers filed a complaint with the police, but were pressured by the factory to withdraw their complaint.","Harassment intimidation and abuse,Inhumane work rates and mandatory overtime",,https://www.business-humanrights.org/en/latest-news/myanmar-garment-worker-beaten-by-supervisor-after-refusing-to-work-overtime/?utm_source=mosaic&utm_medium=api,xida home
#261 - Myanmar of Hua Meng,Myanmar of Hua Meng,2023-05-23,2000.0,"Bonprix (part of Otto Group) (Buyer),House (part of LPP S.A) (Buyer),LPP Spółka Akcyjna (Buyer),Mohito (part of LPP S.A.) (Buyer),Otto (Buyer),Sergio Tachini (Buyer),Sinsay (part of LPP S.A.) (Buyer),ZU (Buyer)","Myanmar of Hua Meng factory allegedly supplies to LPP S.A for its HOUSE, Mohito and Sinsay brands, Otto Group for its Bon Prix brand, ZU and Sergio Tachini; LPP S.A and Otto Group provided a response to a request for comment from the Resource Centre. ZU and Sergio Tachini did not.","In May 2023, it was reported that workers at Myanmar of Hua Meng factory faced a series of violations, including mandatory overtime, denial of maternity leave for pregnant workers, excessive production targets, workers forced to hand their phones over to security staff, unsanitary working conditions incl. insufficient toilets, lack of adequate drinking water and unhygienic dining area. Workers also reported supervisors verbally and physically abusing workers.","Denial of leave,Gender-based violence and harassment,Harassment intimidation and abuse,Inhumane work rates and mandatory overtime,Unsafe working conditions",https://www.business-humanrights.org/en/latest-news/myanmar-garment-workers-report-physical-verbal-abuse-from-supervisors-incl-co-responses/?utm_source=mosaic&utm_medium=api,https://www.business-humanrights.org/en/latest-news/myanmar-workers-report-several-labour-rights-abuses-incl-mandatory-overtime-unsanitary-working-conditions-abuse/?utm_source=mosaic&utm_medium=api,myanmar of hua meng
#260 - Yar Thet Pan,Yar Thet Pan,2023-05-19,50.0,,,"In May 2023, it was reported that workers at Yar Thet Pan shoe factory faced denial of owed wages and social security benefits, with denial of social security affecting pregnant women in particular.","Denial of leave,Gender-based violence and harassment,Reduced wages and wage theft,Unsafe working conditions",,https://www.business-humanrights.org/en/latest-news/myanmar-workers-at-yar-thet-pan-shoe-factory-report-that-they-do-not-receive-the-wages-and-benefits-theyre-entitled-to/?utm_source=mosaic&utm_medium=api,yar thet pan
#259 - Sanyuan Oversea (Myanmar),Sanyuan Oversea (Myanmar),2023-05-06,2500.0,"Inditex (Buyer),Mango (Buyer),Piazza Italia (Buyer),Stradivarius (part of Inditex) (Buyer),adidas (Reported buyer)","Sanyuan Oversea allegedly supplies to Mango, Piazza Italia, Inditex for its Stradivarius brand, and adidas; Inditex and adidas provided a response to a request for comment from the Resource Centre. adidas stated it does not source from the factory. Mango and Piazza Italia did not respond.","In May 2023, it was reported that workers at Sanyuan oversea faced a series of violations, including unpaid overtime pay, workers forced to lie when brands inspect the factory, and verbal abuse if the workers don’t answer inspectors correctly.","Gender-based violence and harassment,Harassment intimidation and abuse,Reduced wages and wage theft",https://www.business-humanrights.org/en/latest-news/myanmar-workers-at-sanyuan-oversea-factory-report-unpaid-overtime-verbal-abuse-incl-co-response/?utm_source=mosaic&utm_medium=api,https://www.business-humanrights.org/en/latest-news/myanmar-workers-at-sanyuan-over-sea-1-reported-wage-theft-mandatory-overtime-and-intimidation/?utm_source=mosaic&utm_medium=api,sanyuan oversea (myanmar)
#258 - Myanmar Lucky Fortune Garment,Myanmar Lucky Fortune Garment,2023-05-04,1000.0,"Bestseller (Reported buyer),Inditex (Former buyer),LPP Spółka Akcyjna (Buyer),ONLY (part of Bestseller) (Reported buyer),Pull & Bear (part of Inditex) (Former buyer),Sinsay (part of LPP S.A.) (Buyer),Stradivarius (part of Inditex) (Former buyer),Workman (Buyer),Zara (part of Inditex) (Former buyer)","Myanmar Lucky Fortune Garment allegedly supplies or has supplied to Inditex for its ZARA, Stradivarius and Pull&Bear brands, LPP S.A. for its Sinsay brand, and BESTSELLER for its ONLY brand; Inditex and LPP S.A provided a response to a request for comment from the Resource Centre. BESTSELLER has previously informed us that it does not source from the factory.
In September 2024, Workman provided a response to a request for comment from the Resource Centre.
In September 2024, Inditex informed us that it no longer sources from Myanmar.","In May 2023, it was reported that workers at Lucky Fortune were facing a series of violations, including frequent military visits due to the military having their clothes made in the factory, limited breaks for workers to eat, workers having to pay for drinking water and first aid, and the Workplace Coordination Committee working according to the employer’s wishes.","Attacks on freedom of association,Business-military collusion,Unsafe working conditions",https://www.business-humanrights.org/en/latest-news/myanmar-garment-workers-at-lucky-fortune-factory-reportedly-face-frequent-military-visits-as-they-manufacture-their-clothes-incl-co-responses/?utm_source=mosaic&utm_medium=api,https://www.business-humanrights.org/en/latest-news/myanmar-workers-at-lucky-fortune-reported-labour-rights-abuses-including-mandatory-overtime-and-intimidation/?utm_source=mosaic&utm_medium=api,myanmar lucky fortune garment
#257 - Princess Power Manufacturing,Princess Power Manufacturing,2023-05-04,450.0,"NKD (Buyer),SPAO (Buyer)",Princess Power Manufacturing allegedly supplies to SPAO and NKD Group for its Laura Torelli brand; NKD Group provided a response to a request for comment from the Resource Centre. SPAO did not.,"In May 2023, it was reported that workers at the Princess Power Manufacturing factory faced wage cuts if they take leave, including sick leave, and were not provided with social security cards despite paying for it through their wages.","Denial of leave,Reduced wages and wage theft,Unsafe working conditions",https://www.business-humanrights.org/en/latest-news/myanmar-garment-workers-reportedly-face-wage-cuts-if-they-take-leave-denied-social-security-benefits-incl-co-response/?utm_source=mosaic&utm_medium=api,https://www.business-humanrights.org/en/latest-news/myanmar-garment-workers-at-princess-power-factory-report-wage-cuts-if-workers-take-leave/?utm_source=mosaic&utm_medium=api,princess power manufacturing
#256 - Shuangxi (Myanmar) Garment,Shuangxi (Myanmar) Garment,2023-04-28,600.0,JAKO (Former buyer),"Shuangxi Myanmar allegedly supplies to JAKO; JAKO provided a response to a request for comment from the Resource Centre. In September 2024, JAKO stated it had withdrawn production from Myanmar and no longer sources from the factory.","In April 2023, it was reported that workers at Shuangxi Myanmar factory faced abuses including denial of leave, mandatory overtime, excessive production targets and verbal abuse if targets are not met, workers prevented from talking to each other during working hours, wage deductions if workers are late to work, and denial of permanent contracts.","Denial of leave,Denial of permanent contracts,Gender-based violence and harassment,Harassment intimidation and abuse,Inhumane work rates and mandatory overtime,Reduced wages and wage theft",https://www.business-humanrights.org/en/latest-news/myanmar-garment-workers-allegedly-face-mandatory-overtime-excessive-production-targets-verbal-abuse-incl-co-response/?utm_source=mosaic&utm_medium=api,https://www.business-humanrights.org/en/latest-news/myanmar-workers-at-shuangxi-myanmar-factory-reported-denial-of-leaves-mandatory-overtime-excessive-production-targets-and-denial-of-permanent-contracts/?utm_source=mosaic&utm_medium=api,shuangxi (myanmar) garment
#255 - De Xin,De Xin,2023-04-28,,,,"In April 2023, it was reported that workers at De Xin factory faced a series of violations, including wage deductions incl. wage cuts if workers don't work during the weekend or holidays, denial of social security benefits and lack of provisions for the hot weather.","Denial of leave,Inhumane work rates and mandatory overtime,Reduced wages and wage theft,Unsafe working conditions",,https://www.business-humanrights.org/en/latest-news/myanmar-garment-workers-reportedly-denied-benefits-face-wage-deductions/?utm_source=mosaic&utm_medium=api,de xin
#254 - Huabo Times,Huabo Times,2023-04-24,1000.0,"Bestseller (Buyer),Inditex (Buyer),ONLY (part of Bestseller) (Buyer),Primark (part of Associated British Foods) (Former buyer),Vero Moda (part of Bestseller) (Buyer),Zara (part of Inditex) (Buyer)","Huabo Times allegedly supplies to BESTSELLER (parent company of ONLY, VERO MODA), Inditex (parent company of ZARA) and Primark; all three companies provided responses to a request for comment from the Resource Centre. Primark stated it stopped sourcing from the factory in Oct 2021.","In April 2023, it was reported that workers were experiencing health problems due to mandatory overtime work and denial of leave. Women workers also faced safety risks returning home from late overnight shifts due to the political situation and military checkpoints.","Denial of leave,Inhumane work rates and mandatory overtime,Unsafe working conditions",https://www.business-humanrights.org/en/latest-news/myanmar-workers-at-huabo-times-factory-allegedly-physically-verbally-abused-by-supervisor-incl-co-responses/?utm_source=mosaic&utm_medium=api,https://www.business-humanrights.org/en/latest-news/myanmar-women-garment-workers-forced-to-work-overtime-facing-safety-risks-returning-home-at-night/?utm_source=mosaic&utm_medium=api,huabo times
#253 - Myanmar LNY Caps,Myanmar LNY Caps,2023-04-21,750.0,"'47 (Buyer),Cap America (Buyer),Otto Caps (Buyer)","Myanmar LNY Caps allegedly supplies to Otto Caps, '47 Brand, and Cap America; None of the brands provided a response to a request for comment from the Resource Centre.","In April 2023, it was reported that workers at LNY Caps faced a series of rights violations, including denial of permanent contracts for day labourers who are underpaid, and oppressive working conditions that deter workers from speaking out.","Denial of permanent contracts,Harassment intimidation and abuse,Reduced wages and wage theft",https://www.business-humanrights.org/en/latest-news/myanmar-workers-at-cap-factory-report-oppressive-working-conditions-that-deter-workers-from-speaking-out-incl-co-responses/?utm_source=mosaic&utm_medium=api,https://www.business-humanrights.org/en/latest-news/myanmar-abuses-including-wage-theft-arbitrary-dismissal-and-unreasonable-production-targets-reported-at-factory-allegedly-supplying-the-47-brand-cap-america-and-otto/?utm_source=mosaic&utm_medium=api,myanmar lny caps
#252 - Myanmar Taieasy Textile,Myanmar Taieasy Textile,2023-04-20,1000.0,Lidl (Buyer),Myanmar Taieasy Textile allegedly supplies to Lidl; Lidl provided a response to a request for comment from the Resource Centre.,"In April 2023, it was reported that workers at Myanmar Taieasy Textile were given excessive production targets, forced to buy materials from their own money, not given sufficient time to eat, and faced an uncomfortable (too hot or too cold) and unsanitary working environment. Workers also report that they were harassed, discriminated against and abused by supervisors.","Gender-based violence and harassment,Harassment intimidation and abuse,Inhumane work rates and mandatory overtime,Unsafe working conditions",https://www.business-humanrights.org/en/latest-news/myanmar-garment-workers-allegedly-face-harassment-discrimination-abuse-by-supervisors-incl-co-responses/?utm_source=mosaic&utm_medium=api,https://www.business-humanrights.org/en/latest-news/myanmar-workers-at-factory-allegedly-supplying-brands-such-as-lidl-report-abuse-from-supervisors-excessive-production-targets-and-an-unsanitary-and-uncomfortable-working-environment/?utm_source=mosaic&utm_medium=api,myanmar taieasy textile
#251 - Myanmar Sunway Shoes,Myanmar Sunway Shoes,2023-04-20,300.0,"Hennes & Mauritz (H&M) (Buyer),MUJI (part of Ryohin Keikaku) (Former buyer)",Myanmar Sunway Shoes allegedly supplies to H&M and MUJI; Both brands provided a response to a request for comment from the Resource Centre. MUJI stated it stopped sourcing from Myanmar in August 2023.,"In April 2023, it was reported that workers at the Myanmar Sunway Shoes factory faced a series of violations, including denial of leave incl. medical leave, verbal abuse when workers asked about the reduction in seniority leave, and no access to medical assistance or supplies.","Denial of leave,Gender-based violence and harassment,Harassment intimidation and abuse,Unsafe working conditions",https://www.business-humanrights.org/en/latest-news/myanmar-workers-at-shoe-factory-reportedly-denied-leave-have-limited-access-to-medical-assistance-incl-co-responses/?utm_source=mosaic&utm_medium=api,https://www.business-humanrights.org/en/latest-news/myanmar-workers-at-shoe-factory-report-labour-rights-abuses-incl-denial-of-leave-no-access-to-medical-assistance-or-supplies/?utm_source=mosaic&utm_medium=api,myanmar sunway shoes
#250 - Wei Ye,Wei Ye,2023-04-15,300.0,,,"In April 2023, it was reported that workers at the Wei Ye garment factory in Myanmar were facing a range of labour rights violations including unpaid overtime, unsafe working conditions and lack of access to toilets.","Reduced wages and wage theft,Unsafe working conditions",,https://www.business-humanrights.org/en/latest-news/myanmar-allegations-of-abuse-at-wei-ye-garment-factory/?utm_source=mosaic&utm_medium=api,wei ye
#249 - Lat War Garment,Lat War Garment,2023-04-09,1200.0,"Auchan (Reported buyer),Kapalua (Buyer),LC Waikiki (Former buyer),Mavi (Reported buyer),Regatta (Reported buyer),Tom Tailor (Former buyer)","Lat War allegedly supplies to Auchan, LC Waikiki, Tom Tailor and Mavi; Auchan and Tom Tailor provided a response to a request for comment from the Resource Centre. Tom Tailor stated that its final orders in Myanmar were completed in 2022, and it no longer sources from the factory. LC Waikiki and Mavi did not respond.
In January 2024, Mavi and Regatta stated they do not source from the factory. LC Waikiki stated it had sourced from the factory in early 2023, but that it is now in an inactive situation.
In September 2024, Kapalua was invited to provide a response. It did not. Auchan stated it does not source from the factory.","In April 2023, it was reported that workers at Lat War garment factory were facing a series of violations, including wage deductions if workers take leave, the employment of day labourers, workers forced to work overtime without their consent and unpaid overtime, excessive production targets, limited medical provisions, damaged toilets, lack of access to drinking water, denial of holiday rights and verbal abuse.","Denial of leave,Denial of permanent contracts,Gender-based violence and harassment,Harassment intimidation and abuse,Inhumane work rates and mandatory overtime,Reduced wages and wage theft,Unsafe working conditions",https://www.business-humanrights.org/en/latest-news/myanmar-garment-workers-at-lat-war-garment-factory-report-series-of-violations-incl-wage-theft-excessive-production-targets-incl-co-responses/?utm_source=mosaic&utm_medium=api,https://www.business-humanrights.org/en/latest-news/myanmar-workers-at-lat-war-garment-factory-call-for-their-legal-rights-to-be-respected-including-full-holiday-rights-reasonable-production-targets-optional-and-paid-overtime-and-better-treatment-by-supervisors/?utm_source=mosaic&utm_medium=api,lat war garment
#248 - Myanmar Journey Bags,Myanmar Journey Bags,2023-04-09,300.0,Solo (Buyer),Myanmar Journey Bags factory allegedly supplies to Solo; Solo did not provide a response to a request for comment from the Resource Centre.,"In April 2023, it was reported that workers at Myanmar Journey Bags factory faced abuses including unpaid overtime, overtime without due notice, lack of clean toilets and medical facilities, denial of leave, wage theft and verbal abuse and harassment from supervisors.","Denial of leave,Gender-based violence and harassment,Harassment intimidation and abuse,Inhumane work rates and mandatory overtime,Reduced wages and wage theft,Unsafe working conditions",https://www.business-humanrights.org/en/latest-news/myanmar-workers-report-labour-rights-violations-at-bag-factory-incl-co-response/?utm_source=mosaic&utm_medium=api,https://www.business-humanrights.org/en/latest-news/myanmar-workers-at-factory-allegedly-producing-for-the-solo-brand-say-they-face-harassment-and-abuse-from-supervisors-interference-in-elections-of-their-representatives-and-other-abuses-including-unpaid-overtime/?utm_source=mosaic&utm_medium=api,myanmar journey bags
#247 - Jin Sen,Jin Sen,2023-04-09,100.0,,,"In April 2023 it was reported that workers at Jin Sen faced abuses including excessive production targets, denial of breaks, long hours and wage theft.","Inhumane work rates and mandatory overtime,Reduced wages and wage theft",,https://www.business-humanrights.org/en/latest-news/myanmar-workers-at-jin-sen-garment-factory-report-abuses-including-denial-of-breaks-excessive-production-targets-and-wage-theft/?utm_source=mosaic&utm_medium=api,jin sen
#246 - S.M Myanmar Garment,S.M Myanmar Garment,2023-04-08,200.0,,,"In April 2023, it was reported that workers at SM Myanmar Garment who were working at the factory as daily wage workers for three months were denied permanent contracts.",Denial of permanent contracts,,https://www.business-humanrights.org/en/latest-news/myanmar-workers-at-sm-myanmar-garment-factory-report-multiple-labour-rights-abuses-incl-wage-cuts-excessive-production-targets-and-denial-of-permanent-contracts/?utm_source=mosaic&utm_medium=api,s.m myanmar garment
#245 - Jiangsu Soho,Jiangsu Soho,2023-04-05,1040.0,"ALDI South (Former buyer),Benetton Group (Former buyer),Bestseller (Reported buyer),Mango (Buyer),Next (Buyer)","Jiangsu Soho allegedly supplies or has supplied to Aldi South, BESTSELLER, Mango, and Next; Next and Benetton Group provided a response to a request for comment from the Resource Centre. Benetton Group stated it had ceased operations with the factory in 2021. Aldi South has previously stated it stopped sourcing from Myanmar in Sept 2021. BESTSELLER has previously stated it does not source from the factory.","In April 2023, it was reported that workers at Jiangsu Soho garment factory faced abuses including mandatory overtime, verbal abuse, wage cuts if workers fail to meet targets and low wages.","Gender-based violence and harassment,Harassment intimidation and abuse,Inhumane work rates and mandatory overtime,Reduced wages and wage theft",https://www.business-humanrights.org/en/latest-news/myanmar-garment-workers-report-wage-cuts-if-they-fail-to-meet-targets-mandatory-overtime-incl-co-responses/?utm_source=mosaic&utm_medium=api,https://www.business-humanrights.org/en/latest-news/myanmar-workers-at-jiangsu-soho-garment-factory-reported-mandatory-overtime-and-intimidation/?utm_source=mosaic&utm_medium=api,jiangsu soho
#244 - Sinoproud Thein Wa,Sinoproud Thein Wa,2023-04-05,1300.0,"Bestseller (Reported buyer),Inditex (Reported buyer),Jennyfer (Buyer),ONLY (part of Bestseller) (Reported buyer),Zara (part of Inditex) (Reported buyer)","Sinoproud Thein Wa allegedly supplies to Jennyfer, BESTSELLER for its brand ONLY, and Inditex for its brand ZARA. Jennyfer did not provide a response.to a request for comment from the Resource Centre. BESTSELLER and Inditex have previously stated that they do not source from the factory.","In April 2023, it was reported that Sinoproud Garments paid workers below what is legally required when the factory closed for 17 days, and pays workers less than what they made before the coup.",Reduced wages and wage theft,https://www.business-humanrights.org/en/latest-news/myanmar-garment-workers-at-sinoproud-garments-factory-reportedly-paid-low-wages-incl-co-non-response/?utm_source=mosaic&utm_medium=api,https://www.business-humanrights.org/en/latest-news/myanmar-workers-at-sinoproud-garments-reported-earning-less-than-us1-a-day/?utm_source=mosaic&utm_medium=api,sinoproud thein wa
#243 - Clotho Yangon,Clotho Yangon,2023-04-03,1000.0,"Boardriders (Buyer),Callaway Golf (Buyer),Herschel (Former buyer),Ogio (part of Topgolf Callaway Brands) (Buyer),Quicksilver (part of Boardriders) (Buyer),Roxy (part of Boardriders) (Buyer)","Clotho allegedly supplies or has supplied to Topgolf Callaway Brands (for its Ogio brand), Boardriders (for its Quiksilver and Roxy brands) and Herschel; Topgolf Callaway Brands and Herschel provided a response to a request for comment from the Resource Centre. Herschel stated it had no production at the factory from Feb-July 2023 and has now stopped sourcing from Myanmar. Boardriders did not respond.","In April 2023, it was reported that workers at Clotho Yangon faced abuses including denial of bereavement leave, denial of permanent contracts, unfair pay deductions, occupational health and safety violations and verbal abuse.","Denial of leave,Denial of permanent contracts,Gender-based violence and harassment,Harassment intimidation and abuse,Reduced wages and wage theft,Unsafe working conditions",https://www.business-humanrights.org/en/latest-news/myanmar-garment-workers-at-clotho-yangon-factory-report-multiple-labour-rights-abuses-incl-co-responses/?utm_source=mosaic&utm_medium=api,https://www.business-humanrights.org/en/latest-news/myanmar-workers-at-factory-allegedly-supplying-roxy-quiksilver-and-herschel-report-health-and-safety-violations-denial-of-permanent-contracts-and-unfair-pay-deductions/?utm_source=mosaic&utm_medium=api,clotho yangon
#242 - Sx Sxuang Xi,Sx Sxuang Xi,2023-04-01,2000.0,JAKO (Buyer),Sx Sxuang Xi allegedly supplies to JAKO; JAKO provided a response to a request for comment from the Resource Centre.,"In April 2023, it was reported that workers at Sx Sxuang Xi were threatened and intimidated by supervisors to work during the Thingyan holiday.","Denial of leave,Gender-based violence and harassment,Harassment intimidation and abuse",https://www.business-humanrights.org/en/latest-news/myanmar-garment-workers-allegedly-intimidated-to-work-during-national-holiday-incl-co-non-response/?utm_source=mosaic&utm_medium=api,https://www.business-humanrights.org/en/latest-news/myanmar-garment-workers-forced-to-work-during-public-holiday/?utm_source=mosaic&utm_medium=api,sx sxuang xi
#241 - GNS (Bago) Healthcare,GNS (Bago) Healthcare,2023-03-31,2.0,,,"In March 2023, it was reported that two workers miscarried after being injured due to wet surfaces in the bathroom. The workers were forced to resign.","Harassment intimidation and abuse,Unfair dismissal,Unsafe working conditions",,https://www.business-humanrights.org/en/latest-news/myanmar-factory-producing-surgical-uniforms-accused-of-covering-up-pregnant-workers-miscarrying-due-to-injuries/?utm_source=mosaic&utm_medium=api,gns (bago) healthcare
#240 - GNS (Bago) Healthcare,GNS (Bago) Healthcare,2023-03-31,300.0,,,"In March 2023, it was reported that workers at GNS (Bago) Healthcare factory face a series of violations, including workers being denied the right to choose representatives of their choice, verbal abuse if workers do not meet their targets, limited soap available in bathrooms, and lack of temperature regulation in the factory.","Attacks on freedom of association,Gender-based violence and harassment,Harassment intimidation and abuse,Inhumane work rates and mandatory overtime,Unsafe working conditions",,https://www.business-humanrights.org/en/latest-news/myanmar-factory-producing-surgical-uniforms-accused-of-covering-up-pregnant-workers-miscarrying-due-to-injuries/?utm_source=mosaic&utm_medium=api,gns (bago) healthcare
#239 - Mei Jie,Mei Jie,2023-03-27,4000.0,"Hennes & Mauritz (H&M) (Buyer),Inditex (Reported buyer),Zara (part of Inditex) (Reported buyer)",Mei Jie allegedly supplies to H&M and Inditex for its ZARA brand; both brands provided a response to a request for comment from the Resource Centre. Inditex stated it does not source from the factory.,"In March 2023, it was reported that workers at Mei Jie were facing a series of violations, including denial of social security benefits incl. medical treatment, wage cuts, mandatory overtime, workers forced to lie about working conditions when buyers come, limited toilet provisions, and women workers leaving the factory late after working hours.","Inhumane work rates and mandatory overtime,Reduced wages and wage theft,Unsafe working conditions",https://www.business-humanrights.org/en/latest-news/myanmar-garment-workers-at-alleged-hm-and-zara-supplier-denied-social-security-benefits-incl-medical-treatment-incl-co-responses/?utm_source=mosaic&utm_medium=api,https://www.business-humanrights.org/en/latest-news/myanmar-garment-workers-report-multiple-labour-rights-abuses-incl-denied-of-social-security-benefits-mandatory-overtime/?utm_source=mosaic&utm_medium=api,mei jie
#238 - Myanmar Fortress Wealth,Myanmar Fortress Wealth,2023-03-24,1200.0,,,"In March 2023, it was reported that workers at Myanmar Fortress Wealth were denied leave, forced to work overtime and given unreasonable production targets. There was also a lack of clean drinking water at the factory.","Denial of leave,Inhumane work rates and mandatory overtime,Unsafe working conditions",,https://www.business-humanrights.org/en/latest-news/myanmar-workers-at-factory-allegedly-supplying-to-port-authority-report-abuses-including-denial-of-leave-unreasonable-production-targets-and-mandatory-overtime/?utm_source=mosaic&utm_medium=api,myanmar fortress wealth
#237 - G&B Manufacturing Myanmar,G&B Manufacturing Myanmar,2023-03-23,,"Bershka (part of Inditex) (Reported buyer),Inditex (Reported buyer),LPP Spółka Akcyjna (Buyer),OVS SpA (Buyer),Sinsay (part of LPP S.A.) (Buyer)","G&B Manufacturing Myanmar allegedly supplies or has supplied to Inditex for its Bershka brand, OVS S.p.A and LPP S.A for its Sinsay brand; Inditex, OVS S.p.A and LPP S.A provided a response to a request for comment from the Resource Centre. Inditex stated it does not source from the factory","In March 2023, it was reported that G&B Manufacturing Garment factory was calling in ‘thugs’ to beat workers and fire them. Workers also reported that if they could not meet targets, they were forced to work overtime without payment.","Gender-based violence and harassment,Harassment intimidation and abuse,Inhumane work rates and mandatory overtime,Reduced wages and wage theft",https://www.business-humanrights.org/en/latest-news/myanmar-garment-factory-allegedly-calls-in-thugs-to-beat-workers-fire-them-incl-co-responses/?utm_source=mosaic&utm_medium=api,https://www.business-humanrights.org/en/latest-news/myanmar-a-worker-at-gb-manufacturing-garment-factory-reported-violence-and-unfair-dismissal/?utm_source=mosaic&utm_medium=api,g&b manufacturing myanmar
#236 - Myanmar Gigi Leather Goods,Myanmar Gigi Leather Goods,2023-03-21,2000.0,"Michael Kors (part of Capri Holdings) (Buyer),Tapestry (Formerly Coach) (Buyer)",Myanmar Gigi Leather Goods allegedly supplies to Michael Kors and Tapestry; Michael Kors provided a response to a request for comment from the Resource Centre. Tapestry did not.,"In March 2023, it was reported that workers at Myanmar Gigi Leather Goods had been denied permanent contracts. Employers allegedly employed casual and day labourers to avoid giving workers permanent contracts, and the legal rights that come with them.",Denial of permanent contracts,https://www.business-humanrights.org/en/latest-news/myanmar-workers-at-myanmar-gigi-leather-goods-factory-reportedly-denied-permanent-contracts-incl-co-responses/?utm_source=mosaic&utm_medium=api,https://www.business-humanrights.org/en/latest-news/myanmar-workers-at-myanmar-gigi-leather-goods-denied-permanent-contracts-and-the-rights-that-come-with-them/?utm_source=mosaic&utm_medium=api,myanmar gigi leather goods
#235 - Fitex (Myanmar) Garment Manufacturing,Fitex (Myanmar) Garment Manufacturing,2023-03-17,400.0,New Yorker (Buyer),Fitex (Myanmar) Garment allegedly supplies to New Yorker; New Yorker did not provide a response to a request for comment from the Resource Centre.,"In March 2023, it was reported that 400 workers employed for six months or less at Fitex (Myanmar) Garment Manufacturing were dismissed without notice. Workers allege the factory fired the workers to avoid paying the Thingyan holiday pay. The workers did not receive severance pay, as this is entitled to those with 6 months - 1 year of experience.","Reduced wages and wage theft,Unfair dismissal",https://www.business-humanrights.org/en/latest-news/myanmar-four-hundred-garment-workers-employed-fo-six-months-or-less-allegedly-dismissed-without-notice-incl-co-response/?utm_source=mosaic&utm_medium=api,https://www.business-humanrights.org/en/latest-news/myanmar-garment-workers-employed-for-less-than-six-months-dismissed-without-notice/?utm_source=mosaic&utm_medium=api,fitex (myanmar) garment manufacturing
#234 - Suzhou Silk Fashion,Suzhou Silk Fashion,2023-03-16,1000.0,Hennes & Mauritz (H&M) (Buyer),Suzhou Silk Fashion allegedly supplies to H&M; H&M provided a response to a request for comment from the Resource Centre.,"In March 2023 it was reported that workers at the Suzhou Silk Fashion Factory faced wage theft after the factory management announced the factory would close temporarily, and workers would be denied pay. Workers also reported that they had been facing denial of benefits legally owed to them, verbal abuse from supervisors and day labourers receiving low pay and being dismissed after three months.","Denial of permanent contracts,Gender-based violence and harassment,Harassment intimidation and abuse,Reduced wages and wage theft,Unfair dismissal",https://www.business-humanrights.org/en/latest-news/myanmar-garment-workers-at-suzhou-silk-fashion-factory-allegedly-denied-wages-after-announcement-of-temporary-factory-closure-incl-co-response/?utm_source=mosaic&utm_medium=api,https://www.business-humanrights.org/en/latest-news/myanmar-suzhou-silk-fashion-factory-which-supplies-hm-asks-workers-to-pay-allowance-for-holidays/?utm_source=mosaic&utm_medium=api,suzhou silk fashion
#233 - Popular Garment/Beaume International Garment,Popular Garment/Beaume International Garment,2023-03-14,885.0,"Iturri (Buyer),JD Sports Fashion (Reported buyer),Jeans Fritz (Buyer),Lidl (Former buyer),Regatta (Former buyer)","Popular Garment allegedly supplies or has supplied to to Lidl, Regatta and JD Sports; Regatta stated it does not have current business with the factory, in response to a request for comment from the Resource Centre. JD Sports previously stated in 2022 that it had not proceeded with production at the factory after authorisation. Lidl has previously stated that it had stopped business with the factory from September 2021. In September 2024, Iturri and Jeans Fritz were invited to respond. They did not.","In March 2023, it was reported that workers at Popular Garment factory were facing a series of violations, including dismissals without reason, workers threatened to meet excessive production targets, denial of leave and wage cuts if workers take a day off, inadequate health and safety in the factory, lack of drinking water, toilets and dining facilities available, workers forced to work all night, and workers told to lie during inspections.","Denial of leave,Harassment intimidation and abuse,Inhumane work rates and mandatory overtime,Reduced wages and wage theft,Unfair dismissal,Unsafe working conditions",https://www.business-humanrights.org/en/latest-news/myanmar-garment-workers-at-popular-garment-report-inadequate-health-safety-issues-mandatory-overtime-overnight-incl-co-response/?utm_source=mosaic&utm_medium=api,https://www.business-humanrights.org/en/latest-news/myanmar-garment-workers-allege-labour-rights-are-being-neglected-at-popular-garment-factory/?utm_source=mosaic&utm_medium=api,popular garment/beaume international garment
#232 - W&F Group,W&F Group,2023-03-14,,,,"In March 2023, it was reported that workers at W&F Group factory were unfairly dismissed.",Unfair dismissal,,https://www.business-humanrights.org/en/latest-news/myanmar-workers-at-wf-group-factory-allegedly-fired-unfairly/?utm_source=mosaic&utm_medium=api,w&f group
#231 - Mountain Top,Mountain Top,2023-03-14,,"Caprice (Buyer),Tamaris (Buyer),Wortmann Schuh-Holding (Buyer)",Mountain Top allegedly supplies to Wortmann Schuh-Holding for its Tamaris and Caprice brands ; Wortmann Schuh-Holding did not provide a response to a request for comment from the Resource Centre.,"In March 2023, it was reported that workers at the Mountain Top shoe factory who had quit their jobs were facing delays in the payment of their owed wages. Workers also reported that pregnant workers at the factory were being dismissed.","Gender-based violence and harassment,Reduced wages and wage theft,Unfair dismissal",https://www.business-humanrights.org/en/latest-news/myanmar-workers-at-shoe-factory-reportowed-wages-pregnant-workers-reportedly-dismissed-incl-co-response/?utm_source=mosaic&utm_medium=api,https://www.business-humanrights.org/en/latest-news/myanmar-garment-workers-report-delayed-wages-at-shoe-factory/?utm_source=mosaic&utm_medium=api,mountain top
#230 - Fitex (Myanmar) Garment Manufacturing,Fitex (Myanmar) Garment Manufacturing,2023-03-14,700.0,New Yorker (Buyer),Fitex (Myanmar) Garment allegedly supplies to New Yorker for its ASIMU brand; New Yorker did not provide a response to a request for comment from the Resource Centre.,"In March 2023, it was reported that workers at Fitex (Myanmar) Garment Manufacturing faced a series of violations, including mandatory overtime and workers being dismissed if they took leave.","Denial of leave,Inhumane work rates and mandatory overtime,Unfair dismissal",https://www.business-humanrights.org/en/latest-news/myanmar-garment-workers-reportedly-face-a-series-of-rights-violaitons-incl-mandatory-overtime-incl-co-response/?utm_source=mosaic&utm_medium=api,https://www.business-humanrights.org/en/latest-news/myanmar-garment-factory-allegedly-suspends-400-workers-to-avoid-paying-workers-holiday-pay/?utm_source=mosaic&utm_medium=api,fitex (myanmar) garment manufacturing
#229 - Shunrong Garments (Myanmar),Shunrong Garments (Myanmar),2023-03-13,300.0,CMP Sport (Buyer),Shunrong Garment allegedly supplies to CMP Sport; CMP Sport did not provide a response to a request for comment from the Resource Centre.,"In March 2023 it was reported that workers at the Shunrong Garment factory faced abuses including, sexual harassment and workers sweating excessively due to the factory stopping the fans to save electricity.","Gender-based violence and harassment,Harassment intimidation and abuse,Unsafe working conditions",https://www.business-humanrights.org/en/latest-news/myanmar-garment-workers-report-sexual-harassment-and-hot-temperatures-at-shunrong-garment-factory-incl-co-non-response/?utm_source=mosaic&utm_medium=api,https://www.business-humanrights.org/en/latest-news/myanmar-workers-at-shunrong-garment-factory-reported-multiple-human-rights-violations-including-gbv-and-intimidation/?utm_source=mosaic&utm_medium=api,shunrong garments (myanmar)
#228 - Fuhua Garment,Fuhua Garment,2023-03-09,1000.0,,,"In March 2023, it was reported that workers at Guotai Fuhua garment factory had been subjected to abuses including wage theft (docking of seniority pay to pay holiday allowance), harassment, excessive production targets (which meant workers didn't have time to stop to drink water), and forced overtime.","Gender-based violence and harassment,Harassment intimidation and abuse,Inhumane work rates and mandatory overtime,Reduced wages and wage theft,Unsafe working conditions",,https://www.business-humanrights.org/en/latest-news/myanmar-workers-at-guotai-fuhua-garment-factory-allege-abuses-including-excessive-production-targets-forced-overtime-wage-theft-and-harassment/?utm_source=mosaic&utm_medium=api,fuhua garment
#227 - GY Sen,GY Sen,2023-03-08,,Primark (part of Associated British Foods) (Former buyer),"Primseng Guo allegedly supplies to Primark; Primark provided a response to a request for comment from the Resource Centre, stating that business with the factory had been suspended.","In March 2023, it was reported that the GY Sen-operated factory Primseng Guo abruptly closed without giving workers notice. Severance had reportedly not been paid to all workers.",Reduced wages and wage theft,https://www.business-humanrights.org/en/latest-news/myanmar-closure-of-two-primark-suppliers-leaves-2200-workers-adrift-incl-co-response/?utm_source=mosaic&utm_medium=api,https://www.business-humanrights.org/en/latest-news/myanmar-two-primark-suppliers-abruptly-close-impacting-over-2000-workers/?utm_source=mosaic&utm_medium=api,gy sen
#226 - GTIG Huasheng (Myanmar),GTIG Huasheng (Myanmar),2023-03-08,,Primark (part of Associated British Foods) (Former buyer),"GTIG Huasheng allegedly supplies to Primark; Primark provided a response to a request for comment from the Resource Centre, stating that business with the factory had been suspended.","In March 2023, it was reported that the GTIG Huasheng abruptly closed without giving workers notice. Severance had reportedly not been paid to all workers.",Reduced wages and wage theft,https://www.business-humanrights.org/en/latest-news/myanmar-closure-of-two-primark-suppliers-leaves-2200-workers-adrift-incl-co-response/?utm_source=mosaic&utm_medium=api,https://www.business-humanrights.org/en/latest-news/myanmar-two-primark-suppliers-abruptly-close-impacting-over-2000-workers/?utm_source=mosaic&utm_medium=api,gtig huasheng (myanmar)
#225 - Dishang,Dishang,2023-03-06,1200.0,"Bestseller (Buyer),Inditex (Reported buyer),Mango (Reported buyer),ONLY (part of Bestseller) (Buyer),Pimkie (part of Association Familiale Mulliez) (Former buyer)","Dishang Fashion allegedly supplies or has supplied to BESTSELLER, Mango, Pimkie and Inditex; BESTELLER, MANGO and Pimkie provided a response to a request for comment from the Resource Centre. Pimkie did not respond but later informed the Resource Centre it has not sourced from the factory since September 2022. Mango stated it decided to stop operating in Myanmar in 2022, and had not sourced from Dishang Fashion. Inditex previously stated it does not source from the factory.",In March 2023 it was reported that workers at the Dishang Fashion Garment factory faced abuses including verbal abuse and excessive production targets.,"Gender-based violence and harassment,Harassment intimidation and abuse,Inhumane work rates and mandatory overtime",https://www.business-humanrights.org/en/latest-news/myanmar-workers-at-dishang-fashion-garment-factory-allegedly-face-abuses-incl-verbal-abuse-excessive-production-targets-incl-co-responses/?utm_source=mosaic&utm_medium=api,https://www.business-humanrights.org/en/latest-news/myanmar-workers-at-dishang-fashion-garment-factory-reported-intimidation-and-excessive-production-target/?utm_source=mosaic&utm_medium=api,dishang
#224 - Princess Power Manufacturing,Princess Power Manufacturing,2023-03-06,450.0,"NKD (Buyer),SPAO (Buyer)",Princess Power Manufacturing allegedly supplies to SPAO and NKD Group for its Laura Torelli brand; NKD Group provided a response to a request for comment from the Resource Centre. SPAO did not.,"In March 2023, it was reported that workers were not given the opportunity to speak to inspectors during inspections by relevant labour departments, while only factory management answered questions during the inspections.",Harassment intimidation and abuse,https://www.business-humanrights.org/en/latest-news/myanmar-workers-at-princess-power-garment-factory-reported-denied-opportunity-to-speak-to-inspectors-during-factory-inspections-incl-co-response/?utm_source=mosaic&utm_medium=api,https://www.business-humanrights.org/en/latest-news/myanmar-garment-workers-demand-protection-of-labour-rights-incl-full-social-security-benefits-permanent-employment/?utm_source=mosaic&utm_medium=api,princess power manufacturing
#223 - Qi Cai,Qi Cai,2023-03-03,700.0,"Inditex (Reported buyer),Stradivarius (part of Inditex) (Reported buyer)","Qi Cai allegedly supplies to Inditex for its Stradivarius brand; Inditex provided a response to a request for comment from the Resource Centre, stating it does not source from the factory.","In March 2023, it was reported that workers at Qi Cai garment factory faced a series of violations, including being forced by management to join a WCC instead of a trade union, forced to work overnight and in the evenings, having to work unpaid overtime if targets weren’t met, denied a copy of their contract and denied salaries when the factory temporarily closed. A worker reported that in the past there had been a lack of clean drinking water in the factory and unsanitary conditions, causing him to fall ill. He did not receive owed benefits other than social security.","Attacks on freedom of association,Inhumane work rates and mandatory overtime,Reduced wages and wage theft,Unsafe working conditions",https://www.business-humanrights.org/en/latest-news/myanmar-garment-workers-at-alleged-stradivarius-supplier-report-multiple-labour-rights-violations-incl-unsanitary-working-conditions-mandatory-overtime-incl-co-response/?utm_source=mosaic&utm_medium=api,https://www.business-humanrights.org/en/latest-news/myanmar-workers-forced-to-join-workers-committee-instead-of-trade-union-and-dismissed-without-timely-compensation-at-factory-reportedly-supplying-stradivarius/?utm_source=mosaic&utm_medium=api,qi cai
#222 - Dong Long (Pathein) Garment Company,Dong Long (Pathein) Garment Company,2023-03-03,2000.0,"Lidl (Buyer),MUJI (part of Ryohin Keikaku) (Former buyer)",Dong Long (Pathein) Garment allegedly supplies to Lidl and MUJI; Lidl and MUJI provided a response to a request for comment from the Resource Centre. MUJI stated it had terminated business with the factory in August 2023.,"In March 2023, it was reported that workers at Dong Long (Pathein) Garment were denied sick leave, verbally abused by supervisors and had their pay cut for small errors.","Denial of leave,Gender-based violence and harassment,Harassment intimidation and abuse,Reduced wages and wage theft,Unsafe working conditions",https://www.business-humanrights.org/en/latest-news/myanmar-garment-workers-report-denial-of-sick-leave-verbal-abuse-wage-cuts-at-factory-incl-co-responses/?utm_source=mosaic&utm_medium=api,https://www.business-humanrights.org/en/latest-news/myanmar-workers-allegedly-making-clothes-for-muji-face-abuses-including-denial-of-sick-leave-wage-theft-and-harassment-and-verbal-abuse/?utm_source=mosaic&utm_medium=api,dong long (pathein) garment company
#221 - Springair Ace,Springair Ace,2023-03-02,,"Hush Puppies (part of Wolverine Worldwide) (Buyer),Matalan (Former buyer),Polo Club (Buyer),RILEY Boutique (Buyer),Tom Tailor (Former buyer),Topvalu Collection (part of AEON) (Buyer),Wolverine Worldwide (Buyer)","SpringAir Ace allegedly supplies to Wolverine Worldwide for its Hush Puppies brand, RILEY, Polo Club, Matalan, Top Tailor and AEON for its TopValu brand; Matalan, Top Tailor and AEON provided a response to a request for comment from the Resource Centre. Matalan stated it had ceased supplying in 2021. Top Tailor stated it had left Myanmar and its last orders were completed in December 2022. RILEY, Polo Club and Wolverine Worldwide did not respond.","In March 2023, it was reported that a supervisor at SpringAir Ace was illegally dismissed after attempts to force him to resign four times between December 2022 and February 2023.",Unfair dismissal,https://www.business-humanrights.org/en/latest-news/myanmar-supervisor-reportedly-dismissed-after-multiple-attempts-to-force-him-to-resign-incl-co-responses/?utm_source=mosaic&utm_medium=api,https://www.business-humanrights.org/en/latest-news/myanmar-supervisor-at-garment-factory-illegally-fired-for-refusing-to-resign-from-job-union-reports/?utm_source=mosaic&utm_medium=api,springair ace
#220 - Gaotai Garments (Myanmar),Gaotai Garments (Myanmar),2023-03-02,,"LPP Spółka Akcyjna (Buyer),Sinsay (part of LPP S.A.) (Buyer)",Gaotai Garments allegedly supplies to LPP S.A. for its Sinsay brand; LPP S.A provided a response to a request for comment from the Resource Centre.,"In March 2023, it was reported that a woman garment worker was fired after being physically assaulted and injured in a ferry transporting workers home.","Gender-based violence and harassment,Harassment intimidation and abuse,Unfair dismissal",https://www.business-humanrights.org/en/latest-news/myanmar-garment-workers-reportedly-physically-assaulted-injured-on-ferry-transporting-workers-home-incl-co-response/?utm_source=mosaic&utm_medium=api,https://www.business-humanrights.org/en/latest-news/myanmar-garment-worker-dismissed-after-physical-assault-on-ferry-transporting-workers-home/?utm_source=mosaic&utm_medium=api,gaotai garments (myanmar)
#219 - Myanmar Morning Flower (MMF) Garment,Myanmar Morning Flower (MMF) Garment,2023-02-28,300.0,"Regatta (Reported buyer),United Athle (Buyer)",Myanmar Morning Flower allegedly supplies to Regatta and United Athle; both brands provided a response to a request for comment from the Resource Centre. Regatta stated it does not source from the factory.,"In February 2023, it was reported that workers at Myanmar Morning Flower (MMF) Garment were facing a series of violations, including denial of permanent contracts which denied them social security and benefits, workers being fired for not working overtime and workers not paid overtime rates for working overtime.","Denial of permanent contracts,Inhumane work rates and mandatory overtime,Reduced wages and wage theft,Unfair dismissal",https://www.business-humanrights.org/en/latest-news/myanmar-garment-workers-allegedly-denied-permanent-contracts-social-security-benefits-incl-co-responses/?utm_source=mosaic&utm_medium=api,https://www.business-humanrights.org/en/latest-news/myanmar-workers-face-abuses-including-wage-theft-and-arbitrary-dismissal-at-factory-reportedly-supplying-regatta-and-united-athle/?utm_source=mosaic&utm_medium=api,myanmar morning flower (mmf) garment
#218 - Tianjin Fashion Milestone,Tianjin Fashion Milestone,2023-02-27,1000.0,"Bestseller (Buyer),Inditex (Reported buyer),LPP Spółka Akcyjna (Buyer),ONLY (part of Bestseller) (Buyer),Primark (part of Associated British Foods) (Former buyer),Sinsay (part of LPP S.A.) (Buyer),Vero Moda (part of Bestseller) (Buyer),Zara (part of Inditex) (Reported buyer)","Tianjin Fashion Milestone allegedly supplies or has supplied to Inditex for its ZARA brand, BESTSELLER for its ONLY and VERO MODA brands, LPP S.A for its Sinsay brand and Primark; Primark and BESTSELLER provided a response to a request for comment from the Resource Centre. Primark said its final handover as a result of its responsible exit took place in June 2023. Inditex and LPP S.A. had previously stated it did not source from the factory.
In September 2024, LPP informed us it sources from the factory.","In February 2023 it was reported that workers at the Tianjin Fashion Milestone Garment factory faced abuses including excessive production targets, workers being robbed on the way home due to lack of ferries to transport workers home at night, wage cuts if workers don’t work overtime.","Inhumane work rates and mandatory overtime,Reduced wages and wage theft,Unsafe working conditions",https://www.business-humanrights.org/en/latest-news/myanmar-garment-workers-report-being-robbed-due-to-lack-of-ferries-to-transport-workers-after-night-shifts-incl-co-responses/?utm_source=mosaic&utm_medium=api,https://www.business-humanrights.org/en/latest-news/myanmar-workers-at-tianjin-fashion-milestone-garment-factory-reported-mandatory-overtime-excessive-production-targets-intimidation-and-a-lack-of-worker-representatives/?utm_source=mosaic&utm_medium=api,tianjin fashion milestone
#217 - Myanmar Knitting Factory,Myanmar Knitting Factory,2023-02-27,,"Marks & Spencer (Former buyer),Primark (part of Associated British Foods) (Former buyer)","Myanmar Knitting is allegedly supplying or has supplied to Primark and Marks & Spencer; both companies provided a response to a request from the Resource Centre. In October 2023, Primark informed the Resource Centre that its final handover of products from this factory was in August 2022, and Marks & Spencer informed the Resource Centre that its last orders from Myanmar took place in April 2023.","In February 2023, it was reported that trade union leaders are blacklisted from the Myanmar Knitting factory.",Attacks on freedom of association,https://www.business-humanrights.org/en/latest-news/myanmar-garment-workers-report-union-busting-tactics-at-garment-factory-incl-co-responses/?utm_source=mosaic&utm_medium=api,https://www.business-humanrights.org/en/latest-news/myanmar-trade-union-leaders-allegedly-dismissed-in-factory-downsizing-blacklisted/?utm_source=mosaic&utm_medium=api,myanmar knitting factory
#216 - Huabo Times,Huabo Times,2023-02-27,,"Bestseller (Buyer),Inditex (Buyer),ONLY (part of Bestseller) (Buyer),Primark (part of Associated British Foods) (Former buyer),Vero Moda (part of Bestseller) (Buyer),Zara (part of Inditex) (Buyer)","Huabo Times allegedly supplies to BESTSELLER (parent company of ONLY, VERO MODA), Inditex (parent company of ZARA) and Primark; all three companies provided responses to a request for comment from the Resource Centre. Primark stated it stopped sourcing from the factory in Oct 2021.","In February 2023, it was reported that trade union leaders were being blacklisted from the Huabo Times factory.",Attacks on freedom of association,https://www.business-humanrights.org/en/latest-news/myanmar-garment-workers-report-union-busting-tactics-at-garment-factory-incl-co-responses/?utm_source=mosaic&utm_medium=api,https://www.business-humanrights.org/en/latest-news/myanmar-trade-union-leaders-allegedly-dismissed-in-factory-downsizing-blacklisted/?utm_source=mosaic&utm_medium=api,huabo times
#215 - Amava Apparel,Amava Apparel,2023-02-27,,"Blåkläder (Buyer),Frasers Group (Buyer),Karrimor (Buyer)",Amava Apparel allegedly supplies to Blaklader and Frasers Group for its Karrimor brand; Blaklader provided a response to a request for comment from the Resource Centre. Frasers Group did not.,"In February 2023, it was reported that trade union leaders at Amava Apparel were blacklisted from the factory.",Attacks on freedom of association,https://www.business-humanrights.org/en/latest-news/myanmar-garment-workers-report-union-busting-tactics-at-garment-factory-incl-co-responses/?utm_source=mosaic&utm_medium=api,https://www.business-humanrights.org/en/latest-news/myanmar-trade-union-leaders-allegedly-dismissed-in-factory-downsizing-blacklisted/?utm_source=mosaic&utm_medium=api,amava apparel
#214 - Jun Sheng,Jun Sheng,2023-02-26,400.0,"LPP Spółka Akcyjna (Former buyer),Mohito (part of LPP S.A.) (Former buyer)","Jun Sheng allegedly supplies to LPP S.A for its MOHITO brand; LPP S.A provided a response to a request for comment from the Resource Centre, stating that orders only took place in early 2022.","In February 2023, it was reported that workers at Jun Sheng garment factory were facing a series of violations, including denial of legal benefits, mandatory overtime, excessive production targets, workers forced to work overnight if they do not meet their targets without a break, health issues caused by overtime work, verbal abuse and harassment from supervisors and line leaders, and poor health & safety incl. no emergency exits, no medical room, no dining area, and unsanitary toilets. Workers also reported having their wages cut if they missed work, incl. sick leave, and workers on daily contracts denied permanent contracts.","Denial of leave,Denial of permanent contracts,Gender-based violence and harassment,Harassment intimidation and abuse,Inhumane work rates and mandatory overtime,Reduced wages and wage theft,Unsafe working conditions",https://www.business-humanrights.org/en/latest-news/myanmar-garment-workers-at-jun-sheng-factory-report-verbal-abuse-harassment-unsafe-working-conditions-health-issues-caused-by-overtime-work-incl-co-response/?utm_source=mosaic&utm_medium=api,https://www.business-humanrights.org/en/latest-news/myanmar-garment-workers-report-labour-rights-abuses-at-alleged-mohito-supplier/?utm_source=mosaic&utm_medium=api,jun sheng
#213 - Myanmar Dixinda Garment,Myanmar Dixinda Garment,2023-02-22,600.0,"Baroque Japan Limited (Buyer),Gratex Industries (Buyer),Workman (Buyer)","Myanmar Dixinda allegedly supplies to Gratex, Workman and Baroque for its Azul brand; Workman provided a response to a request for comment from the Resource Centre. Gratex and Baroque did not.",In February 2023 it was reported that more than 600 workers at the Myanmar Dixinda garment factory faced labour abuses including denial of leave incl. sick leave and other social security benefits. Workers who take leave face wage cuts. Pregnant workers are also denied the leave they are entitled to.,"Denial of leave,Gender-based violence and harassment,Reduced wages and wage theft",https://www.business-humanrights.org/en/latest-news/myanmar-over-600-garment-workers-reportedly-denied-leave-incl-co-responses/?utm_source=mosaic&utm_medium=api,https://www.business-humanrights.org/en/latest-news/myanmar-more-than-600-workers-at-myanmar-dixinda-garment-factory-report-a-lack-of-medical-leaves-and-other-social-security-benefits/?utm_source=mosaic&utm_medium=api,myanmar dixinda garment
#212 - Myanmar Tiannan Garment,Myanmar Tiannan Garment,2023-02-17,30.0,"Coolworks (Buyer),New Yorker (Buyer)","Myanmar Tiannan Garment allegedly supplies to New Yorker for its FSBN and Black Squad brands, and Coolworks; Neither brands provided a response to a request for comment from the Resource Centre.","In February 2023, it was reported that 30 workers at the Myanmar Tiannan Garment factory were dismissed for failing to meet targets.","Inhumane work rates and mandatory overtime,Unfair dismissal",,https://www.business-humanrights.org/en/latest-news/myanmar-garment-workers-reportedly-fired-if-they-fail-to-meet-targets/?utm_source=mosaic&utm_medium=api,myanmar tiannan garment
#211 - Myanmar Jiale Fashion Garment,Myanmar Jiale Fashion Garment,2023-02-16,1000.0,"Hennes & Mauritz (H&M) (Buyer),Inditex (Former buyer),OYSHO (part of Inditex) (Former buyer),Zara (part of Inditex) (Former buyer)","Myanmar Jiale Fashion Garment allegedly supplies to H&M and Inditex for its OYSHO and ZARA brands; H&M and Inditex provided a response to a request for comment from the Resource Centre. In October 2023, Inditex stated it no longer sources from the factory.","In February 2023, it was reported that workers at Myanmar Jiale Fashion Garment were facing a series of violations at the factory, including wage cuts if workers take more than two days off, workers who have completed their trial forced to work as day labourers, and the Workplace Coordination Committee (WCC) allegedly formed by the employer.","Attacks on freedom of association,Denial of leave,Denial of permanent contracts,Reduced wages and wage theft",https://www.business-humanrights.org/en/latest-news/myanmar-myanmar-jiale-fashion-garment-factory-accused-of-workers-rights-violations-incl-wage-cuts-collusion-between-workplace-coordination-committee-and-employer-incl-co-responses/?utm_source=mosaic&utm_medium=api,https://www.business-humanrights.org/en/latest-news/myanmar-garment-workers-at-myanmar-jiale-garment-who-take-more-than-two-days-of-leave-reportedly-face-wage-cuts/?utm_source=mosaic&utm_medium=api,myanmar jiale fashion garment
#210 - Myanmar Cincerece,Myanmar Cincerece,2023-02-11,850.0,"American Holic (Buyer),Stripe International (Buyer)",Myanmar Cincerece allegedly supplies to American Holic; American Holic did not provide a response to a request for comment from the Resource Centre.,"In February 2023, it was reported that workers at the Myanmar Cincerece factory were facing a series of violations at the factory including excessive production targets, workers forced to eat on the floor because there is no provided dining table, verbal abuse, and the Workplace Coordination Committee  - allegedly established by the employer – failing to address workers’ grievances.","Attacks on freedom of association,Gender-based violence and harassment,Harassment intimidation and abuse,Inhumane work rates and mandatory overtime,Unsafe working conditions",https://www.business-humanrights.org/en/latest-news/myanmar-garment-factory-reportedly-violating-workers-rights-incl-verbal-abuse-excessive-production-targets-incl-co-response/?utm_source=mosaic&utm_medium=api,https://www.business-humanrights.org/en/latest-news/myanmar-garment-workers-report-several-labour-rights-abuses-incl-verbal-abuse-excessive-production-targets/?utm_source=mosaic&utm_medium=api,myanmar cincerece
#209 - Myanmar Lucky Fortune Garment,Myanmar Lucky Fortune Garment,2023-02-10,1100.0,"Bestseller (Reported buyer),Inditex (Former buyer),LPP Spółka Akcyjna (Buyer),ONLY (part of Bestseller) (Reported buyer),Pull & Bear (part of Inditex) (Former buyer),Sinsay (part of LPP S.A.) (Buyer),Stradivarius (part of Inditex) (Former buyer),Workman (Buyer),Zara (part of Inditex) (Former buyer)","Myanmar Lucky Fortune Garment allegedly supplies or has supplied to Inditex for its ZARA, Stradivarius and Pull&Bear brands, LPP S.A. for its Sinsay brand, and BESTSELLER for its ONLY brand; Inditex and LPP S.A provided a response to a request for comment from the Resource Centre. BESTSELLER has previously informed us that it does not source from the factory.
In September 2024, Workman provided a response to a request for comment from the Resource Centre.
In September 2024, Inditex informed us that it no longer sources from Myanmar.","On 17 January 2023, the Myanmar Lucky Fortune Garment factory allegedly rejected votes at the Workplace Coordination Committee election if the workers did not vote for the labour representatives chosen by the factory employers.",Attacks on freedom of association,https://www.business-humanrights.org/en/latest-news/myanmar-myanmar-lucky-fortune-factory-allegedly-rejects-worker-votes-for-workplace-coordination-committee-to-ensure-employer-preferred-candidates-win-incl-co-responses/?utm_source=mosaic&utm_medium=api,https://www.business-humanrights.org/en/latest-news/myanmar-garment-factory-allegedly-rigs-vote-on-workers-coordination-committee-to-ensure-the-appointment-of-employer-preferred-labour-representatives/?utm_source=mosaic&utm_medium=api,myanmar lucky fortune garment
#208 - Myanmar Lucky Fortune Garment,Myanmar Lucky Fortune Garment,2023-02-10,1100.0,"Bestseller (Reported buyer),Inditex (Former buyer),LPP Spółka Akcyjna (Buyer),ONLY (part of Bestseller) (Reported buyer),Pull & Bear (part of Inditex) (Former buyer),Sinsay (part of LPP S.A.) (Buyer),Stradivarius (part of Inditex) (Former buyer),Workman (Buyer),Zara (part of Inditex) (Former buyer)","Myanmar Lucky Fortune Garment allegedly supplies or has supplied to Inditex for its ZARA, Stradivarius and Pull&Bear brands, LPP S.A. for its Sinsay brand, and BESTSELLER for its ONLY brand; Inditex and LPP S.A provided a response to a request for comment from the Resource Centre. BESTSELLER has previously informed us that it does not source from the factory.
In September 2024, Workman provided a response to a request for comment from the Resource Centre.
In September 2024, Inditex informed us that it no longer sources from Myanmar.","In February 2023, it was reported that workers at Myanmar Lucky Fortune Garment factory were facing a series of violations at the factory including excessive production targets, verbal abuse, mandatory and unpaid overtime, child labour and wage deductions if workers missed a day of work.","Child labour,Denial of leave,Gender-based violence and harassment,Harassment intimidation and abuse,Inhumane work rates and mandatory overtime,Reduced wages and wage theft,Unsafe working conditions",https://www.business-humanrights.org/en/latest-news/myanmar-myanmar-lucky-fortune-factory-allegedly-rejects-worker-votes-for-workplace-coordination-committee-to-ensure-employer-preferred-candidates-win-incl-co-responses/?utm_source=mosaic&utm_medium=api,https://www.business-humanrights.org/en/latest-news/myanmar-garment-factory-allegedly-rigs-vote-on-workers-coordination-committee-to-ensure-the-appointment-of-employer-preferred-labour-representatives/?utm_source=mosaic&utm_medium=api,myanmar lucky fortune garment
#207 - GYSEN (Myanmar) Apparel Co. Ltd,GYSEN (Myanmar) Apparel Co. Ltd,2023-02-05,1000.0,"Dunnes Stores (Buyer),PEP&CO (Former buyer)","GYSEN (Myanmar) Apparel allegedly supplies to Pep&Co and Dunnes Stores; Pep&Co provided a response to a request for comment from the Resource Centre. Dunnes Stores did not.
In September 2024, Pep&Co informed us it no longer sources from Myanmar.","In February 2023, it was reported that workers at GYSEN (Myanmar) Apparel were facing a series of violations at the factory including excessive production targets, mandatory and unpaid overtime if workers did not meet their targets, verbal abuse, unclean drinking water, and violations against the trade union.","Attacks on freedom of association,Gender-based violence and harassment,Harassment intimidation and abuse,Inhumane work rates and mandatory overtime,Reduced wages and wage theft,Unsafe working conditions",https://www.business-humanrights.org/en/latest-news/myanmar-supervisor-at-garment-factory-allegedly-dismissed-after-requesting-reduction-in-production-targets-incl-co-responses/?utm_source=mosaic&utm_medium=api,https://www.business-humanrights.org/en/latest-news/myanmar-supervisor-allegedly-dismissed-after-calling-for-reduction-in-excessive-production-targets/?utm_source=mosaic&utm_medium=api,gysen (myanmar) apparel co. ltd
#206 - GYSEN (Myanmar) Apparel Co. Ltd,GYSEN (Myanmar) Apparel Co. Ltd,2023-02-05,1.0,"Dunnes Stores (Buyer),PEP&CO (Former buyer)","GYSEN (Myanmar) Apparel allegedly supplies to Pep&Co and Dunnes Stores; Pep&Co provided a response to a request for comment from the Resource Centre. Dunnes Stores did not.
In September 2024, Pep&Co informed us it no longer sources from Myanmar.","On 31 January 2023, a supervisor at the GYSEN (Myanmar) Apparel factory was allegedly fired after requesting a reduction in worker’s production targets.","Inhumane work rates and mandatory overtime,Unfair dismissal",https://www.business-humanrights.org/en/latest-news/myanmar-supervisor-at-garment-factory-allegedly-dismissed-after-requesting-reduction-in-production-targets-incl-co-responses/?utm_source=mosaic&utm_medium=api,https://www.business-humanrights.org/en/latest-news/myanmar-supervisor-allegedly-dismissed-after-calling-for-reduction-in-excessive-production-targets/?utm_source=mosaic&utm_medium=api,gysen (myanmar) apparel co. ltd
#205 - Tan Da Garment Factory,Tan Da Garment Factory,2023-02-04,400.0,Tendam (Reported buyer),"Tan Da Garment Factory allegedly supplies to Tendam; Tendam provided a response to a request for comment from the Resource Centre, stating it does not source from the factory.","In February 2023, it was reported that workers at Tan Da factory were facing a series of violations at the factory including denial of leave, denial of social security benefits, excessive production targets, the dismissal of pregnant workers who have worked at the factory for less than three months without compensation, and mandatory overtime.","Denial of leave,Gender-based violence and harassment,Inhumane work rates and mandatory overtime,Reduced wages and wage theft,Unfair dismissal",https://www.business-humanrights.org/en/latest-news/myanmar-garment-workers-allegedly-denied-social-security-benefits-leave-at-factory-incl-co-response/?utm_source=mosaic&utm_medium=api,https://www.business-humanrights.org/en/latest-news/myanmar-garment-workers-report-rights-violations-at-factory-incl-denial-of-leave-mandatory-overtime-dismissal-of-pregnant-workers-without-compensation/?utm_source=mosaic&utm_medium=api,tan da garment factory
#204 - Fook Hing (Shwe Kha Yu) Ltd,Fook Hing (Shwe Kha Yu) Ltd,2023-01-30,1200.0,Hunkemoller (Buyer),Fook Hing (Shwe Kha Yu) allegedly supplies to Hunkemoller; Hunkemoller provided a response to a request for comment from the Resource Centre.,"In February 2023, it was reported that workers at the Fook Hing (Shwe Kha Yu) factory were facing a series of violations at the factory, including denial of leave and wage cuts if workers do take leave, excessive production targets, verbal abuse, mandatory overtime.","Denial of leave,Gender-based violence and harassment,Harassment intimidation and abuse,Inhumane work rates and mandatory overtime,Reduced wages and wage theft",https://www.business-humanrights.org/en/latest-news/myanmar-garment-factory-accused-of-denying-workers-leave-imposing-excessive-production-targets-verbal-abuse-incl-co-response/?utm_source=mosaic&utm_medium=api,https://www.business-humanrights.org/en/latest-news/myanmar-garment-workers-allegedly-denied-leave-forced-to-work-overtime-to-meet-increased-production-targets/?utm_source=mosaic&utm_medium=api,fook hing (shwe kha yu) ltd
#203 - Kingsrich (Myanmar) Fashion,Kingsrich (Myanmar) Fashion,2023-01-27,1.0,"Hennes & Mauritz (H&M) (Buyer),Marks & Spencer (Buyer)",Kingsrich (Myanmar) Fashion allegedly supplies to H&M and Marks & Spencer; H&M and Marks & Spencer provided responses to a request for comment from the Resource Centre.,"In January 2023, it was reported that a worker at the Kingsrich (Myanmar) Fashion factory was dismissed for taking leave after fainting in the factory.","Unfair dismissal,Unsafe working conditions",https://www.business-humanrights.org/en/latest-news/myanmar-garment-worker-reportedly-dismissed-for-taking-sick-leave-after-fainting-incl-co-responses/?utm_source=mosaic&utm_medium=api,https://www.business-humanrights.org/en/latest-news/myanmar-garment-worker-dismissed-for-taking-sick-leave-after-fainting-in-factory/?utm_source=mosaic&utm_medium=api,kingsrich (myanmar) fashion
#202 - Sunrise Myanmar,Sunrise Myanmar,2023-01-23,600.0,"Hennes & Mauritz (H&M) (Reported buyer),Honeys Holdings (Buyer),OVS SpA (Reported buyer),Shimamura (Buyer),Topvalu Collection (part of AEON) (Reported buyer),United Athle (Former buyer)","Sunrise Myanmar allegedly supplies to or has supplied to Shimamura, Topvalu, H&M and OVS SpA; Topvalu provided a response to a request for comment from the Resource Centre, stating it did not source from the factory. Shimamura did not respond. H&M and OVS SpA have previously told the Resource Centre they do not source from the factory.
In January 2024, Shimamura, Honeys and United Athle provided a response to a request for comment from the Resource Centre. United Athle stated it no longer sources from the factory.","In January 2023, it was reported that workers at Sunrise Myanmar were facing a series of violations including mandatory overtime, workers facing wage cuts and demotion if they take days off, demotion if workers refuse overtime, excessive production targets, workers forced to sleep at the factory overnight due to overnight shifts which impacts their health, no emergency exits or clean drinking water, verbal abuse and no medical provisions available for workers.","Denial of leave,Gender-based violence and harassment,Harassment intimidation and abuse,Inhumane work rates and mandatory overtime,Reduced wages and wage theft,Unsafe working conditions",https://www.business-humanrights.org/en/latest-news/myanmar-garment-workers-at-sunrise-myanmar-allegedly-forced-to-sleep-overnight-at-the-factory-to-complete-targets-incl-co-responses/?utm_source=mosaic&utm_medium=api,https://www.business-humanrights.org/en/latest-news/myanmar-garment-workers-allegedly-forced-to-work-overnight-report-denied-wages-demotion-if-they-take-leave/?utm_source=mosaic&utm_medium=api,sunrise myanmar
#201 - Myanmar Guotai Huasheng Glory Fashion,Myanmar Guotai Huasheng Glory Fashion,2023-01-19,,"Auchan (Buyer),Carrefour (Former buyer),Lidl (Former buyer),Pimkie (part of Association Familiale Mulliez) (Buyer),Primark (part of Associated British Foods) (Former buyer),Tendam (Buyer)","Guotai Huasheng Glory Fashion allegedly supplies or has supplied to Primark, Auchan, Carrefour, Lidl and Pimkie; Primark and Auchan provided a response to an invite to comment from the Resource Centre. Pimkie did not respond. Carrefour and Lidl previously informed the Resource Centre that they no longer source from the factory.
In January 2024, Primark informed us it had completed its responsible exit in October and no longer sources from the factory. In September 2024, Tendam did not provide a response to an invite to comment from the Resource Centre.","In January 2023, it was reported that former union members at the Myanmar Guotai Huasheng Glory Fashion factory were facing discrimination.","Attacks on freedom of association,Harassment intimidation and abuse",https://www.business-humanrights.org/en/latest-news/myanmar-union-members-at-guotai-huasheng-glory-fashion-factory-allegedly-discriminated-by-employers-incl-co-responses/?utm_source=mosaic&utm_medium=api,https://www.business-humanrights.org/en/latest-news/myanmar-garment-workers-at-myanmar-guotai-huasheng-glory-factory-report-discrimination-against-former-union-members-and-violations-of-workers-rights/?utm_source=mosaic&utm_medium=api,myanmar guotai huasheng glory fashion
#200 - Myanmar Guotai Huasheng Glory Fashion,Myanmar Guotai Huasheng Glory Fashion,2023-01-19,1.0,"Auchan (Buyer),Carrefour (Former buyer),Lidl (Former buyer),Pimkie (part of Association Familiale Mulliez) (Buyer),Primark (part of Associated British Foods) (Former buyer),Tendam (Buyer)","Guotai Huasheng Glory Fashion allegedly supplies or has supplied to Primark, Auchan, Carrefour, Lidl and Pimkie; Primark and Auchan provided a response to an invite to comment from the Resource Centre. Pimkie did not respond. Carrefour and Lidl previously informed the Resource Centre that they no longer source from the factory.
In January 2024, Primark informed us it had completed its responsible exit in October 2023 and no longer sources from the factory. In September 2024, Tendam did not provide a response to an invite to comment from the Resource Centre.","In December 2022, workers at the Myanmar Guotai Huasheng Glory Fashion factory were reportedly forced to raise funds for a worker who was injured in the workplace, as the factory refused to support the worker.",Unsafe working conditions,https://www.business-humanrights.org/en/latest-news/myanmar-union-members-at-guotai-huasheng-glory-fashion-factory-allegedly-discriminated-by-employers-incl-co-responses/?utm_source=mosaic&utm_medium=api,https://www.business-humanrights.org/en/latest-news/myanmar-garment-workers-at-myanmar-guotai-huasheng-glory-factory-report-discrimination-against-former-union-members-and-violations-of-workers-rights/?utm_source=mosaic&utm_medium=api,myanmar guotai huasheng glory fashion
#199 - Jiashihao (Myanmar),Jiashihao (Myanmar),2023-01-15,1000.0,"Hennes & Mauritz (H&M) (Reported buyer),Inditex (Former buyer),Lidl (Former buyer),Otto (Former buyer),Zara (part of Inditex) (Former buyer)","Jiashihao (Myanmar) allegedly supplies to Inditex for its ZARA brand and Lidl; Inditex and Lidl provided a response to a request for comment from the Resource Centre.

In September 2024, Inditex stated it no longer works with any factory or supplier in Myanmar. Lidl stated its business relationship had now ended. H&M stated the factory was phased out or was never in its supply chain. Otto Group stated it had ceased operations with the factory in September 2023.","In January 2023, it was reported that workers at the Jiashihao (Myanmar) factory were facing a series of violations, including denial of benefits, mandatory overtime and workers forced to work overnight, verbal abuse, excessive production targets, demotion and wage cuts if workers fail to meet targets including pregnant women, and clothes thrown at workers.","Denial of leave,Gender-based violence and harassment,Harassment intimidation and abuse,Inhumane work rates and mandatory overtime,Reduced wages and wage theft,Unsafe working conditions",https://www.business-humanrights.org/en/latest-news/myanmar-workers-in-garment-factory-report-verbal-abuse-clothes-thrown-at-them-by-management-incl-co-responses/?utm_source=mosaic&utm_medium=api,https://www.business-humanrights.org/en/latest-news/myanmar-garment-workers-report-multiple-labour-rights-abuses-at-factory-incl-physical-verbal-abuse-forced-overtime-denial-of-benefits/?utm_source=mosaic&utm_medium=api,jiashihao (myanmar)
#198 - Topline Global,Topline Global,2023-01-12,600.0,"Creaciones Selene (Buyer),New Yorker (Buyer)",Topline Global allegedly supplies to Creaciones Selene and New Yorker; Creaciones Selene and New Yorker did not provide a response to a request for comment from the Resource Centre.,"On 27 December 2022, workers at Topline Global factory protested over working conditions, and were met with physical abuse and threat of dismissal without compensation.","Gender-based violence and harassment,Harassment intimidation and abuse",https://www.business-humanrights.org/en/latest-news/myanmar-garment-workers-who-protested-working-conditions-met-with-physical-abuse-threats-of-dismissal-incl-co-responses/?utm_source=mosaic&utm_medium=api,https://www.business-humanrights.org/en/latest-news/myanmar-garment-factory-accused-of-union-busting-violating-workers-rights/?utm_source=mosaic&utm_medium=api,topline global
#197 - Fullway Myanmar Clothing,Fullway Myanmar Clothing,2023-01-09,200.0,Fristads (Former buyer),"Fullway Myanmar Clothing allegedly supplies to Fristads; Fristads provided a response to a request for comment from the Resource Centre.
In September 2024, Fristads informed us its final shipment at the factory was in November 2023, as part of its responsible exit strategy.","In January 2023, it was reported that workers at the Fullway Myanmar Clothing factory were facing a series of violations, including excessive production targets, wage cuts or dismissal if workers did not meet targets, no sick leave or doctor available at the factory to treat workers, and workers facing dismissal for reporting working conditions at the factory.","Denial of leave,Inhumane work rates and mandatory overtime,Reduced wages and wage theft,Unfair dismissal,Unsafe working conditions",https://www.business-humanrights.org/en/latest-news/myanmar-garment-workers-allege-facing-wage-cuts-dismissal-if-they-fail-to-meet-increased-production-targets-incl-co-response/?utm_source=mosaic&utm_medium=api,https://www.business-humanrights.org/en/latest-news/myanmar-workers-at-garment-factory-report-skipping-meals-drinking-water-to-meet-excessive-production-targets/?utm_source=mosaic&utm_medium=api,fullway myanmar clothing
#196 - New Plus,New Plus,2023-01-07,,,,"In January 2023, it was reported that workers at the factory were forced to work overtime.",Inhumane work rates and mandatory overtime,,https://www.business-humanrights.org/en/latest-news/myanmar-garment-workers-at-factory-reportedly-forced-to-work-overtime-against-their-will/?utm_source=mosaic&utm_medium=api,new plus
#195 - Kaixi Myanmar Fashion,Kaixi Myanmar Fashion,2023-01-05,5000.0,"Inditex (Reported buyer),Primark (part of Associated British Foods) (Former buyer),Zara (part of Inditex) (Reported buyer)","Kaixi Myanmar Fashion allegedly supplies to Inditex for its Zara brand and Primark; Inditex and Primark provided a response to a request for comment from the Resource Centre. Inditex stated it does not source from the factory.
In January 2024, Primark informed us last orders in Myanmar were handed over in October 2023.","In January 2023, it was reported that workers had no drinking water or health supplies available at the factory.",Unsafe working conditions,https://www.business-humanrights.org/en/latest-news/myanmar-workers-at-kaixi-myanmar-factory-report-no-drinking-water-or-supplies-available-at-factory-incl-co-responses/?utm_source=mosaic&utm_medium=api,https://www.business-humanrights.org/en/latest-news/myanmar-garment-workers-sworn-at-to-meet-targets-report-poor-drinking-water-supplies-at-factory/?utm_source=mosaic&utm_medium=api,kaixi myanmar fashion
#194 - Saung Oo Shwe Nay (Golden Sunshine),Saung Oo Shwe Nay (Golden Sunshine),2022-12-30,1.0,"Hennes & Mauritz (H&M) (Former buyer),New Yorker (Buyer)","Saung Oo Shwe Nay (Golden Sunshine) allegedly supplies to H&M; H&M provided a response to a request for comment from the Resource Centre.
In September 2024 H&M stated it no longer sources from the factory, and New Yorker did not provide a response to a request for comment from the Resource Centre.","In December 2022, it was reported that a worker at the Saung Oo Shwe Nay (Golden Sunshine) factory had been beaten by their supervisor. The worker went to complain to the Workplace Coordination Committee at the factory, but it did nothing to solve the situation.","Attacks on freedom of association,Harassment intimidation and abuse",https://www.business-humanrights.org/en/latest-news/myanmar-garment-workers-allege-workplace-coordination-committees-in-factories-work-in-collusion-with-employers-to-oppress-workers-incl-co-responses/?utm_source=mosaic&utm_medium=api,https://www.business-humanrights.org/en/latest-news/myanmar-workplace-coordination-committees-formed-since-the-coup-in-garment-factories-allegedly-operate-in-collusion-with-employers-to-oppress-workers/?utm_source=mosaic&utm_medium=api,saung oo shwe nay (golden sunshine)
#193 - Myanmar Guotai Huasheng Glory Fashion,Myanmar Guotai Huasheng Glory Fashion,2022-12-30,700.0,"Auchan (Buyer),Carrefour (Former buyer),Lidl (Former buyer),Pimkie (part of Association Familiale Mulliez) (Buyer),Primark (part of Associated British Foods) (Former buyer),Tendam (Buyer)","Guotai Huasheng Glory Fashion allegedly supplies or has supplied to Primark, Auchan, Carrefour, Lidl and Pimkie; Primark and Auchan provided a response to an invite to comment from the Resource Centre. Pimkie did not respond. Carrefour and Lidl previously informed the Resource Centre that they no longer source from the factory. In January 2024, Primark informed us it had completed its responsible exit in October 2023 and no longer sources from the factory. In September 2024, Tendam did not provide a response to an invite to comment from the Resource Centre.","In December 2022, it was reported that workers at the Myanmar Guotai Huasheng Glory Fashion factory were facing a series of violations, including Workplace Coordination Committees allegedly working together with employers to oppress workers, verbal abuse from supervisors, and denial of leave.","Attacks on freedom of association,Denial of leave,Gender-based violence and harassment,Harassment intimidation and abuse",https://www.business-humanrights.org/en/latest-news/myanmar-garment-workers-allege-workplace-coordination-committees-in-factories-work-in-collusion-with-employers-to-oppress-workers-incl-co-responses/?utm_source=mosaic&utm_medium=api,https://www.business-humanrights.org/en/latest-news/myanmar-workplace-coordination-committees-formed-since-the-coup-in-garment-factories-allegedly-operate-in-collusion-with-employers-to-oppress-workers/?utm_source=mosaic&utm_medium=api,myanmar guotai huasheng glory fashion
#192 - Myanmar Best Fortune Garment,Myanmar Best Fortune Garment,2022-12-29,1000.0,,,"In December 2022, it was reported that workers at the Myanmar Best Fortune Garment factory were facing a series of violations, including denial of leave, wage cuts, mandatory overtime, unfair dismissal, no employment contracts for workers, an insufficient number of toilets, no doctor present at the factory, unclean drinking water, verbal abuse, excessive production targets, and no transportation provided for workers working overtime shifts.","Denial of leave,Gender-based violence and harassment,Harassment intimidation and abuse,Inhumane work rates and mandatory overtime,Reduced wages and wage theft,Unfair dismissal,Unsafe working conditions",,https://www.business-humanrights.org/en/latest-news/myanmar-garment-worker-alleges-multiple-labour-rights-violations-at-factory-incl-mandatory-overtime-doubled-production-targets/?utm_source=mosaic&utm_medium=api,myanmar best fortune garment
#191 - Topline Global,Topline Global,2022-12-26,4.0,"Creaciones Selene (Buyer),New Yorker (Buyer)",Topline allegedly supplies to New Yorker and Creaciones Selene; both did not provide a response to a request for comment from the Resource Centre.,"In December 2022, it was reported that four union members had been dismissed from the Topline Global factory following attempts to unionise.","Attacks on freedom of association,Unfair dismissal",https://www.business-humanrights.org/en/latest-news/myanmar-garment-workers-allege-dismissal-of-union-members-following-unionising-efforts-employment-of-workers-as-day-labourers-at-factory/?utm_source=mosaic&utm_medium=api,https://www.business-humanrights.org/en/latest-news/myanmar-four-union-leaders-dismissed-after-fourth-attempt-by-workers-to-form-union-at-a-factory/?utm_source=mosaic&utm_medium=api,topline global
#190 - Topline Global,Topline Global,2022-12-26,300.0,"Creaciones Selene (Buyer),New Yorker (Buyer)",Topline Global allegedly supplies to New Yorker and Creaciones Selene; both did not provide a response to a request for comment from the Resource Centre.,"In December 2022, it was reported that half the workforce at the Topline Global factory were forced to sign an agreement that they would be hired as day labourers. The workers alleged they were not receiving their legal entitlements at the factory, including benefits.","Denial of permanent contracts,Reduced wages and wage theft",https://www.business-humanrights.org/en/latest-news/myanmar-garment-workers-allege-dismissal-of-union-members-following-unionising-efforts-employment-of-workers-as-day-labourers-at-factory/?utm_source=mosaic&utm_medium=api,https://www.business-humanrights.org/en/latest-news/myanmar-four-union-leaders-dismissed-after-fourth-attempt-by-workers-to-form-union-at-a-factory/?utm_source=mosaic&utm_medium=api,topline global
#189 - Honor Apparel Garment,Honor Apparel Garment,2022-12-24,1000.0,"Bestseller (Reported buyer),C&A (Former buyer),HK Works London (Buyer),House (part of LPP S.A) (Buyer),KappAhl (Former buyer),LC Waikiki (Buyer),LPP Spółka Akcyjna (Buyer),ONLY (part of Bestseller) (Reported buyer),OVS SpA (Former buyer),Sinsay (part of LPP S.A.) (Buyer)","Honor Apparel allegedly supplies or has supplied to C&A, Kiabi, KappAhl, LPP S.A., OVS S.p.A, BESTSELLER, LC Waikiki and HK Works London; KappAhl, LPP S.A. OVS S.p.A and BESTSELLER provided a response to a request for comment from the Resource Centre. LC Waikiki and HK Works London did not respond.
KappAhl stated its last order with the factory was placed in 2020, and OVS S.p.A stated it no longer sources from the factory. BESTSELLER stated it does not source from the factory. Kiabi has previously stated it no longer sourced from the factory from April 2022. C&A has previously stated it no longer sources from Myanmar.","In December 2022, it was reported that workers at the Honor Apparel factory were facing a series of violations, including excessive production targets, underpaid wages, dismissal if workers take leave, mandatory overtime, workers hired as day labourers, and the factory contacting the police or soldiers if there are any incidents in the factory involving workers.","Business-military collusion,Denial of leave,Denial of permanent contracts,Inhumane work rates and mandatory overtime,Reduced wages and wage theft,Unfair dismissal",https://www.business-humanrights.org/en/latest-news/myanmar-garment-workers-allege-modern-day-slavery-conditions-at-factory-reporting-mandatory-overtime-excessive-production-targets-dismissal-if-workers-take-leave-incl-co-responses/?utm_source=mosaic&utm_medium=api,https://www.business-humanrights.org/en/latest-news/myanmar-garment-workers-report-conditions-in-factory-as-a-living-hell-alleging-mandatory-overtime-underpaid-wages-workers-hired-as-day-labourers/?utm_source=mosaic&utm_medium=api,honor apparel garment
#188 - Yangon Fukuyama Apparel,Yangon Fukuyama Apparel,2022-12-20,300.0,,,"In December 2022, it was reported that workers at the Yangon Fukuyama Apparel factory faced a series of violations, including mandatory overtime and non-payment of overtime fees.",Reduced wages and wage theft,,https://www.business-humanrights.org/en/latest-news/myanmar-garment-workers-report-several-rights-violations-at-factory-incl-mandatory-overtime-non-payment-of-overtime-fees/?utm_source=mosaic&utm_medium=api,yangon fukuyama apparel
#187 - WHM Myanmar,WHM Myanmar,2022-12-19,400.0,,,"In December 2022, it was reported that workers at the WHM Myanmar factory faced a series of violations, including mandatory and unpaid overtime, unfair dismissals, unclean water and no access to medical equipment or a clinic, no employment contract for workers to sign, denial of leave and verbal abuse if workers do not meet the 'unfair' targets.","Denial of leave,Gender-based violence and harassment,Harassment intimidation and abuse,Inhumane work rates and mandatory overtime,Reduced wages and wage theft,Unfair dismissal,Unsafe working conditions",,https://www.business-humanrights.org/en/latest-news/myanmar-garment-workers-allege-facing-multiple-labour-rights-violations-incl-mandatory-unpaid-overtime-verbal-abuse/?utm_source=mosaic&utm_medium=api,whm myanmar
#186 - Myanmar Guotai Huasheng Glory Fashion,Myanmar Guotai Huasheng Glory Fashion,2022-12-16,1.0,"Auchan (Buyer),Carrefour (Former buyer),Lidl (Former buyer),Pimkie (part of Association Familiale Mulliez) (Buyer),Primark (part of Associated British Foods) (Former buyer),Tendam (Buyer)","Guotai Huasheng Glory Fashion allegedly supplies or has supplied to Primark, Auchan, Carrefour, Lidl and Pimkie; Primark and Auchan provided a response to a request for comment from the Resource Centre. Pimkie did not respond. Carrefour and Lidl previously informed the Resource Centre that they no longer source from the factory.
In January 2024, Primark informed us it had completed its responsible exit in October 2024 and no longer sources from the factory. In September 2024, Tendam did not provide a response to an invite to comment from the Resource Centre.","In December 2022, it was reported that three union members were sentenced to three years of imprisonment by the Military Council, including a union member based at the Myanmar Guotai Huasheng Glory Fashion garment factory.","Attacks on freedom of association,Imprisonment arrests & detention",https://www.business-humanrights.org/en/latest-news/myanmar-unionists-sentenced-to-three-years-of-imprisonment-by-the-military/?utm_source=mosaic&utm_medium=api,https://www.business-humanrights.org/en/latest-news/myanmar-three-union-members-sentenced-to-3-years-imprisonment-hard-labour-by-military-council/?utm_source=mosaic&utm_medium=api,myanmar guotai huasheng glory fashion
#185 - Nanstock Garment Factory,Nanstock Garment Factory,2022-12-16,300.0,"KiK (Buyer),New Yorker (Buyer)","Nanstock Garment factory allegedly supplies to KiK and New Yorker; KiK provided a response to a request for comment from the Resource Centre, stating it does not source from the factory. New Yorker did not.","In December 2022, it was reported that workers at the Nanstock Garment factory were facing a series of violations, including underpaid wages and overtime, denial of wages if workers took leave due to illness, non-payment of social security pay, the employment of over 80 workers as day labourers, excessive production targets, denial of leave for workplace injuries, and no employment contract for workers.","Denial of leave,Denial of permanent contracts,Inhumane work rates and mandatory overtime,Reduced wages and wage theft,Unsafe working conditions",https://www.business-humanrights.org/en/latest-news/myanmar-garment-workers-allegedly-supplying-kik-new-yorker-report-underpaid-wages-excessive-production-targets-denial-of-leave-incl-co-responses/?utm_source=mosaic&utm_medium=api,https://www.business-humanrights.org/en/latest-news/myanmar-garment-workers-report-labour-rights-violations-at-factory-incl-wage-theft-excessive-production-targets/?utm_source=mosaic&utm_medium=api,nanstock garment factory
#184 - Nanstock Garment Factory,Nanstock Garment Factory,2022-12-16,1.0,"KiK (Buyer),New Yorker (Buyer)","Nanstock Garment factory allegedly supplies to KiK and New Yorker; KiK provided a response to a request for comment from the Resource Centre, stating it does not source from the factory. New Yorker did not respond.","In December 2022, it was reported that a worker at the Nanstock Garment Factory had been dismissed for not being able to work overtime.","Inhumane work rates and mandatory overtime,Unfair dismissal",,https://www.business-humanrights.org/en/latest-news/myanmar-garment-workers-who-do-not-work-overtime-face-dismissal-workers-reports/?utm_source=mosaic&utm_medium=api,nanstock garment factory
#183 - Myanmar All Rich Garment,Myanmar All Rich Garment,2022-12-14,1000.0,"Bestseller (Reported buyer),Inditex (Reported buyer),ONLY (part of Bestseller) (Reported buyer),Vero Moda (part of Bestseller) (Reported buyer),Zara (part of Inditex) (Reported buyer)","Myanmar All Garment factory allegedly supplies to BESTSELLER for its ONLY and VERO MODA brands and Inditex for its ZARA brand; BESTSELLER and Inditex provided a response to a request for comment from the Resource Centre, stating they do not source from the factory.","In December 2022, it was reported that the Myanmar All Rich Garment factory had temporarily closed without paying workers’ owed wages, and had not given workers notice of the closure in advance.",Reduced wages and wage theft,https://www.business-humanrights.org/en/latest-news/myanmar-garment-workers-demand-owed-wages-after-factory-closure-incl-co-responses/?utm_source=mosaic&utm_medium=api,https://www.business-humanrights.org/en/latest-news/myanmar-thousands-of-garments-denied-unpaid-wages-after-factory-closure/?utm_source=mosaic&utm_medium=api,myanmar all rich garment
#182 - Yangon Fukuyama Apparel,Yangon Fukuyama Apparel,2022-12-01,300.0,,,"In December 2022, it was reported that over 300 workers at the Yangon Fukuyama Apparel factory had been forced to resign, or they would not receive their month's wages. The workers were not paid severance.","Reduced wages and wage theft,Unfair dismissal",,https://www.business-humanrights.org/en/latest-news/myanmar-300-garment-workers-forced-to-resign-from-factory-without-severance-pay/?utm_source=mosaic&utm_medium=api,yangon fukuyama apparel
#181 - Myanmar Forjs Apparel,Myanmar Forjs Apparel,2022-11-26,100.0,,,"In November 2022, it was reported that workers at the Myanmar Forjs Apparel factory were owed unpaid wages and compensation, after the factory shut with no notice.",Reduced wages and wage theft,,https://www.business-humanrights.org/en/latest-news/myanmar-over-100-garment-workers-from-dismissed-without-prior-notice-or-owed-compensation-and-wages/?utm_source=mosaic&utm_medium=api,myanmar forjs apparel
#180 - Topline Global,Topline Global,2022-11-24,600.0,"Creaciones Selene (Buyer),New Yorker (Buyer)",Topline Global allegedly supplies to New Yorker and Creaciones Selene; both did not provide a response to a request for comment from the Resource Centre.,"In November 2022, it was reported that workers at a Topline Global factory were facing a series of violations, including half the workforce being hired as day labourers, no medical facilities for workers and limited access to drinking water, non-payment of wages, excessive production targets and workers forced to skip meals to meet the targets, verbal abuse and denial of legally owed benefits.","Denial of leave,Gender-based violence and harassment,Harassment intimidation and abuse,Inhumane work rates and mandatory overtime,Reduced wages and wage theft,Unsafe working conditions",https://www.business-humanrights.org/en/latest-news/myanmar-garment-workers-at-topline-global-allege-facing-multiple-labour-rights-violations-incl-wage-theft-verbal-abuse/?utm_source=mosaic&utm_medium=api,https://www.business-humanrights.org/en/latest-news/myanmar-garment-workers-at-underwear-factory-reportedly-face-series-of-labour-rights-violations-incl-denial-of-permanent-contracts-denial-of-legal-benefits-excessive-production-targets/?utm_source=mosaic&utm_medium=api,topline global
#179 - UNIFA Handbag Myanmar,UNIFA Handbag Myanmar,2022-11-17,2.0,"Juicy Couture (part of Authentic Brands Group) (Buyer),Koltov (Buyer),LPP Spółka Akcyjna (Buyer),Primark (part of Associated British Foods) (Buyer)","UNIFA Handbag Myanmar allegedly supplies to Primark, Juicy Couture (Authentic Brands), Koltov and LPP S.A. to respond. Primark and LPP S.A. provided a response to BHRRC's request. Juicy Couture and Koltov did not respond.","In November 2021 it was reported that two workers at the UNIFA Handbag Myanmar factory were dismissed  without legal compensation. Local unions say the workers were unfairly dismissed for removing their masks at the factory entrance, despite the employer failing to comply with COVID-19 regulations inside the factory.","Reduced wages and wage theft,Unfair dismissal,Unsafe working conditions",https://www.business-humanrights.org/en/latest-news/myanmar-garment-workers-dismissed-from-handbag-factory-for-removing-masks-at-factory-entrance-incl-co-response/?utm_source=mosaic&utm_medium=api,https://www.business-humanrights.org/en/latest-news/myanmar-garment-workers-dismissed-for-removing-masks-at-factory-entrance-despite-poor-covid-19-health-safety-measures-in-factory/?utm_source=mosaic&utm_medium=api,unifa handbag myanmar
#178 - GNS (Bago) Healthcare,GNS (Bago) Healthcare,2022-11-16,300.0,,,"In November 2022, it was reported that workers at GNS (Bago) Healthcare garment factory were facing a series of violations, including excessive production targets, denial of leave, child labour, wage deductions, and no medical support for workers.","Child labour,Denial of leave,Inhumane work rates and mandatory overtime,Reduced wages and wage theft,Unsafe working conditions",,https://www.business-humanrights.org/en/latest-news/myanmar-garment-workers-sewing-healthcare-uniforms-report-multiple-labour-rights-violations-incl-excessive-production-targets-child-labour/?utm_source=mosaic&utm_medium=api,gns (bago) healthcare
#177 - Yangon Fukuyama Apparel,Yangon Fukuyama Apparel,2022-11-16,1.0,,,"In November 2022, it was reported that a worker had been fired after taking three days of sick leave, violating the labour law.","Denial of leave,Unfair dismissal",,https://www.business-humanrights.org/en/latest-news/myanmar-garment-worker-dismissed-after-taking-three-days-of-sick-leave/?utm_source=mosaic&utm_medium=api,yangon fukuyama apparel
#176 - Great One Myanmar,Great One Myanmar,2022-11-09,600.0,"Bestseller (Former buyer),Jack & Jones (part of Bestseller) (Former buyer)","Great One Myanmar allegedly supplies to BESTSELLER; BESTSELLER provided a response to a request for comment from the Resource Centre, stating it no longer sources from the factory.","In November 2022, it was reported that workers were facing a series of violations at the factory, including excessive production targets, verbal abuse, wage deductions, denial of social security benefits, mandatory overtime, unfair dismissals, denial of permanent contracts and denial of leave.","Denial of leave,Denial of permanent contracts,Gender-based violence and harassment,Harassment intimidation and abuse,Inhumane work rates and mandatory overtime,Reduced wages and wage theft,Unfair dismissal",https://www.business-humanrights.org/en/latest-news/myanmar-garment-workers-report-series-of-labour-rights-violations-at-factory-incl-excessive-production-targets-mandatory-overtime-incl-co-response/?utm_source=mosaic&utm_medium=api,https://www.business-humanrights.org/en/latest-news/myanmar-garment-workers-report-several-labour-rights-violations-at-factory-incl-verbal-abuse-arbitrary-dismissals-wage-cuts/?utm_source=mosaic&utm_medium=api,great one myanmar
#175 - GTIG Huasheng (Myanmar),GTIG Huasheng (Myanmar),2022-11-08,155.0,"PEP&CO (Buyer),Primark (part of Associated British Foods) (Former buyer)","GTIG Huasheng (Myanmar) allegedly supplies to Pep&Co and supplied Primark; Pep&Co and Primark provided a response to a request for comment from the Resource Centre. In November 2022, Primark stated it no longer sources from the factory, and Pep&Co stated it would cease operations with the factory after its final order was completed.","In November 2022, it was reported that workers were facing a series of violations at the factory, including mandatory overtime, non-payment of full overtime wages and wage cuts for union members, unfair dismissals, and denial of leave.","Attacks on freedom of association,Denial of leave,Inhumane work rates and mandatory overtime,Reduced wages and wage theft,Unfair dismissal",https://www.business-humanrights.org/en/latest-news/myanmar-over-50-day-labourers-reportedly-dismissed-from-factory-supplying-primark-pepco-inc-co-responses/?utm_source=mosaic&utm_medium=api,https://www.business-humanrights.org/en/latest-news/myanmar-garment-factory-allegedly-violating-workers-rights-incl-suspending-over-50-union-members/?utm_source=mosaic&utm_medium=api,gtig huasheng (myanmar)
#174 - GTIG Huasheng (Myanmar),GTIG Huasheng (Myanmar),2022-11-08,50.0,"PEP&CO (Buyer),Primark (part of Associated British Foods) (Former buyer)","GTIG Huasheng (Myanmar) allegedly supplies to Pep&Co and supplied Primark; Pep&Co and Primark provided a response to a request for comment from the Resource Centre. In November 2022, Primark stated it no longer sources from the factory, and Pep&Co stated it would cease operations with the factory after its final order was completed.","In November 2022, it was reported that over 50 day labourers were suspended from their jobs after they disclosed labour rights violations at the factory and went on strike.","Attacks on freedom of association,Unfair dismissal",https://www.business-humanrights.org/en/latest-news/myanmar-over-50-day-labourers-reportedly-dismissed-from-factory-supplying-primark-pepco-inc-co-responses/?utm_source=mosaic&utm_medium=api,https://www.business-humanrights.org/en/latest-news/myanmar-garment-factory-allegedly-violating-workers-rights-incl-suspending-over-50-union-members/?utm_source=mosaic&utm_medium=api,gtig huasheng (myanmar)
#173 - Kaixi Myanmar Fashion,Kaixi Myanmar Fashion,2022-11-05,5000.0,"Inditex (Reported buyer),Primark (part of Associated British Foods) (Former buyer)","Kaixi Myanmar Fashion allegedly supplies to Primark and Inditex; Both brands provided a response to a request for comment from the Resource Centre. Inditex stated it does not source from the factory.
In January 2024, Primark informed us last orders in Myanmar were handed over in October 2023.","In November 2022, it was reported that workers at Kaixi Myanmar Fashion were facing a series of violations at the factory, including mandatory overtime, verbal abuse, excessive production targets and wage deductions.","Gender-based violence and harassment,Harassment intimidation and abuse,Inhumane work rates and mandatory overtime,Reduced wages and wage theft",https://www.business-humanrights.org/en/latest-news/myanmar-garment-workers-report-series-of-workers-rights-violations-at-factory-incl-wage-deductions-excessive-production-targets-incl-co-response/?utm_source=mosaic&utm_medium=api,https://www.business-humanrights.org/en/latest-news/myanmar-workers-at-garment-factory-reportedly-forced-to-work-overtime-against-their-will-face-verbal-abuse-if-targets-are-not-met/?utm_source=mosaic&utm_medium=api,kaixi myanmar fashion
#172 - New Handsome Industry,New Handsome Industry,2022-11-05,,CMP Sport (Reported buyer),"New Handsome Industry supplies to CMP Sport; CMP Sport provided a response to a request for comment from the Resource Centre, stating it does not source from the factory.","In November 2022, it was reported that the New Handsome Industry Co. factory had closed without paying workers their compensation.",Reduced wages and wage theft,https://www.business-humanrights.org/en/latest-news/myanmar-garment-factory-closes-without-paying-workers-full-compensation-incl-co-response/?utm_source=mosaic&utm_medium=api,https://www.business-humanrights.org/en/latest-news/myanmar-garment-workers-dismissed-without-full-compensation-incl-pregnant-elderly-workers/?utm_source=mosaic&utm_medium=api,new handsome industry
#171 - New Handsome Industry,New Handsome Industry,2022-11-05,2.0,CMP Sport (Reported buyer),"New Handsome Industry supplies to CMP Sport; CMP Sport provided a response to a request for comment from the Resource Centre, stating it does not source from the factory.","In November 2022, it was reported that two workers at the factory were dismissed without receiving full compensation.","Reduced wages and wage theft,Unfair dismissal",https://www.business-humanrights.org/en/latest-news/myanmar-garment-factory-closes-without-paying-workers-full-compensation-incl-co-response/?utm_source=mosaic&utm_medium=api,https://www.business-humanrights.org/en/latest-news/myanmar-garment-workers-dismissed-without-full-compensation-incl-pregnant-elderly-workers/?utm_source=mosaic&utm_medium=api,new handsome industry
#170 - Cotton Textile Garment (Myanmar),Cotton Textile Garment (Myanmar),2022-11-05,1000.0,,,"In November 2022, it was reported that Cotton Textile Garment (Myanmar) had cut the wages of over one thousand workers.",Reduced wages and wage theft,,https://www.business-humanrights.org/en/latest-news/myanmar-over-1000-garment-workers-allegedly-face-wage-cuts-at-garment-factory/?utm_source=mosaic&utm_medium=api,cotton textile garment (myanmar)
#169 - Myanmar Tencent Fashion Garment,Myanmar Tencent Fashion Garment,2022-11-04,400.0,,,"On 7 September 2022, the factory management at Myanmar Tencent Fashion Garment allegedly informed workers the factory would stop operations for three months, and asked workers to not take their wages during this period. On 16 September workers were then informed that the factory had to lay off workers, despite new workers being hired on 6 September. On 23 September many workers were called to sign a contract agreeing to the layoff, but they refused and complained to the relevant government offices. The factory management told the government office they could not pay the salary they owed workers on 5 September. Workers demanded a month’s salary and unpaid dues, but the management declined and instead said they would be able to give the wages for just 23 days.","Reduced wages and wage theft,Unfair dismissal",,https://www.business-humanrights.org/en/latest-news/myanmar-garment-workers-refuse-to-sign-lay-off-agreements-with-factory-demand-unpaid-wages/?utm_source=mosaic&utm_medium=api,myanmar tencent fashion garment
#168 - Pou Chen,Pou Chen,2022-11-03,2000.0,adidas (Buyer),Pou Chen allegedly supplied to adidas; adidas provided a response to a request for comment from journalists.,"In October 2022, the factory owners called the military during protests at the factory, which led to workers being threatened with arrest by soldiers and police officers if they protested, or if factory equipment was damaged during protests. This led to the strike being called off.","Business-military collusion,Harassment intimidation and abuse",https://www.ecotextile.com/2022110330014/social-compliance-csr-news/adidas-supplier-sacked-striking-workers.html,https://www.business-humanrights.org/en/latest-news/myanmar-thirty-nine-trade-union-leaders-at-adidas-supplier-reportedly-dismissed-after-strikes-over-pay-working-conditions/?utm_source=mosaic&utm_medium=api,pou chen
#167 - Wi Ye Garment Factory,Wi Ye Garment Factory,2022-10-29,300.0,Calliope (Buyer),Wi Ye Garment Factory allegedly supplies to Calliope; Calliope did not provide a response to a request for comment from the Resource Centre.,"In October 2022, it was reported that workers at the Wi Ye Garment Factory were facing a series of violations, including denial of employment contracts, mandatory overtime, insufficient meals for workers working overnight shifts, poor ventilation for workers sleeping in the factory during overnight shifts, workers' bonuses reduced if they return home early from the night shift, limited toilets and water facilities, workers refused access to toilets or water between 8am-10am, reduced pay if workers take sick leave, and low wages.","Denial of leave,Inhumane work rates and mandatory overtime,Reduced wages and wage theft,Unsafe working conditions",https://www.business-humanrights.org/en/latest-news/myanmar-garment-factory-reportedly-forces-workers-to-work-overnight-shifts-under-poor-working-conditions-or-face-bonus-cuts-incl-co-response/?utm_source=mosaic&utm_medium=api,https://www.business-humanrights.org/en/latest-news/myanmar-several-rights-violations-reported-at-garment-factory-incl-mandatory-overtime-denial-of-water-toilet-facilities-poverty-wages/?utm_source=mosaic&utm_medium=api,wi ye garment factory
#166 - Pou Chen,Pou Chen,2022-10-29,39.0,adidas (Buyer),Pou Chen allegedly supplied to adidas; adidas provided a response to a request for comment from journalists.,"In October 2022, 39 trade union leaders working at Pou Chen factory had been dismissed following protests calling for a wage increase and better working conditions.","Attacks on freedom of association,Unfair dismissal",https://www.ecotextile.com/2022110330014/social-compliance-csr-news/adidas-supplier-sacked-striking-workers.html,https://www.business-humanrights.org/en/latest-news/myanmar-thirty-nine-trade-union-leaders-at-adidas-supplier-reportedly-dismissed-after-strikes-over-pay-working-conditions/?utm_source=mosaic&utm_medium=api,pou chen
#165 - Shunrong Garments (Myanmar),Shunrong Garments (Myanmar),2022-10-26,300.0,CMP Sport (Reported buyer),"Shunrong Garments (Myanmar) allegedly supplies to CMP Sport; CMP Sport provided a response to a request for comment from the Resource Centre, stating it does not source from the factory.","In October 2022, it was reported that workers were facing a series of violations at the factory, including denial of leave, mandatory and unpaid overtime if the production targets were not met, wage deductions, verbal abuse and threats, unfair dismissals and non-payment of compensation for workers who are not aware of their rights, child labour, unclean drinking water, no responsibility for  workplace injuries, the dismissal of pregnant women, and workers forcibly moved to other factories without consent.","Child labour,Denial of leave,Gender-based violence and harassment,Harassment intimidation and abuse,Inhumane work rates and mandatory overtime,Reduced wages and wage theft,Unfair dismissal,Unsafe working conditions",https://www.business-humanrights.org/en/latest-news/myanmar-garment-workers-violations-at-garment-factory-incl-child-labour-verbal-abuse-mandatory-overtime-incl-co-response/?utm_source=mosaic&utm_medium=api,https://www.business-humanrights.org/en/latest-news/myanmar-garment-workers-at-alleged-cmp-sports-supplier-report-multiple-labour-rights-violations-incl-child-labour-denial-of-leave-forced-overtime/?utm_source=mosaic&utm_medium=api,shunrong garments (myanmar)
#164 - New Green Land Garment,New Green Land Garment,2022-10-26,,,,"In November 2022, it was reported that workers at New Green Land Garment were being bullied and threatened into working mandatory overtime, and faced security issues and difficulties accessing food when returning home from overtime shifts.","Gender-based violence and harassment,Harassment intimidation and abuse,Inhumane work rates and mandatory overtime,Unsafe working conditions",,https://www.business-humanrights.org/en/latest-news/myanmar-garment-workers-reportedly-forced-to-work-overtime-against-their-will/?utm_source=mosaic&utm_medium=api,new green land garment
#163 - Myanmar City Garment Factory,Myanmar City Garment Factory,2022-10-23,850.0,"American Holic (Buyer),Stripe International (Buyer)",Myanmar City Garment factory allegedly supplies to American Holic; American Holic did not provide a response to a request for comment from the Resource Centre.,"In October 2022, it was reported that workers at Myanmar City Garment Factory, including pregnant women, were forced to work overtime shifts without overtime pay if they did not meet the production standards. Workers who did not work overtime would face wage deductions.","Gender-based violence and harassment,Inhumane work rates and mandatory overtime,Reduced wages and wage theft",https://www.business-humanrights.org/en/latest-news/myanmar-garment-workers-allegedly-forced-to-work-unpaid-overtime-shifts-if-targets-are-not-met-or-face-wage-deductions-incl-co-response/?utm_source=mosaic&utm_medium=api,https://www.business-humanrights.org/en/latest-news/myanmar-garment-workers-at-myanmar-city-garment-factory-allegedly-forced-to-work-overtime-incl-pregnant-women/?utm_source=mosaic&utm_medium=api,myanmar city garment factory
#162 - Dangxin Garment (Myanmar),Dangxin Garment (Myanmar),2022-10-21,200.0,Terranova (Buyer),Dangxin Garment (Myanmar) allegedly supplies to Terranova; Terranova did not provide a response to a request for comment from the Resource Centre,"In October 2022, it was reported that over 200 workers at Dangxin Garment factory, including day labourers and workers on probation, had been dismissed for no reason. A worker who complained to the Labour Relations Office about working conditions was also dismissed.",Unfair dismissal,https://www.business-humanrights.org/en/latest-news/myanmar-garment-factory-accused-of-dismissing-over-200-workers-incl-worker-who-reported-conditions-to-labour-relations-office-incl-co-response/?utm_source=mosaic&utm_medium=api,https://www.business-humanrights.org/en/latest-news/myanmar-over-200-garment-workers-at-factory-allegedly-dismissed-for-no-reason/?utm_source=mosaic&utm_medium=api,dangxin garment (myanmar)
#161 - Myanmar LNY Caps,Myanmar LNY Caps,2022-10-19,1000.0,"'47 (Buyer),Cap America (Buyer),Otto Caps (Buyer)","Myanmar LNY Caps allegedly supplies to Otto Caps, '47 Brands and Cap America; None of the brands responded to a request for comment from the Resource Centre.","In October 2022, it was reported that workers for Myanmar LNY Caps were facing a series of violations at the factory, including denial of leave, mandatory and unpaid overtime if the production targets were not met, women workers walking home from night shifts as there had been no ferries arranged by the factory, underage workers facing threats, and verbal abuse.","Child labour,Denial of leave,Gender-based violence and harassment,Harassment intimidation and abuse,Inhumane work rates and mandatory overtime,Reduced wages and wage theft,Unsafe working conditions",https://www.business-humanrights.org/en/latest-news/myanmar-workers-at-hat-factory-report-labour-rights-violations-incl-forced-overtime-child-labour-verbal-abuse-incl-co-response/?utm_source=mosaic&utm_medium=api,https://www.business-humanrights.org/en/latest-news/myanmar-garment-workers-at-cap-factory-allegedly-face-forced-overtime-if-targets-are-not-met-denied-leave-verbal-abuse/?utm_source=mosaic&utm_medium=api,myanmar lny caps
#160 - Tha Shu Myanmar Apparel,Tha Shu Myanmar Apparel,2022-10-14,300.0,,,"In October 2022,  it was reported that workers at Tha Shu Myanmar Apparel factory were facing a series of violations at the factory, including low wages, the dismissal of workers without compensation, denial of leave and wage deductions if workers missed a day without permission, and mandatory overtime if workers could not meet targets.","Denial of leave,Inhumane work rates and mandatory overtime,Reduced wages and wage theft,Unfair dismissal",,https://www.business-humanrights.org/en/latest-news/myanmar-garment-workers-report-multiple-rights-violations-incl-unfair-dismissals-denial-of-leave-forced-overtime/?utm_source=mosaic&utm_medium=api,tha shu myanmar apparel
#159 - Tha Shu Myanmar Apparel,Tha Shu Myanmar Apparel,2022-10-14,10.0,,,"On 17 September 2022, more than ten workers at Tha Shu Myanmar Apparel factory with six months of experience were fired without any prior notice and without compensation.","Reduced wages and wage theft,Unfair dismissal",,https://www.business-humanrights.org/en/latest-news/myanmar-garment-workers-report-multiple-rights-violations-incl-unfair-dismissals-denial-of-leave-forced-overtime/?utm_source=mosaic&utm_medium=api,tha shu myanmar apparel
#158 - Pou Chen,Pou Chen,2022-10-12,1500.0,adidas (Buyer),Pou Chen Myanmar supplies to adidas; adidas provided a response to a request for comment from the Resource Centre.,"In October 2022, it was reported that around 1,000 workers from the factory protested in demand of an increase in their wages, due to a rise in living costs. The workers’ demands also included: allowing a trade union to represent workers and negotiate for them inside the factory; better working conditions including drinking water in the factory; the safe-keeping of workers’ vehicles and transport facilities for those who do not own vehicles; supervisors who verbally abuse workers to face punishment.","Attacks on freedom of association,Gender-based violence and harassment,Harassment intimidation and abuse,Reduced wages and wage theft,Unsafe working conditions",https://www.business-humanrights.org/en/latest-news/myanmar-adidas-supplier-face-protests-of-over-1500-workers-calling-for-wage-increase-union-recognition-improved-working-conditions-incl-co-response/?utm_source=mosaic&utm_medium=api,https://www.business-humanrights.org/en/latest-news/myanmar-over-1000-garment-workers-at-adidas-supplier-demand-wage-increase-amid-rising-living-costs/?utm_source=mosaic&utm_medium=api,pou chen
#157 - Tianjin Fashion Milestone,Tianjin Fashion Milestone,2022-10-07,1000.0,"Bestseller (Buyer),Inditex (Reported buyer),LPP Spółka Akcyjna (Buyer),ONLY (part of Bestseller) (Buyer),Primark (part of Associated British Foods) (Former buyer),Sinsay (part of LPP S.A.) (Buyer),Vero Moda (part of Bestseller) (Buyer),Zara (part of Inditex) (Reported buyer)","Tianjin Fashion Milestone allegedly supplies to Inditex for its ZARA brand, BESTSELLER for its ONLY and VERO MODA brands, LPP S.A for its Sinsay brand and Primark; Primark and BESTSELLER provided a response to a request for comment from the Resource Centre. Primark said its final handover as a result of its responsible exit took place in June 2023. Inditex and LPP S.A. has previously stated it does not source from the factory.
In September 2024, LPP informed us it sources from the factory.","In October 2022, it was reported that the Workers' Committee, selected by Tianjin Fashion Milestone, remained silent on labour rights issues workers were reporting.",Attacks on freedom of association,https://www.business-humanrights.org/en/latest-news/myanmar-over-200-garment-workers-allegedly-dismissed-from-factory-due-to-cancelled-orders-incl-co-response/?utm_source=mosaic&utm_medium=api,https://www.business-humanrights.org/en/latest-news/myanmar-hundreds-of-garment-workers-at-tianjin-fashion-milestone-protest-over-the-dismissal-of-200-workers-due-to-low-orders/?utm_source=mosaic&utm_medium=api,tianjin fashion milestone
#156 - Tianjin Fashion Milestone,Tianjin Fashion Milestone,2022-10-07,200.0,"Bestseller (Buyer),Inditex (Reported buyer),LPP Spółka Akcyjna (Buyer),ONLY (part of Bestseller) (Buyer),Primark (part of Associated British Foods) (Former buyer),Sinsay (part of LPP S.A.) (Buyer),Vero Moda (part of Bestseller) (Buyer),Zara (part of Inditex) (Reported buyer)","Tianjin Fashion Milestone allegedly supplies to Inditex for its ZARA brand, BESTSELLER for its ONLY and VERO MODA brands, LPP S.A for its Sinsay brand and Primark; Primark and BESTSELLER provided a response to a request for comment from the Resource Centre. Primark said its final handover as a result of its responsible exit took place in June 2023. Inditex and LPP S.A. has previously stated it does not source from the factory.
In September 2024, LPP informed us it sources from the factory.","On 4 October 2022, over 200 workers who had been employed for less than six months were informed they would be laid off due to cancelled orders. Workers staged a protest, calling for Tianjin Fashion Milestone to act in accordance with the law.",Unfair dismissal,https://www.business-humanrights.org/en/latest-news/myanmar-over-200-garment-workers-allegedly-dismissed-from-factory-due-to-cancelled-orders-incl-co-response/?utm_source=mosaic&utm_medium=api,https://www.business-humanrights.org/en/latest-news/myanmar-hundreds-of-garment-workers-at-tianjin-fashion-milestone-protest-over-the-dismissal-of-200-workers-due-to-low-orders/?utm_source=mosaic&utm_medium=api,tianjin fashion milestone
#155 - Myanmar Knitting Factory,Myanmar Knitting Factory,2022-09-29,4969.0,"Marks & Spencer (Former buyer),Primark (part of Associated British Foods) (Former buyer)","Myanmar Knitting was allegedly supplying or has supplied to Primark and Marks & Spencer; both companies provided a response to a request from the Resource Centre. In October 2023, Primark informed the Resource Centre that its final handover of products from this factory was in August 2022, and Marks & Spencer informed the Resource Centre that its last orders from Myanmar took place in April 2023.","In September 2022, it was reported that workers at Myanmar Knitting Factory were facing a series of violations at the factory, including excessive production targets and dismissal if workers failed to meet the targets, mandatory overtime, and the dismissal of trade union leaders and union members.","Attacks on freedom of association,Inhumane work rates and mandatory overtime,Unfair dismissal",https://www.business-humanrights.org/en/latest-news/myanmar-garment-workers-report-the-dismissal-of-trade-union-members-excessive-production-targets-at-myanmar-knitting-factory-incl-co-responses/?utm_source=mosaic&utm_medium=api,https://www.business-humanrights.org/en/latest-news/myanmar-garment-workers-at-myanmar-knitting-allegedly-dismissed-if-unfair-targets-are-not-met/?utm_source=mosaic&utm_medium=api,myanmar knitting factory
#154 - Yi Cai Garment,Yi Cai Garment,2022-09-28,500.0,"Inditex (Reported buyer),Zara (part of Inditex) (Reported buyer)","Yi Cai allegedly supplies to Inditex for its Zara brand; Inditex provided a response to a request for comment from the Resource Centre, stating it does not source from the factory.","In September 2022, it was reported that the Yi Ca factory had temporarily closed without paying workers’ salary or compensation according to the law.",Reduced wages and wage theft,https://www.business-humanrights.org/en/latest-news/myanmar-yi-cai-garment-factory-reported-closes-without-paying-workers-wages-or-compensation-incl-co-response/?utm_source=mosaic&utm_medium=api,https://www.business-humanrights.org/en/latest-news/myanmar-garment-workers-at-yi-cai-factory-reportedly-closed-without-paying-workers-compensation-according-to-the-law/?utm_source=mosaic&utm_medium=api,yi cai garment
#153 - Best Choice Garment,Best Choice Garment,2022-09-27,1.0,Voile Bleue (Buyer),Best Choice Garment allegedly supplies to Voile Bleue; Voile Bleue did not provide a response to a request for comment from the Resource Centre.,"In September 2022, it was reported that a garment worker who had been hired at Best Choice Garment was told to quit three days later because he was a union leader.","Attacks on freedom of association,Unfair dismissal",https://www.business-humanrights.org/en/latest-news/myanmar-union-leader-dismissed-at-garment-factory-incl-co-response/?utm_source=mosaic&utm_medium=api,https://www.business-humanrights.org/en/latest-news/myanmar-union-leader-dismissed-alleges-violations-of-workers-rights-freedom-of-association-at-factory/?utm_source=mosaic&utm_medium=api,best choice garment
#152 - Myanmar Efforts Garment Factory,Myanmar Efforts Garment Factory,2022-09-21,1000.0,Hunkemoller (Buyer),Myanmar Efforts Garment is allegedly supplying or has supplied Hunkemoller; Hunkemoller provided a statement in response to a request from the Resource Centre.,"In September 2022, it was reported that over 200 workers at Myanmar Efforts Garment Factory were illegally dismissed without compensation, reportedly due to a lack of orders. The remaining workers at the factory were allegedly forced to take seniority leave without their consent.","Reduced wages and wage theft,Unfair dismissal",https://www.business-humanrights.org/en/latest-news/myanmar-over-200-workers-at-hunkemoller-supplier-reportedly-dismissed-without-compensation-due-to-lack-of-orders-incl-co-response/?utm_source=mosaic&utm_medium=api,https://www.business-humanrights.org/en/latest-news/myanmar-garment-workers-report-illegal-dismissal-of-over-200-workers-at-hunkemoller-supplier/?utm_source=mosaic&utm_medium=api,myanmar efforts garment factory
#151 - Myanmar Lucky Garment Factory,Myanmar Lucky Garment Factory,2022-09-21,,Inditex (Reported buyer),"Myanmar Lucky Garment Factory is allegedly supplying or has supplied to Inditex; Inditex provided a statement in response to a request from the Resource Centre, stating it does not source from the factory.","In September 2022, it was reported that workers were facing a series of violations at the Myanmar Lucky Garment Factory, including workers forced to work overtime without pay if they failed to meet increased targets, and workers refused a gate pass to leave the factory during work hours. Workers also reported they were unable to report their complaints to anyone, and that they had been instructed to tell inspectors that working conditions at the factory were good.","Denial of leave,Inhumane work rates and mandatory overtime,Reduced wages and wage theft",https://www.business-humanrights.org/en/latest-news/myanmar-garment-workers-allege-multiple-labour-rights-violations-at-factory-incl-forced-overtime-if-targets-are-not-met-workers-forced-to-lie-about-conditions-during-inspections-incl-co-response/?utm_source=mosaic&utm_medium=api,https://www.business-humanrights.org/en/latest-news/myanmar-garment-workers-reportedly-unable-to-report-labour-rights-violations-at-factory-forced-to-deny-allegations-during-inspections/?utm_source=mosaic&utm_medium=api,myanmar lucky garment factory
#150 - Sheng Da Ming Apparel,Sheng Da Ming Apparel,2022-09-19,,"Inditex (Reported buyer),Zara (part of Inditex) (Reported buyer)","Sheng Da Ming Apparel supplies to Inditex for its Zara brand; Inditex provided a response to a request for comment from the Resource Centre, stating it does not source from the factory.","In September 2022, it was reported that workers at Sheng Da Ming Apparel factory were forced to work overtime night shifts without overtime pay. Workers reported that some workers had fainted due to working until dawn, and that the factory had not arranged ferries to transport workers home after their night shifts.","Inhumane work rates and mandatory overtime,Reduced wages and wage theft,Unsafe working conditions",https://www.business-humanrights.org/en/latest-news/myanmar-garment-workers-allegedly-forced-to-work-unpaid-overnight-shifts-incl-co-response/?utm_source=mosaic&utm_medium=api,https://www.business-humanrights.org/en/latest-news/myanmar-garment-workers-allegedly-faint-after-being-forced-to-work-overnight-without-overtime-pay-to-complete-orders/?utm_source=mosaic&utm_medium=api,sheng da ming apparel
#149 - Sheng Da Ming Apparel,Sheng Da Ming Apparel,2022-09-19,17.0,"Inditex (Reported buyer),Zara (part of Inditex) (Reported buyer)","Sheng Da Ming Apparel supplies to Inditex for its Zara brand; Inditex provided a response to a request for comment from the Resource Centre, stating it does not source from the factory.","On 16 September 2022, up to 17 junior workers at Sheng Da Ming Apparel factory were dismissed without compensation, because they had told the factory they could not work unpaid overtime shifts.","Inhumane work rates and mandatory overtime,Reduced wages and wage theft,Unfair dismissal",https://www.business-humanrights.org/en/latest-news/myanmar-garment-workers-allegedly-forced-to-work-unpaid-overnight-shifts-incl-co-response/?utm_source=mosaic&utm_medium=api,https://www.business-humanrights.org/en/latest-news/myanmar-garment-workers-allegedly-faint-after-being-forced-to-work-overnight-without-overtime-pay-to-complete-orders/?utm_source=mosaic&utm_medium=api,sheng da ming apparel
#148 - Eslite Garment,Eslite Garment,2022-09-19,2700.0,Carhartt (Buyer),Eslite Garment allegedly supplies to Carhartt; Carhartt provided a response to a request for comment from the Resource Centre.,"In September 2022, workers at an Eslite Garment factory reported verbal abuse and threats from the factory owner’s secretary, which has reportedly become worse. Workers also reported that their workload doubled, adding to their stress.","Gender-based violence and harassment,Harassment intimidation and abuse,Inhumane work rates and mandatory overtime",https://www.business-humanrights.org/en/latest-news/myanmar-garment-workers-report-verbal-abuse-threats-from-senior-staff-member-incl-co-response/?utm_source=mosaic&utm_medium=api,https://www.business-humanrights.org/en/latest-news/myanmar-garment-workers-report-verbal-abuse-at-carhartt-supplier/?utm_source=mosaic&utm_medium=api,eslite garment
#147 - Saung Oo Shwe Nay (Golden Sunshine),Saung Oo Shwe Nay (Golden Sunshine),2022-09-18,6.0,"Hennes & Mauritz (H&M) (Former buyer),New Yorker (Buyer)","Saung Oo Shwe Nay (Golden Sunshine) allegedly supplies to H&M; H&M provided a response to a request for comment from the Resource Centre.
In September 2024 H&M stated it no longer sources from the factory, and New Yorker did not provide a response to a request for comment from the Resource Centre.","On 12 September 2022, six workers at Saung Oo Shwe Nay (Golden Sunshine) who had not met their targets were allegedly forced to walk on their knees as a punishment, and subjected to verbal abuse and harassment.","Gender-based violence and harassment,Harassment intimidation and abuse,Inhumane work rates and mandatory overtime",https://www.business-humanrights.org/en/latest-news/myanmar-workers-at-hm-supplier-allegedly-forced-to-walk-on-their-knees-as-punishment-for-failing-to-meet-production-targets-incl-co-response/?utm_source=mosaic&utm_medium=api,https://www.business-humanrights.org/en/latest-news/myanmar-garment-workers-at-hm-supplier-reportedly-forced-to-walk-on-their-knees-after-failing-to-meet-targets/?utm_source=mosaic&utm_medium=api,saung oo shwe nay (golden sunshine)
#146 - Nexstar Garment Manufacturing,Nexstar Garment Manufacturing,2022-09-18,49.0,"Tendam (Buyer),Women'secret (part of Tendam) (Buyer)",Nexstar Garment Manufacturing allegedly supplies to Tendam for its brand Women'secret; Tendam provided a response to a request for comment from the Resource Centre.,"On 2 September 2022, 49 workers with less than one year of experience were dismissed without prior notice.",Unfair dismissal,https://www.business-humanrights.org/en/latest-news/myanmar-garment-workers-allegedly-face-series-of-violations-at-factory-incl-dismissals-without-compensation-denial-of-social-security-benefits-verbal-abuse-incl-co-response/?utm_source=mosaic&utm_medium=api,https://www.business-humanrights.org/en/latest-news/myanmar-garment-workers-report-illegal-dismissals-denial-of-social-security-benefits/?utm_source=mosaic&utm_medium=api,nexstar garment manufacturing
#145 - Nexstar Garment Manufacturing,Nexstar Garment Manufacturing,2022-09-18,1500.0,"Tendam (Buyer),Women'secret (part of Tendam) (Buyer)",Nexstar Garment Manufacturing allegedly supplies to Tendam for its brand Women'secret; Tendam provided a response to a request for comment from the Resource Centre.,"In September 2022, it was reported that workers were facing a series of violations at the factory, including dismissals without compensation due to lack of orders and if workers missed a day of work, denial of leave, denial of social security benefits, mandatory overtime on Sundays, and verbal abuse.","Denial of leave,Gender-based violence and harassment,Harassment intimidation and abuse,Inhumane work rates and mandatory overtime,Reduced wages and wage theft,Unfair dismissal",https://www.business-humanrights.org/en/latest-news/myanmar-garment-workers-allegedly-face-series-of-violations-at-factory-incl-dismissals-without-compensation-denial-of-social-security-benefits-verbal-abuse-incl-co-response/?utm_source=mosaic&utm_medium=api,https://www.business-humanrights.org/en/latest-news/myanmar-garment-workers-report-illegal-dismissals-denial-of-social-security-benefits/?utm_source=mosaic&utm_medium=api,nexstar garment manufacturing
#144 - Kingsrich (Myanmar) Fashion,Kingsrich (Myanmar) Fashion,2022-09-16,1.0,"Hennes & Mauritz (H&M) (Buyer),Marks & Spencer (Buyer)",Kingsrich (Myanmar) Fashion allegedly supplies to Marks & Spencer and H&M; both brands provided a response to a request for comment from the Resource Centre.,"In September 2022, it was reported that a worker at the factory was forced to quit, or else they would face blacklisting, and had not been paid severance.","Harassment intimidation and abuse,Reduced wages and wage theft,Unfair dismissal",https://www.business-humanrights.org/en/latest-news/myanmar-garment-worker-allegedly-forced-to-resign-or-face-blacklisting-incl-co-responses/?utm_source=mosaic&utm_medium=api,https://www.business-humanrights.org/en/latest-news/myanmar-garment-worker-reprotedly-dismissed-denied-severance-pay-after-factory-blacklisted-for-late-repayment-of-loan/?utm_source=mosaic&utm_medium=api,kingsrich (myanmar) fashion
#143 - Sioen Industries,Sioen Industries,2022-09-15,1.0,Sioen Industries (Buyer),SIOEN Myanmar garment factory supplies to its parent company SIOEN Industries. SIOEN provided a response to BHRRC's request for comment.,"On 24 August 2021, a woman worker and union member – Ma Khin Thandar Moe – was arrested at SIOEN Myanmar Garment factory by the military, after publishing a Facebook post in which she stated her support for the interim National Unity Government. She was charged under Section 505(a) of the penal code, which rights groups have criticised as a sweeping law that has been revised by the junta with much broader language to punish anyone who criticises the coup or the military.","Attacks on freedom of association,Business-military collusion,Imprisonment arrests & detention",https://www.business-humanrights.org/en/latest-news/myanmar-garment-worker-allegedly-arrested-by-the-military-after-expressing-support-for-the-national-interim-unity-government-on-social-media-incl-co-response/?utm_source=mosaic&utm_medium=api,https://www.business-humanrights.org/en/latest-news/myanmar-woman-worker-at-sioen-myanmar-garment-factory-arrested-by-military-over-facebook-posts-in-support-of-the-national-unity-government/?utm_source=mosaic&utm_medium=api,sioen industries
#142 - Myanmar Guotai Huasheng Glory Fashion,Myanmar Guotai Huasheng Glory Fashion,2022-09-14,700.0,"Auchan (Buyer),Carrefour (Former buyer),Lidl (Former buyer),Pimkie (part of Association Familiale Mulliez) (Buyer),Primark (part of Associated British Foods) (Former buyer),Tendam (Buyer)","Guotai Huasheng Glory Fashion allegedly supplies or has supplied to Primark, Auchan, Carrefour, Lidl and Pimkie; Primark, and Auchan provided a response to an invite to comment from the Resource Centre. Pimkie did not respond. Carrefour and Lidl previously informed the Resource Centre that they no longer source from the factory.
In January 2024, Primark informed us it had completed its responsible exit in October 2023 and no longer sources from the factory. In September 2024, Tendam did not provide a response to an invite to comment from the Resource Centre.","In September 2022, it was reported that workers at Myanmar Guotai Huasheng Glory Fashion factory were facing a series of violations, including forced overtime, verbal abuse if workers failed to meet targets and denial of leave. Workers also alleged that the Workers' Coordination Committee at the factory was working together with the employer to violate workers' rights.","Attacks on freedom of association,Denial of leave,Gender-based violence and harassment,Harassment intimidation and abuse,Inhumane work rates and mandatory overtime",https://www.business-humanrights.org/en/latest-news/myanmar-garment-workers-at-primark-supplier-report-multiple-violations-incl-mandatory-overtime-verbal-abuse-workers-committee-collaborating-with-factory-to-undermine-workers-rights-incl-co-response/?utm_source=mosaic&utm_medium=api,https://www.business-humanrights.org/en/latest-news/myanmar-workers-committee-at-alleged-primark-supplier-reportedly-cooperating-with-factory-to-oppress-workers/?utm_source=mosaic&utm_medium=api,myanmar guotai huasheng glory fashion
#141 - Runningtex,Runningtex,2022-09-11,,,,"In September 2022 , it was reported that Runningtex workers were denied health services from the factory clinic, which is allegedly cooperating with the employer.",Unsafe working conditions,,https://www.business-humanrights.org/en/latest-news/myanmar-garment-workers-at-running-tex-factory-denied-health-services/?utm_source=mosaic&utm_medium=api,runningtex
#140 - Bogart Lingerie (Yangon),Bogart Lingerie (Yangon),2022-09-10,2000.0,"La Senza (part of Limited Brands) (Buyer),SKIMS (Former buyer)","Bogart Lingerie allegedly supplies to La Senza and SKIMS. SKIMS provided a response to a request for comment from the Resource Centre, stating it ceased operations at the factory in April 2022. La Senza did not respond.","In September 2022, it was reported that workers at the Bogart Lingerie factory were facing a series of violations at the factory, including excessive production targets and wage cuts if workers did not meet their targets, and verbal abuse from supervisors.","Gender-based violence and harassment,Inhumane work rates and mandatory overtime,Reduced wages and wage theft",https://www.business-humanrights.org/en/latest-news/myanmar-garment-workers-at-lingerie-factory-allegedly-underpaid-wages-if-targets-not-met-face-verbal-abuse-from-supervisors-incl-co-responses/?utm_source=mosaic&utm_medium=api,https://www.business-humanrights.org/en/latest-news/myanmar-garment-workers-report-excessive-production-targets-wage-cuts/?utm_source=mosaic&utm_medium=api,bogart lingerie (yangon)
#139 - Thukha Aung,Thukha Aung,2022-09-10,24.0,,,"In September 2022, it was reported that 24 workers at Thukha Aung garment factory were denied their wages. When the workers decided to go to the labour office to negotiate, the workers were told they would be sued if they did not complete their production targets and were locked in the factory until they had finished.","Harassment intimidation and abuse,Reduced wages and wage theft",,https://www.business-humanrights.org/en/latest-news/myanmar-garment-workers-reportedly-denied-wages-locked-in-factory-until-orders-completed/?utm_source=mosaic&utm_medium=api,thukha aung
#138 - Mirae (New Way Garment),Mirae (New Way Garment),2022-09-06,300.0,Ziben (Buyer),Mirae (New Way Garment) allegedly supplies to Ziben; Ziben did not provide a response to a request for comment from the Resource Centre.,"In September 2022, it was reported that workers at Mirae (New Way Garment) factory went on strike demanding an increase in wages and for day labourers to be hired as permanent workers after three months. According to workers, day labourers in the factory were not paid overtime pay or holiday pay, and were denied statutory holidays and  benefits.","Denial of leave,Denial of permanent contracts,Reduced wages and wage theft",https://www.business-humanrights.org/en/latest-news/myanmar-garment-workers-protest-for-higher-wages-incl-co-response/?utm_source=mosaic&utm_medium=api,https://www.business-humanrights.org/en/latest-news/myanmar-garment-workers-protest-for-pay-rise-as-day-labourers-reportedly-denied-wages-leave/?utm_source=mosaic&utm_medium=api,mirae (new way garment)
#137 - Likes ViewTex Garment,Likes ViewTex Garment,2022-09-04,300.0,,,"In September 2022 it was reported that for several months Likes ViewTex Garment had not paid workers' wages on allocated pay days, overtime was not paid, and workers were fired without their salaries being paid.","Reduced wages and wage theft,Unfair dismissal",,https://www.business-humanrights.org/en/latest-news/myanmar-over-150-garment-workers-denied-wages-after-factory-closure/?utm_source=mosaic&utm_medium=api,likes viewtex garment
#136 - Likes ViewTex Garment,Likes ViewTex Garment,2022-09-04,150.0,,,"In September 2022, it was reported that more than 150 workers had not been paid their wages before Likes ViewTex Garment factory closed.",Reduced wages and wage theft,,https://www.business-humanrights.org/en/latest-news/myanmar-over-150-garment-workers-denied-wages-after-factory-closure/?utm_source=mosaic&utm_medium=api,likes viewtex garment
#135 - RONG DA GARMENTS MYANMAR,RONG DA GARMENTS MYANMAR,2022-09-02,1300.0,"LC Waikiki (Former buyer),LPP Spółka Akcyjna (Buyer),PEP&CO (Reported buyer),Reserved (part of LPP Spółka Akcyjna) (Buyer),Sinsay (part of LPP S.A.) (Buyer)","Rong Da Garment allegedly supplies to LC Waikiki; LC Waikiki did not provide a response to a request for comment from the Resource Centre.
In September 2024, LPP, LC Waikiki and Pep&Co provided a response to a request for comment from the Resource Centre. LC Waikiki stated it had not sourced from the factory in two years. Pep&Co stated it no longer sources from Myanmar.","In September 2022, it was reported that workers were facing a series of violations at Rong Da Garments, including mandatory overtime and poor health due to being forced to sleep overnight in the factory, excessive production targets, verbal abuse, denial of leave and illegal dismissals.","Denial of leave,Gender-based violence and harassment,Inhumane work rates and mandatory overtime,Unfair dismissal,Unsafe working conditions",https://www.business-humanrights.org/en/latest-news/myanmar-garment-workers-at-rong-da-garment-factory-report-multiple-labour-rights-violations-incl-co-non-response/?utm_source=mosaic&utm_medium=api,https://www.business-humanrights.org/en/latest-news/myanmar-garment-workers-reportedly-denied-time-off-work-and-forced-to-sleep-overnight-in-factory/?utm_source=mosaic&utm_medium=api,rong da garments myanmar
#134 - Zong Hong,Zong Hong,2022-09-01,1700.0,"Bestseller (Buyer),Inditex (Buyer),LPP Spółka Akcyjna (Buyer),New Yorker (Buyer),ONLY (part of Bestseller) (Buyer),Primark (part of Associated British Foods) (Former buyer),Sinsay (part of LPP S.A.) (Buyer),Zara (part of Inditex) (Buyer)","Zong Hong (Myanmar) Garment allegedly supplies to Inditex for its Zara brand, Primark, New Yorker for its FBSister brand, BESTSELLER for its ONLY brand and LPP S.A for its Sinsay brand. Inditex, BESTSELLER, Primark and LPP S.A. provided a response to a request for comment from the Resource Centre. Primark stated it ceased business with the factory in June 2022. New Yorker did not respond.","In August 2022, it was reported that workers at Zong Hong (Myanmar) Garment factory were facing a series of violations at the factory, including daily labourers receiving pay below minimum wage and denied overtime pay, the reduction of workers on permanent contracts and non-compliance of COVID-19 regulations in the factory.","Denial of permanent contracts,Reduced wages and wage theft,Unsafe working conditions",https://www.business-humanrights.org/en/latest-news/myanmar-garment-workers-at-zong-hong-garment-factory-report-non-compliance-of-covid-19-regulations-underpaid-wages-non-payment-of-overtime-pay-incl-co-responses/?utm_source=mosaic&utm_medium=api,https://www.business-humanrights.org/en/latest-news/myanmar-garment-workers-report-underpaid-wages-to-day-labourers-violation-of-covid-19-regulations/?utm_source=mosaic&utm_medium=api,zong hong
#133 - Myanmar Luxury Group Company,Myanmar Luxury Group Company,2022-08-31,800.0,"Calliope (Buyer),Inditex (Reported buyer),Promod (Buyer),Stradivarius (part of Inditex) (Reported buyer)","Myanmar Luxury Group Company allegedly supplies to Inditex for its Stradivarius brand; Inditex provided a response to a request for comment from the Resource Centre, stating it does not source from the factory.
In September 2024, Calliope and Promod did not provide a response to a request for comment from the Resource Centre.","On 29 August 2022, over 800 garment workers at the factory started a protest demanding an increase in wages, as workers alleged they were struggling with the increase in the price of goods. Day labourers in particular are reportedly denied benefits and are unable to work on weekends, so are suffering due to their lower wages. The factory said they are unable to increase workers' pay.",Reduced wages and wage theft,https://www.business-humanrights.org/en/latest-news/myanmar-hundreds-of-garment-workers-protest-for-wage-increase-reporting-increased-price-of-goods-incl-co-response/?utm_source=mosaic&utm_medium=api,https://www.business-humanrights.org/en/latest-news/myanmar-over-800-garment-workers-protest-for-wage-hike-amid-increasing-price-of-essential-goods/?utm_source=mosaic&utm_medium=api,myanmar luxury group company
#132 - Princess Power Manufacturing,Princess Power Manufacturing,2022-08-26,900.0,"NKD (Buyer),SPAO (Buyer)",Princess Power Manufacturing allegedly supplies to SPAO and NKD Group for its Laura Torelli brand; NKD Group provided a response to a request for comment from the Resource Centre. SPAO did not.,"In August 2022,  it was reported that workers at Princess Power Manufacturing  were facing a series of violations at the factory, including the hiring of child labour.",Child labour,https://www.business-humanrights.org/en/latest-news/myanmar-workers-report-several-labour-rights-violations-at-princess-power-manufacturing-garment-factory-incl-co-responses/?utm_source=mosaic&utm_medium=api,https://www.business-humanrights.org/en/latest-news/myanmar-garment-workers-at-princess-power-garment-factory-report-child-labour-denial-of-leave-benefits-for-daily-labourers-oppression/?utm_source=mosaic&utm_medium=api,princess power manufacturing
#131 - Princess Power Manufacturing,Princess Power Manufacturing,2022-08-26,80.0,"NKD (Buyer),SPAO (Buyer)",Princess Power Manufacturing allegedly supplies to SPAO and NKD Group for its Laura Torelli brand; NKD Group provided a response to a request for comment from the Resource Centre. SPAO did not.,"In August 2022, it was reported that Princess Power Manufacturing  daily labourers were being hired at the factory and  paid 4,000 kyats for 10 ½ hour shifts, which is below the minimum wage of 4,800 kyats for an 8-hour shift, and denied social security benefits and leave.","Denial of leave,Denial of permanent contracts,Reduced wages and wage theft",https://www.business-humanrights.org/en/latest-news/myanmar-workers-report-several-labour-rights-violations-at-princess-power-manufacturing-garment-factory-incl-co-responses/?utm_source=mosaic&utm_medium=api,https://www.business-humanrights.org/en/latest-news/myanmar-garment-workers-at-princess-power-garment-factory-report-child-labour-denial-of-leave-benefits-for-daily-labourers-oppression/?utm_source=mosaic&utm_medium=api,princess power manufacturing
#130 - Yi Cai Garment,Yi Cai Garment,2022-08-25,500.0,"Inditex (Reported buyer),Zara (part of Inditex) (Reported buyer)","Yi Cai allegedly supplies to Zara (owned by Inditex). Inditex provided a response to a request for comment from the Resource Centre. In October 2022, Inditex stated it does not source from the factory.","In August 2022, it was reported that workers were facing a series of violations at a Yi Cai factory, including wage deductions if workers don't work overtime on Sundays or if a worker is late to work, and the dismissal of day labourers.","Denial of permanent contracts,Inhumane work rates and mandatory overtime,Reduced wages and wage theft,Unfair dismissal",https://www.business-humanrights.org/en/latest-news/myanmar-supervisor-at-yi-cai-factory-becomes-second-employee-to-report-physical-assault-within-the-factory-by-an-outsider-incl-co-response/?utm_source=mosaic&utm_medium=api,https://www.business-humanrights.org/en/latest-news/myanmar-supervisor-at-zara-supplier-dismissed-after-assault-workers-report-labour-rights-violations/?utm_source=mosaic&utm_medium=api,yi cai garment
#129 - Yi Cai Garment,Yi Cai Garment,2022-08-25,1.0,"Inditex (Reported buyer),Zara (part of Inditex) (Reported buyer)","Yi Cai Garment supplies to Inditex; Inditex provided a response to a request for comment from the Resource Centre. In October 2022, Inditex stated it does not source from the factory.","On 24 August 2022, following an alleged dispute between a line supervisor and an interpreter at a Yi Cai Garment factory, the interpreter brought family members to the factory to physically assault the supervisor, resulting in injuries. The factory reportedly did not resolve the issue, and dismissed the supervisor. Although he requested permission to leave the factory and complain to the authority, his request was denied, and he was only permitted to leave once he had signed the resignation letter. This was the second time an outsider had physically assaulted an employee inside the factory.","Harassment intimidation and abuse,Unfair dismissal",https://www.business-humanrights.org/en/latest-news/myanmar-supervisor-at-yi-cai-factory-becomes-second-employee-to-report-physical-assault-within-the-factory-by-an-outsider-incl-co-response/?utm_source=mosaic&utm_medium=api,https://www.business-humanrights.org/en/latest-news/myanmar-supervisor-at-zara-supplier-dismissed-after-assault-workers-report-labour-rights-violations/?utm_source=mosaic&utm_medium=api,yi cai garment
#128 - Myanmar Jiale Fashion Garment,Myanmar Jiale Fashion Garment,2022-08-18,1000.0,"Hennes & Mauritz (H&M) (Buyer),Inditex (Former buyer),OYSHO (part of Inditex) (Former buyer),Zara (part of Inditex) (Former buyer)","Myanmar Jiale Fashion Garment allegedly supplies to H&M and Inditex for its OYSHO and ZARA brands; H&M and Inditex provided a response to a request for comment from the Resource Centre. In October 2023, Inditex stated it no longer sources from the factory.","In August 2022, it was reported that workers at Myanmar Jiale Fashion Garment were facing a series of violations at the factory, including mandatory and unpaid overtime if workers do not meet high targets, day labourers hired on a weekly and monthly basis, verbal abuse, child labour, and pregnant workers denied maternity benefits and dismissed after birth.","Child labour,Denial of leave,Denial of permanent contracts,Gender-based violence and harassment,Inhumane work rates and mandatory overtime,Reduced wages and wage theft,Unfair dismissal",https://www.business-humanrights.org/en/latest-news/myanmar-pregnant-workers-face-discrimination-at-hm-factory-incl-denial-of-maternal-benefits-dismissal-after-birth-incl-co-response/?utm_source=mosaic&utm_medium=api,https://www.business-humanrights.org/en/latest-news/myanmar-garment-workers-at-myanmar-jiale-fashion-garment-factory-report-child-labour-forced-overtime-verbal-abuse-discrimination-against-pregnant-workers/?utm_source=mosaic&utm_medium=api,myanmar jiale fashion garment
#127 - Kittenish Knitting Co.,Kittenish Knitting Co.,2022-08-16,500.0,"Inditex (Reported buyer),Zara (part of Inditex) (Reported buyer)","Kittenish Knitting Co. allegedly supplies to Inditex for its ZARA brand; Inditex provided a response to a request for comment by the Resource Centre, stating that it does not source from the factory.","In August 2022, it was reported that workers were facing a series of violations at Kittenish Knitting Co. garment factory, including denial of leave for and dismissal of injured workers, lack of dining facilities for workers, unclean drinking water, mandatory overtime, harassment and wage cuts if workers do not work overtime, excessive production targets, and the dismissal of day labourers.","Denial of leave,Denial of permanent contracts,Gender-based violence and harassment,Harassment intimidation and abuse,Inhumane work rates and mandatory overtime,Reduced wages and wage theft,Unfair dismissal,Unsafe working conditions",https://www.business-humanrights.org/en/latest-news/myanmar-workers-at-kittenish-knitting-garment-factory-allegedly-face-multiple-labour-rights-violations-incl-dismissal-of-injured-workers-unsafe-working-conditions-harassment-incl-co-response/?utm_source=mosaic&utm_medium=api,https://www.business-humanrights.org/en/latest-news/myanmar-garment-workers-report-workers-rights-violations-incl-denial-of-leave-for-injured-workers-unsafe-drinking-water-harassment-of-workers-who-do-not-work-overtime/?utm_source=mosaic&utm_medium=api,kittenish knitting co.
#126 - Tristate Myanmar,Tristate Myanmar,2022-08-14,3000.0,Otto (Former buyer),"Tristate Myanmar allegedly supplies to Otto; Otto provided a response to a request for comment from the Resource Centre, stating it was in the process of terminating business with the factory.","In August 2022, it was reported that Tristate Myanmar workers were facing a series of violations at the factory, including mandatory overtime, threats and verbal abuse, excessive production targets and military collusion.","Business-military collusion,Gender-based violence and harassment,Inhumane work rates and mandatory overtime",https://www.business-humanrights.org/en/latest-news/myanmar-garment-workers-report-labour-rights-violations-at-factory-incl-mandatory-overtime-threats-verbal-abuse-military-collusion-incl-co-response/?utm_source=mosaic&utm_medium=api,https://www.business-humanrights.org/en/latest-news/myanmar-garment-workers-at-tristate-myanmar-factory-report-forced-overtime-excessive-production-targets/?utm_source=mosaic&utm_medium=api,tristate myanmar
#125 - Sanyuan Oversea (Myanmar),Sanyuan Oversea (Myanmar),2022-08-13,800.0,"Inditex (Buyer),Mango (Buyer),Piazza Italia (Buyer),Stradivarius (part of Inditex) (Buyer),adidas (Reported buyer)","Sanyuan Oversea allegedly supplies to Mango, Piazza Italia, Inditex for its Stradivarius brand, and adidas; Inditex and adidas provided a response to a request for comment from the Resource Centre. adidas stated it does not source from the factory Mango and Piazza Italia did not respond.","In August 2022, it was reported that workers at Sanyuan Oversea were facing a series of violations at the factory, including denial of leave, verbal abuse, mandatory overtime, excessive production targets and unfair dismissals.","Denial of leave,Gender-based violence and harassment,Inhumane work rates and mandatory overtime,Unfair dismissal,Unsafe working conditions",https://www.business-humanrights.org/en/latest-news/myanmar-garment-workers-report-mandatory-overtime-excessive-production-targets-verbal-abuse-at-factory-incl-co-response/?utm_source=mosaic&utm_medium=api,https://www.business-humanrights.org/en/latest-news/myanmar-garment-workers-at-mango-supplier-report-labour-rights-violations-incl-forced-overtime-denial-of-leave-excessive-targets-incl-co-response/?utm_source=mosaic&utm_medium=api,sanyuan oversea (myanmar)
#124 - Myanmar Dixinda Garment,Myanmar Dixinda Garment,2022-08-12,600.0,"Baroque Japan Limited (Buyer),Gratex Industries (Buyer),Workman (Buyer)","Myanmar Dixinda Garment factory allegedly supplies to Baroque (for its Azul brand), Workman and Gratex Industries. Workman provided a response to a request for comment from the Resource Centre. Baroque and Gratex Industries did not.","In August 2022, it was reported that workers were facing a series of violations at Myanmar Dixinda Garment factory, including mandatory overtime, non-payment of overtime, and denial of leave.","Denial of leave,Inhumane work rates and mandatory overtime,Reduced wages and wage theft",https://www.business-humanrights.org/en/latest-news/myanmar-garment-workers-report-violations-at-factory-incl-mandatory-unpaid-overtime/?utm_source=mosaic&utm_medium=api,https://www.business-humanrights.org/en/latest-news/myanmar-garment-workers-forced-to-work-overnight-shifts-denied-legal-benefits-incl-leave/?utm_source=mosaic&utm_medium=api,myanmar dixinda garment
#123 - Tianjin Fashion Milestone,Tianjin Fashion Milestone,2022-08-11,1000.0,"Bestseller (Buyer),Inditex (Reported buyer),LPP Spółka Akcyjna (Buyer),ONLY (part of Bestseller) (Buyer),Primark (part of Associated British Foods) (Former buyer),Sinsay (part of LPP S.A.) (Buyer),Vero Moda (part of Bestseller) (Buyer),Zara (part of Inditex) (Reported buyer)","Tianjin Fashion Milestone allegedly supplies to Inditex for its ZARA brand, BESTSELLER for its ONLY and VERO MODA brands, LPP S.A for its Sinsay brand and Primark; Primark and BESTSELLER provided a response to a request for comment from the Resource Centre. Inditex and LPP S.A. had previously informed the Resource Centre that they do not source from the factory. Primark said its final handover as a result of its responsible exit took place in June 2023.
In September 2024, LPP informed us it sources from the factory.","In August 2022, it was reported that workers at Tianjin Fashion Milestone factory were facing a series of violations, including unfair dismissals, denial of leave, inadequate toilet facilities, high temperatures in the factory, verbal abuse, unpaid wages, and the failure of the worker’s committee to address workers’ concerns.","Denial of leave,Gender-based violence and harassment,Reduced wages and wage theft,Unfair dismissal,Unsafe working conditions",https://www.business-humanrights.org/en/latest-news/myanmar-garment-workers-report-unsafe-working-conditions-unfair-dismissals-unpaid-wages-verbal-abuse-at-bestseller-supplier-incl-co-response/?utm_source=mosaic&utm_medium=api,https://www.business-humanrights.org/en/latest-news/myanmar-garment-worker-alleges-workers-committee-at-tianjin-fashion-milestone-fails-to-address-concerns-of-workers-incl-health-safety-issues/?utm_source=mosaic&utm_medium=api,tianjin fashion milestone
#122 - SYSMM Apparel Manufacturing,SYSMM Apparel Manufacturing,2022-08-11,1200.0,"Bershka (part of Inditex) (Buyer),Inditex (Buyer),LPP Spółka Akcyjna (Buyer),Mohito (part of LPP S.A.) (Buyer),Sinsay (part of LPP S.A.) (Buyer),Stradivarius (part of Inditex) (Buyer)","SYSMM allegedly supplies to Inditex for its brands Stradivarius and Bershka, and LPP for its brands Mohito and Sinsay; both brands provided a response to a request for comment from the Resource Centre.","In August 2022, it was reported that workers were facing a series of violations at the SYSMM Apparel Manufacturing factory, including mandatory overtime, verbal abuse, denial of leave and excessive production targets.","Denial of leave,Gender-based violence and harassment,Inhumane work rates and mandatory overtime",https://www.business-humanrights.org/en/latest-news/myanmar-garment-workers-at-sysmm-apparel-manufacturing-factory-report-verbal-abuse-mandatory-overtime-excessive-targets-incl-co-responses/?utm_source=mosaic&utm_medium=api,https://www.business-humanrights.org/en/latest-news/myanmar-garment-workers-allege-facing-denied-leave-verbal-abuse-excessive-targets-forced-overtime/?utm_source=mosaic&utm_medium=api,sysmm apparel manufacturing
#121 - Zhejiang Tongli Clothing,Zhejiang Tongli Clothing,2022-08-08,80.0,Hennes & Mauritz (H&M) (Buyer),Zhejiang Tongli Clothing allegedly supplies to H&M. H&M provided a response to a request for comment from the Resource Centre.,"In August 2022, it was reported that over 80 garment workers holding Sagaing Division (5/) or Magway Division (8/) registration cards at the Zhejiang Tongli Clothing factory (Myanmar) were dismissed without compensation. The army reportedly suspects that workers from these regions are supporters of the Peoples Defence Force, and that their wages are being sent to their families in these regions and supporting the resistance efforts against the military.","Business-military collusion,Reduced wages and wage theft,Unfair dismissal",https://www.business-humanrights.org/en/latest-news/myanmar-garment-factories-reportedly-ordered-to-dismiss-workers-from-townships-resisting-the-military-rule/?utm_source=mosaic&utm_medium=api,https://www.business-humanrights.org/en/latest-news/myanmar-garment-workers-from-sagaing-magway-divisions-face-selective-dismissal-denial-of-permanent-contracts/?utm_source=mosaic&utm_medium=api,zhejiang tongli clothing
#120 - Sinoproud Thein Wa,Sinoproud Thein Wa,2022-08-05,1300.0,"Bestseller (Reported buyer),Inditex (Reported buyer),Jennyfer (Buyer),ONLY (part of Bestseller) (Reported buyer),Zara (part of Inditex) (Reported buyer)","Sinoproud Thein Wa allegedly supplies to Jennyfer, BESTSELLER for its brand ONLY, and Inditex for its brand ZARA. BESTSELLER and Inditex provided a response to a request for comment from the Resource Centre, stating they do not source from the factory. Jennyfer did not provide a response.","In August 2022, it was reported that workers at Sinoproud Thein Wa Co. Ltd were facing a series of violations at the factory, including denial of leave, excessive production targets, verbal abuse, mandatory and underpaid overtime, denial of social security insurance, denial of permanent contracts for day labourers and wage cuts. Workers also reported a lack of workplace safety, including closed emergency exits, no clean drinking water, limited access to medicine and the factory clinic, lack of adequate toilets, and inadequate arrangements for the workers’ dining hall.","Denial of leave,Denial of permanent contracts,Gender-based violence and harassment,Inhumane work rates and mandatory overtime,Reduced wages and wage theft,Unsafe working conditions",https://www.business-humanrights.org/en/latest-news/myanmar-garment-workers-report-several-workers-rights-violations-at-factory-incl-poor-health-safety-abuses-denial-of-permanent-contracts-wage-cuts-incl-co-response/?utm_source=mosaic&utm_medium=api,https://www.business-humanrights.org/en/latest-news/myanmar-garment-workers-report-multiple-labour-rights-violations-at-factory-incl-denial-of-legal-benefits-unsafe-working-conditions-forced-overtime/?utm_source=mosaic&utm_medium=api,sinoproud thein wa
#119 - Myanmar Bestex Garment,Myanmar Bestex Garment,2022-08-03,800.0,"LPP Spółka Akcyjna (Buyer),Mohito (part of LPP S.A.) (Buyer),OVS SpA (Former buyer),RBX Active (Buyer),Sinsay (part of LPP S.A.) (Buyer)","Myanmar Bestex Garment allegedly supplies to LPP S.A (for its Mohito and Sinsay brands), OVS SpA and RBX Active; LPP S.A and OVS SpA provided a response to a request for comment from the Resource Centre. RBX Brand did not.
In September 2024, OVS SpA informed us it stopped sourcing from the factory after the production of its fall-winter 2023 collection.","In August 2022, it was reported that garment workers at the Myanmar Bestex Garment factory holding Sagaing Division (5/) or Magway Division (8/) registration cards were being fired and refused employment. The army reportedly suspects that workers from these regions are supporters of the Peoples Defence Force, and that their wages are being sent to their families in these regions and supporting the resistance efforts against the military.","Business-military collusion,Unfair dismissal",https://www.business-humanrights.org/en/latest-news/myanmar-garment-factories-reportedly-ordered-to-dismiss-workers-from-townships-resisting-the-military-rule/?utm_source=mosaic&utm_medium=api,https://www.business-humanrights.org/en/latest-news/myanmar-garment-workers-from-sagaing-division-magway-division-reportedly-dismissed-without-valid-reasons/?utm_source=mosaic&utm_medium=api,myanmar bestex garment
#118 - Myanmar Lucky Fortune Garment,Myanmar Lucky Fortune Garment,2022-08-03,4.0,"Bestseller (Reported buyer),Inditex (Former buyer),LPP Spółka Akcyjna (Buyer),ONLY (part of Bestseller) (Reported buyer),Pull & Bear (part of Inditex) (Former buyer),Sinsay (part of LPP S.A.) (Buyer),Stradivarius (part of Inditex) (Former buyer),Workman (Buyer),Zara (part of Inditex) (Buyer)","Myanmar Lucky Fortune garment factory allegedly supplies to Inditex for its ZARA, Pull&Bear and Stradivarius brand, BESTSELLER for its ONLY brand and LPP S.A. for its Sinsay brand; Inditex and LPP S.A. brands provided a response to a request for comment from the Resource Centre. BESTSELLER has previously stated it does not source from the factory.
In September 2024, Workman provided a response to a request for comment from the Resource Centre.
In September 2024, Inditex informed us that it no longer sources from Myanmar.","In August 2022, it was reported that four garment workers at the Myanmar Lucky Fortune factory holding Sagaing Division (5/) or Magway Division (8/) registration cards were fired. The army reportedly suspects that workers from these regions are supporters of the Peoples Defence Force, and that their wages are being sent to their families in these regions and supporting the resistance efforts against the military.","Business-military collusion,Unfair dismissal",https://www.business-humanrights.org/en/latest-news/myanmar-garment-factories-reportedly-ordered-to-dismiss-workers-from-townships-resisting-the-military-rule/?utm_source=mosaic&utm_medium=api,https://www.business-humanrights.org/en/latest-news/myanmar-garment-workers-from-sagaing-division-magway-division-reportedly-dismissed-without-valid-reasons/?utm_source=mosaic&utm_medium=api,myanmar lucky fortune garment
#117 - China Morning (Myanmar),China Morning (Myanmar),2022-08-03,,,,"In August 2022, it was reported that garment workers at the China Morning factory holding Sagaing Division (5/) or Magway Division (8/) registration cards were dismissed. The army reportedly suspects that workers from these regions are supporters of the Peoples Defence Force, and that their wages are being sent to their families in these regions and supporting the resistance efforts against the military.","Business-military collusion,Unfair dismissal",,https://www.business-humanrights.org/en/latest-news/myanmar-garment-workers-from-sagaing-division-magway-division-reportedly-dismissed-without-valid-reasons/?utm_source=mosaic&utm_medium=api,china morning (myanmar)
#116 - Green Wings International,Green Wings International,2022-08-03,,,,"In August 2022, it was reported that garment workers at the factory holding Sagaing Division (5/) or Magway Division (8/) registration cards at Green Wings International Co. Ltd factory (Myanmar) were dismissed. The army reportedly suspects that workers from these regions are supporters of the Peoples Defence Force, and that their wages are being sent to their families in these regions and supporting the resistance efforts against the military.","Business-military collusion,Unfair dismissal",,https://www.business-humanrights.org/en/latest-news/myanmar-garment-workers-from-sagaing-division-magway-division-reportedly-dismissed-without-valid-reasons/?utm_source=mosaic&utm_medium=api,green wings international
#115 - Ti Garment (Myanmar),Ti Garment (Myanmar),2022-08-02,25.0,,,"In August 2022, it was reported that 25 garment workers at Ti Garment Co. Ltd.  holding Sagaing Division (5/) or Magway Division (8/) registration cards were dismissed. The army reportedly suspects that workers from these regions are supporters of the Peoples Defence Force, and that their wages are being sent to their families in these regions and supporting the resistance efforts against the military.","Business-military collusion,Unfair dismissal",,https://www.business-humanrights.org/en/latest-news/myanmar-hundreds-of-garment-workers-fired-without-reason-due-to-military-orders/?utm_source=mosaic&utm_medium=api,ti garment (myanmar)
#114 - EMC Manufacturing,EMC Manufacturing,2022-08-02,,,,"In August 2022, it was reported that garment workers at EMC Manufacturing Ltd. holding Sagaing Division (5/) or Magway Division (8/) registration cards were dismissed. The army reportedly suspects that workers from these regions are supporters of the Peoples Defence Force, and that their wages are being sent to their families in these regions and supporting the resistance efforts against the military.","Business-military collusion,Unfair dismissal",,https://www.business-humanrights.org/en/latest-news/myanmar-hundreds-of-garment-workers-fired-without-reason-due-to-military-orders/?utm_source=mosaic&utm_medium=api,emc manufacturing
#113 - Myanmar Hang Shin,Myanmar Hang Shin,2022-07-31,1.0,,,"In July 2022, it was reported that a woman worker at Myanmar Hang Shin factory was fired after running away after she was punched by a manager.","Gender-based violence and harassment,Harassment intimidation and abuse,Unfair dismissal",,https://www.business-humanrights.org/en/latest-news/myanmar-women-garment-workers-report-being-physically-assaulted-by-management-in-factories-since-the-military-takeover/?utm_source=mosaic&utm_medium=api,myanmar hang shin
#112 - Myanmar Sinyoung Fashion Clothes,Myanmar Sinyoung Fashion Clothes,2022-07-29,600.0,"LPP Spółka Akcyjna (Reported buyer),Sinsay (part of LPP S.A.) (Reported buyer)","Myanmar Sinyoung Fashion allegedly supplies to LPP; LPP provided a response to a request for comment from the Resource Centre, stating it does not source from the factory.","In July 2022, it was reported that workers at Myanmar Sinyoung Fashion Clothes  factory were facing a series of violations at the factory, including dismissals without compensation, mandatory overtime and unpaid overtime pay, excessive production targets, verbal abuse, denial of leave, child labour, wage cuts, and denial of social security benefits.","Child labour,Denial of leave,Gender-based violence and harassment,Inhumane work rates and mandatory overtime,Reduced wages and wage theft,Unfair dismissal",https://www.business-humanrights.org/en/latest-news/myanmar-unfair-dismissals-upaid-wages-reported-a-worker-incl-co-response/?utm_source=mosaic&utm_medium=api,https://www.business-humanrights.org/en/latest-news/myanmar-garment-workers-report-unfair-dismissals-unpaid-wages-child-labour-at-myanmar-sinyoung-factory/?utm_source=mosaic&utm_medium=api,myanmar sinyoung fashion clothes
#111 - Likes ViewTex Garment,Likes ViewTex Garment,2022-07-29,30.0,,,"On 20 June 2022, over 30 workers at Likes ViewTex Garment who had been laid off in May 2022 came to the factory to receive their unpaid wages. The workers were met with the management who had brought soldiers and police officers with them, which led to a fight. Three workers were beaten.","Business-military collusion,Harassment intimidation and abuse,Reduced wages and wage theft,Unfair dismissal",,https://www.business-humanrights.org/en/latest-news/myanmar-garment-workers-beaten-by-soldiers-police-while-waiting-for-unpaid-wages-severance/?utm_source=mosaic&utm_medium=api,likes viewtex garment
#110 - Likes ViewTex Garment,Likes ViewTex Garment,2022-07-29,50.0,,,"On 17 May 2022, over 50 workers at Likes ViewTex Garment factory were told there were no more orders at the factory and were fired without receiving their owed wages and overtime fees. It was reported that old workers were fired and day labourers were called in.","Denial of permanent contracts,Reduced wages and wage theft,Unfair dismissal",,https://www.business-humanrights.org/en/latest-news/myanmar-garment-workers-beaten-by-soldiers-police-while-waiting-for-unpaid-wages-severance/?utm_source=mosaic&utm_medium=api,likes viewtex garment
#109 - Shuangxi (Myanmar) Garment,Shuangxi (Myanmar) Garment,2022-07-21,600.0,JAKO (Former buyer),"Shuangxi allegedly supplies to JAKO; JAKO provided a response to a request for comment from the Resource Centre. In September 2024, JAKO stated it had withdrawn production from Myanmar and no longer sources from the factory.","In July 2022, it was reported that Shuangxi (Myanmar) Garment workers were facing a series of violations at the factory, including monthly visits from the military to threaten workers, denial of benefits, verbal abuse, forced overtime and fines if workers don't meet the high targets.","Attacks on freedom of association,Business-military collusion,Denial of leave,Gender-based violence and harassment,Harassment intimidation and abuse,Inhumane work rates and mandatory overtime,Reduced wages and wage theft",https://www.business-humanrights.org/en/latest-news/myanmar-workers-at-shuangxi-myanmar-garment-factory-report-abuse-mandatory-overtime-military-visits-to-threaten-workers-incl-co-response/?utm_source=mosaic&utm_medium=api,https://www.business-humanrights.org/en/latest-news/myanmar-garment-workers-at-shuangxi-myanmar-factory-report-monthly-military-visits-abuse-if-workers-cant-meet-excessive-targets-denial-of-benefits/?utm_source=mosaic&utm_medium=api,shuangxi (myanmar) garment
#108 - Hengrun Garment,Hengrun Garment,2022-07-14,,"Blue Wave (Buyer),House (part of LPP S.A) (Reported buyer),LPP Spółka Akcyjna (Reported buyer),Next (Buyer)","Hengrun Garment allegedly supplies to Next, Blue Wave and LPP S.A. for its House brand; All brands provided a response to a request for comment the Resource Centre.
In September 2024, LPP S.A. stated it does not source from the factory.","On 6 July 2022, there was reportedly an attempt to kidnap workers who were on their way home by ferry, after having to work overtime at the factory until 9pm.","Inhumane work rates and mandatory overtime,Unsafe working conditions",https://www.business-humanrights.org/en/latest-news/myanmar-garment-workers-returning-home-from-overtime-night-shift-report-attempted-kidnap-incl-co-response/?utm_source=mosaic&utm_medium=api,https://www.business-humanrights.org/en/latest-news/myanmar-garment-workers-face-attempted-kidnap-after-working-overtime-at-hengrun-garment-factory/?utm_source=mosaic&utm_medium=api,hengrun garment
#107 - Myanmar Yangon Richang Apparel,Myanmar Yangon Richang Apparel,2022-07-14,800.0,,,"In July 2022, it was reported that workers at Myanmar Richang Apparel were facing a series of violations at the factory, including mandatory overtime and lack of protection for women travelling late due to overtime shifts and the lack of pre-arranged transport for workers, wage cuts, unsafe drinking water and bad odours due to the discharge of waste around the factory, no safety measures, the fire and rehire of day labourers and wage deductions if workers went on leave.","Denial of leave,Denial of permanent contracts,Inhumane work rates and mandatory overtime,Reduced wages and wage theft,Unsafe working conditions",,https://www.business-humanrights.org/en/latest-news/myanmar-garment-workers-report-forced-overtime-wage-cuts-unsafe-working-conditions-at-myanmar-yangon-richang-apparel-factory/?utm_source=mosaic&utm_medium=api,myanmar yangon richang apparel
#106 - Lian Cheng (Myanmar),Lian Cheng (Myanmar),2022-07-12,700.0,,,"In May 2022, it was reported that workers at Lian Cheng Garment factory are facing a number of violations at the factory, including forced and unpaid overtime, denial of social security benefits, verbal abuse and harassment by supervisors, and workers being denied permanent employment after their probationary period and kept as daily workers.","Denial of permanent contracts,Gender-based violence and harassment,Inhumane work rates and mandatory overtime,Reduced wages and wage theft",,https://www.business-humanrights.org/en/latest-news/myanmar-garment-workers-report-verbal-abuse-forced-overtime-at-lian-chene-garment-factory/?utm_source=mosaic&utm_medium=api,lian cheng (myanmar)
#105 - Sioen Industries,Sioen Industries,2022-07-08,136.0,Sioen Industries (Buyer),SIOEN Myanmar garment factory allegedly supplies to its parent company SIOEN Industries; SIOEN Industries did not provide a response to a request for comment from the Resource Centre.,"In July 2022, it was reported that SIOEN Myanmar Garment had told the military to arrest union leaders and dismissed 136 workers without reason.","Attacks on freedom of association,Business-military collusion,Imprisonment arrests & detention,Unfair dismissal",https://www.business-humanrights.org/en/latest-news/myanmar-union-leaders-at-sioen-myanmar-allegedly-arrested-by-the-military-at-the-factorys-request-incl-co-response/?utm_source=mosaic&utm_medium=api,https://www.business-humanrights.org/en/latest-news/myanmar-sioen-myanmar-factory-allegedly-calls-on-military-to-arrest-union-leaders-and-dismissed-136-workers/?utm_source=mosaic&utm_medium=api,sioen industries
#104 - ADK/JW Factory,ADK/JW Factory,2022-07-07,7000.0,,,"On 7 July 2022, workers staged protests over alleged labour rights violations at the ADK/JW factory, including increased working hours, mandatory overtime without pay, excessive production targets and wage cuts. Union leaders report the military arrived at the factory to suppress the protest.","Business-military collusion,Inhumane work rates and mandatory overtime,Reduced wages and wage theft",,https://www.business-humanrights.org/en/latest-news/myanmar-thousands-of-garment-workers-stage-protest-over-alleged-labour-rights-violations-at-adkjw-factory/?utm_source=mosaic&utm_medium=api,adk/jw factory
#103 - Kingsrich (Myanmar) Fashion,Kingsrich (Myanmar) Fashion,2022-07-06,1500.0,"Hennes & Mauritz (H&M) (Buyer),Marks & Spencer (Buyer)",Kingsrich Fashion allegedly supplies to Hennes & Mauritz (H&M) and Marks & Spencer; both companies provided responses to a request for comment from the Resource Centre.,"In July 2022, it was reported that workers were facing a series of violations at Kingsrich Fashion garment factory, including threats of arrest by the military, mandatory overtime, demotion and denial of wages if workers went on leave, workers forced to work as day labourers and dismissal if they missed a day of work, and lack of health and safety.","Business-military collusion,Denial of leave,Denial of permanent contracts,Harassment intimidation and abuse,Inhumane work rates and mandatory overtime,Reduced wages and wage theft,Unfair dismissal,Unsafe working conditions",https://www.business-humanrights.org/en/latest-news/myanmar-garment-workers-report-labour-rights-abuses-incl-threats-of-arrest-by-the-military-mandatory-overtime-denial-of-leave-denial-of-permanent-contracts-incl-co-responses/?utm_source=mosaic&utm_medium=api,https://www.business-humanrights.org/en/latest-news/myanmar-workers-at-kingsrich-myanmar-factory-report-labour-rights-violations-incl-forced-overtime-dismissal-of-workers-safety-threats-of-arrest-by-the-military/?utm_source=mosaic&utm_medium=api,kingsrich (myanmar) fashion
#102 - Sunrise Myanmar,Sunrise Myanmar,2022-06-23,1800.0,"Hennes & Mauritz (H&M) (Reported buyer),Honeys Holdings (Buyer),OVS SpA (Reported buyer),Shimamura (Buyer),Topvalu Collection (part of AEON) (Reported buyer),United Athle (Former buyer)","Sunrise Myanmar allegedly supplies to H&M, OVS SpA, Topvalu and Shimamaura; H&M, OVS SpA and Topvalu provided a response to a request for comment from the Resource Centre, stating they do not source from the factory. Shimamura did not respond.
In January 2024, Shimamura, United Athle and Honeys provided a response to a request for comment from the Resource Centre. United Athle stated it no longer sources from the factory.","In June 2022, it was reported that workers at the Sunrise Myanmar factory were facing a number of violations at the factory, including verbal abuse towards women workers if targets are not met, harassment by supervisors, wage exploitation, denial of leave, mandatory overtime, arbitrary dismissal without reason or compensation, production targets set beyond what the workers can meet, no health and safety arrangements, such as emergency exits, and poor workplace facilities including hot and cold water. The factory reportedly denies workers permanent employment by hiring workers as daily wage workers and dismissing them within the probationary period.","Denial of leave,Denial of permanent contracts,Gender-based violence and harassment,Inhumane work rates and mandatory overtime,Reduced wages and wage theft,Unfair dismissal,Unsafe working conditions",https://www.business-humanrights.org/en/latest-news/myanmar-workers-at-sunrise-myanmar-garment-factory-reportedly-face-labour-violations-incl-abuse-towards-women-workers-wage-exploitation-denial-of-leave-incl-co-responses/?utm_source=mosaic&utm_medium=api,https://www.business-humanrights.org/en/latest-news/myanmar-ovs-hm-supplier-accused-of-poor-health-safety-verbal-abuse-and-denying-workers-legal-benefits/?utm_source=mosaic&utm_medium=api,sunrise myanmar
#101 - GTIG Huasheng (Myanmar),GTIG Huasheng (Myanmar),2022-06-23,1555.0,"PEP&CO (Buyer),Primark (part of Associated British Foods) (Former buyer)","GTIG Huasheng (Myanmar) allegedly supplies to Pep&Co and supplied Primark; Pep&Co and Primark provided a response to a request for comment from the Resource Centre.
In November 2022, Primark stated it no longer sources from the factory, and Pep&Co stated it would cease operations with the factory after its final order was completed.","In June 2022, it was reported that the GTIG Huasheng (Myanmar) factory was violating the right to freedom of association and has formed a “yellow” union. It was also reported that workers were being subject to mandatory and unpaid overtime.","Attacks on freedom of association,Inhumane work rates and mandatory overtime,Reduced wages and wage theft",https://www.business-humanrights.org/en/latest-news/myanmar-garment-workers-report-violations-of-freedom-of-association-at-gtig-huasheng-myanmar-factory-incl-co-responses/?utm_source=mosaic&utm_medium=api,https://www.business-humanrights.org/en/latest-news/myanmar-primark-pepco-supplier-allegedly-working-yellow-union-violating-ilo-convention-on-freedom-of-association/?utm_source=mosaic&utm_medium=api,gtig huasheng (myanmar)
#100 - Myanmar Lucky Garment Factory,Myanmar Lucky Garment Factory,2022-06-16,1.0,,,"In June 2022, it was reported that a worker at Myanmar Lucky Garment Factory was forced to resign without compensation when he asked for leave due to illness. The worker also alleged workers face unpaid overtime at the factory.","Denial of leave,Reduced wages and wage theft,Unfair dismissal",,https://www.business-humanrights.org/en/latest-news/myanmar-garment-worker-allegedly-forced-to-resign-after-requesting-medical-leave/?utm_source=mosaic&utm_medium=api,myanmar lucky garment factory
#99 - Myanmar Lucky Phoenix International,Myanmar Lucky Phoenix International,2022-06-15,,Piazza Italia (Buyer),Myanmar Lucky Phoenix International allegedly supplies to Piazza Italia; Piazza Italia did not provide a response to a request for comment from the Resource Centre.,"In June 2022, it was reported that workers were facing a number of violations at a Myanmar Lucky Phoenix International factory, including verbal and physical abuse, dismissal of unwell workers, and denial of paid medical leave.","Denial of leave,Gender-based violence and harassment,Unfair dismissal,Unsafe working conditions",https://www.business-humanrights.org/en/latest-news/myanmar-workers-at-myanmar-lucky-phoenix-intl-factory-report-verbal-physical-abuse-dismissal-of-unwell-workers-incl-co-response/?utm_source=mosaic&utm_medium=api,https://www.business-humanrights.org/en/latest-news/myanmar-garment-workers-at-piazza-italia-supplier-allege-workers-are-denied-medical-leave-face-physical-verbal-abuse/?utm_source=mosaic&utm_medium=api,myanmar lucky phoenix international
#98 - Myanmar Dixinda Garment,Myanmar Dixinda Garment,2022-06-02,600.0,"Baroque Japan Limited (Buyer),Gratex Industries (Buyer),Workman (Buyer)","Myanmar Dixinda Garment factory allegedly supplies to Baroque (for its Azul brand), Workman and Gratex Industries. Workman provided a response to a request for comment from the Resource Centre. Baroque and Gratex Industries did not.","In June 2022, it was reported that workers were being denied their social security and other benefits they are legally entitled to.",Reduced wages and wage theft,https://www.business-humanrights.org/en/latest-news/myanmar-garment-workers-allegedly-denied-legally-owed-benefits-incl-co-non-responses/?utm_source=mosaic&utm_medium=api,https://www.business-humanrights.org/en/latest-news/myanmar-garment-workers-allege-they-are-denied-owed-social-security-benefits-at-myanmar-dixinda-garment-factory/?utm_source=mosaic&utm_medium=api,myanmar dixinda garment
#97 - Tianjin Fashion Milestone,Tianjin Fashion Milestone,2022-05-29,1000.0,"Bestseller (Buyer),Inditex (Reported buyer),LPP Spółka Akcyjna (Buyer),ONLY (part of Bestseller) (Buyer),Primark (part of Associated British Foods) (Former buyer),Sinsay (part of LPP S.A.) (Buyer),Vero Moda (part of Bestseller) (Buyer),Zara (part of Inditex) (Reported buyer)","Tianjin Fashion Milestone allegedly supplies to Inditex for its ZARA brand, BESTSELLER for its ONLY and VERO MODA brands, LPP S.A for its Sinsay brand and Primark; all brands provided a response to a request for comment from the Resource Centre. Inditex and LPP S.A. stated they do not source from the factory. Primark said its final handover as a result of its responsible exit took place in June 2023.
In September 2024, LPP informed us it sources from the factory.","In May 2022, it was reported that workers at Tianjin Fashion Milestone factory were facing a number of violations at the factory, including forced and unpaid overtime, discrimination against workers who do not work overtime, health problems allegedly caused by continuous overtime shifts, increased targets, limited toilet access, and verbal abuse from supervisors.","Gender-based violence and harassment,Inhumane work rates and mandatory overtime,Reduced wages and wage theft,Unsafe working conditions",https://www.business-humanrights.org/en/latest-news/myanmar-garment-workers-at-tianjin-fashion-milestone-garment-factory-report-forced-overtime-excessive-targets-incl-co-response/?utm_source=mosaic&utm_medium=api,https://www.business-humanrights.org/en/latest-news/myanmar-garment-workers-report-labour-rights-violations-at-sinsay-vero-moda-only-supplier-incl-forced-overtime-to-meet-increased-targets-verbal-abuse/?utm_source=mosaic&utm_medium=api,tianjin fashion milestone
#96 - Tianjin Fashion Milestone,Tianjin Fashion Milestone,2022-05-26,,"Bestseller (Buyer),Inditex (Reported buyer),LPP Spółka Akcyjna (Buyer),ONLY (part of Bestseller) (Buyer),Primark (part of Associated British Foods) (Former buyer),Sinsay (part of LPP S.A.) (Buyer),Vero Moda (part of Bestseller) (Buyer),Zara (part of Inditex) (Reported buyer)","Tianjin Fashion Milestone allegedly supplies to Inditex for its ZARA brand, BESTSELLER for its ONLY and VERO MODA brands, LPP S.A for its Sinsay brand and Primark; all brands provided a response to a request for comment from the Resource Centre. Inditex and LPP S.A. stated it did not source from the factory. Primark said its final handover as a result of its responsible exit took place in June 2023.
In September 2024, LPP informed us it sources from the factory.","In May 2022, it was reported that pregnant workers at Tianjin Fashion Milestone factory were denied maternity leave.","Denial of leave,Gender-based violence and harassment",https://www.business-humanrights.org/en/latest-news/myanmar-pregnant-garment-workers-at-tianjin-fashion-milestone-factory-allegedly-denied-maternity-leave-incl-co-responses/?utm_source=mosaic&utm_medium=api,https://www.business-humanrights.org/en/latest-news/myanmar-vero-moda-supplier-allegedly-denying-pregnant-workers-maternity-leave/?utm_source=mosaic&utm_medium=api,tianjin fashion milestone
#95 - Myanmar Efforts Garment Factory,Myanmar Efforts Garment Factory,2022-05-26,1000.0,Hunkemoller (Buyer),Myanmar Efforts Garment factory allegedly supplies to Hunkemoller. Hunkemoller provided a response to a request for comment from the Resource Centre.,"In May 2022, it was reported that workers at Myanmar Efforts Garment factory were facing a number of violations at the factory, including verbal abuse, mandatory overtime, excessive targets, and unfair dismissals.","Gender-based violence and harassment,Inhumane work rates and mandatory overtime,Unfair dismissal",https://www.business-humanrights.org/en/latest-news/myanmar-garment-workers-at-hunkemoller-supplier-reportedly-face-labour-violations-incl-verbal-abuse-mandatory-overtime-excessive-production-targets-incl-co-response/?utm_source=mosaic&utm_medium=api,https://www.business-humanrights.org/en/latest-news/myanmar-garment-workers-report-verbal-abuse-dismissals-if-workers-fail-to-meet-increased-targets/?utm_source=mosaic&utm_medium=api,myanmar efforts garment factory
#94 - G&B Manufacturing Myanmar,G&B Manufacturing Myanmar,2022-05-24,,"Bershka (part of Inditex) (Reported buyer),Inditex (Reported buyer),LPP Spółka Akcyjna (Buyer),OVS SpA (Buyer),Sinsay (part of LPP S.A.) (Buyer)","G&B Manufacturing Myanmar allegedly supplies to Inditex for its Bershka brand, OVS S.p.A and LPP S.A for its Sinsay brand; Inditex, OVS S.p.A and LPP S.A provided a response to a request for comment from the Resource Centre. Inditex stated it does not source from the factory.","In May 2022, it was reported that workers at G&B Manufacturing Myanmar are facing labour rights violations at the factory, including forced overtime and wage cuts.","Inhumane work rates and mandatory overtime,Reduced wages and wage theft",https://www.business-humanrights.org/en/latest-news/myanmar-garment-workers-report-violations-incl-forced-overtime-wage-cuts-at-gb-manufacturing-myanmar-factory-incl-co-responses/?utm_source=mosaic&utm_medium=api,https://www.business-humanrights.org/en/latest-news/myanmar-bershka-supplier-allegedly-violating-workers-rights-incl-wage-deductions-forced-overtime/?utm_source=mosaic&utm_medium=api,g&b manufacturing myanmar
#93 - Honor Apparel Garment,Honor Apparel Garment,2022-05-21,800.0,"Bestseller (Reported buyer),C&A (Former buyer),HK Works London (Buyer),House (part of LPP S.A) (Buyer),KappAhl (Former buyer),Kiabi (Former buyer),LC Waikiki (Buyer),LPP Spółka Akcyjna (Buyer),ONLY (part of Bestseller) (Reported buyer),OVS SpA (Former buyer),Sinsay (part of LPP S.A.) (Buyer)","Honor Apparel allegedly supplies or has supplied to to C&A, Kiabi, KappAhl, LPP S.A., OVS S.p.A, BESTSELLER, LC Waikiki and HK Works London; C&A, Kiabi, KappAhl, LPP S.A. and OVS S.p.A responded to an invitation to respond. LC Waikiki and HK Works London did not respond. Kiabi stated it no longer sourced from the factory from April 2022. KappAhl stated its last order with the factory was placed in 2020, and OVS S.p.A said it no longer sources from the factory. C&A stated it no longer sources from Myanmar. BESTSELLER has previously stated it does not source from the factory.","In May 2022, it was reported that workers at Honor Apparel Garment were facing excessive production targets which was causing them difficulties, verbal abuse, wage deductions and unsanitary conditions in the factory.","Gender-based violence and harassment,Inhumane work rates and mandatory overtime,Reduced wages and wage theft,Unsafe working conditions",https://www.business-humanrights.org/en/latest-news/myanmar-garment-workers-at-honor-apparel-reportedly-face-workers-rights-violations-incl-excessive-production-targets-verbal-abuse-wage-cuts-incl-co-responses/?utm_source=mosaic&utm_medium=api,https://www.business-humanrights.org/en/latest-news/myanmar-garment-workers-report-harassment-and-increased-workload-at-honor-apparel/?utm_source=mosaic&utm_medium=api,honor apparel garment
#92 - Myanmar Hashing Fashion Clothes Factory,Myanmar Hashing Fashion Clothes Factory,2022-05-21,,,,"In May 2022, it was reported that workers are facing a number of violations at the Myanmar Hashing Fashion Clothes Factory, including unlawful dismissals without compensation, and the replacement of full-time workers with daily wage workers.","Denial of permanent contracts,Reduced wages and wage theft,Unfair dismissal",,https://www.business-humanrights.org/en/latest-news/myanmar-workers-report-unlawful-dismissals-without-compensation-at-myanmar-hashing-fashion-garment-factory/?utm_source=mosaic&utm_medium=api,myanmar hashing fashion clothes factory
#91 - Dishang Kenny (Dishang Group),Dishang Kenny (Dishang Group),2022-05-19,570.0,"Bestseller (Reported buyer),Inditex (Reported buyer),K-Way (part of BasicNet) (Buyer),Kiabi (Buyer),LPP Spółka Akcyjna (Reported buyer),ONLY (part of Bestseller) (Reported buyer),Reserved (part of LPP Spółka Akcyjna) (Reported buyer),Zara (part of Inditex) (Reported buyer)","Dishang Kenny (Dishang Group) allegedly supplies or has supplied to BESTSELLER, Inditex, K-Way, LPP, Shimamura and KIABI; BESTSELLER, Inditex, KIABI and LPP provided a response to a request for comment from the Resource Centre. BESTSELLER and Inditex stated that they did not source from the factory. LPP stated it does not source from the factory. K-Way and Shimamura did not respond.","In May 2022, it was reported that workers at Dishang Kenny were facing a number of violations at the factory, including verbal abuse and harassment, mandatory overtime, including on Sundays and public holidays, excessive working hours and being denied leave.","Denial of leave,Gender-based violence and harassment,Inhumane work rates and mandatory overtime",https://www.business-humanrights.org/en/latest-news/myanmar-garment-workers-at-dishang-kenny-factory-report-labour-rights-abuses-incl-verbal-abuse-harassment-incl-co-responses/?utm_source=mosaic&utm_medium=api,https://www.business-humanrights.org/en/latest-news/myanmar-garment-workers-report-labour-rights-violations-at-factory-supplying-brands-incl-only-kiabi-zara/?utm_source=mosaic&utm_medium=api,dishang kenny (dishang group)
#90 - Trinity Apparel Garment,Trinity Apparel Garment,2022-05-15,500.0,,,"In May 2021, it was reported that workers at a Trinity Apparel Garment factory were experiencing intensified work rates due to an increase in production targets beyond what the workers could meet. It was also reported that workers were being denied leave, the union had been facing threats, and workers had been denied social security payments to which they were entitled","Attacks on freedom of association,Denial of leave,Harassment intimidation and abuse,Inhumane work rates and mandatory overtime,Reduced wages and wage theft",,https://www.business-humanrights.org/en/latest-news/myanmar-garment-workers-at-trinity-apparel-factory-report-workers-rights-violations-incl-denial-of-social-security-benefits-and-threats-against-the-union/?utm_source=mosaic&utm_medium=api,trinity apparel garment
#89 - Pan-Pacific,Pan-Pacific,2022-05-13,1000.0,,,"In May 2022, it was reported that Nadia Pacific Apparel factory managers and supervisors were subjecting women workers to physical, sexual and verbal abuse and harassment, including punching them in the chest and their heads, kicking them and calling them “dogs”.","Gender-based violence and harassment,Harassment intimidation and abuse",,https://www.business-humanrights.org/en/latest-news/myanmar-garment-workers-at-nadia-pacific-apparel-report-physical-verbal-sexual-abuse-against-women-workers/?utm_source=mosaic&utm_medium=api,pan-pacific
#88 - Sioen Industries,Sioen Industries,2022-05-12,700.0,Sioen Industries (Buyer),SIOEN Myanmar garment factory allegedly supplies to its parent company SIOEN Industries; SIOEN Industries provided a response to a request for comment rom the Resource Centre.,"In May 2022, it was reported that the factory no longer respected the collective agreement signed between the union and employer , and that the employer was hiring temporary workers and terminating them before the end of the probationary period.","Attacks on freedom of association,Denial of permanent contracts,Unfair dismissal",https://www.business-humanrights.org/en/latest-news/myanmar-three-garment-workers-arrested-for-their-involvement-in-the-civil-disobedience-movement-incl-co-response/?utm_source=mosaic&utm_medium=api,https://www.business-humanrights.org/en/latest-news/myanmar-three-garment-workers-at-sioen-myanmar-garment-arrested-for-involvement-in-civil-disobedience-movement/?utm_source=mosaic&utm_medium=api,sioen industries
#87 - Sioen Industries,Sioen Industries,2022-05-12,3.0,Sioen Industries (Buyer),SIOEN Myanmar Garment allegedly supplies to parent company SIOEN Industries; SIOEN Industries provided a response to a request for comment from the Resource Centre.,"In April 2022, three union members at SIOEN Myanmar Garment – including one woman union leader – were arrested for their involvement in the civil disobedience movement. They were later released.","Attacks on freedom of association,Business-military collusion,Imprisonment arrests & detention",https://www.business-humanrights.org/en/latest-news/myanmar-three-garment-workers-arrested-for-their-involvement-in-the-civil-disobedience-movement-incl-co-response/?utm_source=mosaic&utm_medium=api,https://www.business-humanrights.org/en/latest-news/myanmar-three-garment-workers-at-sioen-myanmar-garment-arrested-for-involvement-in-civil-disobedience-movement/?utm_source=mosaic&utm_medium=api,sioen industries
#86 - Huiyuan Garment,Huiyuan Garment,2022-05-09,600.0,"LPP Spółka Akcyjna (Buyer),Sinsay (part of LPP S.A.) (Buyer)",Huiyuan Garment allegedly supplies LPP brand Sinsay; LPP provided a response to a request for comment from the Resource Centre.,"In May 2022, it was reported that workers at Huiyuan Garment were facing a number of violations at the factory, including unlawful dismissals, wage deductions, forced and unpaid overtime, denial of social security benefits and abusive treatment. It was also alleged that the factory was hiring underage workers.","Child labour,Gender-based violence and harassment,Inhumane work rates and mandatory overtime,Reduced wages and wage theft,Unfair dismissal",https://www.business-humanrights.org/en/latest-news/myanmar-workers-at-huiyuan-garment-factory-report-labour-rights-violations-incl-unlawful-dismissals-wage-deductions-child-labour-incl-co-response/?utm_source=mosaic&utm_medium=api,https://www.business-humanrights.org/en/latest-news/myanmar-garment-workers-at-sinsay-supplier-report-salary-cuts-verbal-abuse-child-labour-forced-overtime/?utm_source=mosaic&utm_medium=api,huiyuan garment
#85 - Nilar Win Garment (Myanmar),Nilar Win Garment (Myanmar),2022-05-06,600.0,New Look (Reported buyer),"Nilar Win allegedly supplies to New Look; the company provided a response to a request for comment from the Resource Centre, stating it does not source from the factory.","In May 2022, it was reported that workers were facing a number of violations at Nilar Win garment factory, including wage deductions, mandatory and unpaid overtime, denial of social security benefits, and harassment from supervisors.","Gender-based violence and harassment,Inhumane work rates and mandatory overtime,Reduced wages and wage theft",https://www.business-humanrights.org/en/latest-news/myanmar-nilar-win-garment-factory-accused-of-subjecting-workers-to-forced-overtime-without-pay-excessive-production-targets-wage-cuts-incl-co-response/?utm_source=mosaic&utm_medium=api,https://www.business-humanrights.org/en/latest-news/myanmar-workers-at-nilar-win-factory-report-forced-unpaid-overtime-denial-of-social-security-benefits-wage-deductions/?utm_source=mosaic&utm_medium=api,nilar win garment (myanmar)
#84 - Huabo Times,Huabo Times,2022-05-05,35.0,"Bestseller (Buyer),Inditex (Buyer),ONLY (part of Bestseller) (Buyer),Primark (part of Associated British Foods) (Former buyer),Vero Moda (part of Bestseller) (Buyer)","Huabo Times allegedly supplies to BESTSELLER (parent company of ONLY, VERO MODA), Inditex (parent company of ZARA) and Primark; all three companies provided responses to a request for comment from the Resource Centre. Primark stated it stopped sourcing from the factory in Oct 2021.","On 11 June 2021, a bomb exploded inside Huabo Times factory, and the factory reportedly provided names of union members to the local police station. Pwint Lin Aung from Union 2 was allegedly arrested on the same day, and of 1,700 workers in total, 20 trade union members and 15 other workers were interrogated by the police. After the bomb blast, guards patrolled the area, and female workers were body-searched and required to open their food boxes and eat in front of the guards.","Attacks on freedom of association,Business-military collusion,Gender-based violence and harassment,Imprisonment arrests & detention",https://www.business-humanrights.org/en/latest-news/myanmar-unionists-at-huabo-times-garment-factory-allegedly-face-arrest-dismissals-incl-co-response/?utm_source=mosaic&utm_medium=api,https://www.business-humanrights.org/en/latest-news/myanmar-report-finds-increasing-labour-rights-violations-against-garment-workers-under-the-military-coup-third-covid-19-wave/?utm_source=mosaic&utm_medium=api,huabo times
#83 - Huabo Times,Huabo Times,2022-05-05,1.0,"Bestseller (Buyer),Inditex (Buyer),ONLY (part of Bestseller) (Buyer),Primark (part of Associated British Foods) (Former buyer),Vero Moda (part of Bestseller) (Buyer),Zara (part of Inditex) (Buyer)","Huabo Times allegedly supplies to BESTSELLER (parent company of ONLY, VERO MODA), Inditex (parent company of ZARA) and Primark; all three companies provided responses to a request for comment from the Resource Centre. Primark stated it stopped sourcing from the factory in Oct 2021.","In June 2021, Ko Naing Win Sam, who was president of Union 2, was fired without reason after a bomb exploded inside Huabo Times factory. Even though the labour dispute tribunal and labour departments have since urged the factory to rehire him, the factory has not reinstated him.","Attacks on freedom of association,Unfair dismissal",https://www.business-humanrights.org/en/latest-news/myanmar-unionists-at-huabo-times-garment-factory-allegedly-face-arrest-dismissals-incl-co-response/?utm_source=mosaic&utm_medium=api,https://www.business-humanrights.org/en/latest-news/myanmar-report-finds-increasing-labour-rights-violations-against-garment-workers-under-the-military-coup-third-covid-19-wave/?utm_source=mosaic&utm_medium=api,huabo times
#82 - GTIG Eastar Garment (Myanmar) Company Limited,GTIG Eastar Garment (Myanmar) Company Limited,2022-05-01,1.0,"C&A (Former buyer),Calliope (Buyer),HK Works London (Buyer),House (part of LPP S.A) (Buyer),Inditex (Reported buyer),Kiabi (Former buyer),LPP Spółka Akcyjna (Buyer),Lidl (Former buyer),OVS SpA (Former buyer),Tesco (Former buyer),Zara (part of Inditex) (Reported buyer)","GTIG Eastar allegedly supplied to C&A, KIABI, Lidl, OVS SpA and Tesco; All brands provided a response to a request for comment from the Resource Centre. LIDL said it had ceased operations with the factory in Sept 2021, C&A stated it had removed the factory from its system in Aug 2021, OVS SpA said it hadn't supplied from the factory since Dec 2020, KIABI said its last order was in Feb 2021, and Tesco said it had stopped sourcing from Myanmar in Spring 2022.
In September 2024, Calliope and HK Works London did not respond to a request for comment from the Resource Centre. Inditex stated it does not source from any factory or supplier in Myanmar. LPP did not respond to the allegation.","In May 2022, it was reported that the GTIG EASTAR Garment factory had fired a worker who had been physically assaulted by her supervisor.","Gender-based violence and harassment,Harassment intimidation and abuse,Unfair dismissal",https://www.business-humanrights.org/en/latest-news/myanmar-garment-worker-allegedly-dismissed-after-being-physically-assaulted-by-supervisor-incl-co-response/?utm_source=mosaic&utm_medium=api,https://www.business-humanrights.org/en/latest-news/myanmar-garment-factory-supplying-brands-incl-ca-tesco-zara-accused-of-dismissing-worker-who-was-physically-assaulted-by-supervisor/?utm_source=mosaic&utm_medium=api,gtig eastar garment (myanmar) company limited
#81 - Glory Fashion Factory (Myanmar),Glory Fashion Factory (Myanmar),2022-04-26,1.0,,,"On 20 April 2022, Ei Phyu Phyu Myint, a member of the Glory Fashion Factory Union, was reportedly assaulted and arrested by the military, after she attended a demonstration in protest against the military junta.","Attacks on freedom of association,Harassment intimidation and abuse,Imprisonment arrests & detention",,https://www.business-humanrights.org/en/latest-news/myanmar-two-women-union-activists-assaulted-arrested-by-military-after-attending-protest-against-assault-on-civic-freedoms-by-the-military-junta/?utm_source=mosaic&utm_medium=api,glory fashion factory (myanmar)
#80 - Likes ViewTex Garment,Likes ViewTex Garment,2022-04-25,300.0,,,"In April 2022, it was reported that workers at Likes ViewTex Garment were forced to work overtime without pay.","Inhumane work rates and mandatory overtime,Reduced wages and wage theft",,https://www.business-humanrights.org/en/latest-news/myanmar-garment-workers-at-likes-viewtex-factory-report-facing-labour-rights-violations-incl-denial-of-overtime-pay-for-11-hour-shift/?utm_source=mosaic&utm_medium=api,likes viewtex garment
#79 - Kamcaine Garment,Kamcaine Garment,2022-04-25,700.0,,,"In April 2022, it was reported that workers at Kamcaine Garment were facing a number of violations at the factory, including the dismissal of union leaders, denial of social security benefits, forced and unpaid overtime, and women workers facing harassment.","Attacks on freedom of association,Gender-based violence and harassment,Inhumane work rates and mandatory overtime,Reduced wages and wage theft,Unfair dismissal",,https://www.business-humanrights.org/en/latest-news/myanmar-garment-workers-at-kamcaine-garment-factory-report-forced-unpaid-overtime-harassment-of-women-workers-denial-of-owed-benefits/?utm_source=mosaic&utm_medium=api,kamcaine garment
#78 - Jessie Myanmar Apparel,Jessie Myanmar Apparel,2022-04-23,500.0,Next (Buyer),Jessie Myanmar Apparel factory allegedly supplies to Next; Next provided a response to a request for comment from the Resource Centre.,"In April 2022, it was reported that workers are facing a number of violations at Jessie Myanmar Apparel factory, including physical abuse and harassment, threats, unfair dismissals, unpaid overtime, excessive production targets, unfair wage deductions, and repression of an attempted formation of a trade union. The factory allegedly hires underage children as cheap labour.","Attacks on freedom of association,Child labour,Gender-based violence and harassment,Harassment intimidation and abuse,Inhumane work rates and mandatory overtime,Reduced wages and wage theft,Unfair dismissal",https://www.business-humanrights.org/en/latest-news/myanmar-workers-at-jessie-apparel-garment-factory-report-labour-rights-violations-incl-physical-abuse-child-labour-incl-co-response/?utm_source=mosaic&utm_medium=api,https://www.business-humanrights.org/en/latest-news/myanmar-next-supplier-accused-of-physical-abuse-child-labour-unfair-dismissals/?utm_source=mosaic&utm_medium=api,jessie myanmar apparel
#77 - Jessie Myanmar Apparel,Jessie Myanmar Apparel,2022-04-23,500.0,Next (Buyer),Jessie Myanmar Apparel factory allegedly supplies to Next; Next provided a response to a request for comment from the Resource Centre.,"In October 2021, Jessie Myanmar Apparel factory reportedly closed for three months without paying workers’ wages and only paid partial compensation (50,000 kyat).",Reduced wages and wage theft,https://www.business-humanrights.org/en/latest-news/myanmar-workers-at-jessie-apparel-garment-factory-report-labour-rights-violations-incl-physical-abuse-child-labour-incl-co-response/?utm_source=mosaic&utm_medium=api,https://www.business-humanrights.org/en/latest-news/myanmar-next-supplier-accused-of-physical-abuse-child-labour-unfair-dismissals/?utm_source=mosaic&utm_medium=api,jessie myanmar apparel
#76 - Sun Apparel Myanmar,Sun Apparel Myanmar,2022-04-22,,"ALDI South (Former buyer),JAKO (Former buyer)","Sun Apparel factory allegedly supplies to JAKO and Aldi South. JAKO and Aldi South provided a response to a request for comment from the Resource Centre. Aldi South stated it stopped sourcing from Myanmar in 2021.
In September 2024, JAKO stated it had withdrawn production from Myanmar.","In April 2022, it was reported that workers at the Sun Apparel factory were facing a series of violations in the factory, including verbal abuse, dismissals without compensation and wage cuts.","Gender-based violence and harassment,Reduced wages and wage theft,Unfair dismissal",https://www.business-humanrights.org/en/latest-news/myanmar-garment-workers-at-factory-supplying-jako-allegedly-subjected-to-verbal-abuse-dismissals-without-compensation-and-wage-cuts-incl-co-response/?utm_source=mosaic&utm_medium=api,https://www.business-humanrights.org/en/latest-news/myanmar-garment-workers-report-verbal-abuse-dismissals-without-at-jako-supplier/?utm_source=mosaic&utm_medium=api,sun apparel myanmar
#75 - AMG Garment,AMG Garment,2022-04-22,1300.0,"ALPS (Buyer),Lidl (Buyer)",AMG Garment allegedly supplies to Lidl and ALPS Brands; Lidl provided a response to a request for comment from the Resource Centre. ALPS Brands did not.,"In April 2022, it was reported that workers at AMG Garment factory were facing a number of violations at the factory, including threats against union leaders, violations of the agreement between the union and employer, falling sick because the factory would not turn the fans on during hot weather, dangerous working conditions and discrimination against pregnant workers. Newly hired workers are allegedly forced to pay 20,000 kyats to the factory and garment workers are forced to work in the dyeing factory, despite having no training, and then being dismissed because they are unskilled.","Attacks on freedom of association,Gender-based violence and harassment,Unfair dismissal,Unsafe working conditions",https://www.business-humanrights.org/en/latest-news/myanmar-garment-workers-reportedly-facing-threats-against-unionists-unfair-dismissals-discrimination-against-pregnant-workers-unsafe-working-conditions-incl-co-response/?utm_source=mosaic&utm_medium=api,https://www.business-humanrights.org/en/latest-news/myanmar-garment-workers-report-unsafe-working-conditions-at-factory-incl-refusal-to-turn-on-fans-in-hot-weather/?utm_source=mosaic&utm_medium=api,amg garment
#74 - C.K.J MYANMAR GARMENT,C.K.J MYANMAR GARMENT,2022-04-07,500.0,,,"On 7 April 2022, more than 500 workers from C.K.J Myanmar Garment factory reportedly went on strike, after it was announced the workers would receive 35% of their wages for March, as the factory could not withdraw money from the bank. The employer allegedly told the workers their bonuses would be cut if they went on strike, and threatened workers that if they did not stop striking the military would come and shoot them.","Business-military collusion,Harassment intimidation and abuse,Reduced wages and wage theft",,https://www.business-humanrights.org/en/latest-news/myanmar-garment-workers-threatened-with-military-by-employer-after-striking-over-underpaid-wages/?utm_source=mosaic&utm_medium=api,c.k.j myanmar garment
#73 - Myanmar Tencent Fashion Garment,Myanmar Tencent Fashion Garment,2022-04-04,400.0,,,"In April 2022, it was reported that workers are facing a number of violations at the Myanmar Tencent Fashion Garment factory, including excessive production targets, mandatory and unpaid overtime, unfair dismissals and being denied leave of absence to visit the medical clinic if they became ill at work. It was also reported that 30 minors have been working at the factory.","Child labour,Denial of leave,Inhumane work rates and mandatory overtime,Reduced wages and wage theft,Unfair dismissal",,https://www.business-humanrights.org/en/latest-news/myanmar-garment-workers-report-high-targets-forced-overtime-child-labour-at-myanmar-tencent-fashion-garment-factory/?utm_source=mosaic&utm_medium=api,myanmar tencent fashion garment
#72 - Hung Yang Leather,Hung Yang Leather,2022-04-03,,Guess (Buyer),Hung Yang allegedly supplies to Guess; Guess did not provide a response to a request for comment from the Resource Centre.,"In April 2022, it was reported that Hung Yang Leather closed on non-public holidays and forced workers to work on public holidays.",Inhumane work rates and mandatory overtime,https://www.business-humanrights.org/en/latest-news/myanmar-garment-workers-at-factory-supplying-guess-allegedly-forced-to-work-on-public-holidays/?utm_source=mosaic&utm_medium=api,https://www.business-humanrights.org/en/latest-news/myanmar-guess-supplier-accused-of-forcing-workers-to-work-on-non-public-holidays/?utm_source=mosaic&utm_medium=api,hung yang leather
#71 - Myanmar Guotai Huasheng Glory Fashion,Myanmar Guotai Huasheng Glory Fashion,2022-04-01,800.0,"Auchan (Buyer),Carrefour (Former buyer),Lidl (Former buyer),Pimkie (part of Association Familiale Mulliez) (Buyer),Primark (part of Associated British Foods) (Former buyer),Tendam (Buyer)","Guotai Huasheng  Glory Fashion allegedly supplies or has supplied to Primark, Auchan, Carrefour, Lidl and Pimkie; Primark, Auchan, Carrefour and Lidl provided a response to a request for comment from the Resource Centre. Carrefour and Lidl stated that they no longer source from the factory. Pimkie did not respond.
In January 2024, Primark informed us it had completed its responsible exit in October 2023 and no longer sources from the factory. In September 2024, Tendam did not provide a response to an invite to comment from the Resource Centre.","In April 2022, it was reported that workers at Myanmar Guotai Huasheng Glory Fashion factory were facing a number of violations at the factory, including being forced to sign new contracts that allegedly did not guarantee their rights, denial of social security benefits, mental and physical abuse, denial of leave and wage deductions. Workers who tried to address their grievances reportedly face threats.","Denial of leave,Gender-based violence and harassment,Harassment intimidation and abuse,Reduced wages and wage theft",https://www.business-humanrights.org/en/latest-news/myanmar-garment-workers-at-myanmar-guotai-huasheng-glory-fashion-allegedly-face-labour-rights-violations-incl-denial-of-benefits-wage-cuts-abuse-incl-co-responses/?utm_source=mosaic&utm_medium=api,https://www.business-humanrights.org/en/latest-news/myanmar-garment-workers-report-labour-rights-violations-at-myanmar-guotai-huasheng-glory-fashion-factory-incl-wage-deductions-mental-physical-abuse/?utm_source=mosaic&utm_medium=api,myanmar guotai huasheng glory fashion
#70 - Tianjin Fashion Milestone,Tianjin Fashion Milestone,2022-03-30,1000.0,"Bestseller (Buyer),Inditex (Reported buyer),LPP Spółka Akcyjna (Buyer),ONLY (part of Bestseller) (Buyer),Primark (part of Associated British Foods) (Former buyer),Sinsay (part of LPP S.A.) (Buyer),Vero Moda (part of Bestseller) (Buyer),Zara (part of Inditex) (Reported buyer)","Tianjin Fashion Milestone allegedly supplies to Inditex for its ZARA brand, BESTSELLER for its ONLY and VERO MODA brands, LPP S.A for its Sinsay brand and Primark. All brands provided a response to a request for comment from the Resource Centre. Primark said its final handover as a result of its responsible exit took place in June 2023. Inditex and LPP S.A. stated it did not source from the factory.
In September 2024, LPP informed us it sources from the factory.","In March 2022, it was reported that workers at Tianjin Fashion Milestone were facing a number of violations at the factory, including forced and unpaid overtime, denial of leave, wage deductions, denial of social security benefits, and drinking water provided to workers at the factory turning yellow. A worker was reportedly dismissed for complaining about unpaid overtime.","Denial of leave,Inhumane work rates and mandatory overtime,Reduced wages and wage theft,Unfair dismissal,Unsafe working conditions",https://www.business-humanrights.org/en/latest-news/myanmar-workers-at-tianjin-fashion-milestone-garment-factory-report-workers-rights-violations-incl-forced-overtime-without-pay-denial-of-leave-wage-cuts-incl-co-responses/?utm_source=mosaic&utm_medium=api,https://www.business-humanrights.org/en/latest-news/myanmar-garment-workers-at-factory-supplying-only-zara-report-labour-rights-violations-incl-forced-unpaid-overtime-denial-of-leave-wage-cuts/?utm_source=mosaic&utm_medium=api,tianjin fashion milestone
#69 - Huabo Times,Huabo Times,2022-03-30,5000.0,"Bestseller (Buyer),Inditex (Buyer),ONLY (part of Bestseller) (Buyer),Primark (part of Associated British Foods) (Former buyer),Vero Moda (part of Bestseller) (Buyer),Zara (part of Inditex) (Buyer)","Huabo Times allegedly supplies to BESTSELLER (parent company of ONLY, VERO MODA), Inditex (parent company of ZARA) and Primark; all three companies provided responses to a request for comment from the Resource Centre. Primark stated it stopped sourcing from the factory in Oct 2021.","In April 2022, workers reported a number of violations at Huabo Times factory to a local trade union, including mandatory overtime, excessive production targets and verbal harassment and abuse. The workers reported that they were being pressured by their employer to tell buyers that there are no violations at the factory, and threatened that if they reported the truth, the factory would close and workers would lose their jobs.","Gender-based violence and harassment,Harassment intimidation and abuse,Inhumane work rates and mandatory overtime",https://www.business-humanrights.org/en/latest-news/myanmar-garment-workers-at-huabo-times-report-labour-rights-violations-incl-mandatory-overtime-excessive-production-targets-abuse-incl-co-response/?utm_source=mosaic&utm_medium=api,https://www.business-humanrights.org/en/latest-news/myanmar-workers-at-only-vero-moda-zara-supplier-allegedly-pressured-to-deny-workers-rights-violations-at-the-factory-to-brands/?utm_source=mosaic&utm_medium=api,huabo times
#68 - Myanmar Bestex Garment,Myanmar Bestex Garment,2022-03-28,800.0,"LPP Spółka Akcyjna (Buyer),Mohito (part of LPP S.A.) (Buyer),OVS SpA (Former buyer),RBX Active (Former buyer)","Myanmar Bestex Garment allegedly supplies to LPP S.A (for its Mohito and Sinsay brands), OVS SpA and RBX Active; LPP S.A and OVS SpA provided a response to a request for comment from the Resource Centre. RBX Brand did not.
In September 2024, OVS SpA informed us it stopped sourcing from the factory after the production of its fall-winter 2023 collection.","In March 2022, it was reported that workers at Myanmar Bestex Garment were facing a number of violations at the factory, including mandatory overtime without pay, denial of leave, and daily harassment.","Denial of leave,Gender-based violence and harassment,Inhumane work rates and mandatory overtime,Reduced wages and wage theft",https://www.business-humanrights.org/en/latest-news/myanmar-mohito-supplier-accused-of-forcing-workers-to-work-overtime-without-pay-harassment-denying-workers-leave-incl-co-response/?utm_source=mosaic&utm_medium=api,https://www.business-humanrights.org/en/latest-news/myanmar-garment-workers-at-mohito-supplier-report-labour-rights-violations-incl-forced-overtime-without-pay/?utm_source=mosaic&utm_medium=api,myanmar bestex garment
#67 - Narsha,Narsha,2022-03-25,40.0,,,"In March 2022, about 40 workers at Narsha factory protested after not receiving their unpaid wages, overtime pay and grade fees.",Reduced wages and wage theft,,https://www.business-humanrights.org/en/latest-news/myanmar-garment-workers-protest-demanding-unpaid-wages-overtime-pay/?utm_source=mosaic&utm_medium=api,narsha
#66 - Narsha,Narsha,2022-03-25,200.0,,,"In February 2022, workers at the Narsha factory resigned due to rights violations they allegedly faced including forced overtime, and the dismissal of workers who took leave for more than three days.","Denial of leave,Inhumane work rates and mandatory overtime,Unfair dismissal",,https://www.business-humanrights.org/en/latest-news/myanmar-garment-workers-protest-demanding-unpaid-wages-overtime-pay/?utm_source=mosaic&utm_medium=api,narsha
#65 - Sioen Industries,Sioen Industries,2022-03-23,60.0,Sioen Industries (Buyer),SIOEN Myanmar garment factory supplies to its parent company SIOEN Industries. SIOEN provided a response to BHRRC's request for comment.,"In February 2022, 60 workers – including a woman union leader – were reportedly laid off illegally. In March, it was reported that there had been further unfair dismissals, and workers were fearful of losing their jobs.","Attacks on freedom of association,Unfair dismissal",https://www.business-humanrights.org/en/latest-news/myanmar-more-than-60-workers-at-sioen-myanmar-garment-factory-illegally-dismissed-incl-woman-union-leader/?utm_source=mosaic&utm_medium=api,https://www.business-humanrights.org/en/latest-news/myanmar-workers-reportedly-subjected-to-illegal-dismissals-arrest-at-the-sioen-myanmar-garment-factory/?utm_source=mosaic&utm_medium=api,sioen industries
#64 - Myanmar Lucky Fortune Garment,Myanmar Lucky Fortune Garment,2022-03-19,,"Bestseller (Reported buyer),Inditex (Former buyer),LPP Spółka Akcyjna (Buyer),ONLY (part of Bestseller) (Reported buyer),Pull & Bear (part of Inditex) (Former buyer),Sinsay (part of LPP S.A.) (Buyer),Stradivarius (part of Inditex) (Former buyer),Workman (Buyer),Zara (part of Inditex) (Former buyer)","Myanmar Lucky Fortune garment factory allegedly supplies to Inditex for its ZARA, Pull&Bear and Stradivarius brand, BESTSELLER for its ONLY brand and LPP S.A. for its Sinsay brand; all brands provided a response to a request for comment from the Resource Centre. BESTSELLER stated it does not source from the factory.
In September 2024, Workman provided a response to a request for comment from the Resource Centre.
In September 2024, Inditex informed us that it no longer sources from Myanmar.","In March 2022, it was reported that workers were facing a series of violations at Myanmar Lucky Fortune Garment factory including workers being denied permanent employment after their probationary period and kept as daily workers, permanent workers who refused overtime being switched to daily labourer status, forced and unpaid overtime, and difficulty obtaining leave.","Denial of leave,Denial of permanent contracts,Inhumane work rates and mandatory overtime,Reduced wages and wage theft",https://www.business-humanrights.org/en/latest-news/myanmar-garment-workers-at-lucky-fortune-garment-factory-report-workers-rights-violations-incl-denial-of-permanent-contracts-forced-overtime-without-pay-incl-co-response/?utm_source=mosaic&utm_medium=api,https://www.business-humanrights.org/en/latest-news/myanmar-zara-only-supplier-accused-of-violating-workers-rights-incl-forced-unpaid-overtime-denial-of-leave-denial-of-permanent-contracts/?utm_source=mosaic&utm_medium=api,myanmar lucky fortune garment
#63 - Textile Palace,Textile Palace,2022-03-15,2500.0,"Hennes & Mauritz (H&M) (Buyer),Kiabi (Buyer),OVS SpA (Former buyer)","Textile Palace allegedly supplies to H&M, KIABI and OVS S.p.A; H&M, KIABI and OVS S.p.A provided a response to a request for comment from the Resource Centre. OVS S.p.A stated the factory was a subcontracted factory that had been used Jul-Aug 2020.","In March 2022, it was reported that workers at the Textile Palace factory were facing a series of violations at the factory, including mandatory overtime and excessive targets.",Inhumane work rates and mandatory overtime,https://www.business-humanrights.org/en/latest-news/myanmar-garment-workers-report-excessive-targets-mandatory-overtime-at-textile-palace-factory-incl-co-responses/?utm_source=mosaic&utm_medium=api,https://www.business-humanrights.org/en/latest-news/myanmar-garment-workers-allege-they-starve-in-order-to-meet-excessive-work-targets/?utm_source=mosaic&utm_medium=api,textile palace
#62 - Sun Apparel Myanmar,Sun Apparel Myanmar,2022-03-10,,"ALDI South (Former buyer),JAKO (Former buyer)","Sun Apparel factory allegedly supplies to  JAKO and Aldi South.  JAKO and Aldi South provided a response to a request for comment from the Resource Centre. Aldi South stated it stopped sourcing from Myanmar in 2021.
In September 2024, JAKO stated it had withdrawn production from Myanmar.","In March 2022, it was reported that workers at Sun Apparel factory were facing a series of violations in the factory, including the dismissal of pregnant women, higher targets for workers to meet, mandatory overtime, wage cuts, and layoffs.","Gender-based violence and harassment,Inhumane work rates and mandatory overtime,Reduced wages and wage theft,Unfair dismissal",https://www.business-humanrights.org/en/latest-news/myanmar-garment-workers-at-sun-apparel-report-pregnancy-discrimination-illegal-layoffs-wage-cuts-incl-co-response/?utm_source=mosaic&utm_medium=api,https://www.business-humanrights.org/en/latest-news/myanmar-garment-workers-report-discrimination-against-pregnant-women-illegal-layoffs-wage-cuts-at-sun-apparel-factory/?utm_source=mosaic&utm_medium=api,sun apparel myanmar
#61 - Hesheng Myanmar Leather,Hesheng Myanmar Leather,2022-03-09,1.0,"Guess (Buyer),Moschino (Buyer)",Hesheng Myanmar Leather allegedly supplies to GUESS and Moschino; Moschino provide a response to a request for comment from the Resource Centre. GUESS did not.,"In March 2022, it was reported that a worker at Hesheng Myanmar had been raped on her way home from work, which workers alleged was due to workers being forced to work late at night, while the factory would not provide ferries for workers to return home.","Gender-based violence and harassment,Inhumane work rates and mandatory overtime,Unsafe working conditions",https://www.business-humanrights.org/en/latest-news/myanmar-garment-workers-at-factory-supplying-guess-moschino-report-alleged-labour-rights-violations-incl-forced-overtime-unsafe-working-conditions-for-women-incl-co-response/?utm_source=mosaic&utm_medium=api,https://www.business-humanrights.org/en/latest-news/myanmar-garment-workers-at-factory-supplying-guess-report-multiple-labour-rights-violations-incl-mandatory-overtime-wage-deductions-harassment-of-women-workers/?utm_source=mosaic&utm_medium=api,hesheng myanmar leather
#60 - Hesheng Myanmar Leather,Hesheng Myanmar Leather,2022-03-09,1.0,"Guess (Buyer),Moschino (Buyer)",Hesheng Myanmar allegedly suppliers to GUESS & Moschino; Moschino provided a response to a request for comment from the Resource Centre. GUESS did not.,"In March 2022, it was reported that a worker who was hit by a motorcycle and required medical leave was fined 50,000 kyats per day of leave.","Denial of leave,Reduced wages and wage theft",https://www.business-humanrights.org/en/latest-news/myanmar-garment-workers-at-factory-supplying-guess-moschino-report-alleged-labour-rights-violations-incl-forced-overtime-unsafe-working-conditions-for-women-incl-co-response/?utm_source=mosaic&utm_medium=api,https://www.business-humanrights.org/en/latest-news/myanmar-garment-workers-at-factory-supplying-guess-report-multiple-labour-rights-violations-incl-mandatory-overtime-wage-deductions-harassment-of-women-workers/?utm_source=mosaic&utm_medium=api,hesheng myanmar leather
#59 - Hesheng Myanmar Leather,Hesheng Myanmar Leather,2022-03-09,400.0,"Guess (Buyer),Moschino (Buyer)",Hesheng Myanmar allegedly suppliers to GUESS & Moschino; Moschino provided a response to a request for comment from the Resource Centre. Guess did not.,"In March 2022, it was reported that workers were facing a series of violations in the factory, including harassment of women workers, forced overtime, non-payment of overtime, wage deductions, poor food quality, and arbitrary arrests in collaboration with the military.","Business-military collusion,Gender-based violence and harassment,Imprisonment arrests & detention,Inhumane work rates and mandatory overtime,Reduced wages and wage theft,Unsafe working conditions",https://www.business-humanrights.org/en/latest-news/myanmar-garment-workers-at-factory-supplying-guess-moschino-report-alleged-labour-rights-violations-incl-forced-overtime-unsafe-working-conditions-for-women-incl-co-response/?utm_source=mosaic&utm_medium=api,https://www.business-humanrights.org/en/latest-news/myanmar-garment-workers-at-factory-supplying-guess-report-multiple-labour-rights-violations-incl-mandatory-overtime-wage-deductions-harassment-of-women-workers/?utm_source=mosaic&utm_medium=api,hesheng myanmar leather
#58 - Eslite Garment,Eslite Garment,2022-03-03,,Carhartt (Buyer),Eslite Garment allegedly supplies to Carhartt; Carhartt provided a response to a request for comment from the Resource Centre.,"In March 2022, it was reported that Eslite Garment workers were facing a series of violations in the factory including harassment, repression of freedom of association, difficulty accessing social security benefits, and excessive production targets.","Attacks on freedom of association,Gender-based violence and harassment,Inhumane work rates and mandatory overtime,Reduced wages and wage theft",https://www.business-humanrights.org/en/latest-news/myanmar-garment-workers-at-carhartt-supplier-reportedly-face-labour-rights-violations-incl-harassment-denial-of-benefits-incl-co-response/?utm_source=mosaic&utm_medium=api,https://www.business-humanrights.org/en/latest-news/myanmar-garment-workers-at-carhartt-supplier-report-harassment-denial-of-benefits-suppression-of-union-at-the-factory/?utm_source=mosaic&utm_medium=api,eslite garment
#57 - Myan Mode,Myan Mode,2022-02-28,,"Inditex (Former buyer),Mango (Former buyer)","Gasan Apparel (Myan Mode) allegedly supplied to Mango and Inditex; Inditex and Mango provided a response to a request for comment from journalists, stating they no longer source from the factory.","In early November 2021, security forces raided the Gasan Apparel factory, following strikes staged by 350 workers over pay cuts and reductions in benefits. Unions and workers claim factory management had been “acting as informants” for the junta for months and had called in junta forces to supress the strike.","Attacks on freedom of association,Business-military collusion,Reduced wages and wage theft",https://www.vice.com/en/article/k7w85m/myanmar-garment-workers-junta,https://www.business-humanrights.org/en/latest-news/myanmar-soldiers-police-raid-factory-after-strikes-over-pay-cuts-benefit-reductions/?utm_source=mosaic&utm_medium=api,myan mode
#56 - Jiu Sheng,Jiu Sheng,2022-02-21,2000.0,Hennes & Mauritz (H&M) (Buyer),Jiu Sheng allegedly supplies to H&M; H&M provided a response to a request for comment from the Resource Centre.,"In November 2021, a Jiu Sheng factory temporarily shut for over two months without paying its 2000 workers full compensation.",Reduced wages and wage theft,https://www.business-humanrights.org/en/latest-news/myanmar-2000-garment-workers-at-hm-supplier-allegedly-owed-full-compensation-after-factory-closure/?utm_source=mosaic&utm_medium=api,https://www.business-humanrights.org/en/latest-news/myanmar-garment-workers-at-hm-supplier-allegedly-face-hardship-due-to-the-non-payment-of-compensation-for-the-factorys-temporary-closure/?utm_source=mosaic&utm_medium=api,jiu sheng
#55 - Jiangsu Soho,Jiangsu Soho,2022-02-18,1040.0,"ALDI South (Former buyer),Benetton Group (Former buyer),Bestseller (Reported buyer),Mango (Buyer),Next (Buyer)","Jiangsu Soho allegedly supplies to Aldi South, BESTSELLER, Mango, Benetton Group and Next; Aldi South, BESTSELLER, Benetton Group and Next provided responses to a request for comment from the Resource Centre. Aldi South stated it stopped sourcing from Myanmar in Sept 2021. BESTSELLER stated it does not source from the factory. Benetton Group stated it had ceased operations with the factory in 2021.Mango did not respond.","In February 2022, it was reported that workers at Jiangsu Soho garment factory were facing a series of violations in the factory, including non-payment of overtime, wage deductions, threats of dismissal and non-payment of wages, and threats of arrest by the military.","Business-military collusion,Harassment intimidation and abuse,Reduced wages and wage theft",https://www.business-humanrights.org/en/latest-news/myanmar-garment-workers-at-jiangsu-soho-factory-publish-letter-listing-alleged-labour-rights-violations-at-the-factory-incl-dismissal-of-workers-who-shared-views-on-social-media-incl-co-responses/?utm_source=mosaic&utm_medium=api,https://www.business-humanrights.org/en/latest-news/myanmar-workers-supplying-next-zara-only-publish-letter-listing-violations-at-the-factory-incl-wage-deductions-for-absence-threats-of-arrest-by-the-military/?utm_source=mosaic&utm_medium=api,jiangsu soho
#54 - Jiangsu Soho,Jiangsu Soho,2022-02-18,10.0,"ALDI South (Former buyer),Benetton Group (Former buyer),Bestseller (Reported buyer),Mango (Buyer),Next (Buyer)","Jiangsu Soho allegedly supplies to Aldi South, BESTSELLER, Mango, Next and Benetton Group; Aldi South, BESTSELLER, Next and Benetton Group provided responses to a request for comment from the Resource Centre. Aldi South stated it stopped sourcing from Myanmar in Sept 2021. BESTSELLER stated it does not source from the factory. Benetton Group stated it had ceased operations with the factory in 2021.Mango did not respond.","In February 2022, it was reported that 10 workers who spoke out on social media about worker rights abuses at Jiangsu Soho garment factory were dismissed.",Unfair dismissal,https://www.business-humanrights.org/en/latest-news/myanmar-garment-workers-at-jiangsu-soho-factory-publish-letter-listing-alleged-labour-rights-violations-at-the-factory-incl-dismissal-of-workers-who-shared-views-on-social-media-incl-co-responses/?utm_source=mosaic&utm_medium=api,https://www.business-humanrights.org/en/latest-news/myanmar-workers-supplying-next-zara-only-publish-letter-listing-violations-at-the-factory-incl-wage-deductions-for-absence-threats-of-arrest-by-the-military/?utm_source=mosaic&utm_medium=api,jiangsu soho
#53 - Myan Mode,Myan Mode,2022-02-18,350.0,"Inditex (Former buyer),Mango (Former buyer)","Gasan Apparel (Myan Mode) allegedly supplied to Mango and Inditex; Inditex and Mango provided a response to a request for comment from journalists, stating they no longer source from the factory.","On 14 October 2021, approximately 350 workers at Gasan Apparel went on strike over pay cuts and reductions in benefits. The strike continued into early November, when soldiers and police raided the factory and the strikers were forced to flee.",Reduced wages and wage theft,https://www.vice.com/en/article/k7w85m/myanmar-garment-workers-junta,https://www.business-humanrights.org/en/latest-news/myanmar-soldiers-police-raid-factory-after-strikes-over-pay-cuts-benefit-reductions/?utm_source=mosaic&utm_medium=api,myan mode
#52 - Rainbow Textiles (Myanmar),Rainbow Textiles (Myanmar),2022-02-17,,,,"In February 2022, it was reported that workers at Rainbow Textiles were facing a number of violations, including denial of payment of contractually agreed benefits, denial of sick leave, verbal harassment and abuse from supervisors, and excessive production targets.","Denial of leave,Gender-based violence and harassment,Inhumane work rates and mandatory overtime,Reduced wages and wage theft",,https://www.business-humanrights.org/en/latest-news/myanmar-garment-workers-report-rights-violations-at-factory-incl-denial-of-benefits-verbal-abuse/?utm_source=mosaic&utm_medium=api,rainbow textiles (myanmar)
#51 - GTIG Eastar Garment (Myanmar) Company Limited,GTIG Eastar Garment (Myanmar) Company Limited,2022-02-15,1920.0,"C&A (Former buyer),Calliope (Buyer),HK Works London (Buyer),House (part of LPP S.A) (Buyer),Inditex (Reported buyer),Kiabi (Former buyer),LPP Spółka Akcyjna (Buyer),Lidl (Former buyer),OVS SpA (Former buyer),Tesco (Former buyer),Zara (part of Inditex) (Reported buyer)","GTIG Eastar allegedly supplied to C&A, KIABI, Lidl, OVS SpA and Tesco; All brands provided a response to a request for comment from the Resource Centre. LIDL said it had ceased operations with the factory in Sept 2021, C&A stated it had removed the factory from its system in Aug 2021, OVS SpA said it hadn't supplied from the factory since Dec 2020, KIABI said its last order was in Feb 2021, and Tesco said it had stopped sourcing from Myanmar in Spring 2022.
In September 2024, Calliope and HK Works London did not respond to a request for comment from the Resource Centre. Inditex stated it does not source from any factory or supplier in Myanmar. LPP did not respond to the allegation.","In October 2021, the GTIG Eastar Garment (Myanmar) factory announced its closure, seven months after it was badly damaged by a fire. Over 1,900 workers have been left without compensation.",Reduced wages and wage theft,https://www.business-humanrights.org/en/latest-news/myanmar-garment-workers-at-gtig-eastar-factory-supplying-intl-brands-denied-compensation-after-factory-closure-incl-co-responses/?utm_source=mosaic&utm_medium=api,https://www.business-humanrights.org/en/latest-news/myanmar-tesco-announces-responsible-exit-from-myanmar-amid-continued-labour-rights-violations/?utm_source=mosaic&utm_medium=api,gtig eastar garment (myanmar) company limited
#50 - Dishang,Dishang,2022-02-15,,"Bestseller (Buyer),Inditex (Reported buyer),Mango (Reported buyer),ONLY (part of Bestseller) (Buyer),Pimkie (part of Association Familiale Mulliez) (Former buyer)","Dishang Fashion allegedly supplies or has supplied to BESTSELLER, Mango, Pimkie and Inditex; BESTELLER, MANGO and Pimkie provided a response to a request for comment from the Resource Centre. Pimkie did not respond but later informed the Resource Centre it has not sourced from the factory since September 2022. Mango stated it decided to stop operating in Myanmar in 2022, and had not sourced from Dishang Fashion. Inditex stated it does not source from the factory.","In February 2022, it was reported that Dishang Fashion garment factory was committing a number of violations, including requiring mandatory overtime on Sundays and public holidays, and dismissing permanent workers and replacing them with daily labourers.","Denial of permanent contracts,Inhumane work rates and mandatory overtime,Unfair dismissal",https://www.business-humanrights.org/en/latest-news/myanmar-workers-allege-labour-rights-violations-at-garment-factory-incl-mandatory-overtime-harassment-denial-of-leave-incl-co-responses/?utm_source=mosaic&utm_medium=api,https://www.business-humanrights.org/en/latest-news/myanmar-garment-workers-supplying-zara-only-share-letter-addressing-labour-violations-at-dishang-fashion-garment-factory/?utm_source=mosaic&utm_medium=api,dishang
#49 - Tai Hong,Tai Hong,2022-02-14,900.0,"Frasers Group (Buyer),New Yorker (Buyer)",Tai Hong allegedly supplies to New Yorker (for its FBSister brand) and Frasers Group (for Sports Direct brands Diem and Everlast); Neither brand provided a response to a request for comment from the Resource Centre.,"In February 2022, it was reported that workers were facing a series of violations in the Tai Hong (Myanmar) factory, including non-payment for overtime, unfair wage deductions, excessive targets, and dismissing fulltime senior factory workers, and replacing them with daily labourers.","Denial of permanent contracts,Inhumane work rates and mandatory overtime,Reduced wages and wage theft,Unfair dismissal",https://www.business-humanrights.org/en/latest-news/myanmar-workers-at-tai-hong-garment-factory-report-multiple-abuses-incl-co-responses/?utm_source=mosaic&utm_medium=api,https://www.business-humanrights.org/en/latest-news/myanmar-garment-workers-write-letter-addressing-labour-rights-violations-at-tai-hong-myanmar-factory-incl-unpaid-overtime-dismissal-of-senior-workers/?utm_source=mosaic&utm_medium=api,tai hong
#48 - Likes ViewTex Garment,Likes ViewTex Garment,2022-02-08,300.0,,,"On 8 February 2022, it was reported that workers at Likes ViewTex Garment were not receiving their full wages, and had not received wages for January 2022. It was also reported that the factory demanded 60,000 kyats from new workers to pay for training fees, and workers who could not afford to pay dormitory costs were fired.","Reduced wages and wage theft,Unfair dismissal",,https://www.business-humanrights.org/en/latest-news/myanmar-garment-workers-allegedly-threatened-by-the-military-after-demanding-unpaid-salaries/?utm_source=mosaic&utm_medium=api,likes viewtex garment
#47 - Ceres Enterprise (Myanmar),Ceres Enterprise (Myanmar),2022-02-04,,JD Sports Fashion (Former buyer),"Ceres Enterprise allegedly supplies to JD Sports; JD Sports provided a response to a request for comment from the Resource Centre, stating that it ceased business with the factory in 2021.","On 4 February 2022, it was reported that women workers were subjected to verbal harassment at Ceres Enterprise garment factory. Workers also reported increased targets and being forced to work long hours.","Gender-based violence and harassment,Inhumane work rates and mandatory overtime",https://www.business-humanrights.org/en/latest-news/myanmar-garment-workers-at-ceres-enterprise-report-harassment-of-women-workers-increased-workload-incl-co-response/?utm_source=mosaic&utm_medium=api,https://www.business-humanrights.org/en/latest-news/myanmar-workers-report-harassment-towards-women-increased-work-demand-at-ceres-enterprise-garment-factory/?utm_source=mosaic&utm_medium=api,ceres enterprise (myanmar)
#46 - Charming Garments Manufacturing,Charming Garments Manufacturing,2022-01-28,290.0,Regatta (Former buyer),"Charming Garments Manufacturing allegedly supplies to Regatta; Regatta provided a response to a request for comment from the Resource Centre, stating its last order at the factory was shipped September 2023.","In January 2022, Charming Garments Manufacturing reportedly dismissed more than 290 workers, including union leaders, without prior notice, allegedly due to lack of orders and raw materials.","Attacks on freedom of association,Unfair dismissal",https://www.business-humanrights.org/en/latest-news/myanmar-more-than-290-workers-dismissed-without-notice-after-factory-announces-closure-incl-co-response/?utm_source=mosaic&utm_medium=api,https://www.business-humanrights.org/en/latest-news/myanmar-over-290-workers-incl-union-leaders-dismissed-after-factory-announces-its-closure-due-to-lack-of-orders-shortage-of-raw-materials/?utm_source=mosaic&utm_medium=api,charming garments manufacturing
#45 - Dong Yu Garment,Dong Yu Garment,2022-01-13,500.0,Bestseller (Buyer),Dong Yu Garment allegedly supplies to BESTSELLER; BESTSELLER provided a response to a request for comment from the Resource Centre.,"In January 2022, it was reported that workers were facing several violations at Dong Yu Garment, including verbal abuse, being forced to work overtime and restrictions to freedom of association, with workers who tried to form a union being dismissed.","Attacks on freedom of association,Gender-based violence and harassment,Inhumane work rates and mandatory overtime,Unfair dismissal",https://www.business-humanrights.org/en/latest-news/myanmar-garment-workers-report-dismissals-over-forming-unions-verbal-abuse-forced-overtime-at-dong-yu-garment-factory/?utm_source=mosaic&utm_medium=api,https://www.business-humanrights.org/en/latest-news/myanmar-union-accuses-garment-factory-of-workers-rights-violations-incl-verbal-abuse-forced-overtime-union-busting/?utm_source=mosaic&utm_medium=api,dong yu garment
#44 - Honor Apparel Garment,Honor Apparel Garment,2022-01-11,400.0,"Bestseller (Reported buyer),C&A (Former buyer),HK Works London (Buyer),House (part of LPP S.A) (Buyer),KappAhl (Former buyer),Kiabi (Former buyer),LC Waikiki (Buyer),LPP Spółka Akcyjna (Buyer),ONLY (part of Bestseller) (Reported buyer),OVS SpA (Former buyer),Sinsay (part of LPP S.A.) (Buyer)","Honor Apparel allegedly supplies or has supplied to C&A, Kiabi, KappAhl, LPP S.A., OVS S.p.A, BESTSELLER, LC Waikiki and HK Works London. OVS S.p.A, LPP S.A, C&A, KappAhl and Kiabi provided a response to a request to comment from the Resource Centre. LC Waikiki and HK Works London did not. Kiabi has stated it no longer sourced from the factory from April 2022. C&A has stated it no longer sources from Myanmar. KappAhl stated its last order with the factory was placed in 2020.  BESTSELLER has stated it does not source from the factory","On 14 March 2021 the Honour Apparel factory was burnt down by a fire and subsequently closed for six and a half months. During the closure, workers reportedly struggled to make ends meet as the factory did not continue to pay wages or provide compensation. In January 2022, the factory paid over 400 workers partial compensation for only three months. Workers have demanded that they be compensated for the entire duration the factory was closed.",Reduced wages and wage theft,https://www.business-humanrights.org/en/latest-news/myanmar-honor-apparel-garment-workers-allegedly-owed-full-compensation-after-temporary-factory-closure-incl-co-responses/?utm_source=mosaic&utm_medium=api,https://www.business-humanrights.org/en/latest-news/myanmar-garment-workers-at-honor-apparel-call-for-full-compensation-for-factory-closure/?utm_source=mosaic&utm_medium=api,honor apparel garment
#43 - RONG DA GARMENTS MYANMAR,RONG DA GARMENTS MYANMAR,2022-01-07,1.0,"LC Waikiki (Former buyer),LPP Spółka Akcyjna (Buyer),PEP&CO (Reported buyer),Reserved (part of LPP Spółka Akcyjna) (Buyer),Sinsay (part of LPP S.A.) (Buyer)","Rong Da Garment allegedly supplies to LC Waikiki; LC Waikiki did not provide a response to a request for comment from the Resource Centre.
In September 2024, LPP, LC Waikiki and Pep&Co provided a response to a request for comment from the Resource Centre. LC Waikiki stated it had not sourced from the factory in two years. Pep&Co stated it no longer sources from Myanmar.","On 14 December 2021, a worker at RONG DA GARMENTS MYANMAR was dismissed after she was injured in the workplace and reportedly received just 20,000 kyat in compensation.","Reduced wages and wage theft,Unfair dismissal,Unsafe working conditions",https://www.business-humanrights.org/en/latest-news/myanmar-garment-worker-allegedly-denied-full-compensation-after-injury-incl-co-non-response/?utm_source=mosaic&utm_medium=api,https://www.business-humanrights.org/en/latest-news/myanmar-garment-worker-dismissed-after-injury-in-the-workplace/?utm_source=mosaic&utm_medium=api,rong da garments myanmar
#42 - Bogart Lingerie (Yangon),Bogart Lingerie (Yangon),2021-12-27,1500.0,"La Senza (part of Limited Brands) (Buyer),SKIMS (Former buyer)","Bogart Lingerie allegedly supplies to Skims and La Senza. SKIMS provided a response to a request for comment from the Resource Centre, stating it ceased operations at the factory in April 2022. La Senza did not respond.","In February 2022, it was reported that workers at Bogart Lingerie garment factory were being forced to work overtime without pay. Workers were also reportedly paid 3600 kyats per day (the minimum wage is 4800 kyats).","Inhumane work rates and mandatory overtime,Reduced wages and wage theft",https://www.business-humanrights.org/en/latest-news/myanmar-garment-workers-at-lingerie-factory-allegedly-underpaid-wages-if-targets-not-met-face-verbal-abuse-from-supervisors-incl-co-responses/?utm_source=mosaic&utm_medium=api,https://www.business-humanrights.org/en/latest-news/myanmar-workers-at-bogart-lingerie-garment-factory-allegedly-forced-to-work-overtime-without-pay/?utm_source=mosaic&utm_medium=api,bogart lingerie (yangon)
#41 - Solamoda Garment Group,Solamoda Garment Group,2021-12-24,1200.0,Fast Retailing (Buyer),Solamoda allegedly supplies to Fast Retailing; Fast Retailing provided a response to a request for comment from the Resource Centre.,"On 14 March 2021, a fire broke out at the Myanmar Solamoda (Myanmar Sun View) (2) factory, leading to the factory’s closure. Despite the factory owner receiving an insurance pay-out, nine months’ later the factory had yet to be refurbished and over 1,200 workers had received no compensation nor assurances regarding when they could return to work.",Reduced wages and wage theft,https://www.business-humanrights.org/en/latest-news/myanmar-union-alleges-garment-workers-in-agony-after-receiving-no-compensation-following-factory-fire-incl-co-response/?utm_source=mosaic&utm_medium=api,https://www.business-humanrights.org/en/latest-news/myanmar-over-1000-workers-yet-to-receive-compensation-nine-months-after-factory-fire-union-alleges/?utm_source=mosaic&utm_medium=api,solamoda garment group
#40 - Kingsrich (Myanmar) Fashion,Kingsrich (Myanmar) Fashion,2021-12-09,1500.0,"Hennes & Mauritz (H&M) (Buyer),Marks & Spencer (Buyer)",Kingsrich (Myanmar) allegedly supplies to H&M and Marks & Spencer; H&M and Marks & Spencer provided a response to a request for comment from the Resource Centre.,"In December 2021, it was reported that workers were facing a series of violations at the Kingsrich (Myanmar) factory, including unfair wage cuts, being required to work overtime without pay, being denied leave and unfair dismissals","Denial of leave,Gender-based violence and harassment,Inhumane work rates and mandatory overtime,Reduced wages and wage theft,Unfair dismissal",https://www.business-humanrights.org/en/latest-news/myanmar-garment-workers-at-hm-supplier-report-workers-rights-violations-in-factory-incl-salary-cuts-denial-of-leave-abuse-from-supervisors-incl-co-response/?utm_source=mosaic&utm_medium=api,https://www.business-humanrights.org/en/latest-news/myanmar-hm-supplier-accused-of-cutting-workers-wages-sick-leave/?utm_source=mosaic&utm_medium=api,kingsrich (myanmar) fashion
#39 - Textile Palace,Textile Palace,2021-12-07,2500.0,"Hennes & Mauritz (H&M) (Buyer),Kiabi (Buyer),OVS SpA (Former buyer)","Textile Palace allegedly supplies to H&M, KIABI and OVS S.p.A; H&M, KIABI and OVS S.p.A provided a response to a request for comment from the Resource Centre. OVS S.p.A stated the factory was a subcontracted factory that had been used Jul-Aug 2020.","In December 2021, it was reported that workers at Textile Palace factory were facing a series of violations at the factory, including mandatory overtime, excessive production targets and denial of leave.","Denial of leave,Inhumane work rates and mandatory overtime,Unfair dismissal",https://www.business-humanrights.org/en/latest-news/myanmar-garment-workers-report-facing-forced-overtime-high-production-targets-denial-of-leave/?utm_source=mosaic&utm_medium=api,https://www.business-humanrights.org/en/latest-news/myanmar-garment-workers-at-textile-palace-forced-to-work-overtime-and-denied-leave-to-meet-increasing-targets/?utm_source=mosaic&utm_medium=api,textile palace
#38 - Mingalar Sumbiri Garment,Mingalar Sumbiri Garment,2021-12-03,86.0,"C&A (Buyer),Hennes & Mauritz (H&M) (Buyer)",Mingalar Sumbiri Garment allegedly supplies to H&M and C&A; H&M and C&A provided a response to a request for comment from the Resource Centre.,"On 30 November 2021, 86 workers at Mingalar Sumbiri Garment factory were told they were being dismissed, and that the factory would deduct one month from their compensation pay. The factory reportedly told workers if they did not agree, the factory would close and they would not receive their compensation.","Reduced wages and wage theft,Unfair dismissal",https://www.business-humanrights.org/en/latest-news/myanmar-86-garment-workers-reportedly-dismissed-from-hm-ca-supplier-without-full-compensation/?utm_source=mosaic&utm_medium=api,https://www.business-humanrights.org/en/latest-news/myanmar-86-garment-workers-at-hm-ca-supplier-dismissed-with-reduced-compensation/?utm_source=mosaic&utm_medium=api,mingalar sumbiri garment
#37 - Xing Jia Footwear,Xing Jia Footwear,2021-12-01,3.0,Justin Brands (Buyer),Xing Jia Footwear allegedly supplies to Justin Brands; Justin Brands did not provide a response to a request for comment from the Resource Centre.,"In April 2021, three garment workers from Xing Jia Footwear were sentenced to three years of imprisonment after they were arrested as part of a crackdown by the military and police in response to a peaceful protest to request owed wages be paid. After six months of detainment in Insein prison, the three were released on 21 October 2021.","Business-military collusion,Imprisonment arrests & detention,Reduced wages and wage theft",https://www.business-humanrights.org/en/latest-news/myanmar-workers-killed-at-footwear-factory-after-demanding-unpaid-wages/?utm_source=mosaic&utm_medium=api,https://www.business-humanrights.org/en/latest-news/myanmar-5000-political-prisoners-released-from-insein-prison-including-union-leader-daw-myo-myo-aye-xing-jia-factory-workers/?utm_source=mosaic&utm_medium=api,xing jia footwear
#36 - Pou Chen,Pou Chen,2021-12-01,1.0,adidas (Buyer),Pou Chen Myanmar allegedly supplies to adidas; adidas provided a response to a request for comment from the Resource Centre.,"On 17 October 2021, a worker from Pou Chen Myanmar was arrested and detained without bail, and later imprisoned on the grounds of a retaliatory case predating the coup filed by their employer. Labour groups say the case was “resurrected” to justify their detainment.","Business-military collusion,Imprisonment arrests & detention",https://www.business-humanrights.org/en/latest-news/myanmar-arrests-of-local-union-leaders-reported-at-several-factories-incl-pou-chen-myanmar-incl-co-response/?utm_source=mosaic&utm_medium=api,https://www.business-humanrights.org/en/latest-news/myanmar-5000-political-prisoners-released-from-insein-prison-including-union-leader-daw-myo-myo-aye-xing-jia-factory-workers/?utm_source=mosaic&utm_medium=api,pou chen
#35 - World Apparel Knitting,World Apparel Knitting,2021-11-26,2000.0,,,"In November 2021, it was reported that a World Apparel Knitting factory was subjecting workers to a number of violations, including mandatory overtime, unfair wage deductions, verbal harassment to meet increased production targets and denial of leave.","Denial of leave,Gender-based violence and harassment,Inhumane work rates and mandatory overtime,Reduced wages and wage theft",,https://www.business-humanrights.org/en/latest-news/myanmar-garment-worker-alleges-workers-face-forced-overtime-verbal-abuse-at-world-apparel-knitting/?utm_source=mosaic&utm_medium=api,world apparel knitting
#34 - Rui-Ning,Rui-Ning,2021-11-23,,"Bestseller (Former buyer),Inditex (Former buyer)","Rui-Ning allegedly supplied to BESTSELLER and Inditex; BESTSELLER and Inditex provided a response to a request for comment from journalists, stating they no longer source from the factory.","The Rui-Ning factory union claims the HR manager Kyaw Kyaw was oppressing workers and made threats that he would call the military to arrest workers, up until his assassination on 9 November 2021. Workers and unions claim senior management has colluded with the military, providing security forces with the names of union leaders.","Attacks on freedom of association,Business-military collusion,Harassment intimidation and abuse",https://www.vice.com/en/article/k7w85m/myanmar-garment-workers-junta,https://www.business-humanrights.org/en/latest-news/myanmar-garment-workers-report-increasing-violence-collusion-between-management-and-junta-to-target-activists/?utm_source=mosaic&utm_medium=api,rui-ning
#33 - Myan Mode,Myan Mode,2021-11-23,,"Inditex (Former buyer),Mango (Former buyer)","Gasan Apparel (Myan Mode) allegedly supplied to Mango and Inditex; Inditex and Mango provided a response to a request for comment from journalists, stating they no longer source from the factory.","In May 2021, military and police raided Gasan Apparel to arrest workers they suspected had taken part in anti-coup protests. Prior to the raid, workers allegedly heard the factory’s manager on the phone to someone believed to be an official from the junta. Workers and unions claim senior management has colluded with the military, providing security forces with the names of union leaders.","Attacks on freedom of association,Business-military collusion,Imprisonment arrests & detention",https://www.vice.com/en/article/k7w85m/myanmar-garment-workers-junta,https://www.business-humanrights.org/en/latest-news/myanmar-garment-workers-report-increasing-violence-collusion-between-management-and-junta-to-target-activists/?utm_source=mosaic&utm_medium=api,myan mode
#32 - Evertex Myanmar Garment,Evertex Myanmar Garment,2021-11-15,300.0,,,"In May 2021, the Evertex Myanmar Garment factory closed and the employer reportedly fled, leaving about 300 workers without their full severance pay.",Reduced wages and wage theft,,https://www.business-humanrights.org/en/latest-news/myanmar-300-garment-workers-denied-full-compensation-after-factory-closure/?utm_source=mosaic&utm_medium=api,evertex myanmar garment
#31 - Popular Garment/Beaume International Garment,Popular Garment/Beaume International Garment,2021-10-09,13.0,"Iturri (Buyer),JD Sports Fashion (Former buyer),Jeans Fritz (Buyer),Lidl (Former buyer),Regatta (Former buyer)","Popular Garment allegedly supplied to Lidl, Regatta and JD Sports; All brands provided a response to a request for comment from the Resource Centre. JD Sports stated it had not proceeded with production at the factory after authorisation. Lidl stated that it had stopped business with the factory from September 2021. Regatta stated it does not have current business with the factory.
In September 2024, Iturri and Jeans Fritz were invited to respond. They did not.","In March and April 2021, 13 workers at Popular Garment were reportedly fired for no reason. After labour unions lodged a complaint, the workers were compensated on 4 October 2021.",Unfair dismissal,https://www.business-humanrights.org/en/latest-news/myanmar-union-files-complaint-after-garment-workers-at-popular-garment-were-allegedly-dismissed-for-no-reason-incl-co-responses/?utm_source=mosaic&utm_medium=api,https://www.business-humanrights.org/en/latest-news/myanmar-13-dismissed-garment-workers-receive-compensation-after-union-files-complaint-with-sourcing-brand/?utm_source=mosaic&utm_medium=api,popular garment/beaume international garment
#30 - UNIFA Handbag Myanmar,UNIFA Handbag Myanmar,2021-09-17,1.0,"Juicy Couture (part of Authentic Brands Group) (Buyer),Koltov (Buyer),LPP Spółka Akcyjna (Buyer),Primark (part of Associated British Foods) (Buyer)","UNIFA Handbag Myanmar allegedly supplies to Primark, LPP S.A., Juicy Couture (part of Authentic Brands Group), and Koltov; Primark and LPP S.A. provided responses to a request for comment from the Resource Centre. Juicy Couture and Koltov did not.","In September 2021, it was reported that a worker at UNIFA Handbag Myanmar had been dismissed without receiving legally owed compensation. A settlement has since been reached.","Reduced wages and wage theft,Unfair dismissal",https://www.business-humanrights.org/en/latest-news/myanmar-settlement-reached-after-garment-worker-at-unifa-handbag-factory-dismissed-without-compensation-incl-co-response/?utm_source=mosaic&utm_medium=api,https://www.business-humanrights.org/en/latest-news/myanmar-worker-at-unifa-handbag-factory-dismissed-without-legal-compensation/?utm_source=mosaic&utm_medium=api,unifa handbag myanmar
#29 - Yoo Win Garment,Yoo Win Garment,2021-09-15,16.0,,,"In September 2021, it was reported that Yoo Win Garment paid legal compensation to 16 union members and leaders who had been dismissed without reason after they had been involved in union activities. After their initial dismissal, the factory refused to pay their severance. The factory has allegedly attempted to undermine unionisation efforts at the factory and reduce the unionised work force.","Attacks on freedom of association,Reduced wages and wage theft,Unfair dismissal",,https://www.business-humanrights.org/en/latest-news/myanmar-union-leaders-negotiate-compensation-after-dismissal-from-yoo-win-garment-factory/?utm_source=mosaic&utm_medium=api,yoo win garment
#28 - Popular Garment/Beaume International Garment,Popular Garment/Beaume International Garment,2021-09-11,1000.0,"Iturri (Buyer),JD Sports Fashion (Former buyer),JD Sports Fashion (Reported buyer),Lidl (Former buyer),Regatta (Former buyer)","Popular Garment allegedly supplied to Lidl, Regatta and JD Sports; All brands provided a response to a request for comment from the Resource Centre. JD Sports stated it had not proceeded with production at the factory after authorisation. Lidl stated that it had stopped business with the factory from September 2021. Regatta stated it does not have current business with the factory.
In September 2024, Iturri and Jeans Fritz were invited to respond. They did not.","In September 2021, it was reported that workers at Popular Garment were told the factory would call the military to arrest workers if they contacted union leaders who have joined the civil disobedience movement and told them about the working conditions in the factory.","Attacks on freedom of association,Business-military collusion,Harassment intimidation and abuse,Imprisonment arrests & detention",https://www.business-humanrights.org/en/latest-news/myanmar-garment-workers-at-popular-garment-factory-allegedly-threatened-with-arrest-if-they-informed-union-leaders-about-the-working-conditions-incl-co-response/?utm_source=mosaic&utm_medium=api,https://www.business-humanrights.org/en/latest-news/myanmar-garment-workers-allegedly-threatened-with-arrest-by-the-military-if-they-inform-union-leaders-of-labour-rights-violations/?utm_source=mosaic&utm_medium=api,popular garment/beaume international garment
#27 - Dong Yu Garment,Dong Yu Garment,2021-09-10,500.0,Bestseller (Buyer),Dong Yu Garment allegedly supplies to Bestseller; Bestseller provided a response to a request for comment from the Resource Centre.,"In June 2021, Dong Yu garment factory closed temporarily without paying workers' severance or specifying when the factory would reopen. On 10 September 2021, it was reported that leaders of the Industrial Workers’ Federation of Myanmar had reached an agreement on severance pay with the employer",Reduced wages and wage theft,https://www.business-humanrights.org/en/latest-news/myanmar-workers-to-receive-severance-pay-after-temporary-factory-closure-following-union-negotiation-with-dong-yu-garment-factory-incl-co-response/?utm_source=mosaic&utm_medium=api,https://www.business-humanrights.org/en/latest-news/myanmar-union-negotiates-compensation-for-workers-after-temporary-factory-closure/?utm_source=mosaic&utm_medium=api,dong yu garment
#26 - Chang Yi Footwear,Chang Yi Footwear,2021-09-09,8000.0,adidas (Buyer),Chang Yi Footwear allegedly supplies to adidas; adidas provided a response to a request for comment from the Resource Centre.,"In September 2021, workers reported that there were inadequate COVID-19 safety measures being implemented in the factory, which had led to workers becoming infected. Labour activists say some factory owners in Yangon industrial zones, such as those at Hlaing Tharyar, had taken advantage of the lack of monitoring since the February coup.",Unsafe working conditions,https://www.business-humanrights.org/en/latest-news/myanmar-workers-at-adidas-supplier-report-inadequate-covid-19-safety-measures-incl-co-response/?utm_source=mosaic&utm_medium=api,https://www.business-humanrights.org/en/latest-news/myanmar-factory-workers-labour-rights-activists-allege-employers-are-not-doing-enough-to-prevent-the-spread-of-covid-19/?utm_source=mosaic&utm_medium=api,chang yi footwear
#25 - Kingsrich (Myanmar) Fashion,Kingsrich (Myanmar) Fashion,2021-09-05,2.0,"Hennes & Mauritz (H&M) (Buyer),Marks & Spencer (Buyer)",Kingsrich (Myanmar) Fashion allegedly supplies to H&M and Marks & Spencer; H&M and Marks & Spencer provided a response to a request for comment from the Resource Centre.,"In September 2021, it was reported that two workers at the Kingsrich garment factory were arrested by the military council for participating in anti-coup protests.",Imprisonment arrests & detention,https://www.business-humanrights.org/en/latest-news/myanmar-two-workers-allegedly-arrested-by-the-military-at-backpack-factory-incl-co-response/?utm_source=mosaic&utm_medium=api,https://www.business-humanrights.org/en/latest-news/myanmar-two-workers-at-backpack-factory-arrested-by-military/?utm_source=mosaic&utm_medium=api,kingsrich (myanmar) fashion
"#24 - Myanmar Sunview Garments Company (part of Solamoda Group),Solamoda Garment Group","Myanmar Sunview Garments Company (part of Solamoda Group),Solamoda Garment Group",2021-09-02,155.0,Fast Retailing (Former buyer),"Solamoda allegedly supplies to Fast Retailing; Fast Retailing provided a response to a request for comment from the Resource Centre.
In September 2024, Fast Retailing stated it had ceased operations with the factory.","On 7 April 2021, 155 workers at Myanmar Solamoda (Myanmar Sun View) were dismissed without being paid compensation in accordance with the law, for being late to work due to travel difficulties as a result of the political unrest. Workers claim the factory has taken advantage of the political unrest to dismiss them.","Reduced wages and wage theft,Unfair dismissal",https://www.business-humanrights.org/en/latest-news/myanmar-155-garment-workers-reportedly-dismissed-after-struggling-to-return-to-work-due-to-political-unrest-incl-co-response/?utm_source=mosaic&utm_medium=api,https://www.business-humanrights.org/en/latest-news/myanmar-workers-allegedly-dismissed-for-struggling-to-return-to-work-after-factory-closure-amid-political-unrest/?utm_source=mosaic&utm_medium=api,"myanmar sunview garments company (part of solamoda group),solamoda garment group"
#23 - Hesheng Myanmar Leather,Hesheng Myanmar Leather,2021-08-29,400.0,"Guess (Buyer),Moschino (Buyer)",Hesheng Myanmar Leather allegedly supplies to Moschino and GUESS; Moschino provided a response to a request for comment from the Resource Centre. GUESS did not.,"In August 2021, it was reported that workers at Hesheng Myanmar Leather were facing a number of violations in the factory, including mandatory and excessive overtime (often until midnight), verbal abuse and denial of leave.","Denial of leave,Gender-based violence and harassment,Inhumane work rates and mandatory overtime",https://www.business-humanrights.org/en/latest-news/myanmar-garment-workers-at-hesheng-myanmar-bag-factory-report-forced-overtime-until-midnight-incl-co-responses/?utm_source=mosaic&utm_medium=api,https://www.business-humanrights.org/en/latest-news/myanmar-workers-at-bag-factory-allege-they-are-forced-to-work-overtime-on-low-wages/?utm_source=mosaic&utm_medium=api,hesheng myanmar leather
#22 - Trinity Apparel Garment,Trinity Apparel Garment,2021-08-20,500.0,,,"In August 2021, the Trinity Apparel Garment announced it would temporarily close for four months. During the temporary closure, workers were not paid full wages in accordance with the law, according to unions.",Reduced wages and wage theft,,https://www.business-humanrights.org/en/latest-news/myanmar-garment-workers-call-for-full-pay-during-four-month-factory-closure/?utm_source=mosaic&utm_medium=api,trinity apparel garment
#21 - K-Won & MICC,K-Won & MICC,2021-08-15,5000.0,Hennes & Mauritz (H&M) (Buyer),K-Won & MICC allegedly supplies to H&M. H&M provided a response to a request for comment from the Resource Centre.,"In August 2021, it was reported that the K-Won & MICC factory was not implementing adequate COVID-19 prevention measures, but workers were too afraid to raise concerns with the factory. Three workers had become infected with COVID-19 and subsequently died.",Unsafe working conditions,https://www.business-humanrights.org/en/latest-news/myanmar-three-garment-workers-die-at-k-won-micc-garment-factory-allegedly-due-to-inadequate-covid-19-preventative-measures-incl-co-response/?utm_source=mosaic&utm_medium=api,https://www.business-humanrights.org/en/latest-news/myanmar-garment-workers-report-limited-covid-19-measures-at-factory-where-three-workers-died/?utm_source=mosaic&utm_medium=api,k-won & micc
#20 - Spring Moon Garment Manufacturing,Spring Moon Garment Manufacturing,2021-07-31,,,,"In July 2021 - during Myanmar’s third COVID-19 wave - workers at Spring Moon garment factory report insufficient COVID-19 safety measures in the factory, lack of social distancing, and inadequate hygiene and sanitary provisions, despite workers becoming infected.",Unsafe working conditions,,https://www.business-humanrights.org/en/latest-news/myanmar-workers-at-sun-moon-factory-report-limited-adherence-to-covid-19-safety-protocols-amid-third-covid-19-wave/?utm_source=mosaic&utm_medium=api,spring moon garment manufacturing
#19 - Myanmar Unique Garment,Myanmar Unique Garment,2021-07-16,1000.0,,,"In July 2021, it was reported that there were inadequate COVID-19 safety measures being implemented in a Myanmar Unique Garment factory, and 60 people had fallen ill.",Unsafe working conditions,,https://www.business-humanrights.org/en/latest-news/myanmar-garment-workers-at-myanmar-unique-garment-factory-report-weak-covid-19-measures-amid-third-wave/?utm_source=mosaic&utm_medium=api,myanmar unique garment
#18 - Mirae (New Way Garment),Mirae (New Way Garment),2021-07-14,2.0,Ziben (Buyer),Mirae (New Way) Garment allegedly supplies to Ziben; Ziben did not provide a response to a request for comment from the Resource Centre.,"In July 2021, it was reported that union leaders at Mirae (New Way Garment) who were unable to return to work due to security concerns faced dismissal, despite the workers agreeing to take unpaid leave, as permitted in labour agreements with the factory. On 19 June, the factory management informed the union that it was no longer recognised.","Attacks on freedom of association,Unfair dismissal",https://www.business-humanrights.org/en/latest-news/myanmar-union-leader-unable-to-return-to-work-because-of-security-concerns-dismissed-incl-co-response/?utm_source=mosaic&utm_medium=api,https://www.business-humanrights.org/en/latest-news/myanmar-garment-workers-dismissed-over-absences-due-to-security-concerns-during-attempted-coup/?utm_source=mosaic&utm_medium=api,mirae (new way garment)
#17 - Myanmar Guotai Huasheng Glory Fashion,Myanmar Guotai Huasheng Glory Fashion,2021-07-13,800.0,"Auchan (Buyer),Carrefour (Former buyer),Lidl (Former buyer),Pimkie (part of Association Familiale Mulliez) (Buyer),Primark (part of Associated British Foods) (Former buyer),Tendam (Buyer)","Guotai Huasheng  Glory Fashion allegedly supplies or has supplied to Primark, Auchan, Carrefour, Lidl and Pimkie; Primark, Auchan, Carrefour and Lidl provided a response to a request for comment from the Resource Centre. Carrefour and Lidl informed the Resource Centre that they no longer source from the factory. Pimkie did not respond.
In January 2024, Primark informed us it had completed its responsible exit in October 2023 and no longer sources from the factory. In September 2024, Tendam did not provide a response to an invite to comment from the Resource Centre.","In July 2021, it was reported that Myanmar Guotai Huasheng Glory Fashion factory was not implementing adequate COVID-19 safety measures in line with official guidelines. Labour activists and unions say some factory owners in Myanmar have taken advantage of the lack of monitoring since the February coup.",Unsafe working conditions,https://www.business-humanrights.org/en/latest-news/myanmar-garment-workers-report-inadequate-covid-19-safety-measures-at-guotai-huasheng-glory-fashion-garment-factory-incl-co-responses/?utm_source=mosaic&utm_medium=api,https://www.business-humanrights.org/en/latest-news/myanmar-garment-workers-report-poor-covid-19-safety-measures-during-the-third-wave/?utm_source=mosaic&utm_medium=api,myanmar guotai huasheng glory fashion
#16 - Twinkle Light Myanmar,Twinkle Light Myanmar,2021-07-10,100.0,"Carrefour (Former buyer),Lidl (Buyer),Mango (Buyer),Matalan (Buyer),Primark (part of Associated British Foods) (Buyer)","Twinkle Light allegedly supplies to Carrefour, Lidl, Mango, Matalan and Primark; Carrefour, Lidl and Primark provided a response to a request for comment from the Resource Centre. Carrefour stated that it had stopped sourcing from the factory. Matalan and Mango did not respond.","In March 2021, over 100 workers were reportedly fired from Twinkle Light Myanmar because they were unable to come to work due to security concerns and travel difficulties, and workers who returned to work late were re-employed as new workers. An agreement has since been negotiated between the union and the factory.","Denial of permanent contracts,Unfair dismissal",https://www.business-humanrights.org/en/latest-news/myanmar-garment-workers-dismissed-for-failing-to-return-to-work-despite-security-concerns-travel-difficulties-amid-the-military-takeover-incl-co-responses/?utm_source=mosaic&utm_medium=api,https://www.business-humanrights.org/en/latest-news/myanmar-union-negotiates-agreement-with-garment-factory-after-workers-dismissed-for-failing-to-attend-work-due-to-security-concerns-travel-concerns-amid-military-takeover/?utm_source=mosaic&utm_medium=api,twinkle light myanmar
#15 - Myanmar Yes One,Myanmar Yes One,2021-07-07,12.0,,,"Between March and May 2021, workers report at a Yes One factory fired 12 labour leaders who, as a security measure, were taking unpaid leave that they were entitled to as per the terms of the Collective Bargaining Agreement, which had been in force since 2014. The 12 are calling on the factory to reinstate them.","Attacks on freedom of association,Unfair dismissal",,https://www.business-humanrights.org/en/latest-news/myanmar-garment-workers-at-yes-one-factory-allege-union-leaders-dismissed-in-violation-of-collective-bargaining-agreement/?utm_source=mosaic&utm_medium=api,myanmar yes one
#14 - Dishang Kenny (Dishang Group),Dishang Kenny (Dishang Group),2021-07-03,570.0,"Bestseller (Reported buyer),Inditex (Reported buyer),K-Way (part of BasicNet) (Buyer),Kiabi (Buyer),LPP Spółka Akcyjna (Reported buyer),ONLY (part of Bestseller) (Reported buyer),Reserved (part of LPP Spółka Akcyjna) (Reported buyer),Shimamura (Buyer),Zara (part of Inditex) (Reported buyer)","Dishang Kenny (Dishang Group) allegedly supplies or has supplied to BESTSELLER, Inditex, K-Way, LPP, Shimamura and KIABI; BESTSELLER, Inditex, KIABI and LPP provided a response to a request for comment from the Resource Centre. BESTSELLER and Inditex stated that they did not source from the factory. LPP stated it does not source from the factory. K-Way and Shimamura did not respond.","On 3 April 2021, Dishang Kenny (Dishang Group) factory temporarily closed without prior notice, leaving 570 workers without owed wages and severance pay.",Reduced wages and wage theft,https://www.business-humanrights.org/en/latest-news/myanmar-570-garment-workers-denied-compensation-after-factory-closure-incl-co-response/?utm_source=mosaic&utm_medium=api,https://www.business-humanrights.org/en/latest-news/myanmar-workers-allegedly-owed-unpaid-compensation-following-factory-closure/?utm_source=mosaic&utm_medium=api,dishang kenny (dishang group)
#13 - Charming Garments Manufacturing,Charming Garments Manufacturing,2021-06-30,800.0,Regatta (Former buyer),"Charming Garments Manufacturing allegedly supplies to Regatta; Regatta provided a response to a request for comment from the Resource Centre, stating its last order at the factory was shipped September 2023.","In June 2021, it was reported that the Charming Garments Manufacturing factory had been oppressing union members and violating agreements between the workers and their employer.","Attacks on freedom of association,Unfair dismissal",https://www.business-humanrights.org/en/latest-news/myanmar-garment-factory-accused-of-violating-agreement-with-union-repressing-unionists-incl-co-response/?utm_source=mosaic&utm_medium=api,https://www.business-humanrights.org/en/latest-news/myanmar-charming-garment-factory-accused-of-repressing-union-members-and-violating-union-agreement-since-the-attempted-military-coup/?utm_source=mosaic&utm_medium=api,charming garments manufacturing
#12 - Myan Mode,Myan Mode,2021-06-11,1.0,"Inditex (Former buyer),Mango (Former buyer)","Gasan Apparel (Myan Mode) allegedly supplied to Mango and Inditex; Mango and Inditex provided a response to a request for comment from journalists, stating that they no longer sourced from the factory.","In October 2021, Ko Thwin Aung, president of the Gasan Apparel Garment Workers Committee was sentenced to three years’ imprisonment under Section 505(a) of the penal code, which rights groups have criticised as a sweeping law that has been revised by the junta with much broader language to punish anyone who criticises the coup or the military.","Attacks on freedom of association,Imprisonment arrests & detention",https://www.vice.com/en/article/k7w85m/myanmar-garment-workers-junta,https://www.business-humanrights.org/en/latest-news/myanmar-dozens-of-union-leaders-reportedly-arrested-since-the-military-coup-began/?utm_source=mosaic&utm_medium=api,myan mode
#11 - Xing Jia Footwear,Xing Jia Footwear,2021-06-10,,Justin Brands (Buyer),Xing Jia allegedly supplies to Justin Brands; the company did not respond to the Resource Centre's request for comment.,"On 21 March 2021, around three trucks of soldiers were deployed at Htee Hlaing Shin Housing – the location of a labour organisation who had organised a union at Xing Jia factory – searching for union officers.","Attacks on freedom of association,Business-military collusion",https://www.business-humanrights.org/en/latest-news/myanmar-workers-killed-at-footwear-factory-after-demanding-unpaid-wages/?utm_source=mosaic&utm_medium=api,https://www.business-humanrights.org/en/latest-news/myanmar-workers-face-repression-labour-rights-violations-under-the-military-coup/?utm_source=mosaic&utm_medium=api,xing jia footwear
#10 - Myanmar Jiale Fashion Garment,Myanmar Jiale Fashion Garment,2021-04-05,1000.0,"Hennes & Mauritz (H&M) (Buyer),Inditex (Former buyer),OYSHO (part of Inditex) (Former buyer),Zara (part of Inditex) (Former buyer)","Myanmar Jiale Fashion Garment allegedly supplies to H&M and Inditex; H&M and Inditex provided a response to a request for comment from the Resource Centre. In October 2023, Inditex stated it no longer sources from the factory.","In April 2022, it was reported that workers at Myanmar Jiale Fashion Garment were being forced to work overtime on Sunday without overtime pay due to an increase in production targets that workers say exceed what they are capable of meeting. Workers also report that the factory has been working with the military to crack down on unions and arrest union leaders.","Attacks on freedom of association,Business-military collusion,Imprisonment arrests & detention,Inhumane work rates and mandatory overtime,Reduced wages and wage theft",https://www.business-humanrights.org/en/latest-news/myanmar-workers-at-factory-supplying-hm-report-labour-rights-violations-incl-forced-overtime-increased-targets-suppression-of-unions-incl-co-response/?utm_source=mosaic&utm_medium=api,https://www.business-humanrights.org/en/latest-news/myanmar-garment-workers-at-hm-supplier-allegedly-forced-to-work-overtime-without-pay-face-crackdown-on-unions-by-military/?utm_source=mosaic&utm_medium=api,myanmar jiale fashion garment
#9 - Able Better Garment,Able Better Garment,2021-03-31,1.0,"Cordura (Buyer),Lidl (Reported buyer)","Able Better Garment allegedly supplies to Lidl and Cordura; Lidl provided a response to a request for comment from the Resource Centre, stating that it did not source from the factory. Cordura did not respond.","On 19 February 2021, a worker employed as a Chinese translator at Able Better Garment was reportedly beaten by factory managers after negotiations had taken place over the payment of wage arrears. The workers leading the negotiations filed a complaint with the local police station, but the case has been not satisfactorily resolved. This was also not the first time these same managers had beaten workers at the factory. According to a local union, managers have previously beaten workers at the factory, and it has called on Lidl to intervene.","Gender-based violence and harassment,Harassment intimidation and abuse,Reduced wages and wage theft",https://www.business-humanrights.org/en/latest-news/myanmar-workers-from-alleged-lidl-suppliers-reportedly-dismissed-beaten-incl-co-response/?utm_source=mosaic&utm_medium=api,https://www.business-humanrights.org/en/latest-news/myanmar-union-calls-on-lidl-to-take-responsibility-for-labour-violations-in-suppliers/?utm_source=mosaic&utm_medium=api,able better garment
#8 - Sung Bo Garment Factory,Sung Bo Garment Factory,2021-03-31,135.0,"CMP Sport (Buyer),Lidl (Former buyer)","Sung Bo Garment Factory allegedly supplies to Lidl and CMP Sport; Lidl provided a response to a request for comment from the Resource Centre. In October 2023, Lidl reported it no longer has a relationship with the factory. CMP Sport did not respond.","On 21 Feb 2021, 135 workers from Sung Bo Garment Factory were fired after they joined a pro-democracy protest. Sung Bo Garment Factory agreed to reinstate only 65 of the workers, none of whom were union members. The remaining workers eventually accepted compensation in lieu of reinstatement.","Attacks on freedom of association,Business-military collusion,Unfair dismissal",https://www.business-humanrights.org/en/latest-news/myanmar-workers-from-alleged-lidl-suppliers-reportedly-dismissed-beaten-incl-co-response/?utm_source=mosaic&utm_medium=api,https://www.business-humanrights.org/en/latest-news/myanmar-union-calls-on-lidl-to-take-responsibility-for-labour-violations-in-suppliers/?utm_source=mosaic&utm_medium=api,sung bo garment factory
#7 - Xing Jia Footwear,Xing Jia Footwear,2021-03-19,23.0,Justin Brands (Buyer),Xing Jia Footwear allegedly supplies to Justin Brands; Justin Brands did not provide a response to a request for comment from the Resource Centre.,"On 15 March 2021, military and police shot and killed up to six workers from Xing Jia Footwear – including one woman union leader – and injured at least one more, after workers had gathered outside the factory to request unpaid wages. An estimated 17 people were arrested, including women workers from the factory and their family members.","Attacks on freedom of association,Business-military collusion,Harassment intimidation and abuse,Imprisonment arrests & detention,Killings,Reduced wages and wage theft",https://www.business-humanrights.org/en/latest-news/myanmar-workers-killed-at-footwear-factory-after-demanding-unpaid-wages/?utm_source=mosaic&utm_medium=api,https://www.business-humanrights.org/en/latest-news/myanmar-at-least-two-union-members-and-six-workers-killed-in-military-shooting-at-factory-after-the-employer-called-police-over-workers-demanding-unpaid-wages/?utm_source=mosaic&utm_medium=api,xing jia footwear
#6 - GY Sen,GY Sen,2021-03-13,1000.0,Primark (part of Associated British Foods) (Former buyer),"GY Sen allegedly supplied to Primark; Primark provided a response to a request for comment from the Resource Centre, stating that it had stopped placing orders with the factory.","On 18 February 2021, up to 1,000 garment workers were reportedly locked inside the GY Sen Factory by supervisors for several hours to prevent them from participating in pro-democracy protests. According to workers, 20 employees were subsequently dismissed for missing shifts to join the protests. GY Sen has denied the allegations.","Business-military collusion,Harassment intimidation and abuse,Unfair dismissal",https://www.business-humanrights.org/en/latest-news/myanmar-garment-workers-in-primarks-supply-chain-allegedly-locked-in-factory-to-prevent-participation-in-pro-democracy-protests-incl-company-response/?utm_source=mosaic&utm_medium=api,https://www.business-humanrights.org/en/latest-news/myanmar-1000-garment-workers-at-gy-sen-factory-allegedly-locked-in-to-prevent-them-from-joining-pro-democracy-protest-20-dismissed-for-missing-shifts-to-participate-in-civil-disobedience-movement/?utm_source=mosaic&utm_medium=api,gy sen
#5 - Suntime JCK Co.,Suntime JCK Co.,2021-03-10,1.0,Strauss Group (Buyer),Suntime JCK Co. allegedly supplies to Engelbert Strauss; the company provided a response to the Resource Centre's request for comment.,"On 14 March 2021, 21-year-old Suntime JCK Company Ltd garment factory worker Zaw Zaw Htwe was shot in the head by security forces during a protest in Shew Pyi Thar.",Killings,https://www.business-humanrights.org/en/latest-news/myanmar-garment-workers-unions-face-heightened-repression-under-military-incl-co-response/?utm_source=mosaic&utm_medium=api,https://www.business-humanrights.org/en/latest-news/myanmar-workers-face-repression-labour-rights-violations-under-the-military-coup/?utm_source=mosaic&utm_medium=api,suntime jck co.
#4 - Popular Garment/Beaume International Garment,Popular Garment/Beaume International Garment,2021-03-09,1.0,"Iturri (Buyer),JD Sports Fashion (Former buyer),Jeans Fritz (Buyer),Lidl (Former buyer),Regatta (Former buyer)","Popular Garment allegedly supplied to Lidl, Regatta and JD Sports; All brands provided a response to a request for comment from the Resource Centre. JD Sports stated it had not proceeded with production at the factory after authorisation. Lidl stated that it had stopped business with the factory from September 2021. Regatta stated it does not have current business with the factory.
In September 2024, Iturri and Jeans Fritz were invited to respond. They did not.","In March 2021, the military reportedly sought to arrest Popular Garment Factory Union Secretary Treasurer Aye Thandar.","Attacks on freedom of association,Imprisonment arrests & detention",https://www.business-humanrights.org/en/latest-news/myanmar-military-reportedly-files-arrest-orders-for-labour-leaders-incl-co-response/?utm_source=mosaic&utm_medium=api,https://www.business-humanrights.org/en/latest-news/myanmar-military-allegedly-arrests-or-files-arrest-orders-for-at-least-71-union-leaders-in-response-to-civil-disobedience-movement/?utm_source=mosaic&utm_medium=api,popular garment/beaume international garment
#3 - Honor Apparel Garment,Honor Apparel Garment,2021-03-09,1.0,"Bestseller (Reported buyer),C&A (Former buyer),HK Works London (Buyer),House (part of LPP S.A) (Buyer),KappAhl (Former buyer),Kiabi (Former buyer),LC Waikiki (Buyer),LPP Spółka Akcyjna (Buyer),ONLY (part of Bestseller) (Reported buyer),OVS SpA (Former buyer),Sinsay (part of LPP S.A.) (Buyer)","Honor Apparel allegedly supplies to or has supplied to C&A, Kiabi, KappAhl, LPP S.A., OVS S.p.A, BESTSELLER, LC Waikiki and HK Works London; C&A, Kiabi, KappAhl, LPP S.A. and OVS S.p.A responded to an invitation to respond.
Kiabi stated it no longer sourced from the factory from April 2022, KappAhl stated its last order with the factory was placed in 2020, and OVS S.p.A said it no longer sources from the factory. C&A stated it no longer sources from Myanmar. BESTSELLER has previously stated it does not source from the factory.
LC Waikiki and HK Works London did not respond.","In March 2021, labour groups reported that the military sought to arrest the president of the Honor Apparel Garment factory’s union, Sai Min Theta.","Attacks on freedom of association,Imprisonment arrests & detention",https://www.business-humanrights.org/en/latest-news/myanmar-military-reportedly-files-arrest-orders-for-labour-leaders-incl-co-response/?utm_source=mosaic&utm_medium=api,https://www.business-humanrights.org/en/latest-news/myanmar-military-allegedly-arrests-or-files-arrest-orders-for-at-least-71-union-leaders-in-response-to-civil-disobedience-movement/?utm_source=mosaic&utm_medium=api,honor apparel garment
#2 - AMG Garment,AMG Garment,2021-03-09,1.0,"ALPS (Buyer),Lidl (Buyer)",AMG Garment allegedly supplies to Lidl and ALPS Brands; Lidl provided a response to a request for comment from the Resource Centre.  ALPS Brands did not.,"In March 2021, the military reportedly sought to arrest AMG Garment Factory Union President Thet Mar Soe.","Attacks on freedom of association,Imprisonment arrests & detention",https://www.business-humanrights.org/en/latest-news/myanmar-military-reportedly-files-arrest-orders-for-labour-leaders-incl-co-response/?utm_source=mosaic&utm_medium=api,https://www.business-humanrights.org/en/latest-news/myanmar-military-allegedly-arrests-or-files-arrest-orders-for-at-least-71-union-leaders-in-response-to-civil-disobedience-movement/?utm_source=mosaic&utm_medium=api,amg garment
#1 - Charming Garments Manufacturing,Charming Garments Manufacturing,2021-03-09,1.0,Regatta (Former buyer),"Charming Garments Manufacturing allegedly supplies to Regatta; Regatta provided a response to a request for comment from the Resource Centre, stating its last order at the factory was shipped September 2023.","In March 2021, the military reportedly sought to arrest an executive committee member of the Charming Garment Factory Union.","Attacks on freedom of association,Imprisonment arrests & detention",https://www.business-humanrights.org/en/latest-news/myanmar-military-reportedly-files-arrest-orders-for-labour-leaders-incl-co-response/?utm_source=mosaic&utm_medium=api,https://www.business-humanrights.org/en/latest-news/myanmar-military-allegedly-arrests-or-files-arrest-orders-for-at-least-71-union-leaders-in-response-to-civil-disobedience-movement/?utm_source=mosaic&utm_medium=api,charming garments manufacturing
